"sample","epa_analysis_id","analyte","collect_date","collect_time","lab_name","rec_date","rec_time","activity_datetime","rec_datetime","hold_time_hours","result_analytical_method_id","max_holding_time_text","max_holding_time_hours","hold_time_pass"
"RM  19-Slikok Creek","200.8","Cadmium",2025-04-30,09:58:00.000000,"SGS",2025-04-30,15:53:00,2025-04-30 09:58:00,2025-04-30 15:53:00,5.91666666666667,"200.8","180 days",4320,"Y"
"RM  19-Slikok Creek","200.8","Chromium",2025-04-30,09:58:00.000000,"SGS",2025-04-30,15:53:00,2025-04-30 09:58:00,2025-04-30 15:53:00,5.91666666666667,"200.8","180 days",4320,"Y"
"RM  19-Slikok Creek","200.8","Copper",2025-04-30,09:58:00.000000,"SGS",2025-04-30,15:53:00,2025-04-30 09:58:00,2025-04-30 15:53:00,5.91666666666667,"200.8","180 days",4320,"Y"
"RM  19-Slikok Creek","200.8","Copper",2025-04-30,09:58:00.000000,"SGS",2025-04-30,15:53:00,2025-04-30 09:58:00,2025-04-30 15:53:00,5.91666666666667,"200.8","180 days",4320,"Y"
"RM  19-Slikok Creek","200.8","Lead",2025-04-30,09:58:00.000000,"SGS",2025-04-30,15:53:00,2025-04-30 09:58:00,2025-04-30 15:53:00,5.91666666666667,"200.8","180 days",4320,"Y"
"RM  22- Soldotna Creek-DUP","200.8","Copper",2025-04-30,10:42:00.000000,"SGS",2025-04-30,15:53:00,2025-04-30 10:42:00,2025-04-30 15:53:00,5.18333333333333,"200.8","180 days",4320,"Y"
"RM 0-No Name Creek","200.8","Cadmium",2025-04-30,09:48:00.000000,"SGS",2025-04-30,15:53:00,2025-04-30 09:48:00,2025-04-30 15:53:00,6.08333333333333,"200.8","180 days",4320,"Y"
"RM 0-No Name Creek","200.8","Chromium",2025-04-30,09:48:00.000000,"SGS",2025-04-30,15:53:00,2025-04-30 09:48:00,2025-04-30 15:53:00,6.08333333333333,"200.8","180 days",4320,"Y"
"RM 0-No Name Creek","200.8","Copper",2025-04-30,09:48:00.000000,"SGS",2025-04-30,15:53:00,2025-04-30 09:48:00,2025-04-30 15:53:00,6.08333333333333,"200.8","180 days",4320,"Y"
"RM 0-No Name Creek","200.8","Lead",2025-04-30,09:48:00.000000,"SGS",2025-04-30,15:53:00,2025-04-30 09:48:00,2025-04-30 15:53:00,6.08333333333333,"200.8","180 days",4320,"Y"
"RM 1.5 -Kenai City Dock","200.8","Cadmium",2025-04-30,10:26:00.000000,"SGS",2025-04-30,15:53:00,2025-04-30 10:26:00,2025-04-30 15:53:00,5.45,"200.8","180 days",4320,"Y"
"RM 1.5 -Kenai City Dock","200.8","Chromium",2025-04-30,10:26:00.000000,"SGS",2025-04-30,15:53:00,2025-04-30 10:26:00,2025-04-30 15:53:00,5.45,"200.8","180 days",4320,"Y"
"RM 1.5 -Kenai City Dock","200.8","Lead",2025-04-30,10:26:00.000000,"SGS",2025-04-30,15:53:00,2025-04-30 10:26:00,2025-04-30 15:53:00,5.45,"200.8","180 days",4320,"Y"
"RM 1.5-Kenai City Dock-Field B","200.8","Cadmium",2025-04-30,10:23:00.000000,"SGS",2025-04-30,15:53:00,2025-04-30 10:23:00,2025-04-30 15:53:00,5.5,"200.8","180 days",4320,"Y"
"RM 1.5-Kenai City Dock-Field B","200.8","Chromium",2025-04-30,10:23:00.000000,"SGS",2025-04-30,15:53:00,2025-04-30 10:23:00,2025-04-30 15:53:00,5.5,"200.8","180 days",4320,"Y"
"RM 1.5-Kenai City Dock-Field B","200.8","Copper",2025-04-30,10:23:00.000000,"SGS",2025-04-30,15:53:00,2025-04-30 10:23:00,2025-04-30 15:53:00,5.5,"200.8","180 days",4320,"Y"
"RM 1.5-Kenai City Dock-Field B","200.8","Lead",2025-04-30,10:23:00.000000,"SGS",2025-04-30,15:53:00,2025-04-30 10:23:00,2025-04-30 15:53:00,5.5,"200.8","180 days",4320,"Y"
"RM 10-Beaver Creek","200.8","Cadmium",2025-04-30,09:50:00.000000,"SGS",2025-04-30,15:53:00,2025-04-30 09:50:00,2025-04-30 15:53:00,6.05,"200.8","180 days",4320,"Y"
"RM 10-Beaver Creek","200.8","Chromium",2025-04-30,09:50:00.000000,"SGS",2025-04-30,15:53:00,2025-04-30 09:50:00,2025-04-30 15:53:00,6.05,"200.8","180 days",4320,"Y"
"RM 10-Beaver Creek","200.8","Copper",2025-04-30,09:50:00.000000,"SGS",2025-04-30,15:53:00,2025-04-30 09:50:00,2025-04-30 15:53:00,6.05,"200.8","180 days",4320,"Y"
"RM 10-Beaver Creek","200.8","Lead",2025-04-30,09:50:00.000000,"SGS",2025-04-30,15:53:00,2025-04-30 09:50:00,2025-04-30 15:53:00,6.05,"200.8","180 days",4320,"Y"
"RM 18-Poacher's Cove","200.8","Arsenic",2025-04-30,10:47:00.000000,"SGS",2025-04-30,15:53:00,2025-04-30 10:47:00,2025-04-30 15:53:00,5.1,"200.8","180 days",4320,"Y"
"RM 18-Poacher's Cove","200.8","Cadmium",2025-04-30,10:47:00.000000,"SGS",2025-04-30,15:53:00,2025-04-30 10:47:00,2025-04-30 15:53:00,5.1,"200.8","180 days",4320,"Y"
"RM 18-Poacher's Cove","200.8","Chromium",2025-04-30,10:47:00.000000,"SGS",2025-04-30,15:53:00,2025-04-30 10:47:00,2025-04-30 15:53:00,5.1,"200.8","180 days",4320,"Y"
"RM 18-Poacher's Cove","200.8","Copper",2025-04-30,10:47:00.000000,"SGS",2025-04-30,15:53:00,2025-04-30 10:47:00,2025-04-30 15:53:00,5.1,"200.8","180 days",4320,"Y"
"RM 18-Poacher's Cove","200.8","Lead",2025-04-30,10:47:00.000000,"SGS",2025-04-30,15:53:00,2025-04-30 10:47:00,2025-04-30 15:53:00,5.1,"200.8","180 days",4320,"Y"
"RM 18-Poacher's Cove-DUP","200.8","Arsenic",2025-04-30,10:47:00.000000,"SGS",2025-04-30,15:53:00,2025-04-30 10:47:00,2025-04-30 15:53:00,5.1,"200.8","180 days",4320,"Y"
"RM 18-Poacher's Cove-DUP","200.8","Cadmium",2025-04-30,10:47:00.000000,"SGS",2025-04-30,15:53:00,2025-04-30 10:47:00,2025-04-30 15:53:00,5.1,"200.8","180 days",4320,"Y"
"RM 18-Poacher's Cove-DUP","200.8","Chromium",2025-04-30,10:47:00.000000,"SGS",2025-04-30,15:53:00,2025-04-30 10:47:00,2025-04-30 15:53:00,5.1,"200.8","180 days",4320,"Y"
"RM 18-Poacher's Cove-DUP","200.8","Copper",2025-04-30,10:47:00.000000,"SGS",2025-04-30,15:53:00,2025-04-30 10:47:00,2025-04-30 15:53:00,5.1,"200.8","180 days",4320,"Y"
"RM 19-Slikok Creek-Field Blank","200.8","Arsenic",2025-04-30,09:58:00.000000,"SGS",2025-04-30,15:53:00,2025-04-30 09:58:00,2025-04-30 15:53:00,5.91666666666667,"200.8","180 days",4320,"Y"
"RM 19-Slikok Creek-Field Blank","200.8","Cadmium",2025-04-30,09:58:00.000000,"SGS",2025-04-30,15:53:00,2025-04-30 09:58:00,2025-04-30 15:53:00,5.91666666666667,"200.8","180 days",4320,"Y"
"RM 19-Slikok Creek-Field Blank","200.8","Chromium",2025-04-30,09:58:00.000000,"SGS",2025-04-30,15:53:00,2025-04-30 09:58:00,2025-04-30 15:53:00,5.91666666666667,"200.8","180 days",4320,"Y"
"RM 19-Slikok Creek-Field Blank","200.8","Copper",2025-04-30,09:58:00.000000,"SGS",2025-04-30,15:53:00,2025-04-30 09:58:00,2025-04-30 15:53:00,5.91666666666667,"200.8","180 days",4320,"Y"
"RM 19-Slikok Creek-Field Blank","200.8","Lead",2025-04-30,09:58:00.000000,"SGS",2025-04-30,15:53:00,2025-04-30 09:58:00,2025-04-30 15:53:00,5.91666666666667,"200.8","180 days",4320,"Y"
"RM 0-No Name Creek","200.8","Arsenic",2025-04-30,09:48:00.000000,"SGS",2025-04-30,15:53:00,2025-04-30 09:48:00,2025-04-30 15:53:00,6.08333333333333,"200.8","180 days",4320,"Y"
"RM 1.5-Kenai City Dock-Field B","200.8","Calcium",2025-04-30,10:23:00.000000,"SGS",2025-04-30,15:53:00,2025-04-30 10:23:00,2025-04-30 15:53:00,5.5,"200.8","180 days",4320,"Y"
"RM 1.5-Kenai City Dock-Field B","200.8","Copper",2025-04-30,10:23:00.000000,"SGS",2025-04-30,15:53:00,2025-04-30 10:23:00,2025-04-30 15:53:00,5.5,"200.8","180 days",4320,"Y"
"RM 1.5-Kenai City Dock-Field B","200.8","Iron",2025-04-30,10:23:00.000000,"SGS",2025-04-30,15:53:00,2025-04-30 10:23:00,2025-04-30 15:53:00,5.5,"200.8","180 days",4320,"Y"
"RM 1.5-Kenai City Dock-Field B","200.8","Magnesium",2025-04-30,10:23:00.000000,"SGS",2025-04-30,15:53:00,2025-04-30 10:23:00,2025-04-30 15:53:00,5.5,"200.8","180 days",4320,"Y"
"RM 1.5-Kenai City Dock-Field B","200.8","Zinc",2025-04-30,10:23:00.000000,"SGS",2025-04-30,15:53:00,2025-04-30 10:23:00,2025-04-30 15:53:00,5.5,"200.8","180 days",4320,"Y"
"RM 1.5-Kenai City Dock-Field B","200.8","Arsenic",2025-04-30,10:23:00.000000,"SGS",2025-04-30,15:53:00,2025-04-30 10:23:00,2025-04-30 15:53:00,5.5,"200.8","180 days",4320,"Y"
"RM 18-Poacher's Cove","200.8","Copper",2025-04-30,10:47:00.000000,"SGS",2025-04-30,15:53:00,2025-04-30 10:47:00,2025-04-30 15:53:00,5.1,"200.8","180 days",4320,"Y"
"RM 18-Poacher's Cove","200.8","Zinc",2025-04-30,10:47:00.000000,"SGS",2025-04-30,15:53:00,2025-04-30 10:47:00,2025-04-30 15:53:00,5.1,"200.8","180 days",4320,"Y"
"RM 18-Poacher's Cove","4500-P-E","Total Phosphorus",2025-04-30,10:47:00.000000,"SGS",2025-04-30,15:53:00,2025-04-30 10:47:00,2025-04-30 15:53:00,5.1,"4500-P-E","28 days",672,"Y"
"RM 18-Poacher's Cove-DUP","200.8","Copper",2025-04-30,10:47:00.000000,"SGS",2025-04-30,15:53:00,2025-04-30 10:47:00,2025-04-30 15:53:00,5.1,"200.8","180 days",4320,"Y"
"RM 18-Poacher's Cove-DUP","200.8","Lead",2025-04-30,10:47:00.000000,"SGS",2025-04-30,15:53:00,2025-04-30 10:47:00,2025-04-30 15:53:00,5.1,"200.8","180 days",4320,"Y"
"RM 19-Slikok Creek-Field Blank","200.8","Calcium",2025-04-30,09:58:00.000000,"SGS",2025-04-30,15:53:00,2025-04-30 09:58:00,2025-04-30 15:53:00,5.91666666666667,"200.8","180 days",4320,"Y"
"RM 19-Slikok Creek-Field Blank","200.8","Copper",2025-04-30,09:58:00.000000,"SGS",2025-04-30,15:53:00,2025-04-30 09:58:00,2025-04-30 15:53:00,5.91666666666667,"200.8","180 days",4320,"Y"
"RM 19-Slikok Creek-Field Blank","200.8","Iron",2025-04-30,09:58:00.000000,"SGS",2025-04-30,15:53:00,2025-04-30 09:58:00,2025-04-30 15:53:00,5.91666666666667,"200.8","180 days",4320,"Y"
"RM 19-Slikok Creek-Field Blank","200.8","Magnesium",2025-04-30,09:58:00.000000,"SGS",2025-04-30,15:53:00,2025-04-30 09:58:00,2025-04-30 15:53:00,5.91666666666667,"200.8","180 days",4320,"Y"
"RM 21-Soldotna Bridge","200.8","Copper",2025-04-30,09:32:00.000000,"SGS",2025-04-30,15:53:00,2025-04-30 09:32:00,2025-04-30 15:53:00,6.35,"200.8","180 days",4320,"Y"
"RM 21-Soldotna Bridge","200.8","Zinc",2025-04-30,09:32:00.000000,"SGS",2025-04-30,15:53:00,2025-04-30 09:32:00,2025-04-30 15:53:00,6.35,"200.8","180 days",4320,"Y"
"RM 21-Soldotna Bridge","4500-P-E","Total Phosphorus",2025-04-30,09:32:00.000000,"SGS",2025-04-30,15:53:00,2025-04-30 09:32:00,2025-04-30 15:53:00,6.35,"4500-P-E","28 days",672,"Y"
"RM 21-Soldotna Bridge","200.8","Arsenic",2025-04-30,09:32:00.000000,"SGS",2025-04-30,15:53:00,2025-04-30 09:32:00,2025-04-30 15:53:00,6.35,"200.8","180 days",4320,"Y"
"RM 21-Soldotna Bridge","200.8","Cadmium",2025-04-30,09:32:00.000000,"SGS",2025-04-30,15:53:00,2025-04-30 09:32:00,2025-04-30 15:53:00,6.35,"200.8","180 days",4320,"Y"
"RM 21-Soldotna Bridge","200.8","Chromium",2025-04-30,09:32:00.000000,"SGS",2025-04-30,15:53:00,2025-04-30 09:32:00,2025-04-30 15:53:00,6.35,"200.8","180 days",4320,"Y"
"RM 21-Soldotna Bridge","200.8","Copper",2025-04-30,09:32:00.000000,"SGS",2025-04-30,15:53:00,2025-04-30 09:32:00,2025-04-30 15:53:00,6.35,"200.8","180 days",4320,"Y"
"RM 22-Soldotna Creek","200.8","Zinc",2025-04-30,10:30:00.000000,"SGS",2025-04-30,15:53:00,2025-04-30 10:30:00,2025-04-30 15:53:00,5.38333333333333,"200.8","180 days",4320,"Y"
"RM 22-Soldotna Creek","200.8","Cadmium",2025-04-30,10:30:00.000000,"SGS",2025-04-30,15:53:00,2025-04-30 10:30:00,2025-04-30 15:53:00,5.38333333333333,"200.8","180 days",4320,"Y"
"RM 22-Soldotna Creek","200.8","Chromium",2025-04-30,10:30:00.000000,"SGS",2025-04-30,15:53:00,2025-04-30 10:30:00,2025-04-30 15:53:00,5.38333333333333,"200.8","180 days",4320,"Y"
"RM 22-Soldotna Creek-DUP","200.8","Copper",2025-04-30,10:42:00.000000,"SGS",2025-04-30,15:53:00,2025-04-30 10:42:00,2025-04-30 15:53:00,5.18333333333333,"200.8","180 days",4320,"Y"
"RM 22-Soldotna Creek-DUP","200.8","Lead",2025-04-30,10:42:00.000000,"SGS",2025-04-30,15:53:00,2025-04-30 10:42:00,2025-04-30 15:53:00,5.18333333333333,"200.8","180 days",4320,"Y"
"RM 23-Swiftwater Park","200.8","Copper",2025-04-30,09:06:00.000000,"SGS",2025-04-30,15:53:00,2025-04-30 09:06:00,2025-04-30 15:53:00,6.78333333333333,"200.8","180 days",4320,"Y"
"RM 23-Swiftwater Park","200.8","Chromium",2025-04-30,09:06:00.000000,"SGS",2025-04-30,15:53:00,2025-04-30 09:06:00,2025-04-30 15:53:00,6.78333333333333,"200.8","180 days",4320,"Y"
"RM 23-Swiftwater Park","200.8","Copper",2025-04-30,09:06:00.000000,"SGS",2025-04-30,15:53:00,2025-04-30 09:06:00,2025-04-30 15:53:00,6.78333333333333,"200.8","180 days",4320,"Y"
"RM 23-Swiftwater Park","200.8","Lead",2025-04-30,09:06:00.000000,"SGS",2025-04-30,15:53:00,2025-04-30 09:06:00,2025-04-30 15:53:00,6.78333333333333,"200.8","180 days",4320,"Y"
"RM 30-Funny River","200.8","Copper",2025-04-30,10:26:00.000000,"SGS",2025-04-30,15:53:00,2025-04-30 10:26:00,2025-04-30 15:53:00,5.45,"200.8","180 days",4320,"Y"
"RM 30-Funny River","200.8","Cadmium",2025-04-30,10:26:00.000000,"SGS",2025-04-30,15:53:00,2025-04-30 10:26:00,2025-04-30 15:53:00,5.45,"200.8","180 days",4320,"Y"
"RM 30-Funny River","200.8","Chromium",2025-04-30,10:26:00.000000,"SGS",2025-04-30,15:53:00,2025-04-30 10:26:00,2025-04-30 15:53:00,5.45,"200.8","180 days",4320,"Y"
"RM 30-Funny River","200.8","Copper",2025-04-30,10:26:00.000000,"SGS",2025-04-30,15:53:00,2025-04-30 10:26:00,2025-04-30 15:53:00,5.45,"200.8","180 days",4320,"Y"
"RM 30-Funny River","200.8","Lead",2025-04-30,10:26:00.000000,"SGS",2025-04-30,15:53:00,2025-04-30 10:26:00,2025-04-30 15:53:00,5.45,"200.8","180 days",4320,"Y"
"RM 31-Morgan's Landing","200.8","Cadmium",2025-04-30,10:26:00.000000,"SGS",2025-04-30,15:53:00,2025-04-30 10:26:00,2025-04-30 15:53:00,5.45,"200.8","180 days",4320,"Y"
"RM 31-Morgan's Landing","200.8","Chromium",2025-04-30,10:26:00.000000,"SGS",2025-04-30,15:53:00,2025-04-30 10:26:00,2025-04-30 15:53:00,5.45,"200.8","180 days",4320,"Y"
"RM 31-Morgan's Landing","200.8","Copper",2025-04-30,10:26:00.000000,"SGS",2025-04-30,15:53:00,2025-04-30 10:26:00,2025-04-30 15:53:00,5.45,"200.8","180 days",4320,"Y"
"RM 31-Morgan's Landing","200.8","Lead",2025-04-30,10:26:00.000000,"SGS",2025-04-30,15:53:00,2025-04-30 10:26:00,2025-04-30 15:53:00,5.45,"200.8","180 days",4320,"Y"
"RM 40-Bing's Landing","4500-P-E","Total Phosphorus",2025-04-30,09:26:00.000000,"SGS",2025-04-30,15:53:00,2025-04-30 09:26:00,2025-04-30 15:53:00,6.45,"4500-P-E","28 days",672,"Y"
"RM 44-Mouth of Killey River","4500-P-E","Total Phosphorus",2025-04-30,09:12:00.000000,"SGS",2025-04-30,15:53:00,2025-04-30 09:12:00,2025-04-30 15:53:00,6.68333333333333,"4500-P-E","28 days",672,"Y"
"RM 50-Skilak Lake Outflow","4500-P-E","Total Phosphorus",2025-04-30,09:25:00.000000,"SGS",2025-04-30,15:53:00,2025-04-30 09:25:00,2025-04-30 15:53:00,6.46666666666667,"4500-P-E","28 days",672,"Y"
"RM 21-Soldotna Bridge","200.8","Lead",2025-04-30,09:32:00.000000,"SGS",2025-04-30,15:53:00,2025-04-30 09:32:00,2025-04-30 15:53:00,6.35,"200.8","180 days",4320,"Y"
"RM 22-Soldotna Creek","200.8","Copper",2025-04-30,10:30:00.000000,"SGS",2025-04-30,15:53:00,2025-04-30 10:30:00,2025-04-30 15:53:00,5.38333333333333,"200.8","180 days",4320,"Y"
"RM 22-Soldotna Creek","200.8","Copper",2025-04-30,10:30:00.000000,"SGS",2025-04-30,15:53:00,2025-04-30 10:30:00,2025-04-30 15:53:00,5.38333333333333,"200.8","180 days",4320,"Y"
"RM 22-Soldotna Creek","200.8","Lead",2025-04-30,10:30:00.000000,"SGS",2025-04-30,15:53:00,2025-04-30 10:30:00,2025-04-30 15:53:00,5.38333333333333,"200.8","180 days",4320,"Y"
"RM 22-Soldotna Creek-DUP","200.8","Cadmium",2025-04-30,10:42:00.000000,"SGS",2025-04-30,15:53:00,2025-04-30 10:42:00,2025-04-30 15:53:00,5.18333333333333,"200.8","180 days",4320,"Y"
"RM 22-Soldotna Creek-DUP","200.8","Chromium",2025-04-30,10:42:00.000000,"SGS",2025-04-30,15:53:00,2025-04-30 10:42:00,2025-04-30 15:53:00,5.18333333333333,"200.8","180 days",4320,"Y"
"RM 23-Swiftwater Park","200.8","Zinc",2025-04-30,09:06:00.000000,"SGS",2025-04-30,15:53:00,2025-04-30 09:06:00,2025-04-30 15:53:00,6.78333333333333,"200.8","180 days",4320,"Y"
"RM 23-Swiftwater Park","4500-P-E","Total Phosphorus",2025-04-30,09:06:00.000000,"SGS",2025-04-30,15:53:00,2025-04-30 09:06:00,2025-04-30 15:53:00,6.78333333333333,"4500-P-E","28 days",672,"Y"
"RM 23-Swiftwater Park","200.8","Arsenic",2025-04-30,09:06:00.000000,"SGS",2025-04-30,15:53:00,2025-04-30 09:06:00,2025-04-30 15:53:00,6.78333333333333,"200.8","180 days",4320,"Y"
"RM 23-Swiftwater Park","200.8","Cadmium",2025-04-30,09:06:00.000000,"SGS",2025-04-30,15:53:00,2025-04-30 09:06:00,2025-04-30 15:53:00,6.78333333333333,"200.8","180 days",4320,"Y"
"RM 31-Morgan's Landing","200.8","Copper",2025-04-30,10:26:00.000000,"SGS",2025-04-30,15:53:00,2025-04-30 10:26:00,2025-04-30 15:53:00,5.45,"200.8","180 days",4320,"Y"
"RM 43-Upstream of Dow Island","4500-P-E","Total Phosphorus",2025-04-30,09:48:00.000000,"SGS",2025-04-30,15:53:00,2025-04-30 09:48:00,2025-04-30 15:53:00,6.08333333333333,"4500-P-E","28 days",672,"Y"
"RM 70-Jim's Landing","200.8","Iron",2025-04-30,10:45:00.000000,"SGS",2025-04-30,15:53:00,2025-04-30 10:45:00,2025-04-30 15:53:00,5.13333333333333,"200.8","180 days",4320,"Y"
"RM 70-Jim's Landing","4500-P-E","Total Phosphorus",2025-04-30,10:45:00.000000,"SGS",2025-04-30,15:53:00,2025-04-30 10:45:00,2025-04-30 15:53:00,5.13333333333333,"4500-P-E","28 days",672,"Y"
"RM 74- Russian River","200.8","Iron",2025-04-30,10:05:00.000000,"SGS",2025-04-30,15:53:00,2025-04-30 10:05:00,2025-04-30 15:53:00,5.8,"200.8","180 days",4320,"Y"
"RM 74- Russian River","4500-P-E","Total Phosphorus",2025-04-30,10:05:00.000000,"SGS",2025-04-30,15:53:00,2025-04-30 10:05:00,2025-04-30 15:53:00,5.8,"4500-P-E","28 days",672,"Y"
"RM12.5-Pillars","200.8","Copper",2025-04-30,10:15:00.000000,"SGS",2025-04-30,15:53:00,2025-04-30 10:15:00,2025-04-30 15:53:00,5.63333333333333,"200.8","180 days",4320,"Y"
"RM12.5-Pillars","4500-P-E","Total Phosphorus",2025-04-30,10:15:00.000000,"SGS",2025-04-30,15:53:00,2025-04-30 10:15:00,2025-04-30 15:53:00,5.63333333333333,"4500-P-E","28 days",672,"Y"
"RM 79.5-Juneau Creek","200.8","Iron",2025-04-30,09:05:00.000000,"SGS",2025-04-30,15:53:00,2025-04-30 09:05:00,2025-04-30 15:53:00,6.8,"200.8","180 days",4320,"Y"
"RM 79.5-Juneau Creek","4500-P-E","Total Phosphorus",2025-04-30,09:05:00.000000,"SGS",2025-04-30,15:53:00,2025-04-30 09:05:00,2025-04-30 15:53:00,6.8,"4500-P-E","28 days",672,"Y"
"RM 82-Kenai Lake Bridge","4500-P-E","Total Phosphorus",2025-04-30,08:15:00.000000,"SGS",2025-04-30,15:53:00,2025-04-30 08:15:00,2025-04-30 15:53:00,7.63333333333333,"4500-P-E","28 days",672,"Y"
"RM12.5-Pillars","200.8","Arsenic",2025-04-30,10:15:00.000000,"SGS",2025-04-30,15:53:00,2025-04-30 10:15:00,2025-04-30 15:53:00,5.63333333333333,"200.8","180 days",4320,"Y"
"RM12.5-Pillars","200.8","Cadmium",2025-04-30,10:15:00.000000,"SGS",2025-04-30,15:53:00,2025-04-30 10:15:00,2025-04-30 15:53:00,5.63333333333333,"200.8","180 days",4320,"Y"
"RM12.5-Pillars","200.8","Chromium",2025-04-30,10:15:00.000000,"SGS",2025-04-30,15:53:00,2025-04-30 10:15:00,2025-04-30 15:53:00,5.63333333333333,"200.8","180 days",4320,"Y"
"RM12.5-Pillars","200.8","Copper",2025-04-30,10:15:00.000000,"SGS",2025-04-30,15:53:00,2025-04-30 10:15:00,2025-04-30 15:53:00,5.63333333333333,"200.8","180 days",4320,"Y"
"RM12.5-Pillars","200.8","Lead",2025-04-30,10:15:00.000000,"SGS",2025-04-30,15:53:00,2025-04-30 10:15:00,2025-04-30 15:53:00,5.63333333333333,"200.8","180 days",4320,"Y"
"RM  19-Slikok Creek","4500-P-E","Total Phosphorus",2025-04-30,09:58:00.000000,"SGS",2025-04-30,15:53:00,2025-04-30 09:58:00,2025-04-30 15:53:00,5.91666666666667,"4500-P-E","28 days",672,"Y"
"RM  19-Slikok Creek","200.8","Arsenic",2025-04-30,09:58:00.000000,"SGS",2025-04-30,15:53:00,2025-04-30 09:58:00,2025-04-30 15:53:00,5.91666666666667,"200.8","180 days",4320,"Y"
"RM  19-Slikok Creek","200.8","Zinc",2025-04-30,09:58:00.000000,"SGS",2025-04-30,15:53:00,2025-04-30 09:58:00,2025-04-30 15:53:00,5.91666666666667,"200.8","180 days",4320,"Y"
"RM  22- Soldotna Creek-DUP","4500-P-E","Total Phosphorus",2025-04-30,10:42:00.000000,"SGS",2025-04-30,15:53:00,2025-04-30 10:42:00,2025-04-30 15:53:00,5.18333333333333,"4500-P-E","28 days",672,"Y"
"RM 0-No Name Creek","200.8","Zinc",2025-04-30,09:48:00.000000,"SGS",2025-04-30,15:53:00,2025-04-30 09:48:00,2025-04-30 15:53:00,6.08333333333333,"200.8","180 days",4320,"Y"
"RM 1.5 -Kenai City Dock","200.8","Arsenic",2025-04-30,10:26:00.000000,"SGS",2025-04-30,15:53:00,2025-04-30 10:26:00,2025-04-30 15:53:00,5.45,"200.8","180 days",4320,"Y"
"RM 1.5 -Kenai City Dock","200.8","Copper",2025-04-30,10:26:00.000000,"SGS",2025-04-30,15:53:00,2025-04-30 10:26:00,2025-04-30 15:53:00,5.45,"200.8","180 days",4320,"Y"
"RM 1.5 -Kenai City Dock","200.8","Zinc",2025-04-30,10:26:00.000000,"SGS",2025-04-30,15:53:00,2025-04-30 10:26:00,2025-04-30 15:53:00,5.45,"200.8","180 days",4320,"Y"
"RM 1.5-Kenai City Dock-Field B","200.8","Zinc",2025-04-30,10:23:00.000000,"SGS",2025-04-30,15:53:00,2025-04-30 10:23:00,2025-04-30 15:53:00,5.5,"200.8","180 days",4320,"Y"
"RM 10-Beaver Creek","200.8","Arsenic",2025-04-30,09:50:00.000000,"SGS",2025-04-30,15:53:00,2025-04-30 09:50:00,2025-04-30 15:53:00,6.05,"200.8","180 days",4320,"Y"
"RM 10-Beaver Creek","200.8","Zinc",2025-04-30,09:50:00.000000,"SGS",2025-04-30,15:53:00,2025-04-30 09:50:00,2025-04-30 15:53:00,6.05,"200.8","180 days",4320,"Y"
"RM 18-Poacher's Cove-DUP","4500-P-E","Total Phosphorus",2025-04-30,10:47:00.000000,"SGS",2025-04-30,15:53:00,2025-04-30 10:47:00,2025-04-30 15:53:00,5.1,"4500-P-E","28 days",672,"Y"
"RM 0-No Name Creek","4500-P-E","Total Phosphorus",2025-04-30,09:48:00.000000,"SGS",2025-04-30,15:53:00,2025-04-30 09:48:00,2025-04-30 15:53:00,6.08333333333333,"4500-P-E","28 days",672,"Y"
"RM 1.5 -Kenai City Dock","4500-P-E","Total Phosphorus",2025-04-30,10:23:00.000000,"SGS",2025-04-30,15:53:00,2025-04-30 10:23:00,2025-04-30 15:53:00,5.5,"4500-P-E","28 days",672,"Y"
"RM 10-Beaver Creek","4500-P-E","Total Phosphorus",2025-04-30,09:50:00.000000,"SGS",2025-04-30,15:53:00,2025-04-30 09:50:00,2025-04-30 15:53:00,6.05,"4500-P-E","28 days",672,"Y"
"RM 18-Poacher's Cove","200.8","Zinc",2025-04-30,10:47:00.000000,"SGS",2025-04-30,15:53:00,2025-04-30 10:47:00,2025-04-30 15:53:00,5.1,"200.8","180 days",4320,"Y"
"RM 18-Poacher's Cove-DUP","200.8","Zinc",2025-04-30,10:47:00.000000,"SGS",2025-04-30,15:53:00,2025-04-30 10:47:00,2025-04-30 15:53:00,5.1,"200.8","180 days",4320,"Y"
"RM 19-Slikok Creek-Field Blank","200.8","Zinc",2025-04-30,09:58:00.000000,"SGS",2025-04-30,15:53:00,2025-04-30 09:58:00,2025-04-30 15:53:00,5.91666666666667,"200.8","180 days",4320,"Y"
"RM 22-Soldotna Creek","4500-P-E","Total Phosphorus",2025-04-30,10:30:00.000000,"SGS",2025-04-30,15:53:00,2025-04-30 10:30:00,2025-04-30 15:53:00,5.38333333333333,"4500-P-E","28 days",672,"Y"
"RM 22-Soldotna Creek","200.8","Arsenic",2025-04-30,10:30:00.000000,"SGS",2025-04-30,15:53:00,2025-04-30 10:30:00,2025-04-30 15:53:00,5.38333333333333,"200.8","180 days",4320,"Y"
"RM 22-Soldotna Creek-DUP","200.8","Zinc",2025-04-30,10:42:00.000000,"SGS",2025-04-30,15:53:00,2025-04-30 10:42:00,2025-04-30 15:53:00,5.18333333333333,"200.8","180 days",4320,"Y"
"RM 23-Swiftwater Park","200.8","Zinc",2025-04-30,09:06:00.000000,"SGS",2025-04-30,15:53:00,2025-04-30 09:06:00,2025-04-30 15:53:00,6.78333333333333,"200.8","180 days",4320,"Y"
"RM 30-Funny River","200.8","Zinc",2025-04-30,10:26:00.000000,"SGS",2025-04-30,15:53:00,2025-04-30 10:26:00,2025-04-30 15:53:00,5.45,"200.8","180 days",4320,"Y"
"RM 31-Morgan's Landing","200.8","Arsenic",2025-04-30,10:26:00.000000,"SGS",2025-04-30,15:53:00,2025-04-30 10:26:00,2025-04-30 15:53:00,5.45,"200.8","180 days",4320,"Y"
"RM 31-Morgan's Landing","200.8","Zinc",2025-04-30,10:26:00.000000,"SGS",2025-04-30,15:53:00,2025-04-30 10:26:00,2025-04-30 15:53:00,5.45,"200.8","180 days",4320,"Y"
"RM 21-Soldotna Bridge","200.8","Zinc",2025-04-30,09:32:00.000000,"SGS",2025-04-30,15:53:00,2025-04-30 09:32:00,2025-04-30 15:53:00,6.35,"200.8","180 days",4320,"Y"
"RM 22-Soldotna Creek","200.8","Zinc",2025-04-30,10:30:00.000000,"SGS",2025-04-30,15:53:00,2025-04-30 10:30:00,2025-04-30 15:53:00,5.38333333333333,"200.8","180 days",4320,"Y"
"RM 22-Soldotna Creek-DUP","200.8","Arsenic",2025-04-30,10:42:00.000000,"SGS",2025-04-30,15:53:00,2025-04-30 10:42:00,2025-04-30 15:53:00,5.18333333333333,"200.8","180 days",4320,"Y"
"RM 30-Funny River","4500-P-E","Total Phosphorus",2025-04-30,10:26:00.000000,"SGS",2025-04-30,15:53:00,2025-04-30 10:26:00,2025-04-30 15:53:00,5.45,"4500-P-E","28 days",672,"Y"
"RM 30-Funny River","200.8","Arsenic",2025-04-30,10:26:00.000000,"SGS",2025-04-30,15:53:00,2025-04-30 10:26:00,2025-04-30 15:53:00,5.45,"200.8","180 days",4320,"Y"
"RM 31-Morgan's Landing","4500-P-E","Total Phosphorus",2025-04-30,10:26:00.000000,"SGS",2025-04-30,15:53:00,2025-04-30 10:26:00,2025-04-30 15:53:00,5.45,"4500-P-E","28 days",672,"Y"
"RM 36-Moose River","4500-P-E","Total Phosphorus",2025-04-30,11:05:00.000000,"SGS",2025-04-30,15:53:00,2025-04-30 11:05:00,2025-04-30 15:53:00,4.8,"4500-P-E","28 days",672,"Y"
"RM12.5-Pillars","200.8","Zinc",2025-04-30,10:15:00.000000,"SGS",2025-04-30,15:53:00,2025-04-30 10:15:00,2025-04-30 15:53:00,5.63333333333333,"200.8","180 days",4320,"Y"
"RM  19-Slikok Creek","200.8","Zinc",2025-04-30,09:58:00.000000,"SGS",2025-04-30,15:53:00,2025-04-30 09:58:00,2025-04-30 15:53:00,5.91666666666667,"200.8","180 days",4320,"Y"
"RM  19-Slikok Creek","4500-NO3(F)","Total Nitrate/Nitrite-N",2025-04-30,09:58:00.000000,"SGS",2025-04-30,15:53:00,2025-04-30 09:58:00,2025-04-30 15:53:00,5.91666666666667,"4500-NO3(F)","28 days",672,"Y"
"RM  19-Slikok Creek","200.8","Calcium",2025-04-30,09:58:00.000000,"SGS",2025-04-30,15:53:00,2025-04-30 09:58:00,2025-04-30 15:53:00,5.91666666666667,"200.8","180 days",4320,"Y"
"RM  19-Slikok Creek","200.8","Iron",2025-04-30,09:58:00.000000,"SGS",2025-04-30,15:53:00,2025-04-30 09:58:00,2025-04-30 15:53:00,5.91666666666667,"200.8","180 days",4320,"Y"
"RM  19-Slikok Creek","200.8","Magnesium",2025-04-30,09:58:00.000000,"SGS",2025-04-30,15:53:00,2025-04-30 09:58:00,2025-04-30 15:53:00,5.91666666666667,"200.8","180 days",4320,"Y"
"RM  22- Soldotna Creek-DUP","200.8","Calcium",2025-04-30,10:42:00.000000,"SGS",2025-04-30,15:53:00,2025-04-30 10:42:00,2025-04-30 15:53:00,5.18333333333333,"200.8","180 days",4320,"Y"
"RM  22- Soldotna Creek-DUP","200.8","Iron",2025-04-30,10:42:00.000000,"SGS",2025-04-30,15:53:00,2025-04-30 10:42:00,2025-04-30 15:53:00,5.18333333333333,"200.8","180 days",4320,"Y"
"RM  22- Soldotna Creek-DUP","200.8","Magnesium",2025-04-30,10:42:00.000000,"SGS",2025-04-30,15:53:00,2025-04-30 10:42:00,2025-04-30 15:53:00,5.18333333333333,"200.8","180 days",4320,"Y"
"RM  22- Soldotna Creek-DUP","200.8","Zinc",2025-04-30,10:42:00.000000,"SGS",2025-04-30,15:53:00,2025-04-30 10:42:00,2025-04-30 15:53:00,5.18333333333333,"200.8","180 days",4320,"Y"
"RM  22- Soldotna Creek-DUP","4500-NO3(F)","Total Nitrate/Nitrite-N",2025-04-30,10:42:00.000000,"SGS",2025-04-30,15:53:00,2025-04-30 10:42:00,2025-04-30 15:53:00,5.18333333333333,"4500-NO3(F)","28 days",672,"Y"
"RM 0-No Name Creek","200.8","Calcium",2025-04-30,09:48:00.000000,"SGS",2025-04-30,15:53:00,2025-04-30 09:48:00,2025-04-30 15:53:00,6.08333333333333,"200.8","180 days",4320,"Y"
"RM 0-No Name Creek","200.8","Copper",2025-04-30,09:48:00.000000,"SGS",2025-04-30,15:53:00,2025-04-30 09:48:00,2025-04-30 15:53:00,6.08333333333333,"200.8","180 days",4320,"Y"
"RM 1.5 -Kenai City Dock","200.8","Copper",2025-04-30,10:23:00.000000,"SGS",2025-04-30,15:53:00,2025-04-30 10:23:00,2025-04-30 15:53:00,5.5,"200.8","180 days",4320,"Y"
"RM 10-Beaver Creek","200.8","Calcium",2025-04-30,09:50:00.000000,"SGS",2025-04-30,15:53:00,2025-04-30 09:50:00,2025-04-30 15:53:00,6.05,"200.8","180 days",4320,"Y"
"RM 18-Poacher's Cove","4500-NO3(F)","Total Nitrate/Nitrite-N",2025-04-30,10:47:00.000000,"SGS",2025-04-30,15:53:00,2025-04-30 10:47:00,2025-04-30 15:53:00,5.1,"4500-NO3(F)","28 days",672,"Y"
"RM 18-Poacher's Cove-DUP","4500-NO3(F)","Total Nitrate/Nitrite-N",2025-04-30,10:47:00.000000,"SGS",2025-04-30,15:53:00,2025-04-30 10:47:00,2025-04-30 15:53:00,5.1,"4500-NO3(F)","28 days",672,"Y"
"RM 19-Slikok Creek-Field Blank","200.8","Zinc",2025-04-30,09:58:00.000000,"SGS",2025-04-30,15:53:00,2025-04-30 09:58:00,2025-04-30 15:53:00,5.91666666666667,"200.8","180 days",4320,"Y"
"RM 0-No Name Creek","200.8","Iron",2025-04-30,09:48:00.000000,"SGS",2025-04-30,15:53:00,2025-04-30 09:48:00,2025-04-30 15:53:00,6.08333333333333,"200.8","180 days",4320,"Y"
"RM 0-No Name Creek","200.8","Magnesium",2025-04-30,09:48:00.000000,"SGS",2025-04-30,15:53:00,2025-04-30 09:48:00,2025-04-30 15:53:00,6.08333333333333,"200.8","180 days",4320,"Y"
"RM 0-No Name Creek","200.8","Zinc",2025-04-30,09:48:00.000000,"SGS",2025-04-30,15:53:00,2025-04-30 09:48:00,2025-04-30 15:53:00,6.08333333333333,"200.8","180 days",4320,"Y"
"RM 0-No Name Creek","4500-NO3(F)","Total Nitrate/Nitrite-N",2025-04-30,09:48:00.000000,"SGS",2025-04-30,15:53:00,2025-04-30 09:48:00,2025-04-30 15:53:00,6.08333333333333,"4500-NO3(F)","28 days",672,"Y"
"RM 1.5 -Kenai City Dock","200.8","Iron",2025-04-30,10:23:00.000000,"SGS",2025-04-30,15:53:00,2025-04-30 10:23:00,2025-04-30 15:53:00,5.5,"200.8","180 days",4320,"Y"
"RM 1.5 -Kenai City Dock","200.8","Zinc",2025-04-30,10:23:00.000000,"SGS",2025-04-30,15:53:00,2025-04-30 10:23:00,2025-04-30 15:53:00,5.5,"200.8","180 days",4320,"Y"
"RM 1.5 -Kenai City Dock","200.8","Calcium",2025-04-30,10:23:00.000000,"SGS",2025-04-30,15:53:00,2025-04-30 10:23:00,2025-04-30 15:53:00,5.5,"200.8","180 days",4320,"Y"
"RM 1.5 -Kenai City Dock","200.8","Magnesium",2025-04-30,10:23:00.000000,"SGS",2025-04-30,15:53:00,2025-04-30 10:23:00,2025-04-30 15:53:00,5.5,"200.8","180 days",4320,"Y"
"RM 1.5 -Kenai City Dock","4500-NO3(F)","Total Nitrate/Nitrite-N",2025-04-30,10:23:00.000000,"SGS",2025-04-30,15:53:00,2025-04-30 10:23:00,2025-04-30 15:53:00,5.5,"4500-NO3(F)","28 days",672,"Y"
"RM 10-Beaver Creek","200.8","Copper",2025-04-30,09:50:00.000000,"SGS",2025-04-30,15:53:00,2025-04-30 09:50:00,2025-04-30 15:53:00,6.05,"200.8","180 days",4320,"Y"
"RM 10-Beaver Creek","200.8","Iron",2025-04-30,09:50:00.000000,"SGS",2025-04-30,15:53:00,2025-04-30 09:50:00,2025-04-30 15:53:00,6.05,"200.8","180 days",4320,"Y"
"RM 10-Beaver Creek","200.8","Magnesium",2025-04-30,09:50:00.000000,"SGS",2025-04-30,15:53:00,2025-04-30 09:50:00,2025-04-30 15:53:00,6.05,"200.8","180 days",4320,"Y"
"RM 10-Beaver Creek","200.8","Zinc",2025-04-30,09:50:00.000000,"SGS",2025-04-30,15:53:00,2025-04-30 09:50:00,2025-04-30 15:53:00,6.05,"200.8","180 days",4320,"Y"
"RM 10-Beaver Creek","4500-NO3(F)","Total Nitrate/Nitrite-N",2025-04-30,09:50:00.000000,"SGS",2025-04-30,15:53:00,2025-04-30 09:50:00,2025-04-30 15:53:00,6.05,"4500-NO3(F)","28 days",672,"Y"
"RM 18-Poacher's Cove","200.8","Calcium",2025-04-30,10:47:00.000000,"SGS",2025-04-30,15:53:00,2025-04-30 10:47:00,2025-04-30 15:53:00,5.1,"200.8","180 days",4320,"Y"
"RM 18-Poacher's Cove","200.8","Iron",2025-04-30,10:47:00.000000,"SGS",2025-04-30,15:53:00,2025-04-30 10:47:00,2025-04-30 15:53:00,5.1,"200.8","180 days",4320,"Y"
"RM 18-Poacher's Cove","200.8","Magnesium",2025-04-30,10:47:00.000000,"SGS",2025-04-30,15:53:00,2025-04-30 10:47:00,2025-04-30 15:53:00,5.1,"200.8","180 days",4320,"Y"
"RM 18-Poacher's Cove-DUP","200.8","Calcium",2025-04-30,10:47:00.000000,"SGS",2025-04-30,15:53:00,2025-04-30 10:47:00,2025-04-30 15:53:00,5.1,"200.8","180 days",4320,"Y"
"RM 18-Poacher's Cove-DUP","200.8","Iron",2025-04-30,10:47:00.000000,"SGS",2025-04-30,15:53:00,2025-04-30 10:47:00,2025-04-30 15:53:00,5.1,"200.8","180 days",4320,"Y"
"RM 18-Poacher's Cove-DUP","200.8","Magnesium",2025-04-30,10:47:00.000000,"SGS",2025-04-30,15:53:00,2025-04-30 10:47:00,2025-04-30 15:53:00,5.1,"200.8","180 days",4320,"Y"
"RM 18-Poacher's Cove-DUP","200.8","Zinc",2025-04-30,10:47:00.000000,"SGS",2025-04-30,15:53:00,2025-04-30 10:47:00,2025-04-30 15:53:00,5.1,"200.8","180 days",4320,"Y"
"RM 21-Soldotna Bridge","200.8","Calcium",2025-04-30,09:32:00.000000,"SGS",2025-04-30,15:53:00,2025-04-30 09:32:00,2025-04-30 15:53:00,6.35,"200.8","180 days",4320,"Y"
"RM 21-Soldotna Bridge","200.8","Iron",2025-04-30,09:32:00.000000,"SGS",2025-04-30,15:53:00,2025-04-30 09:32:00,2025-04-30 15:53:00,6.35,"200.8","180 days",4320,"Y"
"RM 21-Soldotna Bridge","200.8","Magnesium",2025-04-30,09:32:00.000000,"SGS",2025-04-30,15:53:00,2025-04-30 09:32:00,2025-04-30 15:53:00,6.35,"200.8","180 days",4320,"Y"
"RM 21-Soldotna Bridge","4500-NO3(F)","Total Nitrate/Nitrite-N",2025-04-30,09:32:00.000000,"SGS",2025-04-30,15:53:00,2025-04-30 09:32:00,2025-04-30 15:53:00,6.35,"4500-NO3(F)","28 days",672,"Y"
"RM 22-Soldotna Creek","4500-NO3(F)","Total Nitrate/Nitrite-N",2025-04-30,10:30:00.000000,"SGS",2025-04-30,15:53:00,2025-04-30 10:30:00,2025-04-30 15:53:00,5.38333333333333,"4500-NO3(F)","28 days",672,"Y"
"RM 23-Swiftwater Park","200.8","Calcium",2025-04-30,09:06:00.000000,"SGS",2025-04-30,15:53:00,2025-04-30 09:06:00,2025-04-30 15:53:00,6.78333333333333,"200.8","180 days",4320,"Y"
"RM 23-Swiftwater Park","200.8","Iron",2025-04-30,09:06:00.000000,"SGS",2025-04-30,15:53:00,2025-04-30 09:06:00,2025-04-30 15:53:00,6.78333333333333,"200.8","180 days",4320,"Y"
"RM 30-Funny River","200.8","Calcium",2025-04-30,10:26:00.000000,"SGS",2025-04-30,15:53:00,2025-04-30 10:26:00,2025-04-30 15:53:00,5.45,"200.8","180 days",4320,"Y"
"RM 31-Morgan's Landing","200.8","Calcium",2025-04-30,10:26:00.000000,"SGS",2025-04-30,15:53:00,2025-04-30 10:26:00,2025-04-30 15:53:00,5.45,"200.8","180 days",4320,"Y"
"RM 40-Bing's Landing","200.8","Iron",2025-04-30,09:26:00.000000,"SGS",2025-04-30,15:53:00,2025-04-30 09:26:00,2025-04-30 15:53:00,6.45,"200.8","180 days",4320,"Y"
"RM 40-Bing's Landing","200.8","Magnesium",2025-04-30,09:26:00.000000,"SGS",2025-04-30,15:53:00,2025-04-30 09:26:00,2025-04-30 15:53:00,6.45,"200.8","180 days",4320,"Y"
"RM 40-Bing's Landing","4500-NO3(F)","Total Nitrate/Nitrite-N",2025-04-30,09:26:00.000000,"SGS",2025-04-30,15:53:00,2025-04-30 09:26:00,2025-04-30 15:53:00,6.45,"4500-NO3(F)","28 days",672,"Y"
"RM 43-Upstream of Dow Island","200.8","Calcium",2025-04-30,09:48:00.000000,"SGS",2025-04-30,15:53:00,2025-04-30 09:48:00,2025-04-30 15:53:00,6.08333333333333,"200.8","180 days",4320,"Y"
"RM 43-Upstream of Dow Island","200.8","Iron",2025-04-30,09:48:00.000000,"SGS",2025-04-30,15:53:00,2025-04-30 09:48:00,2025-04-30 15:53:00,6.08333333333333,"200.8","180 days",4320,"Y"
"RM 44-Mouth of Killey River","4500-NO3(F)","Total Nitrate/Nitrite-N",2025-04-30,09:12:00.000000,"SGS",2025-04-30,15:53:00,2025-04-30 09:12:00,2025-04-30 15:53:00,6.68333333333333,"4500-NO3(F)","28 days",672,"Y"
"RM 50-Skilak Lake Outflow","200.8","Calcium",2025-04-30,09:25:00.000000,"SGS",2025-04-30,15:53:00,2025-04-30 09:25:00,2025-04-30 15:53:00,6.46666666666667,"200.8","180 days",4320,"Y"
"RM 50-Skilak Lake Outflow","200.8","Iron",2025-04-30,09:25:00.000000,"SGS",2025-04-30,15:53:00,2025-04-30 09:25:00,2025-04-30 15:53:00,6.46666666666667,"200.8","180 days",4320,"Y"
"RM 50-Skilak Lake Outflow","200.8","Magnesium",2025-04-30,09:25:00.000000,"SGS",2025-04-30,15:53:00,2025-04-30 09:25:00,2025-04-30 15:53:00,6.46666666666667,"200.8","180 days",4320,"Y"
"RM 22-Soldotna Creek","200.8","Calcium",2025-04-30,10:30:00.000000,"SGS",2025-04-30,15:53:00,2025-04-30 10:30:00,2025-04-30 15:53:00,5.38333333333333,"200.8","180 days",4320,"Y"
"RM 22-Soldotna Creek","200.8","Iron",2025-04-30,10:30:00.000000,"SGS",2025-04-30,15:53:00,2025-04-30 10:30:00,2025-04-30 15:53:00,5.38333333333333,"200.8","180 days",4320,"Y"
"RM 22-Soldotna Creek","200.8","Magnesium",2025-04-30,10:30:00.000000,"SGS",2025-04-30,15:53:00,2025-04-30 10:30:00,2025-04-30 15:53:00,5.38333333333333,"200.8","180 days",4320,"Y"
"RM 23-Swiftwater Park","200.8","Magnesium",2025-04-30,09:06:00.000000,"SGS",2025-04-30,15:53:00,2025-04-30 09:06:00,2025-04-30 15:53:00,6.78333333333333,"200.8","180 days",4320,"Y"
"RM 23-Swiftwater Park","4500-NO3(F)","Total Nitrate/Nitrite-N",2025-04-30,09:06:00.000000,"SGS",2025-04-30,15:53:00,2025-04-30 09:06:00,2025-04-30 15:53:00,6.78333333333333,"4500-NO3(F)","28 days",672,"Y"
"RM 30-Funny River","200.8","Iron",2025-04-30,10:26:00.000000,"SGS",2025-04-30,15:53:00,2025-04-30 10:26:00,2025-04-30 15:53:00,5.45,"200.8","180 days",4320,"Y"
"RM 30-Funny River","200.8","Magnesium",2025-04-30,10:26:00.000000,"SGS",2025-04-30,15:53:00,2025-04-30 10:26:00,2025-04-30 15:53:00,5.45,"200.8","180 days",4320,"Y"
"RM 30-Funny River","200.8","Zinc",2025-04-30,10:26:00.000000,"SGS",2025-04-30,15:53:00,2025-04-30 10:26:00,2025-04-30 15:53:00,5.45,"200.8","180 days",4320,"Y"
"RM 30-Funny River","4500-NO3(F)","Total Nitrate/Nitrite-N",2025-04-30,10:26:00.000000,"SGS",2025-04-30,15:53:00,2025-04-30 10:26:00,2025-04-30 15:53:00,5.45,"4500-NO3(F)","28 days",672,"Y"
"RM 31-Morgan's Landing","200.8","Iron",2025-04-30,10:26:00.000000,"SGS",2025-04-30,15:53:00,2025-04-30 10:26:00,2025-04-30 15:53:00,5.45,"200.8","180 days",4320,"Y"
"RM 31-Morgan's Landing","200.8","Magnesium",2025-04-30,10:26:00.000000,"SGS",2025-04-30,15:53:00,2025-04-30 10:26:00,2025-04-30 15:53:00,5.45,"200.8","180 days",4320,"Y"
"RM 31-Morgan's Landing","200.8","Zinc",2025-04-30,10:26:00.000000,"SGS",2025-04-30,15:53:00,2025-04-30 10:26:00,2025-04-30 15:53:00,5.45,"200.8","180 days",4320,"Y"
"RM 31-Morgan's Landing","4500-NO3(F)","Total Nitrate/Nitrite-N",2025-04-30,10:26:00.000000,"SGS",2025-04-30,15:53:00,2025-04-30 10:26:00,2025-04-30 15:53:00,5.45,"4500-NO3(F)","28 days",672,"Y"
"RM 36-Moose River","200.8","Calcium",2025-04-30,11:05:00.000000,"SGS",2025-04-30,15:53:00,2025-04-30 11:05:00,2025-04-30 15:53:00,4.8,"200.8","180 days",4320,"Y"
"RM 36-Moose River","200.8","Iron",2025-04-30,11:05:00.000000,"SGS",2025-04-30,15:53:00,2025-04-30 11:05:00,2025-04-30 15:53:00,4.8,"200.8","180 days",4320,"Y"
"RM 36-Moose River","200.8","Magnesium",2025-04-30,11:05:00.000000,"SGS",2025-04-30,15:53:00,2025-04-30 11:05:00,2025-04-30 15:53:00,4.8,"200.8","180 days",4320,"Y"
"RM 36-Moose River","4500-NO3(F)","Total Nitrate/Nitrite-N",2025-04-30,11:05:00.000000,"SGS",2025-04-30,15:53:00,2025-04-30 11:05:00,2025-04-30 15:53:00,4.8,"4500-NO3(F)","28 days",672,"Y"
"RM 40-Bing's Landing","200.8","Calcium",2025-04-30,09:26:00.000000,"SGS",2025-04-30,15:53:00,2025-04-30 09:26:00,2025-04-30 15:53:00,6.45,"200.8","180 days",4320,"Y"
"RM 43-Upstream of Dow Island","200.8","Magnesium",2025-04-30,09:48:00.000000,"SGS",2025-04-30,15:53:00,2025-04-30 09:48:00,2025-04-30 15:53:00,6.08333333333333,"200.8","180 days",4320,"Y"
"RM 43-Upstream of Dow Island","4500-NO3(F)","Total Nitrate/Nitrite-N",2025-04-30,09:48:00.000000,"SGS",2025-04-30,15:53:00,2025-04-30 09:48:00,2025-04-30 15:53:00,6.08333333333333,"4500-NO3(F)","28 days",672,"Y"
"RM 44-Mouth of Killey River","200.8","Calcium",2025-04-30,09:12:00.000000,"SGS",2025-04-30,15:53:00,2025-04-30 09:12:00,2025-04-30 15:53:00,6.68333333333333,"200.8","180 days",4320,"Y"
"RM 44-Mouth of Killey River","200.8","Iron",2025-04-30,09:12:00.000000,"SGS",2025-04-30,15:53:00,2025-04-30 09:12:00,2025-04-30 15:53:00,6.68333333333333,"200.8","180 days",4320,"Y"
"RM 44-Mouth of Killey River","200.8","Magnesium",2025-04-30,09:12:00.000000,"SGS",2025-04-30,15:53:00,2025-04-30 09:12:00,2025-04-30 15:53:00,6.68333333333333,"200.8","180 days",4320,"Y"
"RM 50-Skilak Lake Outflow","4500-NO3(F)","Total Nitrate/Nitrite-N",2025-04-30,09:25:00.000000,"SGS",2025-04-30,15:53:00,2025-04-30 09:25:00,2025-04-30 15:53:00,6.46666666666667,"4500-NO3(F)","28 days",672,"Y"
"RM 70-Jim's Landing","200.8","Calcium",2025-04-30,10:45:00.000000,"SGS",2025-04-30,15:53:00,2025-04-30 10:45:00,2025-04-30 15:53:00,5.13333333333333,"200.8","180 days",4320,"Y"
"RM 70-Jim's Landing","200.8","Magnesium",2025-04-30,10:45:00.000000,"SGS",2025-04-30,15:53:00,2025-04-30 10:45:00,2025-04-30 15:53:00,5.13333333333333,"200.8","180 days",4320,"Y"
"RM 70-Jim's Landing","4500-NO3(F)","Total Nitrate/Nitrite-N",2025-04-30,10:45:00.000000,"SGS",2025-04-30,15:53:00,2025-04-30 10:45:00,2025-04-30 15:53:00,5.13333333333333,"4500-NO3(F)","28 days",672,"Y"
"RM 74- Russian River","200.8","Calcium",2025-04-30,10:05:00.000000,"SGS",2025-04-30,15:53:00,2025-04-30 10:05:00,2025-04-30 15:53:00,5.8,"200.8","180 days",4320,"Y"
"RM 74- Russian River","200.8","Magnesium",2025-04-30,10:05:00.000000,"SGS",2025-04-30,15:53:00,2025-04-30 10:05:00,2025-04-30 15:53:00,5.8,"200.8","180 days",4320,"Y"
"RM 74- Russian River","4500-NO3(F)","Total Nitrate/Nitrite-N",2025-04-30,10:05:00.000000,"SGS",2025-04-30,15:53:00,2025-04-30 10:05:00,2025-04-30 15:53:00,5.8,"4500-NO3(F)","28 days",672,"Y"
"RM 79.5-Juneau Creek","200.8","Calcium",2025-04-30,09:05:00.000000,"SGS",2025-04-30,15:53:00,2025-04-30 09:05:00,2025-04-30 15:53:00,6.8,"200.8","180 days",4320,"Y"
"RM12.5-Pillars","200.8","Calcium",2025-04-30,10:15:00.000000,"SGS",2025-04-30,15:53:00,2025-04-30 10:15:00,2025-04-30 15:53:00,5.63333333333333,"200.8","180 days",4320,"Y"
"RM12.5-Pillars","200.8","Iron",2025-04-30,10:15:00.000000,"SGS",2025-04-30,15:53:00,2025-04-30 10:15:00,2025-04-30 15:53:00,5.63333333333333,"200.8","180 days",4320,"Y"
"RM12.5-Pillars","200.8","Magnesium",2025-04-30,10:15:00.000000,"SGS",2025-04-30,15:53:00,2025-04-30 10:15:00,2025-04-30 15:53:00,5.63333333333333,"200.8","180 days",4320,"Y"
"RM12.5-Pillars","200.8","Zinc",2025-04-30,10:15:00.000000,"SGS",2025-04-30,15:53:00,2025-04-30 10:15:00,2025-04-30 15:53:00,5.63333333333333,"200.8","180 days",4320,"Y"
"RM 79.5-Juneau Creek","200.8","Magnesium",2025-04-30,09:05:00.000000,"SGS",2025-04-30,15:53:00,2025-04-30 09:05:00,2025-04-30 15:53:00,6.8,"200.8","180 days",4320,"Y"
"RM 79.5-Juneau Creek","4500-NO3(F)","Total Nitrate/Nitrite-N",2025-04-30,09:05:00.000000,"SGS",2025-04-30,15:53:00,2025-04-30 09:05:00,2025-04-30 15:53:00,6.8,"4500-NO3(F)","28 days",672,"Y"
"RM 82-Kenai Lake Bridge","4500-NO3(F)","Total Nitrate/Nitrite-N",2025-04-30,08:15:00.000000,"SGS",2025-04-30,15:53:00,2025-04-30 08:15:00,2025-04-30 15:53:00,7.63333333333333,"4500-NO3(F)","28 days",672,"Y"
"RM12.5-Pillars","4500-NO3(F)","Total Nitrate/Nitrite-N",2025-04-30,10:15:00.000000,"SGS",2025-04-30,15:53:00,2025-04-30 10:15:00,2025-04-30 15:53:00,5.63333333333333,"4500-NO3(F)","28 days",672,"Y"
"RM0-No Name Creek","200.8","Cadmium",2025-07-23,10:57:00.000000,"SGS",2025-07-23,15:44:00,2025-07-23 10:57:00,2025-07-23 15:44:00,4.78333333333333,"200.8","180 days",4320,"Y"
"RM0-No Name Creek","200.8","Chromium",2025-07-23,10:57:00.000000,"SGS",2025-07-23,15:44:00,2025-07-23 10:57:00,2025-07-23 15:44:00,4.78333333333333,"200.8","180 days",4320,"Y"
"RM0-No Name Creek","200.8","Copper",2025-07-23,10:57:00.000000,"SGS",2025-07-23,15:44:00,2025-07-23 10:57:00,2025-07-23 15:44:00,4.78333333333333,"200.8","180 days",4320,"Y"
"RM0-No Name Creek","200.8","Lead",2025-07-23,10:57:00.000000,"SGS",2025-07-23,15:44:00,2025-07-23 10:57:00,2025-07-23 15:44:00,4.78333333333333,"200.8","180 days",4320,"Y"
"RM0-No Name Creek","200.8","Zinc",2025-07-23,10:57:00.000000,"SGS",2025-07-23,15:44:00,2025-07-23 10:57:00,2025-07-23 15:44:00,4.78333333333333,"200.8","180 days",4320,"Y"
"RM1.5-Kenai City Dock","8260D","Benzene",2025-07-23,10:00:00.000000,"SGS",2025-07-23,15:44:00,2025-07-23 10:00:00,2025-07-23 15:44:00,5.73333333333333,"8260D","7 days",168,"Y"
"RM1.5-Kenai City Dock","8260D","Ethylbenzene",2025-07-23,10:00:00.000000,"SGS",2025-07-23,15:44:00,2025-07-23 10:00:00,2025-07-23 15:44:00,5.73333333333333,"8260D","7 days",168,"Y"
"RM1.5-Kenai City Dock","8260D","o-Xylene",2025-07-23,10:00:00.000000,"SGS",2025-07-23,15:44:00,2025-07-23 10:00:00,2025-07-23 15:44:00,5.73333333333333,"8260D","7 days",168,"Y"
"RM1.5-Kenai City Dock","8260D","P & M -Xylene",2025-07-23,10:00:00.000000,"SGS",2025-07-23,15:44:00,2025-07-23 10:00:00,2025-07-23 15:44:00,5.73333333333333,"8260D","7 days",168,"Y"
"RM1.5-Kenai City Dock","8260D","Toluene",2025-07-23,10:00:00.000000,"SGS",2025-07-23,15:44:00,2025-07-23 10:00:00,2025-07-23 15:44:00,5.73333333333333,"8260D","7 days",168,"Y"
"RM1.5-Kenai City Dock","8260D","Xylenes (total)",2025-07-23,10:00:00.000000,"SGS",2025-07-23,15:44:00,2025-07-23 10:00:00,2025-07-23 15:44:00,5.73333333333333,"8260D","7 days",168,"Y"
"RM1.5-Kenai City Dock","200.8","Copper",2025-07-23,10:00:00.000000,"SGS",2025-07-23,15:44:00,2025-07-23 10:00:00,2025-07-23 15:44:00,5.73333333333333,"200.8","180 days",4320,"Y"
"RM1.5-Kenai City Dock","200.8","Lead",2025-07-23,10:00:00.000000,"SGS",2025-07-23,15:44:00,2025-07-23 10:00:00,2025-07-23 15:44:00,5.73333333333333,"200.8","180 days",4320,"Y"
"RM1.5-Kenai City Dock","200.8","Zinc",2025-07-23,10:00:00.000000,"SGS",2025-07-23,15:44:00,2025-07-23 10:00:00,2025-07-23 15:44:00,5.73333333333333,"200.8","180 days",4320,"Y"
"RM10.1-Kenai River","200.8","Copper",2025-07-23,10:05:00.000000,"SGS",2025-07-23,15:44:00,2025-07-23 10:05:00,2025-07-23 15:44:00,5.65,"200.8","180 days",4320,"Y"
"RM10.1-Kenai River","200.8","Chromium",2025-07-23,10:05:00.000000,"SGS",2025-07-23,15:44:00,2025-07-23 10:05:00,2025-07-23 15:44:00,5.65,"200.8","180 days",4320,"Y"
"RM10.1-Kenai River","200.8","Copper",2025-07-23,10:05:00.000000,"SGS",2025-07-23,15:44:00,2025-07-23 10:05:00,2025-07-23 15:44:00,5.65,"200.8","180 days",4320,"Y"
"RM10.1-Kenai River","200.8","Lead",2025-07-23,10:05:00.000000,"SGS",2025-07-23,15:44:00,2025-07-23 10:05:00,2025-07-23 15:44:00,5.65,"200.8","180 days",4320,"Y"
"RM10.1-Kenai River","200.8","Zinc",2025-07-23,10:05:00.000000,"SGS",2025-07-23,15:44:00,2025-07-23 10:05:00,2025-07-23 15:44:00,5.65,"200.8","180 days",4320,"Y"
"RM10-Beaver Creek","200.8","Copper",2025-07-23,09:28:00.000000,"SGS",2025-07-23,15:44:00,2025-07-23 09:28:00,2025-07-23 15:44:00,6.26666666666667,"200.8","180 days",4320,"Y"
"RM10-Beaver Creek","200.8","Cadmium",2025-07-23,09:28:00.000000,"SGS",2025-07-23,15:44:00,2025-07-23 09:28:00,2025-07-23 15:44:00,6.26666666666667,"200.8","180 days",4320,"Y"
"RM10-Beaver Creek","200.8","Chromium",2025-07-23,09:28:00.000000,"SGS",2025-07-23,15:44:00,2025-07-23 09:28:00,2025-07-23 15:44:00,6.26666666666667,"200.8","180 days",4320,"Y"
"RM10-Beaver Creek","200.8","Copper",2025-07-23,09:28:00.000000,"SGS",2025-07-23,15:44:00,2025-07-23 09:28:00,2025-07-23 15:44:00,6.26666666666667,"200.8","180 days",4320,"Y"
"RM10-Beaver Creek","200.8","Zinc",2025-07-23,09:28:00.000000,"SGS",2025-07-23,15:44:00,2025-07-23 09:28:00,2025-07-23 15:44:00,6.26666666666667,"200.8","180 days",4320,"Y"
"RM10-Beaver Creek-DUP","200.8","Cadmium",2025-07-23,09:40:00.000000,"SGS",2025-07-23,15:44:00,2025-07-23 09:40:00,2025-07-23 15:44:00,6.06666666666667,"200.8","180 days",4320,"Y"
"RM10-Beaver Creek-DUP","200.8","Chromium",2025-07-23,09:40:00.000000,"SGS",2025-07-23,15:44:00,2025-07-23 09:40:00,2025-07-23 15:44:00,6.06666666666667,"200.8","180 days",4320,"Y"
"RM10-Beaver Creek-DUP","200.8","Copper",2025-07-23,09:40:00.000000,"SGS",2025-07-23,15:44:00,2025-07-23 09:40:00,2025-07-23 15:44:00,6.06666666666667,"200.8","180 days",4320,"Y"
"RM10-Beaver Creek-DUP","200.8","Lead",2025-07-23,09:40:00.000000,"SGS",2025-07-23,15:44:00,2025-07-23 09:40:00,2025-07-23 15:44:00,6.06666666666667,"200.8","180 days",4320,"Y"
"RM10-Beaver Creek-DUP","200.8","Zinc",2025-07-23,09:40:00.000000,"SGS",2025-07-23,15:44:00,2025-07-23 09:40:00,2025-07-23 15:44:00,6.06666666666667,"200.8","180 days",4320,"Y"
"RM12.5-Pillars","200.8","Arsenic",2025-07-23,10:25:00.000000,"SGS",2025-07-23,15:44:00,2025-07-23 10:25:00,2025-07-23 15:44:00,5.31666666666667,"200.8","180 days",4320,"Y"
"RM12.5-Pillars","200.8","Cadmium",2025-07-23,10:25:00.000000,"SGS",2025-07-23,15:44:00,2025-07-23 10:25:00,2025-07-23 15:44:00,5.31666666666667,"200.8","180 days",4320,"Y"
"RM12.5-Pillars","200.8","Chromium",2025-07-23,10:25:00.000000,"SGS",2025-07-23,15:44:00,2025-07-23 10:25:00,2025-07-23 15:44:00,5.31666666666667,"200.8","180 days",4320,"Y"
"RM12.5-Pillars","200.8","Copper",2025-07-23,10:25:00.000000,"SGS",2025-07-23,15:44:00,2025-07-23 10:25:00,2025-07-23 15:44:00,5.31666666666667,"200.8","180 days",4320,"Y"
"RM12.5-Pillars","200.8","Lead",2025-07-23,10:25:00.000000,"SGS",2025-07-23,15:44:00,2025-07-23 10:25:00,2025-07-23 15:44:00,5.31666666666667,"200.8","180 days",4320,"Y"
"RM18-Poacher's Cove","200.8","Arsenic",2025-07-23,10:57:00.000000,"SGS",2025-07-23,15:44:00,2025-07-23 10:57:00,2025-07-23 15:44:00,4.78333333333333,"200.8","180 days",4320,"Y"
"RM18-Poacher's Cove","200.8","Cadmium",2025-07-23,10:57:00.000000,"SGS",2025-07-23,15:44:00,2025-07-23 10:57:00,2025-07-23 15:44:00,4.78333333333333,"200.8","180 days",4320,"Y"
"RM18-Poacher's Cove","200.8","Chromium",2025-07-23,10:57:00.000000,"SGS",2025-07-23,15:44:00,2025-07-23 10:57:00,2025-07-23 15:44:00,4.78333333333333,"200.8","180 days",4320,"Y"
"RM18-Poacher's Cove","200.8","Copper",2025-07-23,10:57:00.000000,"SGS",2025-07-23,15:44:00,2025-07-23 10:57:00,2025-07-23 15:44:00,4.78333333333333,"200.8","180 days",4320,"Y"
"RM19-Slikok Creek","200.8","Zinc",2025-07-23,10:11:00.000000,"SGS",2025-07-23,15:44:00,2025-07-23 10:11:00,2025-07-23 15:44:00,5.55,"200.8","180 days",4320,"Y"
"RM19-Slikok Creek","200.8","Cadmium",2025-07-23,10:11:00.000000,"SGS",2025-07-23,15:44:00,2025-07-23 10:11:00,2025-07-23 15:44:00,5.55,"200.8","180 days",4320,"Y"
"RM19-Slikok Creek","200.8","Chromium",2025-07-23,10:11:00.000000,"SGS",2025-07-23,15:44:00,2025-07-23 10:11:00,2025-07-23 15:44:00,5.55,"200.8","180 days",4320,"Y"
"RM1.5-Kenai City Dock","200.8","Cadmium",2025-07-23,10:00:00.000000,"SGS",2025-07-23,15:44:00,2025-07-23 10:00:00,2025-07-23 15:44:00,5.73333333333333,"200.8","180 days",4320,"Y"
"RM1.5-Kenai City Dock","200.8","Chromium",2025-07-23,10:00:00.000000,"SGS",2025-07-23,15:44:00,2025-07-23 10:00:00,2025-07-23 15:44:00,5.73333333333333,"200.8","180 days",4320,"Y"
"RM10.1-Kenai River","200.8","Arsenic",2025-07-23,10:05:00.000000,"SGS",2025-07-23,15:44:00,2025-07-23 10:05:00,2025-07-23 15:44:00,5.65,"200.8","180 days",4320,"Y"
"RM10.1-Kenai River","200.8","Cadmium",2025-07-23,10:05:00.000000,"SGS",2025-07-23,15:44:00,2025-07-23 10:05:00,2025-07-23 15:44:00,5.65,"200.8","180 days",4320,"Y"
"RM10-Beaver Creek","200.8","Zinc",2025-07-23,09:28:00.000000,"SGS",2025-07-23,15:44:00,2025-07-23 09:28:00,2025-07-23 15:44:00,6.26666666666667,"200.8","180 days",4320,"Y"
"RM10-Beaver Creek-DUP","200.8","Copper",2025-07-23,09:40:00.000000,"SGS",2025-07-23,15:44:00,2025-07-23 09:40:00,2025-07-23 15:44:00,6.06666666666667,"200.8","180 days",4320,"Y"
"RM12.5-Pillars","200.8","Copper",2025-07-23,10:25:00.000000,"SGS",2025-07-23,15:44:00,2025-07-23 10:25:00,2025-07-23 15:44:00,5.31666666666667,"200.8","180 days",4320,"Y"
"RM12.5-Pillars","200.8","Zinc",2025-07-23,10:25:00.000000,"SGS",2025-07-23,15:44:00,2025-07-23 10:25:00,2025-07-23 15:44:00,5.31666666666667,"200.8","180 days",4320,"Y"
"RM12.5-Pillars","200.8","Zinc",2025-07-23,10:25:00.000000,"SGS",2025-07-23,15:44:00,2025-07-23 10:25:00,2025-07-23 15:44:00,5.31666666666667,"200.8","180 days",4320,"Y"
"RM18-Poacher's Cove","200.8","Copper",2025-07-23,10:57:00.000000,"SGS",2025-07-23,15:44:00,2025-07-23 10:57:00,2025-07-23 15:44:00,4.78333333333333,"200.8","180 days",4320,"Y"
"RM18-Poacher's Cove","200.8","Lead",2025-07-23,10:57:00.000000,"SGS",2025-07-23,15:44:00,2025-07-23 10:57:00,2025-07-23 15:44:00,4.78333333333333,"200.8","180 days",4320,"Y"
"RM18-Poacher's Cove","200.8","Zinc",2025-07-23,10:57:00.000000,"SGS",2025-07-23,15:44:00,2025-07-23 10:57:00,2025-07-23 15:44:00,4.78333333333333,"200.8","180 days",4320,"Y"
"RM19-Slikok Creek","200.8","Copper",2025-07-23,10:11:00.000000,"SGS",2025-07-23,15:44:00,2025-07-23 10:11:00,2025-07-23 15:44:00,5.55,"200.8","180 days",4320,"Y"
"RM19-Slikok Creek","200.8","Copper",2025-07-23,10:11:00.000000,"SGS",2025-07-23,15:44:00,2025-07-23 10:11:00,2025-07-23 15:44:00,5.55,"200.8","180 days",4320,"Y"
"RM19-Slikok Creek","200.8","Lead",2025-07-23,10:11:00.000000,"SGS",2025-07-23,15:44:00,2025-07-23 10:11:00,2025-07-23 15:44:00,5.55,"200.8","180 days",4320,"Y"
"RM21-Soldotna Bridge","200.8","Copper",2025-07-23,09:42:00.000000,"SGS",2025-07-23,15:44:00,2025-07-23 09:42:00,2025-07-23 15:44:00,6.03333333333333,"200.8","180 days",4320,"Y"
"RM21-Soldotna Bridge","200.8","Arsenic",2025-07-23,09:42:00.000000,"SGS",2025-07-23,15:44:00,2025-07-23 09:42:00,2025-07-23 15:44:00,6.03333333333333,"200.8","180 days",4320,"Y"
"RM21-Soldotna Bridge","200.8","Cadmium",2025-07-23,09:42:00.000000,"SGS",2025-07-23,15:44:00,2025-07-23 09:42:00,2025-07-23 15:44:00,6.03333333333333,"200.8","180 days",4320,"Y"
"RM22-Soldotna Creek","200.8","Zinc",2025-07-23,08:17:00.000000,"SGS",2025-07-23,15:44:00,2025-07-23 08:17:00,2025-07-23 15:44:00,7.45,"200.8","180 days",4320,"Y"
"RM22-Soldotna Creek-field blan","200.8","Copper",2025-07-23,08:17:00.000000,"SGS",2025-07-23,15:44:00,2025-07-23 08:17:00,2025-07-23 15:44:00,7.45,"200.8","180 days",4320,"Y"
"RM22-Soldotna Creek-field blan","200.8","Iron",2025-07-23,08:17:00.000000,"SGS",2025-07-23,15:44:00,2025-07-23 08:17:00,2025-07-23 15:44:00,7.45,"200.8","180 days",4320,"Y"
"RM22-Soldotna Creek-field blan","200.8","Magnesium",2025-07-23,08:17:00.000000,"SGS",2025-07-23,15:44:00,2025-07-23 08:17:00,2025-07-23 15:44:00,7.45,"200.8","180 days",4320,"Y"
"RM22-Soldotna Creek-field blan","200.8","Zinc",2025-07-23,08:17:00.000000,"SGS",2025-07-23,15:44:00,2025-07-23 08:17:00,2025-07-23 15:44:00,7.45,"200.8","180 days",4320,"Y"
"RM22-Soldotna Creek-field blan","200.8","Arsenic",2025-07-23,08:17:00.000000,"SGS",2025-07-23,15:44:00,2025-07-23 08:17:00,2025-07-23 15:44:00,7.45,"200.8","180 days",4320,"Y"
"RM22-Soldotna Creek-field blan","200.8","Cadmium",2025-07-23,08:17:00.000000,"SGS",2025-07-23,15:44:00,2025-07-23 08:17:00,2025-07-23 15:44:00,7.45,"200.8","180 days",4320,"Y"
"RM23-Swiftwater Park","200.8","Arsenic",2025-07-23,09:00:00.000000,"SGS",2025-07-23,15:44:00,2025-07-23 09:00:00,2025-07-23 15:44:00,6.73333333333333,"200.8","180 days",4320,"Y"
"RM23-Swiftwater-DUP","200.8","Copper",2025-07-23,09:13:00.000000,"SGS",2025-07-23,15:44:00,2025-07-23 09:13:00,2025-07-23 15:44:00,6.51666666666667,"200.8","180 days",4320,"Y"
"RM23-Swiftwater-DUP","200.8","Zinc",2025-07-23,09:13:00.000000,"SGS",2025-07-23,15:44:00,2025-07-23 09:13:00,2025-07-23 15:44:00,6.51666666666667,"200.8","180 days",4320,"Y"
"RM30-Funny River","200.8","Copper",2025-07-23,08:55:00.000000,"SGS",2025-07-23,15:44:00,2025-07-23 08:55:00,2025-07-23 15:44:00,6.81666666666667,"200.8","180 days",4320,"Y"
"RM30-Funny River","200.8","Zinc",2025-07-23,08:55:00.000000,"SGS",2025-07-23,15:44:00,2025-07-23 08:55:00,2025-07-23 15:44:00,6.81666666666667,"200.8","180 days",4320,"Y"
"RM30-Funny River","200.8","Zinc",2025-07-23,08:55:00.000000,"SGS",2025-07-23,15:44:00,2025-07-23 08:55:00,2025-07-23 15:44:00,6.81666666666667,"200.8","180 days",4320,"Y"
"RM31-Morgan's Landing","200.8","Copper",2025-07-23,10:30:00.000000,"SGS",2025-07-23,15:44:00,2025-07-23 10:30:00,2025-07-23 15:44:00,5.23333333333333,"200.8","180 days",4320,"Y"
"RM31-Morgan's Landing","200.8","Lead",2025-07-23,10:30:00.000000,"SGS",2025-07-23,15:44:00,2025-07-23 10:30:00,2025-07-23 15:44:00,5.23333333333333,"200.8","180 days",4320,"Y"
"RM31-Morgan's Landing","200.8","Zinc",2025-07-23,10:30:00.000000,"SGS",2025-07-23,15:44:00,2025-07-23 10:30:00,2025-07-23 15:44:00,5.23333333333333,"200.8","180 days",4320,"Y"
"RM21-Soldotna Bridge","200.8","Chromium",2025-07-23,09:42:00.000000,"SGS",2025-07-23,15:44:00,2025-07-23 09:42:00,2025-07-23 15:44:00,6.03333333333333,"200.8","180 days",4320,"Y"
"RM21-Soldotna Bridge","200.8","Copper",2025-07-23,09:42:00.000000,"SGS",2025-07-23,15:44:00,2025-07-23 09:42:00,2025-07-23 15:44:00,6.03333333333333,"200.8","180 days",4320,"Y"
"RM21-Soldotna Bridge","200.8","Lead",2025-07-23,09:42:00.000000,"SGS",2025-07-23,15:44:00,2025-07-23 09:42:00,2025-07-23 15:44:00,6.03333333333333,"200.8","180 days",4320,"Y"
"RM21-Soldotna Bridge","200.8","Zinc",2025-07-23,09:42:00.000000,"SGS",2025-07-23,15:44:00,2025-07-23 09:42:00,2025-07-23 15:44:00,6.03333333333333,"200.8","180 days",4320,"Y"
"RM22-Soldotna Creek","200.8","Copper",2025-07-23,08:17:00.000000,"SGS",2025-07-23,15:44:00,2025-07-23 08:17:00,2025-07-23 15:44:00,7.45,"200.8","180 days",4320,"Y"
"RM22-Soldotna Creek","200.8","Cadmium",2025-07-23,08:17:00.000000,"SGS",2025-07-23,15:44:00,2025-07-23 08:17:00,2025-07-23 15:44:00,7.45,"200.8","180 days",4320,"Y"
"RM22-Soldotna Creek","200.8","Chromium",2025-07-23,08:17:00.000000,"SGS",2025-07-23,15:44:00,2025-07-23 08:17:00,2025-07-23 15:44:00,7.45,"200.8","180 days",4320,"Y"
"RM22-Soldotna Creek","200.8","Copper",2025-07-23,08:17:00.000000,"SGS",2025-07-23,15:44:00,2025-07-23 08:17:00,2025-07-23 15:44:00,7.45,"200.8","180 days",4320,"Y"
"RM22-Soldotna Creek","200.8","Lead",2025-07-23,08:17:00.000000,"SGS",2025-07-23,15:44:00,2025-07-23 08:17:00,2025-07-23 15:44:00,7.45,"200.8","180 days",4320,"Y"
"RM22-Soldotna Creek","200.8","Zinc",2025-07-23,08:17:00.000000,"SGS",2025-07-23,15:44:00,2025-07-23 08:17:00,2025-07-23 15:44:00,7.45,"200.8","180 days",4320,"Y"
"RM22-Soldotna Creek-field blan","200.8","Calcium",2025-07-23,08:17:00.000000,"SGS",2025-07-23,15:44:00,2025-07-23 08:17:00,2025-07-23 15:44:00,7.45,"200.8","180 days",4320,"Y"
"RM22-Soldotna Creek-field blan","200.8","Chromium",2025-07-23,08:17:00.000000,"SGS",2025-07-23,15:44:00,2025-07-23 08:17:00,2025-07-23 15:44:00,7.45,"200.8","180 days",4320,"Y"
"RM22-Soldotna Creek-field blan","200.8","Copper",2025-07-23,08:17:00.000000,"SGS",2025-07-23,15:44:00,2025-07-23 08:17:00,2025-07-23 15:44:00,7.45,"200.8","180 days",4320,"Y"
"RM22-Soldotna Creek-field blan","200.8","Lead",2025-07-23,08:17:00.000000,"SGS",2025-07-23,15:44:00,2025-07-23 08:17:00,2025-07-23 15:44:00,7.45,"200.8","180 days",4320,"Y"
"RM23-Swiftwater Park","200.8","Copper",2025-07-23,09:00:00.000000,"SGS",2025-07-23,15:44:00,2025-07-23 09:00:00,2025-07-23 15:44:00,6.73333333333333,"200.8","180 days",4320,"Y"
"RM23-Swiftwater Park","200.8","Cadmium",2025-07-23,09:00:00.000000,"SGS",2025-07-23,15:44:00,2025-07-23 09:00:00,2025-07-23 15:44:00,6.73333333333333,"200.8","180 days",4320,"Y"
"RM23-Swiftwater Park","200.8","Chromium",2025-07-23,09:00:00.000000,"SGS",2025-07-23,15:44:00,2025-07-23 09:00:00,2025-07-23 15:44:00,6.73333333333333,"200.8","180 days",4320,"Y"
"RM23-Swiftwater Park","200.8","Copper",2025-07-23,09:00:00.000000,"SGS",2025-07-23,15:44:00,2025-07-23 09:00:00,2025-07-23 15:44:00,6.73333333333333,"200.8","180 days",4320,"Y"
"RM23-Swiftwater Park","200.8","Lead",2025-07-23,09:00:00.000000,"SGS",2025-07-23,15:44:00,2025-07-23 09:00:00,2025-07-23 15:44:00,6.73333333333333,"200.8","180 days",4320,"Y"
"RM23-Swiftwater Park","200.8","Zinc",2025-07-23,09:00:00.000000,"SGS",2025-07-23,15:44:00,2025-07-23 09:00:00,2025-07-23 15:44:00,6.73333333333333,"200.8","180 days",4320,"Y"
"RM23-Swiftwater-DUP","200.8","Arsenic",2025-07-23,09:13:00.000000,"SGS",2025-07-23,15:44:00,2025-07-23 09:13:00,2025-07-23 15:44:00,6.51666666666667,"200.8","180 days",4320,"Y"
"RM23-Swiftwater-DUP","200.8","Cadmium",2025-07-23,09:13:00.000000,"SGS",2025-07-23,15:44:00,2025-07-23 09:13:00,2025-07-23 15:44:00,6.51666666666667,"200.8","180 days",4320,"Y"
"RM23-Swiftwater-DUP","200.8","Chromium",2025-07-23,09:13:00.000000,"SGS",2025-07-23,15:44:00,2025-07-23 09:13:00,2025-07-23 15:44:00,6.51666666666667,"200.8","180 days",4320,"Y"
"RM23-Swiftwater-DUP","200.8","Copper",2025-07-23,09:13:00.000000,"SGS",2025-07-23,15:44:00,2025-07-23 09:13:00,2025-07-23 15:44:00,6.51666666666667,"200.8","180 days",4320,"Y"
"RM23-Swiftwater-DUP","200.8","Lead",2025-07-23,09:13:00.000000,"SGS",2025-07-23,15:44:00,2025-07-23 09:13:00,2025-07-23 15:44:00,6.51666666666667,"200.8","180 days",4320,"Y"
"RM23-Swiftwater-DUP","200.8","Zinc",2025-07-23,09:13:00.000000,"SGS",2025-07-23,15:44:00,2025-07-23 09:13:00,2025-07-23 15:44:00,6.51666666666667,"200.8","180 days",4320,"Y"
"RM30-Funny River","200.8","Cadmium",2025-07-23,08:55:00.000000,"SGS",2025-07-23,15:44:00,2025-07-23 08:55:00,2025-07-23 15:44:00,6.81666666666667,"200.8","180 days",4320,"Y"
"RM30-Funny River","200.8","Chromium",2025-07-23,08:55:00.000000,"SGS",2025-07-23,15:44:00,2025-07-23 08:55:00,2025-07-23 15:44:00,6.81666666666667,"200.8","180 days",4320,"Y"
"RM30-Funny River","200.8","Copper",2025-07-23,08:55:00.000000,"SGS",2025-07-23,15:44:00,2025-07-23 08:55:00,2025-07-23 15:44:00,6.81666666666667,"200.8","180 days",4320,"Y"
"RM30-Funny River","200.8","Lead",2025-07-23,08:55:00.000000,"SGS",2025-07-23,15:44:00,2025-07-23 08:55:00,2025-07-23 15:44:00,6.81666666666667,"200.8","180 days",4320,"Y"
"RM31-Morgan's Landing","200.8","Arsenic",2025-07-23,10:30:00.000000,"SGS",2025-07-23,15:44:00,2025-07-23 10:30:00,2025-07-23 15:44:00,5.23333333333333,"200.8","180 days",4320,"Y"
"RM31-Morgan's Landing","200.8","Cadmium",2025-07-23,10:30:00.000000,"SGS",2025-07-23,15:44:00,2025-07-23 10:30:00,2025-07-23 15:44:00,5.23333333333333,"200.8","180 days",4320,"Y"
"RM31-Morgan's Landing","200.8","Chromium",2025-07-23,10:30:00.000000,"SGS",2025-07-23,15:44:00,2025-07-23 10:30:00,2025-07-23 15:44:00,5.23333333333333,"200.8","180 days",4320,"Y"
"RM31-Morgan's Landing","200.8","Copper",2025-07-23,10:30:00.000000,"SGS",2025-07-23,15:44:00,2025-07-23 10:30:00,2025-07-23 15:44:00,5.23333333333333,"200.8","180 days",4320,"Y"
"RM40-Bing's Landing","8260D","Xylenes (total)",2025-07-23,07:50:00.000000,"SGS",2025-07-23,15:44:00,2025-07-23 07:50:00,2025-07-23 15:44:00,7.9,"8260D","7 days",168,"Y"
"Rm43-Upstream of Dow Island","8260D","Toluene",2025-07-23,09:50:00.000000,"SGS",2025-07-23,15:44:00,2025-07-23 09:50:00,2025-07-23 15:44:00,5.9,"8260D","7 days",168,"Y"
"Rm43-Upstream of Dow Island","8260D","Xylenes (total)",2025-07-23,09:50:00.000000,"SGS",2025-07-23,15:44:00,2025-07-23 09:50:00,2025-07-23 15:44:00,5.9,"8260D","7 days",168,"Y"
"RM50-Skilak Lake Outflow","200.8","Iron",2025-07-23,08:55:00.000000,"SGS",2025-07-23,15:44:00,2025-07-23 08:55:00,2025-07-23 15:44:00,6.81666666666667,"200.8","180 days",4320,"Y"
"RM6.5-Cunningham Park","8260D","Toluene",2025-07-23,09:07:00.000000,"SGS",2025-07-23,15:44:00,2025-07-23 09:07:00,2025-07-23 15:44:00,6.61666666666667,"8260D","7 days",168,"Y"
"RM6.5-Cunningham Park","8260D","Xylenes (total)",2025-07-23,09:07:00.000000,"SGS",2025-07-23,15:44:00,2025-07-23 09:07:00,2025-07-23 15:44:00,6.61666666666667,"8260D","7 days",168,"Y"
"RM6.5-Cunningham Park","200.8","Chromium",2025-07-23,09:07:00.000000,"SGS",2025-07-23,15:44:00,2025-07-23 09:07:00,2025-07-23 15:44:00,6.61666666666667,"200.8","180 days",4320,"Y"
"RM6.5-Cunningham Park","200.8","Copper",2025-07-23,09:07:00.000000,"SGS",2025-07-23,15:44:00,2025-07-23 09:07:00,2025-07-23 15:44:00,6.61666666666667,"200.8","180 days",4320,"Y"
"RM6.5-Cunningham Park","200.8","Lead",2025-07-23,09:07:00.000000,"SGS",2025-07-23,15:44:00,2025-07-23 09:07:00,2025-07-23 15:44:00,6.61666666666667,"200.8","180 days",4320,"Y"
"RM6.5-Cunningham Park","200.8","Zinc",2025-07-23,09:07:00.000000,"SGS",2025-07-23,15:44:00,2025-07-23 09:07:00,2025-07-23 15:44:00,6.61666666666667,"200.8","180 days",4320,"Y"
"RM6.5-Cunningham Park-field bl","200.8","Calcium",2025-07-23,09:07:00.000000,"SGS",2025-07-23,15:44:00,2025-07-23 09:07:00,2025-07-23 15:44:00,6.61666666666667,"200.8","180 days",4320,"Y"
"RM6.5-Cunningham Park-field bl","200.8","Copper",2025-07-23,09:07:00.000000,"SGS",2025-07-23,15:44:00,2025-07-23 09:07:00,2025-07-23 15:44:00,6.61666666666667,"200.8","180 days",4320,"Y"
"RM6.5-Cunningham Park-field bl","200.8","Copper",2025-07-23,09:07:00.000000,"SGS",2025-07-23,15:44:00,2025-07-23 09:07:00,2025-07-23 15:44:00,6.61666666666667,"200.8","180 days",4320,"Y"
"RM6.5-Cunningham Park-field bl","200.8","Lead",2025-07-23,09:07:00.000000,"SGS",2025-07-23,15:44:00,2025-07-23 09:07:00,2025-07-23 15:44:00,6.61666666666667,"200.8","180 days",4320,"Y"
"RM6.5-Cunningham Park-field bl","200.8","Zinc",2025-07-23,09:07:00.000000,"SGS",2025-07-23,15:44:00,2025-07-23 09:07:00,2025-07-23 15:44:00,6.61666666666667,"200.8","180 days",4320,"Y"
"RM70-Jim's Landing","200.8","Iron",2025-07-23,10:55:00.000000,"SGS",2025-07-23,15:44:00,2025-07-23 10:55:00,2025-07-23 15:44:00,4.81666666666667,"200.8","180 days",4320,"Y"
"RM79.5-Juneau Creek","200.8","Iron",2025-07-23,09:00:00.000000,"SGS",2025-07-23,15:44:00,2025-07-23 09:00:00,2025-07-23 15:44:00,6.73333333333333,"200.8","180 days",4320,"Y"
"RM40-Bing's Landing","8260D","Benzene",2025-07-23,07:50:00.000000,"SGS",2025-07-23,15:44:00,2025-07-23 07:50:00,2025-07-23 15:44:00,7.9,"8260D","7 days",168,"Y"
"RM40-Bing's Landing","8260D","Ethylbenzene",2025-07-23,07:50:00.000000,"SGS",2025-07-23,15:44:00,2025-07-23 07:50:00,2025-07-23 15:44:00,7.9,"8260D","7 days",168,"Y"
"RM40-Bing's Landing","8260D","o-Xylene",2025-07-23,07:50:00.000000,"SGS",2025-07-23,15:44:00,2025-07-23 07:50:00,2025-07-23 15:44:00,7.9,"8260D","7 days",168,"Y"
"RM40-Bing's Landing","8260D","P & M -Xylene",2025-07-23,07:50:00.000000,"SGS",2025-07-23,15:44:00,2025-07-23 07:50:00,2025-07-23 15:44:00,7.9,"8260D","7 days",168,"Y"
"RM40-Bing's Landing","8260D","Toluene",2025-07-23,07:50:00.000000,"SGS",2025-07-23,15:44:00,2025-07-23 07:50:00,2025-07-23 15:44:00,7.9,"8260D","7 days",168,"Y"
"Rm43-Upstream of Dow Island","8260D","Benzene",2025-07-23,09:50:00.000000,"SGS",2025-07-23,15:44:00,2025-07-23 09:50:00,2025-07-23 15:44:00,5.9,"8260D","7 days",168,"Y"
"Rm43-Upstream of Dow Island","8260D","Ethylbenzene",2025-07-23,09:50:00.000000,"SGS",2025-07-23,15:44:00,2025-07-23 09:50:00,2025-07-23 15:44:00,5.9,"8260D","7 days",168,"Y"
"Rm43-Upstream of Dow Island","8260D","o-Xylene",2025-07-23,09:50:00.000000,"SGS",2025-07-23,15:44:00,2025-07-23 09:50:00,2025-07-23 15:44:00,5.9,"8260D","7 days",168,"Y"
"Rm43-Upstream of Dow Island","8260D","P & M -Xylene",2025-07-23,09:50:00.000000,"SGS",2025-07-23,15:44:00,2025-07-23 09:50:00,2025-07-23 15:44:00,5.9,"8260D","7 days",168,"Y"
"RM6.5-Cunningham Park","8260D","Benzene",2025-07-23,09:07:00.000000,"SGS",2025-07-23,15:44:00,2025-07-23 09:07:00,2025-07-23 15:44:00,6.61666666666667,"8260D","7 days",168,"Y"
"RM6.5-Cunningham Park","8260D","Ethylbenzene",2025-07-23,09:07:00.000000,"SGS",2025-07-23,15:44:00,2025-07-23 09:07:00,2025-07-23 15:44:00,6.61666666666667,"8260D","7 days",168,"Y"
"RM6.5-Cunningham Park","8260D","o-Xylene",2025-07-23,09:07:00.000000,"SGS",2025-07-23,15:44:00,2025-07-23 09:07:00,2025-07-23 15:44:00,6.61666666666667,"8260D","7 days",168,"Y"
"RM6.5-Cunningham Park","8260D","P & M -Xylene",2025-07-23,09:07:00.000000,"SGS",2025-07-23,15:44:00,2025-07-23 09:07:00,2025-07-23 15:44:00,6.61666666666667,"8260D","7 days",168,"Y"
"RM6.5-Cunningham Park","200.8","Arsenic",2025-07-23,09:07:00.000000,"SGS",2025-07-23,15:44:00,2025-07-23 09:07:00,2025-07-23 15:44:00,6.61666666666667,"200.8","180 days",4320,"Y"
"RM6.5-Cunningham Park","200.8","Cadmium",2025-07-23,09:07:00.000000,"SGS",2025-07-23,15:44:00,2025-07-23 09:07:00,2025-07-23 15:44:00,6.61666666666667,"200.8","180 days",4320,"Y"
"RM6.5-Cunningham Park-field bl","200.8","Iron",2025-07-23,09:07:00.000000,"SGS",2025-07-23,15:44:00,2025-07-23 09:07:00,2025-07-23 15:44:00,6.61666666666667,"200.8","180 days",4320,"Y"
"RM6.5-Cunningham Park-field bl","200.8","Magnesium",2025-07-23,09:07:00.000000,"SGS",2025-07-23,15:44:00,2025-07-23 09:07:00,2025-07-23 15:44:00,6.61666666666667,"200.8","180 days",4320,"Y"
"RM6.5-Cunningham Park-field bl","200.8","Zinc",2025-07-23,09:07:00.000000,"SGS",2025-07-23,15:44:00,2025-07-23 09:07:00,2025-07-23 15:44:00,6.61666666666667,"200.8","180 days",4320,"Y"
"RM6.5-Cunningham Park-field bl","200.8","Arsenic",2025-07-23,09:07:00.000000,"SGS",2025-07-23,15:44:00,2025-07-23 09:07:00,2025-07-23 15:44:00,6.61666666666667,"200.8","180 days",4320,"Y"
"RM6.5-Cunningham Park-field bl","200.8","Cadmium",2025-07-23,09:07:00.000000,"SGS",2025-07-23,15:44:00,2025-07-23 09:07:00,2025-07-23 15:44:00,6.61666666666667,"200.8","180 days",4320,"Y"
"RM6.5-Cunningham Park-field bl","200.8","Chromium",2025-07-23,09:07:00.000000,"SGS",2025-07-23,15:44:00,2025-07-23 09:07:00,2025-07-23 15:44:00,6.61666666666667,"200.8","180 days",4320,"Y"
"RM74-Russian River","200.8","Iron",2025-07-23,10:05:00.000000,"SGS",2025-07-23,15:44:00,2025-07-23 10:05:00,2025-07-23 15:44:00,5.65,"200.8","180 days",4320,"Y"
"RM82-Kenai Lake Bridge","200.8","Iron",2025-07-23,08:15:00.000000,"SGS",2025-07-23,15:44:00,2025-07-23 08:15:00,2025-07-23 15:44:00,7.48333333333333,"200.8","180 days",4320,"Y"
"RM18-Poacher's Cove","4500-P-E","Total Phosphorus",2025-07-23,10:57:00.000000,"SGS",2025-07-23,15:44:00,2025-07-23 10:57:00,2025-07-23 15:44:00,4.78333333333333,"4500-P-E","28 days",672,"Y"
"RM10.1-Kenai River","4500-P-E","Total Phosphorus",2025-07-23,10:05:00.000000,"SGS",2025-07-23,15:44:00,2025-07-23 10:05:00,2025-07-23 15:44:00,5.65,"4500-P-E","28 days",672,"Y"
"RM21-Soldotna Bridge","4500-P-E","Total Phosphorus",2025-07-23,09:42:00.000000,"SGS",2025-07-23,15:44:00,2025-07-23 09:42:00,2025-07-23 15:44:00,6.03333333333333,"4500-P-E","28 days",672,"Y"
"RM23-Swiftwater Park","4500-P-E","Total Phosphorus",2025-07-23,09:00:00.000000,"SGS",2025-07-23,15:44:00,2025-07-23 09:00:00,2025-07-23 15:44:00,6.73333333333333,"4500-P-E","28 days",672,"Y"
"RM23-Swiftwater-DUP","4500-P-E","Total Phosphorus",2025-07-23,09:13:00.000000,"SGS",2025-07-23,15:44:00,2025-07-23 09:13:00,2025-07-23 15:44:00,6.51666666666667,"4500-P-E","28 days",672,"Y"
"RM31-Morgan's Landing","4500-P-E","Total Phosphorus",2025-07-23,10:30:00.000000,"SGS",2025-07-23,15:44:00,2025-07-23 10:30:00,2025-07-23 15:44:00,5.23333333333333,"4500-P-E","28 days",672,"Y"
"RM40-Bing's Landing","4500-P-E","Total Phosphorus",2025-07-23,07:50:00.000000,"SGS",2025-07-23,15:44:00,2025-07-23 07:50:00,2025-07-23 15:44:00,7.9,"4500-P-E","28 days",672,"Y"
"RM44-Mouth of Killey River","4500-P-E","Total Phosphorus",2025-07-23,09:30:00.000000,"SGS",2025-07-23,15:44:00,2025-07-23 09:30:00,2025-07-23 15:44:00,6.23333333333333,"4500-P-E","28 days",672,"Y"
"RM50-Skilak Lake Outflow","4500-P-E","Total Phosphorus",2025-07-23,08:55:00.000000,"SGS",2025-07-23,15:44:00,2025-07-23 08:55:00,2025-07-23 15:44:00,6.81666666666667,"4500-P-E","28 days",672,"Y"
"RM79.5-Juneau Creek","4500-P-E","Total Phosphorus",2025-07-23,09:00:00.000000,"SGS",2025-07-23,15:44:00,2025-07-23 09:00:00,2025-07-23 15:44:00,6.73333333333333,"4500-P-E","28 days",672,"Y"
"Rm43-Upstream of Dow Island","4500-P-E","Total Phosphorus",2025-07-23,09:50:00.000000,"SGS",2025-07-23,15:44:00,2025-07-23 09:50:00,2025-07-23 15:44:00,5.9,"4500-P-E","28 days",672,"Y"
"RM70-Jim's Landing","4500-P-E","Total Phosphorus",2025-07-23,10:55:00.000000,"SGS",2025-07-23,15:44:00,2025-07-23 10:55:00,2025-07-23 15:44:00,4.81666666666667,"4500-P-E","28 days",672,"Y"
"RM74-Russian River","4500-P-E","Total Phosphorus",2025-07-23,10:05:00.000000,"SGS",2025-07-23,15:44:00,2025-07-23 10:05:00,2025-07-23 15:44:00,5.65,"4500-P-E","28 days",672,"Y"
"RM82-Kenai Lake Bridge","4500-P-E","Total Phosphorus",2025-07-23,08:15:00.000000,"SGS",2025-07-23,15:44:00,2025-07-23 08:15:00,2025-07-23 15:44:00,7.48333333333333,"4500-P-E","28 days",672,"Y"
"RM0-No Name Creek","4500-P-E","Total Phosphorus",2025-07-23,10:57:00.000000,"SGS",2025-07-23,15:44:00,2025-07-23 10:57:00,2025-07-23 15:44:00,4.78333333333333,"4500-P-E","28 days",672,"Y"
"RM0-No Name Creek","200.8","Arsenic",2025-07-23,10:57:00.000000,"SGS",2025-07-23,15:44:00,2025-07-23 10:57:00,2025-07-23 15:44:00,4.78333333333333,"200.8","180 days",4320,"Y"
"RM10-Beaver Creek","200.8","Lead",2025-07-23,09:28:00.000000,"SGS",2025-07-23,15:44:00,2025-07-23 09:28:00,2025-07-23 15:44:00,6.26666666666667,"200.8","180 days",4320,"Y"
"RM10-Beaver Creek-DUP","200.8","Arsenic",2025-07-23,09:40:00.000000,"SGS",2025-07-23,15:44:00,2025-07-23 09:40:00,2025-07-23 15:44:00,6.06666666666667,"200.8","180 days",4320,"Y"
"RM19-Slikok Creek","4500-P-E","Total Phosphorus",2025-07-23,10:11:00.000000,"SGS",2025-07-23,15:44:00,2025-07-23 10:11:00,2025-07-23 15:44:00,5.55,"4500-P-E","28 days",672,"Y"
"RM19-Slikok Creek","200.8","Arsenic",2025-07-23,10:11:00.000000,"SGS",2025-07-23,15:44:00,2025-07-23 10:11:00,2025-07-23 15:44:00,5.55,"200.8","180 days",4320,"Y"
"RM1.5-Kenai City Dock","4500-P-E","Total Phosphorus",2025-07-23,10:00:00.000000,"SGS",2025-07-23,15:44:00,2025-07-23 10:00:00,2025-07-23 15:44:00,5.73333333333333,"4500-P-E","28 days",672,"Y"
"RM1.5-Kenai City Dock","200.8","Arsenic",2025-07-23,10:00:00.000000,"SGS",2025-07-23,15:44:00,2025-07-23 10:00:00,2025-07-23 15:44:00,5.73333333333333,"200.8","180 days",4320,"Y"
"RM10-Beaver Creek","4500-P-E","Total Phosphorus",2025-07-23,09:28:00.000000,"SGS",2025-07-23,15:44:00,2025-07-23 09:28:00,2025-07-23 15:44:00,6.26666666666667,"4500-P-E","28 days",672,"Y"
"RM10-Beaver Creek","200.8","Arsenic",2025-07-23,09:28:00.000000,"SGS",2025-07-23,15:44:00,2025-07-23 09:28:00,2025-07-23 15:44:00,6.26666666666667,"200.8","180 days",4320,"Y"
"RM10-Beaver Creek-DUP","4500-P-E","Total Phosphorus",2025-07-23,09:40:00.000000,"SGS",2025-07-23,15:44:00,2025-07-23 09:40:00,2025-07-23 15:44:00,6.06666666666667,"4500-P-E","28 days",672,"Y"
"RM12.5-Pillars","4500-P-E","Total Phosphorus",2025-07-23,10:25:00.000000,"SGS",2025-07-23,15:44:00,2025-07-23 10:25:00,2025-07-23 15:44:00,5.31666666666667,"4500-P-E","28 days",672,"Y"
"RM19-Slikok Creek","200.8","Zinc",2025-07-23,10:11:00.000000,"SGS",2025-07-23,15:44:00,2025-07-23 10:11:00,2025-07-23 15:44:00,5.55,"200.8","180 days",4320,"Y"
"RM22-Soldotna Creek","4500-P-E","Total Phosphorus",2025-07-23,08:17:00.000000,"SGS",2025-07-23,15:44:00,2025-07-23 08:17:00,2025-07-23 15:44:00,7.45,"4500-P-E","28 days",672,"Y"
"RM22-Soldotna Creek","200.8","Arsenic",2025-07-23,08:17:00.000000,"SGS",2025-07-23,15:44:00,2025-07-23 08:17:00,2025-07-23 15:44:00,7.45,"200.8","180 days",4320,"Y"
"RM22-Soldotna Creek-field blan","200.8","Zinc",2025-07-23,08:17:00.000000,"SGS",2025-07-23,15:44:00,2025-07-23 08:17:00,2025-07-23 15:44:00,7.45,"200.8","180 days",4320,"Y"
"RM30-Funny River","4500-P-E","Total Phosphorus",2025-07-23,08:55:00.000000,"SGS",2025-07-23,15:44:00,2025-07-23 08:55:00,2025-07-23 15:44:00,6.81666666666667,"4500-P-E","28 days",672,"Y"
"RM30-Funny River","200.8","Arsenic",2025-07-23,08:55:00.000000,"SGS",2025-07-23,15:44:00,2025-07-23 08:55:00,2025-07-23 15:44:00,6.81666666666667,"200.8","180 days",4320,"Y"
"RM36-Moose River","4500-P-E","Total Phosphorus",2025-07-23,09:50:00.000000,"SGS",2025-07-23,15:44:00,2025-07-23 09:50:00,2025-07-23 15:44:00,5.9,"4500-P-E","28 days",672,"Y"
"RM6.5-Cunningham Park","4500-P-E","Total Phosphorus",2025-07-23,09:07:00.000000,"SGS",2025-07-23,15:44:00,2025-07-23 09:07:00,2025-07-23 15:44:00,6.61666666666667,"4500-P-E","28 days",672,"Y"
"RM0-No Name Creek","200.8","Zinc",2025-07-23,10:57:00.000000,"SGS",2025-07-23,15:44:00,2025-07-23 10:57:00,2025-07-23 15:44:00,4.78333333333333,"200.8","180 days",4320,"Y"
"RM0-No Name Creek","4500-NO3(F)","Total Nitrate/Nitrite-N",2025-07-23,10:57:00.000000,"SGS",2025-07-23,15:44:00,2025-07-23 10:57:00,2025-07-23 15:44:00,4.78333333333333,"4500-NO3(F)","28 days",672,"Y"
"RM0-No Name Creek","200.8","Copper",2025-07-23,10:57:00.000000,"SGS",2025-07-23,15:44:00,2025-07-23 10:57:00,2025-07-23 15:44:00,4.78333333333333,"200.8","180 days",4320,"Y"
"RM10.1-Kenai River","200.8","Zinc",2025-07-23,10:05:00.000000,"SGS",2025-07-23,15:44:00,2025-07-23 10:05:00,2025-07-23 15:44:00,5.65,"200.8","180 days",4320,"Y"
"RM10-Beaver Creek","4500-NO3(F)","Total Nitrate/Nitrite-N",2025-07-23,09:28:00.000000,"SGS",2025-07-23,15:44:00,2025-07-23 09:28:00,2025-07-23 15:44:00,6.26666666666667,"4500-NO3(F)","28 days",672,"Y"
"RM10-Beaver Creek-DUP","200.8","Zinc",2025-07-23,09:40:00.000000,"SGS",2025-07-23,15:44:00,2025-07-23 09:40:00,2025-07-23 15:44:00,6.06666666666667,"200.8","180 days",4320,"Y"
"RM10-Beaver Creek-DUP","4500-NO3(F)","Total Nitrate/Nitrite-N",2025-07-23,09:40:00.000000,"SGS",2025-07-23,15:44:00,2025-07-23 09:40:00,2025-07-23 15:44:00,6.06666666666667,"4500-NO3(F)","28 days",672,"Y"
"RM12.5-Pillars","200.8","Iron",2025-07-23,10:25:00.000000,"SGS",2025-07-23,15:44:00,2025-07-23 10:25:00,2025-07-23 15:44:00,5.31666666666667,"200.8","180 days",4320,"Y"
"RM18-Poacher's Cove","200.8","Iron",2025-07-23,10:57:00.000000,"SGS",2025-07-23,15:44:00,2025-07-23 10:57:00,2025-07-23 15:44:00,4.78333333333333,"200.8","180 days",4320,"Y"
"RM18-Poacher's Cove","200.8","Zinc",2025-07-23,10:57:00.000000,"SGS",2025-07-23,15:44:00,2025-07-23 10:57:00,2025-07-23 15:44:00,4.78333333333333,"200.8","180 days",4320,"Y"
"RM21-Soldotna Bridge","200.8","Iron",2025-07-23,09:42:00.000000,"SGS",2025-07-23,15:44:00,2025-07-23 09:42:00,2025-07-23 15:44:00,6.03333333333333,"200.8","180 days",4320,"Y"
"RM21-Soldotna Bridge","200.8","Zinc",2025-07-23,09:42:00.000000,"SGS",2025-07-23,15:44:00,2025-07-23 09:42:00,2025-07-23 15:44:00,6.03333333333333,"200.8","180 days",4320,"Y"
"RM22-Soldotna Creek","4500-NO3(F)","Total Nitrate/Nitrite-N",2025-07-23,08:17:00.000000,"SGS",2025-07-23,15:44:00,2025-07-23 08:17:00,2025-07-23 15:44:00,7.45,"4500-NO3(F)","28 days",672,"Y"
"RM23-Swiftwater Park","200.8","Iron",2025-07-23,09:00:00.000000,"SGS",2025-07-23,15:44:00,2025-07-23 09:00:00,2025-07-23 15:44:00,6.73333333333333,"200.8","180 days",4320,"Y"
"RM23-Swiftwater Park","200.8","Zinc",2025-07-23,09:00:00.000000,"SGS",2025-07-23,15:44:00,2025-07-23 09:00:00,2025-07-23 15:44:00,6.73333333333333,"200.8","180 days",4320,"Y"
"RM23-Swiftwater-DUP","200.8","Iron",2025-07-23,09:13:00.000000,"SGS",2025-07-23,15:44:00,2025-07-23 09:13:00,2025-07-23 15:44:00,6.51666666666667,"200.8","180 days",4320,"Y"
"RM30-Funny River","4500-NO3(F)","Total Nitrate/Nitrite-N",2025-07-23,08:55:00.000000,"SGS",2025-07-23,15:44:00,2025-07-23 08:55:00,2025-07-23 15:44:00,6.81666666666667,"4500-NO3(F)","28 days",672,"Y"
"RM31-Morgan's Landing","200.8","Zinc",2025-07-23,10:30:00.000000,"SGS",2025-07-23,15:44:00,2025-07-23 10:30:00,2025-07-23 15:44:00,5.23333333333333,"200.8","180 days",4320,"Y"
"RM40-Bing's Landing","200.8","Iron",2025-07-23,07:50:00.000000,"SGS",2025-07-23,15:44:00,2025-07-23 07:50:00,2025-07-23 15:44:00,7.9,"200.8","180 days",4320,"Y"
"RM6.5-Cunningham Park","200.8","Copper",2025-07-23,09:07:00.000000,"SGS",2025-07-23,15:44:00,2025-07-23 09:07:00,2025-07-23 15:44:00,6.61666666666667,"200.8","180 days",4320,"Y"
"RM79.5-Juneau Creek","4500-NO3(F)","Total Nitrate/Nitrite-N",2025-07-23,09:00:00.000000,"SGS",2025-07-23,15:44:00,2025-07-23 09:00:00,2025-07-23 15:44:00,6.73333333333333,"4500-NO3(F)","28 days",672,"Y"
"RM6.5-Cunningham Park","200.8","Zinc",2025-07-23,09:07:00.000000,"SGS",2025-07-23,15:44:00,2025-07-23 09:07:00,2025-07-23 15:44:00,6.61666666666667,"200.8","180 days",4320,"Y"
"RM1.5-Kenai City Dock","4500-NO3(F)","Total Nitrate/Nitrite-N",2025-07-23,10:00:00.000000,"SGS",2025-07-23,15:44:00,2025-07-23 10:00:00,2025-07-23 15:44:00,5.73333333333333,"4500-NO3(F)","28 days",672,"Y"
"RM12.5-Pillars","4500-NO3(F)","Total Nitrate/Nitrite-N",2025-07-23,10:25:00.000000,"SGS",2025-07-23,15:44:00,2025-07-23 10:25:00,2025-07-23 15:44:00,5.31666666666667,"4500-NO3(F)","28 days",672,"Y"
"RM18-Poacher's Cove","4500-NO3(F)","Total Nitrate/Nitrite-N",2025-07-23,10:57:00.000000,"SGS",2025-07-23,15:44:00,2025-07-23 10:57:00,2025-07-23 15:44:00,4.78333333333333,"4500-NO3(F)","28 days",672,"Y"
"RM19-Slikok Creek","4500-NO3(F)","Total Nitrate/Nitrite-N",2025-07-23,10:11:00.000000,"SGS",2025-07-23,15:44:00,2025-07-23 10:11:00,2025-07-23 15:44:00,5.55,"4500-NO3(F)","28 days",672,"Y"
"RM10.1-Kenai River","4500-NO3(F)","Total Nitrate/Nitrite-N",2025-07-23,10:05:00.000000,"SGS",2025-07-23,15:44:00,2025-07-23 10:05:00,2025-07-23 15:44:00,5.65,"4500-NO3(F)","28 days",672,"Y"
"RM21-Soldotna Bridge","4500-NO3(F)","Total Nitrate/Nitrite-N",2025-07-23,09:42:00.000000,"SGS",2025-07-23,15:44:00,2025-07-23 09:42:00,2025-07-23 15:44:00,6.03333333333333,"4500-NO3(F)","28 days",672,"Y"
"RM23-Swiftwater Park","4500-NO3(F)","Total Nitrate/Nitrite-N",2025-07-23,09:00:00.000000,"SGS",2025-07-23,15:44:00,2025-07-23 09:00:00,2025-07-23 15:44:00,6.73333333333333,"4500-NO3(F)","28 days",672,"Y"
"RM23-Swiftwater-DUP","4500-NO3(F)","Total Nitrate/Nitrite-N",2025-07-23,09:13:00.000000,"SGS",2025-07-23,15:44:00,2025-07-23 09:13:00,2025-07-23 15:44:00,6.51666666666667,"4500-NO3(F)","28 days",672,"Y"
"RM36-Moose River","4500-NO3(F)","Total Nitrate/Nitrite-N",2025-07-23,09:50:00.000000,"SGS",2025-07-23,15:44:00,2025-07-23 09:50:00,2025-07-23 15:44:00,5.9,"4500-NO3(F)","28 days",672,"Y"
"RM31-Morgan's Landing","4500-NO3(F)","Total Nitrate/Nitrite-N",2025-07-23,10:30:00.000000,"SGS",2025-07-23,15:44:00,2025-07-23 10:30:00,2025-07-23 15:44:00,5.23333333333333,"4500-NO3(F)","28 days",672,"Y"
"RM40-Bing's Landing","4500-NO3(F)","Total Nitrate/Nitrite-N",2025-07-23,07:50:00.000000,"SGS",2025-07-23,15:44:00,2025-07-23 07:50:00,2025-07-23 15:44:00,7.9,"4500-NO3(F)","28 days",672,"Y"
"Rm43-Upstream of Dow Island","4500-NO3(F)","Total Nitrate/Nitrite-N",2025-07-23,09:50:00.000000,"SGS",2025-07-23,15:44:00,2025-07-23 09:50:00,2025-07-23 15:44:00,5.9,"4500-NO3(F)","28 days",672,"Y"
"RM50-Skilak Lake Outflow","4500-NO3(F)","Total Nitrate/Nitrite-N",2025-07-23,08:55:00.000000,"SGS",2025-07-23,15:44:00,2025-07-23 08:55:00,2025-07-23 15:44:00,6.81666666666667,"4500-NO3(F)","28 days",672,"Y"
"RM6.5-Cunningham Park","4500-NO3(F)","Total Nitrate/Nitrite-N",2025-07-23,09:07:00.000000,"SGS",2025-07-23,15:44:00,2025-07-23 09:07:00,2025-07-23 15:44:00,6.61666666666667,"4500-NO3(F)","28 days",672,"Y"
"RM70-Jim's Landing","4500-NO3(F)","Total Nitrate/Nitrite-N",2025-07-23,10:55:00.000000,"SGS",2025-07-23,15:44:00,2025-07-23 10:55:00,2025-07-23 15:44:00,4.81666666666667,"4500-NO3(F)","28 days",672,"Y"
"RM74-Russian River","4500-NO3(F)","Total Nitrate/Nitrite-N",2025-07-23,10:05:00.000000,"SGS",2025-07-23,15:44:00,2025-07-23 10:05:00,2025-07-23 15:44:00,5.65,"4500-NO3(F)","28 days",672,"Y"
"RM44-Mouth of Killey River","4500-NO3(F)","Total Nitrate/Nitrite-N",2025-07-23,09:30:00.000000,"SGS",2025-07-23,15:44:00,2025-07-23 09:30:00,2025-07-23 15:44:00,6.23333333333333,"4500-NO3(F)","28 days",672,"Y"
"RM82-Kenai Lake Bridge","4500-NO3(F)","Total Nitrate/Nitrite-N",2025-07-23,08:15:00.000000,"SGS",2025-07-23,15:44:00,2025-07-23 08:15:00,2025-07-23 15:44:00,7.48333333333333,"4500-NO3(F)","28 days",672,"Y"
"RM1.5-Kenai City Dock","8260D","1,2-Dichloroethane-D4 (surr)",2025-07-23,10:00:00.000000,"SGS",2025-07-23,15:44:00,2025-07-23 10:00:00,2025-07-23 15:44:00,5.73333333333333,"8260D","7 days",168,"Y"
"RM1.5-Kenai City Dock","8260D","4-Bromofluorobenzene (surr)",2025-07-23,10:00:00.000000,"SGS",2025-07-23,15:44:00,2025-07-23 10:00:00,2025-07-23 15:44:00,5.73333333333333,"8260D","7 days",168,"Y"
"RM1.5-Kenai City Dock","8260D","Toluene-d8 (surr)",2025-07-23,10:00:00.000000,"SGS",2025-07-23,15:44:00,2025-07-23 10:00:00,2025-07-23 15:44:00,5.73333333333333,"8260D","7 days",168,"Y"
"RM40-Bing's Landing","8260D","1,2-Dichloroethane-D4 (surr)",2025-07-23,07:50:00.000000,"SGS",2025-07-23,15:44:00,2025-07-23 07:50:00,2025-07-23 15:44:00,7.9,"8260D","7 days",168,"Y"
"RM40-Bing's Landing","8260D","4-Bromofluorobenzene (surr)",2025-07-23,07:50:00.000000,"SGS",2025-07-23,15:44:00,2025-07-23 07:50:00,2025-07-23 15:44:00,7.9,"8260D","7 days",168,"Y"
"Rm43-Upstream of Dow Island","8260D","Toluene-d8 (surr)",2025-07-23,09:50:00.000000,"SGS",2025-07-23,15:44:00,2025-07-23 09:50:00,2025-07-23 15:44:00,5.9,"8260D","7 days",168,"Y"
"RM6.5-Cunningham Park","8260D","Toluene-d8 (surr)",2025-07-23,09:07:00.000000,"SGS",2025-07-23,15:44:00,2025-07-23 09:07:00,2025-07-23 15:44:00,6.61666666666667,"8260D","7 days",168,"Y"
"RM40-Bing's Landing","8260D","Toluene-d8 (surr)",2025-07-23,07:50:00.000000,"SGS",2025-07-23,15:44:00,2025-07-23 07:50:00,2025-07-23 15:44:00,7.9,"8260D","7 days",168,"Y"
"Rm43-Upstream of Dow Island","8260D","1,2-Dichloroethane-D4 (surr)",2025-07-23,09:50:00.000000,"SGS",2025-07-23,15:44:00,2025-07-23 09:50:00,2025-07-23 15:44:00,5.9,"8260D","7 days",168,"Y"
"Rm43-Upstream of Dow Island","8260D","4-Bromofluorobenzene (surr)",2025-07-23,09:50:00.000000,"SGS",2025-07-23,15:44:00,2025-07-23 09:50:00,2025-07-23 15:44:00,5.9,"8260D","7 days",168,"Y"
"RM6.5-Cunningham Park","8260D","1,2-Dichloroethane-D4 (surr)",2025-07-23,09:07:00.000000,"SGS",2025-07-23,15:44:00,2025-07-23 09:07:00,2025-07-23 15:44:00,6.61666666666667,"8260D","7 days",168,"Y"
"RM6.5-Cunningham Park","8260D","4-Bromofluorobenzene (surr)",2025-07-23,09:07:00.000000,"SGS",2025-07-23,15:44:00,2025-07-23 09:07:00,2025-07-23 15:44:00,6.61666666666667,"8260D","7 days",168,"Y"
"RM0-No Name Creek","200.8","Calcium",2025-07-23,10:57:00.000000,"SGS",2025-07-23,15:44:00,2025-07-23 10:57:00,2025-07-23 15:44:00,4.78333333333333,"200.8","180 days",4320,"Y"
"RM0-No Name Creek","200.8","Iron",2025-07-23,10:57:00.000000,"SGS",2025-07-23,15:44:00,2025-07-23 10:57:00,2025-07-23 15:44:00,4.78333333333333,"200.8","180 days",4320,"Y"
"RM0-No Name Creek","200.8","Magnesium",2025-07-23,10:57:00.000000,"SGS",2025-07-23,15:44:00,2025-07-23 10:57:00,2025-07-23 15:44:00,4.78333333333333,"200.8","180 days",4320,"Y"
"RM1.5-Kenai City Dock","200.8","Calcium",2025-07-23,10:00:00.000000,"SGS",2025-07-23,15:44:00,2025-07-23 10:00:00,2025-07-23 15:44:00,5.73333333333333,"200.8","180 days",4320,"Y"
"RM1.5-Kenai City Dock","200.8","Copper",2025-07-23,10:00:00.000000,"SGS",2025-07-23,15:44:00,2025-07-23 10:00:00,2025-07-23 15:44:00,5.73333333333333,"200.8","180 days",4320,"Y"
"RM1.5-Kenai City Dock","200.8","Iron",2025-07-23,10:00:00.000000,"SGS",2025-07-23,15:44:00,2025-07-23 10:00:00,2025-07-23 15:44:00,5.73333333333333,"200.8","180 days",4320,"Y"
"RM10.1-Kenai River","200.8","Calcium",2025-07-23,10:05:00.000000,"SGS",2025-07-23,15:44:00,2025-07-23 10:05:00,2025-07-23 15:44:00,5.65,"200.8","180 days",4320,"Y"
"RM10.1-Kenai River","200.8","Iron",2025-07-23,10:05:00.000000,"SGS",2025-07-23,15:44:00,2025-07-23 10:05:00,2025-07-23 15:44:00,5.65,"200.8","180 days",4320,"Y"
"RM10-Beaver Creek","200.8","Calcium",2025-07-23,09:28:00.000000,"SGS",2025-07-23,15:44:00,2025-07-23 09:28:00,2025-07-23 15:44:00,6.26666666666667,"200.8","180 days",4320,"Y"
"RM10-Beaver Creek-DUP","200.8","Calcium",2025-07-23,09:40:00.000000,"SGS",2025-07-23,15:44:00,2025-07-23 09:40:00,2025-07-23 15:44:00,6.06666666666667,"200.8","180 days",4320,"Y"
"RM1.5-Kenai City Dock","200.8","Magnesium",2025-07-23,10:00:00.000000,"SGS",2025-07-23,15:44:00,2025-07-23 10:00:00,2025-07-23 15:44:00,5.73333333333333,"200.8","180 days",4320,"Y"
"RM1.5-Kenai City Dock","200.8","Zinc",2025-07-23,10:00:00.000000,"SGS",2025-07-23,15:44:00,2025-07-23 10:00:00,2025-07-23 15:44:00,5.73333333333333,"200.8","180 days",4320,"Y"
"RM10.1-Kenai River","200.8","Magnesium",2025-07-23,10:05:00.000000,"SGS",2025-07-23,15:44:00,2025-07-23 10:05:00,2025-07-23 15:44:00,5.65,"200.8","180 days",4320,"Y"
"RM10-Beaver Creek","200.8","Iron",2025-07-23,09:28:00.000000,"SGS",2025-07-23,15:44:00,2025-07-23 09:28:00,2025-07-23 15:44:00,6.26666666666667,"200.8","180 days",4320,"Y"
"RM10-Beaver Creek","200.8","Magnesium",2025-07-23,09:28:00.000000,"SGS",2025-07-23,15:44:00,2025-07-23 09:28:00,2025-07-23 15:44:00,6.26666666666667,"200.8","180 days",4320,"Y"
"RM10-Beaver Creek-DUP","200.8","Iron",2025-07-23,09:40:00.000000,"SGS",2025-07-23,15:44:00,2025-07-23 09:40:00,2025-07-23 15:44:00,6.06666666666667,"200.8","180 days",4320,"Y"
"RM10-Beaver Creek-DUP","200.8","Magnesium",2025-07-23,09:40:00.000000,"SGS",2025-07-23,15:44:00,2025-07-23 09:40:00,2025-07-23 15:44:00,6.06666666666667,"200.8","180 days",4320,"Y"
"RM12.5-Pillars","200.8","Calcium",2025-07-23,10:25:00.000000,"SGS",2025-07-23,15:44:00,2025-07-23 10:25:00,2025-07-23 15:44:00,5.31666666666667,"200.8","180 days",4320,"Y"
"RM12.5-Pillars","200.8","Magnesium",2025-07-23,10:25:00.000000,"SGS",2025-07-23,15:44:00,2025-07-23 10:25:00,2025-07-23 15:44:00,5.31666666666667,"200.8","180 days",4320,"Y"
"RM18-Poacher's Cove","200.8","Calcium",2025-07-23,10:57:00.000000,"SGS",2025-07-23,15:44:00,2025-07-23 10:57:00,2025-07-23 15:44:00,4.78333333333333,"200.8","180 days",4320,"Y"
"RM18-Poacher's Cove","200.8","Magnesium",2025-07-23,10:57:00.000000,"SGS",2025-07-23,15:44:00,2025-07-23 10:57:00,2025-07-23 15:44:00,4.78333333333333,"200.8","180 days",4320,"Y"
"RM19-Slikok Creek","200.8","Calcium",2025-07-23,10:11:00.000000,"SGS",2025-07-23,15:44:00,2025-07-23 10:11:00,2025-07-23 15:44:00,5.55,"200.8","180 days",4320,"Y"
"RM19-Slikok Creek","200.8","Iron",2025-07-23,10:11:00.000000,"SGS",2025-07-23,15:44:00,2025-07-23 10:11:00,2025-07-23 15:44:00,5.55,"200.8","180 days",4320,"Y"
"RM19-Slikok Creek","200.8","Magnesium",2025-07-23,10:11:00.000000,"SGS",2025-07-23,15:44:00,2025-07-23 10:11:00,2025-07-23 15:44:00,5.55,"200.8","180 days",4320,"Y"
"RM21-Soldotna Bridge","200.8","Calcium",2025-07-23,09:42:00.000000,"SGS",2025-07-23,15:44:00,2025-07-23 09:42:00,2025-07-23 15:44:00,6.03333333333333,"200.8","180 days",4320,"Y"
"RM21-Soldotna Bridge","200.8","Magnesium",2025-07-23,09:42:00.000000,"SGS",2025-07-23,15:44:00,2025-07-23 09:42:00,2025-07-23 15:44:00,6.03333333333333,"200.8","180 days",4320,"Y"
"RM22-Soldotna Creek","200.8","Iron",2025-07-23,08:17:00.000000,"SGS",2025-07-23,15:44:00,2025-07-23 08:17:00,2025-07-23 15:44:00,7.45,"200.8","180 days",4320,"Y"
"RM22-Soldotna Creek","200.8","Magnesium",2025-07-23,08:17:00.000000,"SGS",2025-07-23,15:44:00,2025-07-23 08:17:00,2025-07-23 15:44:00,7.45,"200.8","180 days",4320,"Y"
"RM23-Swiftwater Park","200.8","Magnesium",2025-07-23,09:00:00.000000,"SGS",2025-07-23,15:44:00,2025-07-23 09:00:00,2025-07-23 15:44:00,6.73333333333333,"200.8","180 days",4320,"Y"
"RM23-Swiftwater-DUP","200.8","Magnesium",2025-07-23,09:13:00.000000,"SGS",2025-07-23,15:44:00,2025-07-23 09:13:00,2025-07-23 15:44:00,6.51666666666667,"200.8","180 days",4320,"Y"
"RM30-Funny River","200.8","Calcium",2025-07-23,08:55:00.000000,"SGS",2025-07-23,15:44:00,2025-07-23 08:55:00,2025-07-23 15:44:00,6.81666666666667,"200.8","180 days",4320,"Y"
"RM30-Funny River","200.8","Iron",2025-07-23,08:55:00.000000,"SGS",2025-07-23,15:44:00,2025-07-23 08:55:00,2025-07-23 15:44:00,6.81666666666667,"200.8","180 days",4320,"Y"
"RM30-Funny River","200.8","Magnesium",2025-07-23,08:55:00.000000,"SGS",2025-07-23,15:44:00,2025-07-23 08:55:00,2025-07-23 15:44:00,6.81666666666667,"200.8","180 days",4320,"Y"
"RM31-Morgan's Landing","200.8","Calcium",2025-07-23,10:30:00.000000,"SGS",2025-07-23,15:44:00,2025-07-23 10:30:00,2025-07-23 15:44:00,5.23333333333333,"200.8","180 days",4320,"Y"
"RM31-Morgan's Landing","200.8","Iron",2025-07-23,10:30:00.000000,"SGS",2025-07-23,15:44:00,2025-07-23 10:30:00,2025-07-23 15:44:00,5.23333333333333,"200.8","180 days",4320,"Y"
"RM31-Morgan's Landing","200.8","Magnesium",2025-07-23,10:30:00.000000,"SGS",2025-07-23,15:44:00,2025-07-23 10:30:00,2025-07-23 15:44:00,5.23333333333333,"200.8","180 days",4320,"Y"
"RM36-Moose River","200.8","Calcium",2025-07-23,09:50:00.000000,"SGS",2025-07-23,15:44:00,2025-07-23 09:50:00,2025-07-23 15:44:00,5.9,"200.8","180 days",4320,"Y"
"RM36-Moose River","200.8","Iron",2025-07-23,09:50:00.000000,"SGS",2025-07-23,15:44:00,2025-07-23 09:50:00,2025-07-23 15:44:00,5.9,"200.8","180 days",4320,"Y"
"RM36-Moose River","200.8","Magnesium",2025-07-23,09:50:00.000000,"SGS",2025-07-23,15:44:00,2025-07-23 09:50:00,2025-07-23 15:44:00,5.9,"200.8","180 days",4320,"Y"
"RM22-Soldotna Creek","200.8","Calcium",2025-07-23,08:17:00.000000,"SGS",2025-07-23,15:44:00,2025-07-23 08:17:00,2025-07-23 15:44:00,7.45,"200.8","180 days",4320,"Y"
"RM23-Swiftwater Park","200.8","Calcium",2025-07-23,09:00:00.000000,"SGS",2025-07-23,15:44:00,2025-07-23 09:00:00,2025-07-23 15:44:00,6.73333333333333,"200.8","180 days",4320,"Y"
"RM23-Swiftwater-DUP","200.8","Calcium",2025-07-23,09:13:00.000000,"SGS",2025-07-23,15:44:00,2025-07-23 09:13:00,2025-07-23 15:44:00,6.51666666666667,"200.8","180 days",4320,"Y"
"RM40-Bing's Landing","200.8","Calcium",2025-07-23,07:50:00.000000,"SGS",2025-07-23,15:44:00,2025-07-23 07:50:00,2025-07-23 15:44:00,7.9,"200.8","180 days",4320,"Y"
"RM40-Bing's Landing","200.8","Magnesium",2025-07-23,07:50:00.000000,"SGS",2025-07-23,15:44:00,2025-07-23 07:50:00,2025-07-23 15:44:00,7.9,"200.8","180 days",4320,"Y"
"Rm43-Upstream of Dow Island","200.8","Calcium",2025-07-23,09:50:00.000000,"SGS",2025-07-23,15:44:00,2025-07-23 09:50:00,2025-07-23 15:44:00,5.9,"200.8","180 days",4320,"Y"
"Rm43-Upstream of Dow Island","200.8","Iron",2025-07-23,09:50:00.000000,"SGS",2025-07-23,15:44:00,2025-07-23 09:50:00,2025-07-23 15:44:00,5.9,"200.8","180 days",4320,"Y"
"RM50-Skilak Lake Outflow","200.8","Calcium",2025-07-23,08:55:00.000000,"SGS",2025-07-23,15:44:00,2025-07-23 08:55:00,2025-07-23 15:44:00,6.81666666666667,"200.8","180 days",4320,"Y"
"RM50-Skilak Lake Outflow","200.8","Magnesium",2025-07-23,08:55:00.000000,"SGS",2025-07-23,15:44:00,2025-07-23 08:55:00,2025-07-23 15:44:00,6.81666666666667,"200.8","180 days",4320,"Y"
"RM6.5-Cunningham Park","200.8","Calcium",2025-07-23,09:07:00.000000,"SGS",2025-07-23,15:44:00,2025-07-23 09:07:00,2025-07-23 15:44:00,6.61666666666667,"200.8","180 days",4320,"Y"
"RM70-Jim's Landing","200.8","Calcium",2025-07-23,10:55:00.000000,"SGS",2025-07-23,15:44:00,2025-07-23 10:55:00,2025-07-23 15:44:00,4.81666666666667,"200.8","180 days",4320,"Y"
"RM79.5-Juneau Creek","200.8","Calcium",2025-07-23,09:00:00.000000,"SGS",2025-07-23,15:44:00,2025-07-23 09:00:00,2025-07-23 15:44:00,6.73333333333333,"200.8","180 days",4320,"Y"
"RM79.5-Juneau Creek","200.8","Magnesium",2025-07-23,09:00:00.000000,"SGS",2025-07-23,15:44:00,2025-07-23 09:00:00,2025-07-23 15:44:00,6.73333333333333,"200.8","180 days",4320,"Y"
"Rm43-Upstream of Dow Island","200.8","Magnesium",2025-07-23,09:50:00.000000,"SGS",2025-07-23,15:44:00,2025-07-23 09:50:00,2025-07-23 15:44:00,5.9,"200.8","180 days",4320,"Y"
"RM44-Mouth of Killey River","200.8","Calcium",2025-07-23,09:30:00.000000,"SGS",2025-07-23,15:44:00,2025-07-23 09:30:00,2025-07-23 15:44:00,6.23333333333333,"200.8","180 days",4320,"Y"
"RM44-Mouth of Killey River","200.8","Iron",2025-07-23,09:30:00.000000,"SGS",2025-07-23,15:44:00,2025-07-23 09:30:00,2025-07-23 15:44:00,6.23333333333333,"200.8","180 days",4320,"Y"
"RM44-Mouth of Killey River","200.8","Magnesium",2025-07-23,09:30:00.000000,"SGS",2025-07-23,15:44:00,2025-07-23 09:30:00,2025-07-23 15:44:00,6.23333333333333,"200.8","180 days",4320,"Y"
"RM6.5-Cunningham Park","200.8","Iron",2025-07-23,09:07:00.000000,"SGS",2025-07-23,15:44:00,2025-07-23 09:07:00,2025-07-23 15:44:00,6.61666666666667,"200.8","180 days",4320,"Y"
"RM6.5-Cunningham Park","200.8","Magnesium",2025-07-23,09:07:00.000000,"SGS",2025-07-23,15:44:00,2025-07-23 09:07:00,2025-07-23 15:44:00,6.61666666666667,"200.8","180 days",4320,"Y"
"RM70-Jim's Landing","200.8","Magnesium",2025-07-23,10:55:00.000000,"SGS",2025-07-23,15:44:00,2025-07-23 10:55:00,2025-07-23 15:44:00,4.81666666666667,"200.8","180 days",4320,"Y"
"RM74-Russian River","200.8","Calcium",2025-07-23,10:05:00.000000,"SGS",2025-07-23,15:44:00,2025-07-23 10:05:00,2025-07-23 15:44:00,5.65,"200.8","180 days",4320,"Y"
"RM74-Russian River","200.8","Magnesium",2025-07-23,10:05:00.000000,"SGS",2025-07-23,15:44:00,2025-07-23 10:05:00,2025-07-23 15:44:00,5.65,"200.8","180 days",4320,"Y"
"RM82-Kenai Lake Bridge","200.8","Calcium",2025-07-23,08:15:00.000000,"SGS",2025-07-23,15:44:00,2025-07-23 08:15:00,2025-07-23 15:44:00,7.48333333333333,"200.8","180 days",4320,"Y"
"RM82-Kenai Lake Bridge","200.8","Magnesium",2025-07-23,08:15:00.000000,"SGS",2025-07-23,15:44:00,2025-07-23 08:15:00,2025-07-23 15:44:00,7.48333333333333,"200.8","180 days",4320,"Y"
"RM1.5&6.5 trip blank","8260D","o-Xylene",2025-07-23,09:50:00.000000,"SGS",2025-07-23,15:44:00,2025-07-23 09:50:00,2025-07-23 15:44:00,5.9,"8260D","7 days",168,"Y"
"RM1.5&6.5 trip blank","8260D","o-Xylene",2025-07-23,09:50:00.000000,"SGS",2025-07-23,15:44:00,2025-07-23 09:50:00,2025-07-23 15:44:00,5.9,"8260D","7 days",168,"Y"
"RM1.5&6.5 trip blank","8260D","P & M -Xylene",2025-07-23,09:50:00.000000,"SGS",2025-07-23,15:44:00,2025-07-23 09:50:00,2025-07-23 15:44:00,5.9,"8260D","7 days",168,"Y"
"RM1.5&6.5 trip blank","8260D","P & M -Xylene",2025-07-23,09:50:00.000000,"SGS",2025-07-23,15:44:00,2025-07-23 09:50:00,2025-07-23 15:44:00,5.9,"8260D","7 days",168,"Y"
"RM1.5&6.5 trip blank","8260D","Toluene",2025-07-23,09:50:00.000000,"SGS",2025-07-23,15:44:00,2025-07-23 09:50:00,2025-07-23 15:44:00,5.9,"8260D","7 days",168,"Y"
"RM1.5&6.5 trip blank","8260D","Toluene",2025-07-23,09:50:00.000000,"SGS",2025-07-23,15:44:00,2025-07-23 09:50:00,2025-07-23 15:44:00,5.9,"8260D","7 days",168,"Y"
"RM1.5&6.5 trip blank","8260D","Xylenes (total)",2025-07-23,09:50:00.000000,"SGS",2025-07-23,15:44:00,2025-07-23 09:50:00,2025-07-23 15:44:00,5.9,"8260D","7 days",168,"Y"
"RM1.5&6.5 trip blank","8260D","Xylenes (total)",2025-07-23,09:50:00.000000,"SGS",2025-07-23,15:44:00,2025-07-23 09:50:00,2025-07-23 15:44:00,5.9,"8260D","7 days",168,"Y"
"RM1.5&6.5 trip blank","8260D","Benzene",2025-07-23,09:50:00.000000,"SGS",2025-07-23,15:44:00,2025-07-23 09:50:00,2025-07-23 15:44:00,5.9,"8260D","7 days",168,"Y"
"RM1.5&6.5 trip blank","8260D","Benzene",2025-07-23,09:50:00.000000,"SGS",2025-07-23,15:44:00,2025-07-23 09:50:00,2025-07-23 15:44:00,5.9,"8260D","7 days",168,"Y"
"RM1.5&6.5 trip blank","8260D","Ethylbenzene",2025-07-23,09:50:00.000000,"SGS",2025-07-23,15:44:00,2025-07-23 09:50:00,2025-07-23 15:44:00,5.9,"8260D","7 days",168,"Y"
"RM1.5&6.5 trip blank","8260D","Ethylbenzene",2025-07-23,09:50:00.000000,"SGS",2025-07-23,15:44:00,2025-07-23 09:50:00,2025-07-23 15:44:00,5.9,"8260D","7 days",168,"Y"
"RM40&43 trip blank","8260D","Benzene",2025-07-23,09:07:00.000000,"SGS",2025-07-23,15:44:00,2025-07-23 09:07:00,2025-07-23 15:44:00,6.61666666666667,"8260D","7 days",168,"Y"
"RM40&43 trip blank","8260D","Benzene",2025-07-23,09:07:00.000000,"SGS",2025-07-23,15:44:00,2025-07-23 09:07:00,2025-07-23 15:44:00,6.61666666666667,"8260D","7 days",168,"Y"
"RM40&43 trip blank","8260D","Ethylbenzene",2025-07-23,09:07:00.000000,"SGS",2025-07-23,15:44:00,2025-07-23 09:07:00,2025-07-23 15:44:00,6.61666666666667,"8260D","7 days",168,"Y"
"RM40&43 trip blank","8260D","Ethylbenzene",2025-07-23,09:07:00.000000,"SGS",2025-07-23,15:44:00,2025-07-23 09:07:00,2025-07-23 15:44:00,6.61666666666667,"8260D","7 days",168,"Y"
"RM40&43 trip blank","8260D","o-Xylene",2025-07-23,09:07:00.000000,"SGS",2025-07-23,15:44:00,2025-07-23 09:07:00,2025-07-23 15:44:00,6.61666666666667,"8260D","7 days",168,"Y"
"RM40&43 trip blank","8260D","o-Xylene",2025-07-23,09:07:00.000000,"SGS",2025-07-23,15:44:00,2025-07-23 09:07:00,2025-07-23 15:44:00,6.61666666666667,"8260D","7 days",168,"Y"
"RM40&43 trip blank","8260D","P & M -Xylene",2025-07-23,09:07:00.000000,"SGS",2025-07-23,15:44:00,2025-07-23 09:07:00,2025-07-23 15:44:00,6.61666666666667,"8260D","7 days",168,"Y"
"RM40&43 trip blank","8260D","P & M -Xylene",2025-07-23,09:07:00.000000,"SGS",2025-07-23,15:44:00,2025-07-23 09:07:00,2025-07-23 15:44:00,6.61666666666667,"8260D","7 days",168,"Y"
"RM40&43 trip blank","8260D","Toluene",2025-07-23,09:07:00.000000,"SGS",2025-07-23,15:44:00,2025-07-23 09:07:00,2025-07-23 15:44:00,6.61666666666667,"8260D","7 days",168,"Y"
"RM40&43 trip blank","8260D","Toluene",2025-07-23,09:07:00.000000,"SGS",2025-07-23,15:44:00,2025-07-23 09:07:00,2025-07-23 15:44:00,6.61666666666667,"8260D","7 days",168,"Y"
"RM40&43 trip blank","8260D","Xylenes (total)",2025-07-23,09:07:00.000000,"SGS",2025-07-23,15:44:00,2025-07-23 09:07:00,2025-07-23 15:44:00,6.61666666666667,"8260D","7 days",168,"Y"
"RM40&43 trip blank","8260D","Xylenes (total)",2025-07-23,09:07:00.000000,"SGS",2025-07-23,15:44:00,2025-07-23 09:07:00,2025-07-23 15:44:00,6.61666666666667,"8260D","7 days",168,"Y"
"RM1.5&6.5 trip blank","8260D","Toluene-d8 (surr)",2025-07-23,09:50:00.000000,"SGS",2025-07-23,15:44:00,2025-07-23 09:50:00,2025-07-23 15:44:00,5.9,"8260D","7 days",168,"Y"
"RM1.5&6.5 trip blank","8260D","Toluene-d8 (surr)",2025-07-23,09:50:00.000000,"SGS",2025-07-23,15:44:00,2025-07-23 09:50:00,2025-07-23 15:44:00,5.9,"8260D","7 days",168,"Y"
"RM1.5&6.5 trip blank","8260D","1,2-Dichloroethane-D4 (surr)",2025-07-23,09:50:00.000000,"SGS",2025-07-23,15:44:00,2025-07-23 09:50:00,2025-07-23 15:44:00,5.9,"8260D","7 days",168,"Y"
"RM1.5&6.5 trip blank","8260D","1,2-Dichloroethane-D4 (surr)",2025-07-23,09:50:00.000000,"SGS",2025-07-23,15:44:00,2025-07-23 09:50:00,2025-07-23 15:44:00,5.9,"8260D","7 days",168,"Y"
"RM1.5&6.5 trip blank","8260D","4-Bromofluorobenzene (surr)",2025-07-23,09:50:00.000000,"SGS",2025-07-23,15:44:00,2025-07-23 09:50:00,2025-07-23 15:44:00,5.9,"8260D","7 days",168,"Y"
"RM1.5&6.5 trip blank","8260D","4-Bromofluorobenzene (surr)",2025-07-23,09:50:00.000000,"SGS",2025-07-23,15:44:00,2025-07-23 09:50:00,2025-07-23 15:44:00,5.9,"8260D","7 days",168,"Y"
"RM40&43 trip blank","8260D","1,2-Dichloroethane-D4 (surr)",2025-07-23,09:07:00.000000,"SGS",2025-07-23,15:44:00,2025-07-23 09:07:00,2025-07-23 15:44:00,6.61666666666667,"8260D","7 days",168,"Y"
"RM40&43 trip blank","8260D","1,2-Dichloroethane-D4 (surr)",2025-07-23,09:07:00.000000,"SGS",2025-07-23,15:44:00,2025-07-23 09:07:00,2025-07-23 15:44:00,6.61666666666667,"8260D","7 days",168,"Y"
"RM40&43 trip blank","8260D","4-Bromofluorobenzene (surr)",2025-07-23,09:07:00.000000,"SGS",2025-07-23,15:44:00,2025-07-23 09:07:00,2025-07-23 15:44:00,6.61666666666667,"8260D","7 days",168,"Y"
"RM40&43 trip blank","8260D","4-Bromofluorobenzene (surr)",2025-07-23,09:07:00.000000,"SGS",2025-07-23,15:44:00,2025-07-23 09:07:00,2025-07-23 15:44:00,6.61666666666667,"8260D","7 days",168,"Y"
"RM40&43 trip blank","8260D","Toluene-d8 (surr)",2025-07-23,09:07:00.000000,"SGS",2025-07-23,15:44:00,2025-07-23 09:07:00,2025-07-23 15:44:00,6.61666666666667,"8260D","7 days",168,"Y"
"RM40&43 trip blank","8260D","Toluene-d8 (surr)",2025-07-23,09:07:00.000000,"SGS",2025-07-23,15:44:00,2025-07-23 09:07:00,2025-07-23 15:44:00,6.61666666666667,"8260D","7 days",168,"Y"
"RM 0","9222D","Fecal Coliform",2025-04-30,09:49:00.000000,"SWWTP",2025-04-30,00:00:00,2025-04-30 09:49:00,2025-04-30,-9.81666666666667,"9222D","6 hours",6,"Y"
"RM 1.5","9222D","Fecal Coliform",2025-04-30,10:23:00.000000,"SWWTP",2025-04-30,00:00:00,2025-04-30 10:23:00,2025-04-30,-10.3833333333333,"9222D","6 hours",6,"Y"
"RM 10","9222D","Fecal Coliform",2025-04-30,09:50:00.000000,"SWWTP",2025-04-30,00:00:00,2025-04-30 09:50:00,2025-04-30,-9.83333333333333,"9222D","6 hours",6,"Y"
"RM 12.5","9222D","Fecal Coliform",2025-04-30,10:15:00.000000,"SWWTP",2025-04-30,00:00:00,2025-04-30 10:15:00,2025-04-30,-10.25,"9222D","6 hours",6,"Y"
"RM 18","9222D","Fecal Coliform",2025-04-30,10:47:00.000000,"SWWTP",2025-04-30,00:00:00,2025-04-30 10:47:00,2025-04-30,-10.7833333333333,"9222D","6 hours",6,"Y"
"RM 18 DUP","9222D","Fecal Coliform",2025-04-30,10:47:00.000000,"SWWTP",2025-04-30,00:00:00,2025-04-30 10:47:00,2025-04-30,-10.7833333333333,"9222D","6 hours",6,"Y"
"RM 19","9222D","Fecal Coliform",2025-04-30,09:58:00.000000,"SWWTP",2025-04-30,00:00:00,2025-04-30 09:58:00,2025-04-30,-9.96666666666667,"9222D","6 hours",6,"Y"
"RM 21","9222D","Fecal Coliform",2025-04-30,09:32:00.000000,"SWWTP",2025-04-30,00:00:00,2025-04-30 09:32:00,2025-04-30,-9.53333333333333,"9222D","6 hours",6,"Y"
"RM 22","9222D","Fecal Coliform",2025-04-30,10:30:00.000000,"SWWTP",2025-04-30,00:00:00,2025-04-30 10:30:00,2025-04-30,-10.5,"9222D","6 hours",6,"Y"
"RM 22 DUP","9222D","Fecal Coliform",2025-04-30,10:42:00.000000,"SWWTP",2025-04-30,00:00:00,2025-04-30 10:42:00,2025-04-30,-10.7,"9222D","6 hours",6,"Y"
"RM 23","9222D","Fecal Coliform",2025-04-30,09:06:00.000000,"SWWTP",2025-04-30,00:00:00,2025-04-30 09:06:00,2025-04-30,-9.1,"9222D","6 hours",6,"Y"
"RM 30","9222D","Fecal Coliform",2025-04-30,10:26:00.000000,"SWWTP",2025-04-30,00:00:00,2025-04-30 10:26:00,2025-04-30,-10.4333333333333,"9222D","6 hours",6,"Y"
"RM 31","9222D","Fecal Coliform",2025-04-30,10:26:00.000000,"SWWTP",2025-04-30,00:00:00,2025-04-30 10:26:00,2025-04-30,-10.4333333333333,"9222D","6 hours",6,"Y"
"RM 36","9222D","Fecal Coliform",2025-04-30,11:05:00.000000,"SWWTP",2025-04-30,00:00:00,2025-04-30 11:05:00,2025-04-30,-11.0833333333333,"9222D","6 hours",6,"Y"
"RM 40","9222D","Fecal Coliform",2025-04-30,09:20:00.000000,"SWWTP",2025-04-30,00:00:00,2025-04-30 09:20:00,2025-04-30,-9.33333333333333,"9222D","6 hours",6,"Y"
"RM 43","9222D","Fecal Coliform",2025-04-30,09:48:00.000000,"SWWTP",2025-04-30,00:00:00,2025-04-30 09:48:00,2025-04-30,-9.8,"9222D","6 hours",6,"Y"
"RM 44","9222D","Fecal Coliform",2025-04-30,09:12:00.000000,"SWWTP",2025-04-30,00:00:00,2025-04-30 09:12:00,2025-04-30,-9.2,"9222D","6 hours",6,"Y"
"RM 50","9222D","Fecal Coliform",2025-04-30,09:25:00.000000,"SWWTP",2025-04-30,00:00:00,2025-04-30 09:25:00,2025-04-30,-9.41666666666667,"9222D","6 hours",6,"Y"
"RM 70","9222D","Fecal Coliform",2025-04-30,10:45:00.000000,"SWWTP",2025-04-30,00:00:00,2025-04-30 10:45:00,2025-04-30,-10.75,"9222D","6 hours",6,"Y"
"RM 74","9222D","Fecal Coliform",2025-04-30,10:05:00.000000,"SWWTP",2025-04-30,00:00:00,2025-04-30 10:05:00,2025-04-30,-10.0833333333333,"9222D","6 hours",6,"Y"
"RM 79.5","9222D","Fecal Coliform",2025-04-30,09:05:00.000000,"SWWTP",2025-04-30,00:00:00,2025-04-30 09:05:00,2025-04-30,-9.08333333333333,"9222D","6 hours",6,"Y"
"RM 82","9222D","Fecal Coliform",2025-04-30,08:15:00.000000,"SWWTP",2025-04-30,00:00:00,2025-04-30 08:15:00,2025-04-30,-8.25,"9222D","6 hours",6,"Y"
"RM 0","9222D","Fecal Coliform",2025-07-23,10:57:00.000000,"SWWTP",2025-07-23,00:00:00,2025-07-23 10:57:00,2025-07-23,-10.95,"9222D","6 hours",6,"Y"
"RM 1.5","9222D","Fecal Coliform",2025-07-23,10:00:00.000000,"SWWTP",2025-07-23,00:00:00,2025-07-23 10:00:00,2025-07-23,-10,"9222D","6 hours",6,"Y"
"RM 6.5","9222D","Fecal Coliform",2025-07-23,09:07:00.000000,"SWWTP",2025-07-23,00:00:00,2025-07-23 09:07:00,2025-07-23,-9.11666666666667,"9222D","6 hours",6,"Y"
"RM 10","9222D","Fecal Coliform",2025-07-23,09:28:00.000000,"SWWTP",2025-07-23,00:00:00,2025-07-23 09:28:00,2025-07-23,-9.46666666666667,"9222D","6 hours",6,"Y"
"RM 10 DUP","9222D","Fecal Coliform",2025-07-23,09:40:00.000000,"SWWTP",2025-07-23,00:00:00,2025-07-23 09:40:00,2025-07-23,-9.66666666666667,"9222D","6 hours",6,"Y"
"RM 10.1","9222D","Fecal Coliform",2025-07-23,10:05:00.000000,"SWWTP",2025-07-23,00:00:00,2025-07-23 10:05:00,2025-07-23,-10.0833333333333,"9222D","6 hours",6,"Y"
"RM 12.5","9222D","Fecal Coliform",2025-07-23,10:25:00.000000,"SWWTP",2025-07-23,00:00:00,2025-07-23 10:25:00,2025-07-23,-10.4166666666667,"9222D","6 hours",6,"Y"
"RM 18","9222D","Fecal Coliform",2025-07-23,10:57:00.000000,"SWWTP",2025-07-23,00:00:00,2025-07-23 10:57:00,2025-07-23,-10.95,"9222D","6 hours",6,"Y"
"RM 19","9222D","Fecal Coliform",2025-07-23,10:11:00.000000,"SWWTP",2025-07-23,00:00:00,2025-07-23 10:11:00,2025-07-23,-10.1833333333333,"9222D","6 hours",6,"Y"
"RM 21","9222D","Fecal Coliform",2025-07-23,09:42:00.000000,"SWWTP",2025-07-23,00:00:00,2025-07-23 09:42:00,2025-07-23,-9.7,"9222D","6 hours",6,"Y"
"RM 22","9222D","Fecal Coliform",2025-07-23,08:17:00.000000,"SWWTP",2025-07-23,00:00:00,2025-07-23 08:17:00,2025-07-23,-8.28333333333333,"9222D","6 hours",6,"Y"
"RM 23","9222D","Fecal Coliform",2025-07-23,09:00:00.000000,"SWWTP",2025-07-23,00:00:00,2025-07-23 09:00:00,2025-07-23,-9,"9222D","6 hours",6,"Y"
"RM 23 DUP","9222D","Fecal Coliform",2025-07-23,09:13:00.000000,"SWWTP",2025-07-23,00:00:00,2025-07-23 09:13:00,2025-07-23,-9.21666666666667,"9222D","6 hours",6,"Y"
"RM 30","9222D","Fecal Coliform",2025-07-23,08:55:00.000000,"SWWTP",2025-07-23,00:00:00,2025-07-23 08:55:00,2025-07-23,-8.91666666666667,"9222D","6 hours",6,"Y"
"RM 31","9222D","Fecal Coliform",2025-07-23,10:30:00.000000,"SWWTP",2025-07-23,00:00:00,2025-07-23 10:30:00,2025-07-23,-10.5,"9222D","6 hours",6,"Y"
"RM 36","9222D","Fecal Coliform",2025-07-23,09:50:00.000000,"SWWTP",2025-07-23,00:00:00,2025-07-23 09:50:00,2025-07-23,-9.83333333333333,"9222D","6 hours",6,"Y"
"RM 40","9222D","Fecal Coliform",2025-07-23,07:50:00.000000,"SWWTP",2025-07-23,00:00:00,2025-07-23 07:50:00,2025-07-23,-7.83333333333333,"9222D","6 hours",6,"Y"
"RM 43","9222D","Fecal Coliform",2025-07-23,09:50:00.000000,"SWWTP",2025-07-23,00:00:00,2025-07-23 09:50:00,2025-07-23,-9.83333333333333,"9222D","6 hours",6,"Y"
"RM 44","9222D","Fecal Coliform",2025-07-23,09:30:00.000000,"SWWTP",2025-07-23,00:00:00,2025-07-23 09:30:00,2025-07-23,-9.5,"9222D","6 hours",6,"Y"
"RM 50","9222D","Fecal Coliform",2025-07-23,08:55:00.000000,"SWWTP",2025-07-23,00:00:00,2025-07-23 08:55:00,2025-07-23,-8.91666666666667,"9222D","6 hours",6,"Y"
"RM 70","9222D","Fecal Coliform",2025-07-23,10:55:00.000000,"SWWTP",2025-07-23,00:00:00,2025-07-23 10:55:00,2025-07-23,-10.9166666666667,"9222D","6 hours",6,"Y"
"RM 74","9222D","Fecal Coliform",2025-07-23,10:05:00.000000,"SWWTP",2025-07-23,00:00:00,2025-07-23 10:05:00,2025-07-23,-10.0833333333333,"9222D","6 hours",6,"Y"
"RM 79.5","9222D","Fecal Coliform",2025-07-23,09:00:00.000000,"SWWTP",2025-07-23,00:00:00,2025-07-23 09:00:00,2025-07-23,-9,"9222D","6 hours",6,"Y"
"RM 82","9222D","Fecal Coliform",2025-07-23,08:15:00.000000,"SWWTP",2025-07-23,00:00:00,2025-07-23 08:15:00,2025-07-23,-8.25,"9222D","6 hours",6,"Y"
"RM O","2540-D","Total suspended solids",2025-04-30,09:49:00.000000,"SWWTP",2025-05-01,00:00:00,2025-04-30 09:49:00,2025-05-01,14.1833333333333,"2540-D","7 days",168,"Y"
"RM 1.5","2540-D","Total suspended solids",2025-04-30,10:23:00.000000,"SWWTP",2025-05-01,00:00:00,2025-04-30 10:23:00,2025-05-01,13.6166666666667,"2540-D","7 days",168,"Y"
"RM 6.5","2540-D","Total suspended solids",2025-04-30,NA,"SWWTP",2025-05-01,00:00:00,NA,2025-05-01,NA,"2540-D","7 days",168,"Y"
"RM 10","2540-D","Total suspended solids",2025-04-30,09:50:00.000000,"SWWTP",2025-05-01,00:00:00,2025-04-30 09:50:00,2025-05-01,14.1666666666667,"2540-D","7 days",168,"Y"
"RM 10.1","2540-D","Total suspended solids",2025-04-30,NA,"SWWTP",2025-05-01,00:00:00,NA,2025-05-01,NA,"2540-D","7 days",168,"Y"
"RM 12.5","2540-D","Total suspended solids",2025-04-30,10:15:00.000000,"SWWTP",2025-05-01,00:00:00,2025-04-30 10:15:00,2025-05-01,13.75,"2540-D","7 days",168,"Y"
"RM 18","2540-D","Total suspended solids",2025-04-30,10:47:00.000000,"SWWTP",2025-05-01,00:00:00,2025-04-30 10:47:00,2025-05-01,13.2166666666667,"2540-D","7 days",168,"Y"
"RM 18 DUP","2540-D","Total suspended solids",2025-04-30,10:47:00.000000,"SWWTP",2025-05-01,00:00:00,2025-04-30 10:47:00,2025-05-01,13.2166666666667,"2540-D","7 days",168,"Y"
"RM 19","2540-D","Total suspended solids",2025-04-30,09:58:00.000000,"SWWTP",2025-05-01,00:00:00,2025-04-30 09:58:00,2025-05-01,14.0333333333333,"2540-D","7 days",168,"Y"
"RM 21","2540-D","Total suspended solids",2025-04-30,09:32:00.000000,"SWWTP",2025-05-01,00:00:00,2025-04-30 09:32:00,2025-05-01,14.4666666666667,"2540-D","7 days",168,"Y"
"RM22","2540-D","Total suspended solids",2025-04-30,10:30:00.000000,"SWWTP",2025-05-01,00:00:00,2025-04-30 10:30:00,2025-05-01,13.5,"2540-D","7 days",168,"Y"
"RM22 DUP","2540-D","Total suspended solids",2025-04-30,10:42:00.000000,"SWWTP",2025-05-01,00:00:00,2025-04-30 10:42:00,2025-05-01,13.3,"2540-D","7 days",168,"Y"
"RM 23","2540-D","Total suspended solids",2025-04-30,09:06:00.000000,"SWWTP",2025-05-01,00:00:00,2025-04-30 09:06:00,2025-05-01,14.9,"2540-D","7 days",168,"Y"
"RM 30","2540-D","Total suspended solids",2025-04-30,10:26:00.000000,"SWWTP",2025-05-01,00:00:00,2025-04-30 10:26:00,2025-05-01,13.5666666666667,"2540-D","7 days",168,"Y"
"RM 31","2540-D","Total suspended solids",2025-04-30,10:26:00.000000,"SWWTP",2025-05-01,00:00:00,2025-04-30 10:26:00,2025-05-01,13.5666666666667,"2540-D","7 days",168,"Y"
"RM 36","2540-D","Total suspended solids",2025-04-30,11:05:00.000000,"SWWTP",2025-05-01,00:00:00,2025-04-30 11:05:00,2025-05-01,12.9166666666667,"2540-D","7 days",168,"Y"
"RM 40","2540-D","Total suspended solids",2025-04-30,09:20:00.000000,"SWWTP",2025-05-01,00:00:00,2025-04-30 09:20:00,2025-05-01,14.6666666666667,"2540-D","7 days",168,"Y"
"RM 43","2540-D","Total suspended solids",2025-04-30,09:48:00.000000,"SWWTP",2025-05-01,00:00:00,2025-04-30 09:48:00,2025-05-01,14.2,"2540-D","7 days",168,"Y"
"RM 44","2540-D","Total suspended solids",2025-04-30,09:12:00.000000,"SWWTP",2025-05-01,00:00:00,2025-04-30 09:12:00,2025-05-01,14.8,"2540-D","7 days",168,"Y"
"RM 50","2540-D","Total suspended solids",2025-04-30,09:25:00.000000,"SWWTP",2025-05-01,00:00:00,2025-04-30 09:25:00,2025-05-01,14.5833333333333,"2540-D","7 days",168,"Y"
"RM 70","2540-D","Total suspended solids",2025-04-30,10:45:00.000000,"SWWTP",2025-05-01,00:00:00,2025-04-30 10:45:00,2025-05-01,13.25,"2540-D","7 days",168,"Y"
"RM 74","2540-D","Total suspended solids",2025-04-30,10:05:00.000000,"SWWTP",2025-05-01,00:00:00,2025-04-30 10:05:00,2025-05-01,13.9166666666667,"2540-D","7 days",168,"Y"
"RM 79.5","2540-D","Total suspended solids",2025-04-30,09:05:00.000000,"SWWTP",2025-05-01,00:00:00,2025-04-30 09:05:00,2025-05-01,14.9166666666667,"2540-D","7 days",168,"Y"
"RM 82","2540-D","Total suspended solids",2025-04-30,08:15:00.000000,"SWWTP",2025-05-01,00:00:00,2025-04-30 08:15:00,2025-05-01,15.75,"2540-D","7 days",168,"Y"
"RM 0","2540-D","Total suspended solids",2025-07-23,10:57:00.000000,"SWWTP",2025-07-25,00:00:00,2025-07-23 10:57:00,2025-07-25,37.05,"2540-D","7 days",168,"Y"
"RM 1.5","2540-D","Total suspended solids",2025-07-23,10:00:00.000000,"SWWTP",2025-07-25,00:00:00,2025-07-23 10:00:00,2025-07-25,38,"2540-D","7 days",168,"Y"
"RM 6.5","2540-D","Total suspended solids",2025-07-23,09:07:00.000000,"SWWTP",2025-07-25,00:00:00,2025-07-23 09:07:00,2025-07-25,38.8833333333333,"2540-D","7 days",168,"Y"
"RM 10","2540-D","Total suspended solids",2025-07-23,09:28:00.000000,"SWWTP",2025-07-25,00:00:00,2025-07-23 09:28:00,2025-07-25,38.5333333333333,"2540-D","7 days",168,"Y"
"RM 10 DUP","2540-D","Total suspended solids",2025-07-23,09:40:00.000000,"SWWTP",2025-07-25,00:00:00,2025-07-23 09:40:00,2025-07-25,38.3333333333333,"2540-D","7 days",168,"Y"
"RM 10.1","2540-D","Total suspended solids",2025-07-23,10:05:00.000000,"SWWTP",2025-07-25,00:00:00,2025-07-23 10:05:00,2025-07-25,37.9166666666667,"2540-D","7 days",168,"Y"
"RM 12.5","2540-D","Total suspended solids",2025-07-23,10:25:00.000000,"SWWTP",2025-07-25,00:00:00,2025-07-23 10:25:00,2025-07-25,37.5833333333333,"2540-D","7 days",168,"Y"
"RM 18","2540-D","Total suspended solids",2025-07-23,10:57:00.000000,"SWWTP",2025-07-25,00:00:00,2025-07-23 10:57:00,2025-07-25,37.05,"2540-D","7 days",168,"Y"
"RM 19","2540-D","Total suspended solids",2025-07-23,10:11:00.000000,"SWWTP",2025-07-25,00:00:00,2025-07-23 10:11:00,2025-07-25,37.8166666666667,"2540-D","7 days",168,"Y"
"RM 21","2540-D","Total suspended solids",2025-07-23,09:42:00.000000,"SWWTP",2025-07-25,00:00:00,2025-07-23 09:42:00,2025-07-25,38.3,"2540-D","7 days",168,"Y"
"RM 22","2540-D","Total suspended solids",2025-07-23,08:17:00.000000,"SWWTP",2025-07-25,00:00:00,2025-07-23 08:17:00,2025-07-25,39.7166666666667,"2540-D","7 days",168,"Y"
"RM 23","2540-D","Total suspended solids",2025-07-23,09:00:00.000000,"SWWTP",2025-07-25,00:00:00,2025-07-23 09:00:00,2025-07-25,39,"2540-D","7 days",168,"Y"
"RM 23 DUP","2540-D","Total suspended solids",2025-07-23,09:13:00.000000,"SWWTP",2025-07-25,00:00:00,2025-07-23 09:13:00,2025-07-25,38.7833333333333,"2540-D","7 days",168,"Y"
"RM 30","2540-D","Total suspended solids",2025-07-23,08:55:00.000000,"SWWTP",2025-07-25,00:00:00,2025-07-23 08:55:00,2025-07-25,39.0833333333333,"2540-D","7 days",168,"Y"
"RM 31","2540-D","Total suspended solids",2025-07-23,10:30:00.000000,"SWWTP",2025-07-25,00:00:00,2025-07-23 10:30:00,2025-07-25,37.5,"2540-D","7 days",168,"Y"
"RM 36","2540-D","Total suspended solids",2025-07-23,09:50:00.000000,"SWWTP",2025-07-25,00:00:00,2025-07-23 09:50:00,2025-07-25,38.1666666666667,"2540-D","7 days",168,"Y"
"RM 40","2540-D","Total suspended solids",2025-07-23,07:50:00.000000,"SWWTP",2025-07-25,00:00:00,2025-07-23 07:50:00,2025-07-25,40.1666666666667,"2540-D","7 days",168,"Y"
"RM 43","2540-D","Total suspended solids",2025-07-23,09:50:00.000000,"SWWTP",2025-07-25,00:00:00,2025-07-23 09:50:00,2025-07-25,38.1666666666667,"2540-D","7 days",168,"Y"
"RM 44","2540-D","Total suspended solids",2025-07-23,09:30:00.000000,"SWWTP",2025-07-25,00:00:00,2025-07-23 09:30:00,2025-07-25,38.5,"2540-D","7 days",168,"Y"
"RM 50","2540-D","Total suspended solids",2025-07-23,08:55:00.000000,"SWWTP",2025-07-25,00:00:00,2025-07-23 08:55:00,2025-07-25,39.0833333333333,"2540-D","7 days",168,"Y"
"RM 70","2540-D","Total suspended solids",2025-07-23,10:55:00.000000,"SWWTP",2025-07-25,00:00:00,2025-07-23 10:55:00,2025-07-25,37.0833333333333,"2540-D","7 days",168,"Y"
"RM 74","2540-D","Total suspended solids",2025-07-23,10:05:00.000000,"SWWTP",2025-07-25,00:00:00,2025-07-23 10:05:00,2025-07-25,37.9166666666667,"2540-D","7 days",168,"Y"
"RM 79.5","2540-D","Total suspended solids",2025-07-23,09:00:00.000000,"SWWTP",2025-07-25,00:00:00,2025-07-23 09:00:00,2025-07-25,39,"2540-D","7 days",168,"Y"
"RM 82","2540-D","Total suspended solids",2025-07-23,08:15:00.000000,"SWWTP",2025-07-25,00:00:00,2025-07-23 08:15:00,2025-07-25,39.75,"2540-D","7 days",168,"Y"
"10000002","360.1","Dissolved Oxygen",2025-04-30,NA,"YSI",2025-04-30,00:00:00,NA,2025-04-30,NA,"360.1",NA,NA,"Y"
"10000002","360.1","Dissolved Oxygen",2025-07-23,NA,"YSI",2025-07-23,00:00:00,NA,2025-07-23,NA,"360.1",NA,NA,"Y"
"10000002","120.1","Specific Conductance",2025-04-30,NA,"YSI",2025-04-30,00:00:00,NA,2025-04-30,NA,"120.1",NA,NA,"Y"
"10000002","120.1","Specific Conductance",2025-07-23,NA,"YSI",2025-07-23,00:00:00,NA,2025-07-23,NA,"120.1",NA,NA,"Y"
"10000002","180.1","Turbidity",2025-04-30,10:23:00.000000,"YSI",2025-04-30,10:23:00,2025-04-30 10:23:00,2025-04-30 10:23:00,0,"180.1",NA,NA,"Y"
"10000002","180.1","Turbidity",2025-07-23,10:00:00.000000,"YSI",2025-07-23,10:00:00,2025-07-23 10:00:00,2025-07-23 10:00:00,0,"180.1",NA,NA,"Y"
"10000002","170.1","Water Temperature",2025-04-30,NA,"YSI",2025-04-30,00:00:00,NA,2025-04-30,NA,"170.1",NA,NA,"Y"
"10000002","170.1","Water Temperature",2025-07-23,NA,"YSI",2025-07-23,00:00:00,NA,2025-07-23,NA,"170.1",NA,NA,"Y"
"10000002","150.1","pH",2025-04-30,NA,"YSI",2025-04-30,00:00:00,NA,2025-04-30,NA,"150.1",NA,NA,"Y"
"10000002","150.1","pH",2025-07-23,NA,"YSI",2025-07-23,00:00:00,NA,2025-07-23,NA,"150.1",NA,NA,"Y"
"10000005","360.1","Dissolved Oxygen",2025-07-23,NA,"YSI",2025-07-23,00:00:00,NA,2025-07-23,NA,"360.1",NA,NA,"Y"
"10000005","120.1","Specific Conductance",2025-07-23,NA,"YSI",2025-07-23,00:00:00,NA,2025-07-23,NA,"120.1",NA,NA,"Y"
"10000005","180.1","Turbidity",2025-07-23,09:07:00.000000,"YSI",2025-07-23,09:07:00,2025-07-23 09:07:00,2025-07-23 09:07:00,0,"180.1",NA,NA,"Y"
"10000005","170.1","Water Temperature",2025-07-23,NA,"YSI",2025-07-23,00:00:00,NA,2025-07-23,NA,"170.1",NA,NA,"Y"
"10000005","150.1","pH",2025-07-23,NA,"YSI",2025-07-23,00:00:00,NA,2025-07-23,NA,"150.1",NA,NA,"Y"
"10000008","360.1","Dissolved Oxygen",2025-04-30,NA,"YSI",2025-04-30,00:00:00,NA,2025-04-30,NA,"360.1",NA,NA,"Y"
"10000008","360.1","Dissolved Oxygen",2025-07-23,NA,"YSI",2025-07-23,00:00:00,NA,2025-07-23,NA,"360.1",NA,NA,"Y"
"10000008","120.1","Specific Conductance",2025-04-30,NA,"YSI",2025-04-30,00:00:00,NA,2025-04-30,NA,"120.1",NA,NA,"Y"
"10000008","120.1","Specific Conductance",2025-07-23,NA,"YSI",2025-07-23,00:00:00,NA,2025-07-23,NA,"120.1",NA,NA,"Y"
"10000008","180.1","Turbidity",2025-04-30,09:48:00.000000,"YSI",2025-04-30,09:48:00,2025-04-30 09:48:00,2025-04-30 09:48:00,0,"180.1",NA,NA,"Y"
"10000008","180.1","Turbidity",2025-07-23,10:57:00.000000,"YSI",2025-07-23,10:57:00,2025-07-23 10:57:00,2025-07-23 10:57:00,0,"180.1",NA,NA,"Y"
"10000008","170.1","Water Temperature",2025-04-30,NA,"YSI",2025-04-30,00:00:00,NA,2025-04-30,NA,"170.1",NA,NA,"Y"
"10000008","170.1","Water Temperature",2025-07-23,NA,"YSI",2025-07-23,00:00:00,NA,2025-07-23,NA,"170.1",NA,NA,"Y"
"10000008","150.1","pH",2025-04-30,NA,"YSI",2025-04-30,00:00:00,NA,2025-04-30,NA,"150.1",NA,NA,"Y"
"10000008","150.1","pH",2025-07-23,NA,"YSI",2025-07-23,00:00:00,NA,2025-07-23,NA,"150.1",NA,NA,"Y"
"10000015","360.1","Dissolved Oxygen",2025-07-23,NA,"YSI",2025-07-23,00:00:00,NA,2025-07-23,NA,"360.1",NA,NA,"Y"
"10000015","120.1","Specific Conductance",2025-07-23,NA,"YSI",2025-07-23,00:00:00,NA,2025-07-23,NA,"120.1",NA,NA,"Y"
"10000015","180.1","Turbidity",2025-07-23,09:40:00.000000,"YSI",2025-07-23,09:40:00,2025-07-23 09:40:00,2025-07-23 09:40:00,0,"180.1",NA,NA,"Y"
"10000015","170.1","Water Temperature",2025-07-23,NA,"YSI",2025-07-23,00:00:00,NA,2025-07-23,NA,"170.1",NA,NA,"Y"
"10000015","150.1","pH",2025-07-23,NA,"YSI",2025-07-23,00:00:00,NA,2025-07-23,NA,"150.1",NA,NA,"Y"
"10000015","360.1","Dissolved Oxygen",2025-04-30,NA,"YSI",2025-04-30,00:00:00,NA,2025-04-30,NA,"360.1",NA,NA,"Y"
"10000015","360.1","Dissolved Oxygen",2025-07-23,NA,"YSI",2025-07-23,00:00:00,NA,2025-07-23,NA,"360.1",NA,NA,"Y"
"10000015","120.1","Specific Conductance",2025-04-30,NA,"YSI",2025-04-30,00:00:00,NA,2025-04-30,NA,"120.1",NA,NA,"Y"
"10000015","120.1","Specific Conductance",2025-07-23,NA,"YSI",2025-07-23,00:00:00,NA,2025-07-23,NA,"120.1",NA,NA,"Y"
"10000015","180.1","Turbidity",2025-04-30,09:32:00.000000,"YSI",2025-04-30,09:32:00,2025-04-30 09:32:00,2025-04-30 09:32:00,0,"180.1",NA,NA,"Y"
"10000015","180.1","Turbidity",2025-07-23,09:28:00.000000,"YSI",2025-07-23,09:28:00,2025-07-23 09:28:00,2025-07-23 09:28:00,0,"180.1",NA,NA,"Y"
"10000015","170.1","Water Temperature",2025-04-30,NA,"YSI",2025-04-30,00:00:00,NA,2025-04-30,NA,"170.1",NA,NA,"Y"
"10000015","170.1","Water Temperature",2025-07-23,NA,"YSI",2025-07-23,00:00:00,NA,2025-07-23,NA,"170.1",NA,NA,"Y"
"10000015","150.1","pH",2025-04-30,NA,"YSI",2025-04-30,00:00:00,NA,2025-04-30,NA,"150.1",NA,NA,"Y"
"10000015","150.1","pH",2025-07-23,NA,"YSI",2025-07-23,00:00:00,NA,2025-07-23,NA,"150.1",NA,NA,"Y"
"10000016","360.1","Dissolved Oxygen",2025-07-23,NA,"YSI",2025-07-23,00:00:00,NA,2025-07-23,NA,"360.1",NA,NA,"Y"
"10000016","120.1","Specific Conductance",2025-07-23,NA,"YSI",2025-07-23,00:00:00,NA,2025-07-23,NA,"120.1",NA,NA,"Y"
"10000016","180.1","Turbidity",2025-07-23,10:05:00.000000,"YSI",2025-07-23,10:05:00,2025-07-23 10:05:00,2025-07-23 10:05:00,0,"180.1",NA,NA,"Y"
"10000016","170.1","Water Temperature",2025-07-23,NA,"YSI",2025-07-23,00:00:00,NA,2025-07-23,NA,"170.1",NA,NA,"Y"
"10000016","150.1","pH",2025-07-23,NA,"YSI",2025-07-23,00:00:00,NA,2025-07-23,NA,"150.1",NA,NA,"Y"
"10000017","360.1","Dissolved Oxygen",2025-04-30,NA,"YSI",2025-04-30,00:00:00,NA,2025-04-30,NA,"360.1",NA,NA,"Y"
"10000017","360.1","Dissolved Oxygen",2025-07-23,NA,"YSI",2025-07-23,00:00:00,NA,2025-07-23,NA,"360.1",NA,NA,"Y"
"10000017","120.1","Specific Conductance",2025-04-30,NA,"YSI",2025-04-30,00:00:00,NA,2025-04-30,NA,"120.1",NA,NA,"Y"
"10000017","120.1","Specific Conductance",2025-07-23,NA,"YSI",2025-07-23,00:00:00,NA,2025-07-23,NA,"120.1",NA,NA,"Y"
"10000017","180.1","Turbidity",2025-04-30,10:15:00.000000,"YSI",2025-04-30,10:15:00,2025-04-30 10:15:00,2025-04-30 10:15:00,0,"180.1",NA,NA,"Y"
"10000017","180.1","Turbidity",2025-07-23,10:25:00.000000,"YSI",2025-07-23,10:25:00,2025-07-23 10:25:00,2025-07-23 10:25:00,0,"180.1",NA,NA,"Y"
"10000017","170.1","Water Temperature",2025-04-30,NA,"YSI",2025-04-30,00:00:00,NA,2025-04-30,NA,"170.1",NA,NA,"Y"
"10000017","170.1","Water Temperature",2025-07-23,NA,"YSI",2025-07-23,00:00:00,NA,2025-07-23,NA,"170.1",NA,NA,"Y"
"10000017","150.1","pH",2025-04-30,NA,"YSI",2025-04-30,00:00:00,NA,2025-04-30,NA,"150.1",NA,NA,"Y"
"10000017","150.1","pH",2025-07-23,NA,"YSI",2025-07-23,00:00:00,NA,2025-07-23,NA,"150.1",NA,NA,"Y"
"10000018","360.1","Dissolved Oxygen",2025-04-30,NA,"YSI",2025-04-30,00:00:00,NA,2025-04-30,NA,"360.1",NA,NA,"Y"
"10000018","120.1","Specific Conductance",2025-04-30,NA,"YSI",2025-04-30,00:00:00,NA,2025-04-30,NA,"120.1",NA,NA,"Y"
"10000018","180.1","Turbidity",2025-04-30,10:47:00.000000,"YSI",2025-04-30,10:47:00,2025-04-30 10:47:00,2025-04-30 10:47:00,0,"180.1",NA,NA,"Y"
"10000018","170.1","Water Temperature",2025-04-30,NA,"YSI",2025-04-30,00:00:00,NA,2025-04-30,NA,"170.1",NA,NA,"Y"
"10000018","150.1","pH",2025-04-30,NA,"YSI",2025-04-30,00:00:00,NA,2025-04-30,NA,"150.1",NA,NA,"Y"
"10000018","360.1","Dissolved Oxygen",2025-04-30,NA,"YSI",2025-04-30,00:00:00,NA,2025-04-30,NA,"360.1",NA,NA,"Y"
"10000018","360.1","Dissolved Oxygen",2025-07-23,NA,"YSI",2025-07-23,00:00:00,NA,2025-07-23,NA,"360.1",NA,NA,"Y"
"10000018","120.1","Specific Conductance",2025-04-30,NA,"YSI",2025-04-30,00:00:00,NA,2025-04-30,NA,"120.1",NA,NA,"Y"
"10000018","120.1","Specific Conductance",2025-07-23,NA,"YSI",2025-07-23,00:00:00,NA,2025-07-23,NA,"120.1",NA,NA,"Y"
"10000018","180.1","Turbidity",2025-04-30,10:47:00.000000,"YSI",2025-04-30,10:47:00,2025-04-30 10:47:00,2025-04-30 10:47:00,0,"180.1",NA,NA,"Y"
"10000018","180.1","Turbidity",2025-07-23,10:57:00.000000,"YSI",2025-07-23,10:57:00,2025-07-23 10:57:00,2025-07-23 10:57:00,0,"180.1",NA,NA,"Y"
"10000018","170.1","Water Temperature",2025-04-30,NA,"YSI",2025-04-30,00:00:00,NA,2025-04-30,NA,"170.1",NA,NA,"Y"
"10000018","170.1","Water Temperature",2025-07-23,NA,"YSI",2025-07-23,00:00:00,NA,2025-07-23,NA,"170.1",NA,NA,"Y"
"10000018","150.1","pH",2025-04-30,NA,"YSI",2025-04-30,00:00:00,NA,2025-04-30,NA,"150.1",NA,NA,"Y"
"10000018","150.1","pH",2025-07-23,NA,"YSI",2025-07-23,00:00:00,NA,2025-07-23,NA,"150.1",NA,NA,"Y"
"10000020","360.1","Dissolved Oxygen",2025-04-30,NA,"YSI",2025-04-30,00:00:00,NA,2025-04-30,NA,"360.1",NA,NA,"Y"
"10000020","360.1","Dissolved Oxygen",2025-07-23,NA,"YSI",2025-07-23,00:00:00,NA,2025-07-23,NA,"360.1",NA,NA,"Y"
"10000020","120.1","Specific Conductance",2025-04-30,NA,"YSI",2025-04-30,00:00:00,NA,2025-04-30,NA,"120.1",NA,NA,"Y"
"10000020","120.1","Specific Conductance",2025-07-23,NA,"YSI",2025-07-23,00:00:00,NA,2025-07-23,NA,"120.1",NA,NA,"Y"
"10000020","180.1","Turbidity",2025-04-30,09:50:00.000000,"YSI",2025-04-30,09:50:00,2025-04-30 09:50:00,2025-04-30 09:50:00,0,"180.1",NA,NA,"Y"
"10000020","180.1","Turbidity",2025-07-23,10:11:00.000000,"YSI",2025-07-23,10:11:00,2025-07-23 10:11:00,2025-07-23 10:11:00,0,"180.1",NA,NA,"Y"
"10000020","170.1","Water Temperature",2025-04-30,NA,"YSI",2025-04-30,00:00:00,NA,2025-04-30,NA,"170.1",NA,NA,"Y"
"10000020","170.1","Water Temperature",2025-07-23,NA,"YSI",2025-07-23,00:00:00,NA,2025-07-23,NA,"170.1",NA,NA,"Y"
"10000020","150.1","pH",2025-04-30,NA,"YSI",2025-04-30,00:00:00,NA,2025-04-30,NA,"150.1",NA,NA,"Y"
"10000020","150.1","pH",2025-07-23,NA,"YSI",2025-07-23,00:00:00,NA,2025-07-23,NA,"150.1",NA,NA,"Y"
"10000021","360.1","Dissolved Oxygen",2025-04-30,NA,"YSI",2025-04-30,00:00:00,NA,2025-04-30,NA,"360.1",NA,NA,"Y"
"10000021","360.1","Dissolved Oxygen",2025-07-23,NA,"YSI",2025-07-23,00:00:00,NA,2025-07-23,NA,"360.1",NA,NA,"Y"
"10000021","120.1","Specific Conductance",2025-04-30,NA,"YSI",2025-04-30,00:00:00,NA,2025-04-30,NA,"120.1",NA,NA,"Y"
"10000021","120.1","Specific Conductance",2025-07-23,NA,"YSI",2025-07-23,00:00:00,NA,2025-07-23,NA,"120.1",NA,NA,"Y"
"10000021","180.1","Turbidity",2025-04-30,09:31:00.000000,"YSI",2025-04-30,09:31:00,2025-04-30 09:31:00,2025-04-30 09:31:00,0,"180.1",NA,NA,"Y"
"10000021","180.1","Turbidity",2025-07-23,09:42:00.000000,"YSI",2025-07-23,09:42:00,2025-07-23 09:42:00,2025-07-23 09:42:00,0,"180.1",NA,NA,"Y"
"10000021","170.1","Water Temperature",2025-04-30,NA,"YSI",2025-04-30,00:00:00,NA,2025-04-30,NA,"170.1",NA,NA,"Y"
"10000021","170.1","Water Temperature",2025-07-23,NA,"YSI",2025-07-23,00:00:00,NA,2025-07-23,NA,"170.1",NA,NA,"Y"
"10000021","150.1","pH",2025-04-30,NA,"YSI",2025-04-30,00:00:00,NA,2025-04-30,NA,"150.1",NA,NA,"Y"
"10000021","150.1","pH",2025-07-23,NA,"YSI",2025-07-23,00:00:00,NA,2025-07-23,NA,"150.1",NA,NA,"Y"
"10000022","360.1","Dissolved Oxygen",2025-04-30,NA,"YSI",2025-04-30,00:00:00,NA,2025-04-30,NA,"360.1",NA,NA,"Y"
"10000022","120.1","Specific Conductance",2025-04-30,NA,"YSI",2025-04-30,00:00:00,NA,2025-04-30,NA,"120.1",NA,NA,"Y"
"10000022","180.1","Turbidity",2025-04-30,10:26:00.000000,"YSI",2025-04-30,10:26:00,2025-04-30 10:26:00,2025-04-30 10:26:00,0,"180.1",NA,NA,"Y"
"10000022","170.1","Water Temperature",2025-04-30,NA,"YSI",2025-04-30,00:00:00,NA,2025-04-30,NA,"170.1",NA,NA,"Y"
"10000022","150.1","pH",2025-04-30,NA,"YSI",2025-04-30,00:00:00,NA,2025-04-30,NA,"150.1",NA,NA,"Y"
"10000022","360.1","Dissolved Oxygen",2025-04-30,NA,"YSI",2025-04-30,00:00:00,NA,2025-04-30,NA,"360.1",NA,NA,"Y"
"10000022","360.1","Dissolved Oxygen",2025-07-23,NA,"YSI",2025-07-23,00:00:00,NA,2025-07-23,NA,"360.1",NA,NA,"Y"
"10000022","120.1","Specific Conductance",2025-04-30,NA,"YSI",2025-04-30,00:00:00,NA,2025-04-30,NA,"120.1",NA,NA,"Y"
"10000022","120.1","Specific Conductance",2025-07-23,NA,"YSI",2025-07-23,00:00:00,NA,2025-07-23,NA,"120.1",NA,NA,"Y"
"10000022","180.1","Turbidity",2025-04-30,10:28:00.000000,"YSI",2025-04-30,10:28:00,2025-04-30 10:28:00,2025-04-30 10:28:00,0,"180.1",NA,NA,"Y"
"10000022","180.1","Turbidity",2025-07-23,08:17:00.000000,"YSI",2025-07-23,08:17:00,2025-07-23 08:17:00,2025-07-23 08:17:00,0,"180.1",NA,NA,"Y"
"10000022","170.1","Water Temperature",2025-04-30,NA,"YSI",2025-04-30,00:00:00,NA,2025-04-30,NA,"170.1",NA,NA,"Y"
"10000022","170.1","Water Temperature",2025-07-23,NA,"YSI",2025-07-23,00:00:00,NA,2025-07-23,NA,"170.1",NA,NA,"Y"
"10000022","150.1","pH",2025-04-30,NA,"YSI",2025-04-30,00:00:00,NA,2025-04-30,NA,"150.1",NA,NA,"Y"
"10000022","150.1","pH",2025-07-23,NA,"YSI",2025-07-23,00:00:00,NA,2025-07-23,NA,"150.1",NA,NA,"Y"
"10000023","360.1","Dissolved Oxygen",2025-07-23,NA,"YSI",2025-07-23,00:00:00,NA,2025-07-23,NA,"360.1",NA,NA,"Y"
"10000023","120.1","Specific Conductance",2025-07-23,NA,"YSI",2025-07-23,00:00:00,NA,2025-07-23,NA,"120.1",NA,NA,"Y"
"10000023","180.1","Turbidity",2025-07-23,09:13:00.000000,"YSI",2025-07-23,09:13:00,2025-07-23 09:13:00,2025-07-23 09:13:00,0,"180.1",NA,NA,"Y"
"10000023","170.1","Water Temperature",2025-07-23,NA,"YSI",2025-07-23,00:00:00,NA,2025-07-23,NA,"170.1",NA,NA,"Y"
"10000023","150.1","pH",2025-07-23,NA,"YSI",2025-07-23,00:00:00,NA,2025-07-23,NA,"150.1",NA,NA,"Y"
"10000023","360.1","Dissolved Oxygen",2025-04-30,NA,"YSI",2025-04-30,00:00:00,NA,2025-04-30,NA,"360.1",NA,NA,"Y"
"10000023","360.1","Dissolved Oxygen",2025-07-23,NA,"YSI",2025-07-23,00:00:00,NA,2025-07-23,NA,"360.1",NA,NA,"Y"
"10000023","120.1","Specific Conductance",2025-04-30,NA,"YSI",2025-04-30,00:00:00,NA,2025-04-30,NA,"120.1",NA,NA,"Y"
"10000023","120.1","Specific Conductance",2025-07-23,NA,"YSI",2025-07-23,00:00:00,NA,2025-07-23,NA,"120.1",NA,NA,"Y"
"10000023","180.1","Turbidity",2025-04-30,08:50:00.000000,"YSI",2025-04-30,08:50:00,2025-04-30 08:50:00,2025-04-30 08:50:00,0,"180.1",NA,NA,"Y"
"10000023","180.1","Turbidity",2025-07-23,09:00:00.000000,"YSI",2025-07-23,09:00:00,2025-07-23 09:00:00,2025-07-23 09:00:00,0,"180.1",NA,NA,"Y"
"10000023","170.1","Water Temperature",2025-04-30,NA,"YSI",2025-04-30,00:00:00,NA,2025-04-30,NA,"170.1",NA,NA,"Y"
"10000023","170.1","Water Temperature",2025-07-23,NA,"YSI",2025-07-23,00:00:00,NA,2025-07-23,NA,"170.1",NA,NA,"Y"
"10000023","150.1","pH",2025-04-30,NA,"YSI",2025-04-30,00:00:00,NA,2025-04-30,NA,"150.1",NA,NA,"Y"
"10000023","150.1","pH",2025-07-23,NA,"YSI",2025-07-23,00:00:00,NA,2025-07-23,NA,"150.1",NA,NA,"Y"
"10000024","360.1","Dissolved Oxygen",2025-04-30,NA,"YSI",2025-04-30,00:00:00,NA,2025-04-30,NA,"360.1",NA,NA,"Y"
"10000024","360.1","Dissolved Oxygen",2025-07-23,NA,"YSI",2025-07-23,00:00:00,NA,2025-07-23,NA,"360.1",NA,NA,"Y"
"10000024","120.1","Specific Conductance",2025-04-30,NA,"YSI",2025-04-30,00:00:00,NA,2025-04-30,NA,"120.1",NA,NA,"Y"
"10000024","120.1","Specific Conductance",2025-07-23,NA,"YSI",2025-07-23,00:00:00,NA,2025-07-23,NA,"120.1",NA,NA,"Y"
"10000024","180.1","Turbidity",2025-04-30,10:26:00.000000,"YSI",2025-04-30,10:26:00,2025-04-30 10:26:00,2025-04-30 10:26:00,0,"180.1",NA,NA,"Y"
"10000024","180.1","Turbidity",2025-07-23,08:55:00.000000,"YSI",2025-07-23,08:55:00,2025-07-23 08:55:00,2025-07-23 08:55:00,0,"180.1",NA,NA,"Y"
"10000024","170.1","Water Temperature",2025-04-30,NA,"YSI",2025-04-30,00:00:00,NA,2025-04-30,NA,"170.1",NA,NA,"Y"
"10000024","170.1","Water Temperature",2025-07-23,NA,"YSI",2025-07-23,00:00:00,NA,2025-07-23,NA,"170.1",NA,NA,"Y"
"10000024","150.1","pH",2025-04-30,NA,"YSI",2025-04-30,00:00:00,NA,2025-04-30,NA,"150.1",NA,NA,"Y"
"10000024","150.1","pH",2025-07-23,NA,"YSI",2025-07-23,00:00:00,NA,2025-07-23,NA,"150.1",NA,NA,"Y"
"10000025","360.1","Dissolved Oxygen",2025-04-30,NA,"YSI",2025-04-30,00:00:00,NA,2025-04-30,NA,"360.1",NA,NA,"Y"
"10000025","360.1","Dissolved Oxygen",2025-07-23,NA,"YSI",2025-07-23,00:00:00,NA,2025-07-23,NA,"360.1",NA,NA,"Y"
"10000025","120.1","Specific Conductance",2025-04-30,NA,"YSI",2025-04-30,00:00:00,NA,2025-04-30,NA,"120.1",NA,NA,"Y"
"10000025","120.1","Specific Conductance",2025-07-23,NA,"YSI",2025-07-23,00:00:00,NA,2025-07-23,NA,"120.1",NA,NA,"Y"
"10000025","180.1","Turbidity",2025-04-30,10:26:00.000000,"YSI",2025-04-30,10:26:00,2025-04-30 10:26:00,2025-04-30 10:26:00,0,"180.1",NA,NA,"Y"
"10000025","180.1","Turbidity",2025-07-23,10:30:00.000000,"YSI",2025-07-23,10:30:00,2025-07-23 10:30:00,2025-07-23 10:30:00,0,"180.1",NA,NA,"Y"
"10000025","170.1","Water Temperature",2025-04-30,NA,"YSI",2025-04-30,00:00:00,NA,2025-04-30,NA,"170.1",NA,NA,"Y"
"10000025","170.1","Water Temperature",2025-07-23,NA,"YSI",2025-07-23,00:00:00,NA,2025-07-23,NA,"170.1",NA,NA,"Y"
"10000025","150.1","pH",2025-04-30,NA,"YSI",2025-04-30,00:00:00,NA,2025-04-30,NA,"150.1",NA,NA,"Y"
"10000025","150.1","pH",2025-07-23,NA,"YSI",2025-07-23,00:00:00,NA,2025-07-23,NA,"150.1",NA,NA,"Y"
"10000026","360.1","Dissolved Oxygen",2025-04-30,NA,"YSI",2025-04-30,00:00:00,NA,2025-04-30,NA,"360.1",NA,NA,"Y"
"10000026","360.1","Dissolved Oxygen",2025-07-23,NA,"YSI",2025-07-23,00:00:00,NA,2025-07-23,NA,"360.1",NA,NA,"Y"
"10000026","120.1","Specific Conductance",2025-04-30,NA,"YSI",2025-04-30,00:00:00,NA,2025-04-30,NA,"120.1",NA,NA,"Y"
"10000026","120.1","Specific Conductance",2025-07-23,NA,"YSI",2025-07-23,00:00:00,NA,2025-07-23,NA,"120.1",NA,NA,"Y"
"10000026","180.1","Turbidity",2025-04-30,11:05:00.000000,"YSI",2025-04-30,11:05:00,2025-04-30 11:05:00,2025-04-30 11:05:00,0,"180.1",NA,NA,"Y"
"10000026","180.1","Turbidity",2025-07-23,09:50:00.000000,"YSI",2025-07-23,09:50:00,2025-07-23 09:50:00,2025-07-23 09:50:00,0,"180.1",NA,NA,"Y"
"10000026","170.1","Water Temperature",2025-04-30,NA,"YSI",2025-04-30,00:00:00,NA,2025-04-30,NA,"170.1",NA,NA,"Y"
"10000026","170.1","Water Temperature",2025-07-23,NA,"YSI",2025-07-23,00:00:00,NA,2025-07-23,NA,"170.1",NA,NA,"Y"
"10000026","150.1","pH",2025-04-30,NA,"YSI",2025-04-30,00:00:00,NA,2025-04-30,NA,"150.1",NA,NA,"Y"
"10000026","150.1","pH",2025-07-23,NA,"YSI",2025-07-23,00:00:00,NA,2025-07-23,NA,"150.1",NA,NA,"Y"
"10000027","360.1","Dissolved Oxygen",2025-04-30,NA,"YSI",2025-04-30,00:00:00,NA,2025-04-30,NA,"360.1",NA,NA,"Y"
"10000027","360.1","Dissolved Oxygen",2025-07-23,NA,"YSI",2025-07-23,00:00:00,NA,2025-07-23,NA,"360.1",NA,NA,"Y"
"10000027","120.1","Specific Conductance",2025-04-30,NA,"YSI",2025-04-30,00:00:00,NA,2025-04-30,NA,"120.1",NA,NA,"Y"
"10000027","120.1","Specific Conductance",2025-07-23,NA,"YSI",2025-07-23,00:00:00,NA,2025-07-23,NA,"120.1",NA,NA,"Y"
"10000027","180.1","Turbidity",2025-04-30,09:26:00.000000,"YSI",2025-04-30,09:26:00,2025-04-30 09:26:00,2025-04-30 09:26:00,0,"180.1",NA,NA,"Y"
"10000027","180.1","Turbidity",2025-07-23,07:50:00.000000,"YSI",2025-07-23,07:50:00,2025-07-23 07:50:00,2025-07-23 07:50:00,0,"180.1",NA,NA,"Y"
"10000027","170.1","Water Temperature",2025-04-30,NA,"YSI",2025-04-30,00:00:00,NA,2025-04-30,NA,"170.1",NA,NA,"Y"
"10000027","170.1","Water Temperature",2025-07-23,NA,"YSI",2025-07-23,00:00:00,NA,2025-07-23,NA,"170.1",NA,NA,"Y"
"10000027","150.1","pH",2025-04-30,NA,"YSI",2025-04-30,00:00:00,NA,2025-04-30,NA,"150.1",NA,NA,"Y"
"10000027","150.1","pH",2025-07-23,NA,"YSI",2025-07-23,00:00:00,NA,2025-07-23,NA,"150.1",NA,NA,"Y"
"10000028","360.1","Dissolved Oxygen",2025-04-30,NA,"YSI",2025-04-30,00:00:00,NA,2025-04-30,NA,"360.1",NA,NA,"Y"
"10000028","360.1","Dissolved Oxygen",2025-07-23,NA,"YSI",2025-07-23,00:00:00,NA,2025-07-23,NA,"360.1",NA,NA,"Y"
"10000028","120.1","Specific Conductance",2025-04-30,NA,"YSI",2025-04-30,00:00:00,NA,2025-04-30,NA,"120.1",NA,NA,"Y"
"10000028","120.1","Specific Conductance",2025-07-23,NA,"YSI",2025-07-23,00:00:00,NA,2025-07-23,NA,"120.1",NA,NA,"Y"
"10000028","180.1","Turbidity",2025-04-30,09:48:00.000000,"YSI",2025-04-30,09:48:00,2025-04-30 09:48:00,2025-04-30 09:48:00,0,"180.1",NA,NA,"Y"
"10000028","180.1","Turbidity",2025-07-23,09:50:00.000000,"YSI",2025-07-23,09:50:00,2025-07-23 09:50:00,2025-07-23 09:50:00,0,"180.1",NA,NA,"Y"
"10000028","170.1","Water Temperature",2025-04-30,NA,"YSI",2025-04-30,00:00:00,NA,2025-04-30,NA,"170.1",NA,NA,"Y"
"10000028","170.1","Water Temperature",2025-07-23,NA,"YSI",2025-07-23,00:00:00,NA,2025-07-23,NA,"170.1",NA,NA,"Y"
"10000028","150.1","pH",2025-04-30,NA,"YSI",2025-04-30,00:00:00,NA,2025-04-30,NA,"150.1",NA,NA,"Y"
"10000028","150.1","pH",2025-07-23,NA,"YSI",2025-07-23,00:00:00,NA,2025-07-23,NA,"150.1",NA,NA,"Y"
"10000029","360.1","Dissolved Oxygen",2025-04-30,NA,"YSI",2025-04-30,00:00:00,NA,2025-04-30,NA,"360.1",NA,NA,"Y"
"10000029","360.1","Dissolved Oxygen",2025-07-23,NA,"YSI",2025-07-23,00:00:00,NA,2025-07-23,NA,"360.1",NA,NA,"Y"
"10000029","120.1","Specific Conductance",2025-04-30,NA,"YSI",2025-04-30,00:00:00,NA,2025-04-30,NA,"120.1",NA,NA,"Y"
"10000029","120.1","Specific Conductance",2025-07-23,NA,"YSI",2025-07-23,00:00:00,NA,2025-07-23,NA,"120.1",NA,NA,"Y"
"10000029","180.1","Turbidity",2025-04-30,09:12:00.000000,"YSI",2025-04-30,09:12:00,2025-04-30 09:12:00,2025-04-30 09:12:00,0,"180.1",NA,NA,"Y"
"10000029","180.1","Turbidity",2025-07-23,09:30:00.000000,"YSI",2025-07-23,09:30:00,2025-07-23 09:30:00,2025-07-23 09:30:00,0,"180.1",NA,NA,"Y"
"10000029","170.1","Water Temperature",2025-04-30,NA,"YSI",2025-04-30,00:00:00,NA,2025-04-30,NA,"170.1",NA,NA,"Y"
"10000029","170.1","Water Temperature",2025-07-23,NA,"YSI",2025-07-23,00:00:00,NA,2025-07-23,NA,"170.1",NA,NA,"Y"
"10000029","150.1","pH",2025-04-30,NA,"YSI",2025-04-30,00:00:00,NA,2025-04-30,NA,"150.1",NA,NA,"Y"
"10000029","150.1","pH",2025-07-23,NA,"YSI",2025-07-23,00:00:00,NA,2025-07-23,NA,"150.1",NA,NA,"Y"
"10000030","360.1","Dissolved Oxygen",2025-07-23,NA,"YSI",2025-07-23,00:00:00,NA,2025-07-23,NA,"360.1",NA,NA,"Y"
"10000030","120.1","Specific Conductance",2025-07-23,NA,"YSI",2025-07-23,00:00:00,NA,2025-07-23,NA,"120.1",NA,NA,"Y"
"10000030","180.1","Turbidity",2025-07-23,08:55:00.000000,"YSI",2025-07-23,08:55:00,2025-07-23 08:55:00,2025-07-23 08:55:00,0,"180.1",NA,NA,"Y"
"10000030","170.1","Water Temperature",2025-07-23,NA,"YSI",2025-07-23,00:00:00,NA,2025-07-23,NA,"170.1",NA,NA,"Y"
"10000030","150.1","pH",2025-07-23,NA,"YSI",2025-07-23,00:00:00,NA,2025-07-23,NA,"150.1",NA,NA,"Y"
"10000031","360.1","Dissolved Oxygen",2025-07-23,NA,"YSI",2025-07-23,00:00:00,NA,2025-07-23,NA,"360.1",NA,NA,"Y"
"10000031","120.1","Specific Conductance",2025-04-30,NA,"YSI",2025-04-30,00:00:00,NA,2025-04-30,NA,"120.1",NA,NA,"Y"
"10000031","120.1","Specific Conductance",2025-07-23,NA,"YSI",2025-07-23,00:00:00,NA,2025-07-23,NA,"120.1",NA,NA,"Y"
"10000031","180.1","Turbidity",2025-04-30,10:45:00.000000,"YSI",2025-04-30,10:45:00,2025-04-30 10:45:00,2025-04-30 10:45:00,0,"180.1",NA,NA,"Y"
"10000031","180.1","Turbidity",2025-07-23,10:55:00.000000,"YSI",2025-07-23,10:55:00,2025-07-23 10:55:00,2025-07-23 10:55:00,0,"180.1",NA,NA,"Y"
"10000031","170.1","Water Temperature",2025-04-30,NA,"YSI",2025-04-30,00:00:00,NA,2025-04-30,NA,"170.1",NA,NA,"Y"
"10000031","170.1","Water Temperature",2025-07-23,NA,"YSI",2025-07-23,00:00:00,NA,2025-07-23,NA,"170.1",NA,NA,"Y"
"10000031","150.1","pH",2025-04-30,NA,"YSI",2025-04-30,00:00:00,NA,2025-04-30,NA,"150.1",NA,NA,"Y"
"10000031","150.1","pH",2025-07-23,NA,"YSI",2025-07-23,00:00:00,NA,2025-07-23,NA,"150.1",NA,NA,"Y"
"10000032","360.1","Dissolved Oxygen",2025-07-23,NA,"YSI",2025-07-23,00:00:00,NA,2025-07-23,NA,"360.1",NA,NA,"Y"
"10000032","120.1","Specific Conductance",2025-04-30,NA,"YSI",2025-04-30,00:00:00,NA,2025-04-30,NA,"120.1",NA,NA,"Y"
"10000032","120.1","Specific Conductance",2025-07-23,NA,"YSI",2025-07-23,00:00:00,NA,2025-07-23,NA,"120.1",NA,NA,"Y"
"10000032","180.1","Turbidity",2025-04-30,10:05:00.000000,"YSI",2025-04-30,10:05:00,2025-04-30 10:05:00,2025-04-30 10:05:00,0,"180.1",NA,NA,"Y"
"10000032","180.1","Turbidity",2025-07-23,10:05:00.000000,"YSI",2025-07-23,10:05:00,2025-07-23 10:05:00,2025-07-23 10:05:00,0,"180.1",NA,NA,"Y"
"10000032","170.1","Water Temperature",2025-04-30,NA,"YSI",2025-04-30,00:00:00,NA,2025-04-30,NA,"170.1",NA,NA,"Y"
"10000032","170.1","Water Temperature",2025-07-23,NA,"YSI",2025-07-23,00:00:00,NA,2025-07-23,NA,"170.1",NA,NA,"Y"
"10000032","150.1","pH",2025-04-30,NA,"YSI",2025-04-30,00:00:00,NA,2025-04-30,NA,"150.1",NA,NA,"Y"
"10000032","150.1","pH",2025-07-23,NA,"YSI",2025-07-23,00:00:00,NA,2025-07-23,NA,"150.1",NA,NA,"Y"
"10000424","360.1","Dissolved Oxygen",2025-07-23,NA,"YSI",2025-07-23,00:00:00,NA,2025-07-23,NA,"360.1",NA,NA,"Y"
"10000424","120.1","Specific Conductance",2025-04-30,NA,"YSI",2025-04-30,00:00:00,NA,2025-04-30,NA,"120.1",NA,NA,"Y"
"10000424","120.1","Specific Conductance",2025-07-23,NA,"YSI",2025-07-23,00:00:00,NA,2025-07-23,NA,"120.1",NA,NA,"Y"
"10000424","180.1","Turbidity",2025-04-30,09:05:00.000000,"YSI",2025-04-30,09:05:00,2025-04-30 09:05:00,2025-04-30 09:05:00,0,"180.1",NA,NA,"Y"
"10000424","180.1","Turbidity",2025-07-23,09:00:00.000000,"YSI",2025-07-23,09:00:00,2025-07-23 09:00:00,2025-07-23 09:00:00,0,"180.1",NA,NA,"Y"
"10000424","170.1","Water Temperature",2025-04-30,NA,"YSI",2025-04-30,00:00:00,NA,2025-04-30,NA,"170.1",NA,NA,"Y"
"10000424","170.1","Water Temperature",2025-07-23,NA,"YSI",2025-07-23,00:00:00,NA,2025-07-23,NA,"170.1",NA,NA,"Y"
"10000424","150.1","pH",2025-04-30,NA,"YSI",2025-04-30,00:00:00,NA,2025-04-30,NA,"150.1",NA,NA,"Y"
"10000424","150.1","pH",2025-07-23,NA,"YSI",2025-07-23,00:00:00,NA,2025-07-23,NA,"150.1",NA,NA,"Y"
"10000425","360.1","Dissolved Oxygen",2025-04-30,NA,"YSI",2025-04-30,00:00:00,NA,2025-04-30,NA,"360.1",NA,NA,"Y"
"10000425","360.1","Dissolved Oxygen",2025-07-23,NA,"YSI",2025-07-23,00:00:00,NA,2025-07-23,NA,"360.1",NA,NA,"Y"
"10000425","120.1","Specific Conductance",2025-04-30,NA,"YSI",2025-04-30,00:00:00,NA,2025-04-30,NA,"120.1",NA,NA,"Y"
"10000425","120.1","Specific Conductance",2025-07-23,NA,"YSI",2025-07-23,00:00:00,NA,2025-07-23,NA,"120.1",NA,NA,"Y"
"10000425","180.1","Turbidity",2025-04-30,08:05:00.000000,"YSI",2025-04-30,08:05:00,2025-04-30 08:05:00,2025-04-30 08:05:00,0,"180.1",NA,NA,"Y"
"10000425","180.1","Turbidity",2025-07-23,08:15:00.000000,"YSI",2025-07-23,08:15:00,2025-07-23 08:15:00,2025-07-23 08:15:00,0,"180.1",NA,NA,"Y"
"10000425","170.1","Water Temperature",2025-04-30,NA,"YSI",2025-04-30,00:00:00,NA,2025-04-30,NA,"170.1",NA,NA,"Y"
"10000425","170.1","Water Temperature",2025-07-23,NA,"YSI",2025-07-23,00:00:00,NA,2025-07-23,NA,"170.1",NA,NA,"Y"
"10000425","150.1","pH",2025-04-30,NA,"YSI",2025-04-30,00:00:00,NA,2025-04-30,NA,"150.1",NA,NA,"Y"
"10000425","150.1","pH",2025-07-23,NA,"YSI",2025-07-23,00:00:00,NA,2025-07-23,NA,"150.1",NA,NA,"Y"
