"project_id","sample_id","matrix","collect_date","lab_sample_id","sample_type","rec_date","anl_batch","prp_batch","extraction_code","extracted_date","analyte","cas_number","analyte_flag","analytical_method","result","resultflag","repdl","limit_definition","units","analytical_cut","initial_wt_vol","final_vol","amount_spiked","percent_recovered","rec_limit_low","rec_limit_high","initial_conc","sample_rpd","rpd_limit_low","rpd_limit_high","rep_sig_digs","allowable_limit","dissolved","analysis_group","method_order","analyte_order","loq","lod","dl","sdg","collect_time","rec_time","run_date","run_time","result_sample_fraction","epa_analysis_id","context_code","monitoring_location_id","sample_condition"
NA,"CB for HBN 1911245 (MMS/12669)","1",NA,"1819370","CB",2025-05-05,"MMS12669",NA,NA,NA,"Arsenic","7440-38-2","N","200.8",0,"U",1.5,"LOD","ug/L",1,100,100,NA,NA,NA,NA,NA,NA,NA,NA,3,NA,".","Metals by ICP/MS",15,3,2,1.5,0.6,"1251731",NA,10:07:00,2025-05-02,14:36:00,"Unfiltered","200.8","USEPA",NA,NA
NA,"CB for HBN 1911245 (MMS/12669)","1",NA,"1819370","CB",2025-05-05,"MMS12669",NA,NA,NA,"Cadmium","7440-43-9","N","200.8",0,"U",0.15,"LOD","ug/L",1,100,100,NA,NA,NA,NA,NA,NA,NA,NA,3,NA,".","Metals by ICP/MS",15,7,0.2,0.15,0.06,"1251731",NA,10:07:00,2025-05-02,14:36:00,"Unfiltered","200.8","USEPA",NA,NA
NA,"CB for HBN 1911245 (MMS/12669)","1",NA,"1819370","CB",2025-05-05,"MMS12669",NA,NA,NA,"Calcium","7440-70-2","N","200.8",0,"U",150,"LOD","ug/L",1,100,100,NA,NA,NA,NA,NA,NA,NA,NA,3,NA,".","Metals by ICP/MS",15,8,200,150,60,"1251731",NA,10:07:00,2025-05-02,14:36:00,"Unfiltered","200.8","USEPA",NA,NA
NA,"CB for HBN 1911245 (MMS/12669)","1",NA,"1819370","CB",2025-05-05,"MMS12669",NA,NA,NA,"Chromium","7440-47-3","N","200.8",0,"U",1.5,"LOD","ug/L",1,100,100,NA,NA,NA,NA,NA,NA,NA,NA,3,NA,".","Metals by ICP/MS",15,9,2,1.5,1,"1251731",NA,10:07:00,2025-05-02,14:36:00,"Unfiltered","200.8","USEPA",NA,NA
NA,"CB for HBN 1911245 (MMS/12669)","1",NA,"1819370","CB",2025-05-05,"MMS12669",NA,NA,NA,"Copper","7440-50-8","N","200.8",0,"U",0.9,"LOD","ug/L",1,100,100,NA,NA,NA,NA,NA,NA,NA,NA,3,NA,".","Metals by ICP/MS",15,11,1.2,0.9,0.4,"1251731",NA,10:07:00,2025-05-02,14:36:00,"Unfiltered","200.8","USEPA",NA,NA
NA,"CB for HBN 1911245 (MMS/12669)","1",NA,"1819370","CB",2025-05-05,"MMS12669",NA,NA,NA,"Iron","7439-89-6","N","200.8",0,"U",75,"LOD","ug/L",1,100,100,NA,NA,NA,NA,NA,NA,NA,NA,3,NA,".","Metals by ICP/MS",15,12,100,75,31.2,"1251731",NA,10:07:00,2025-05-02,14:36:00,"Unfiltered","200.8","USEPA",NA,NA
NA,"CB for HBN 1911245 (MMS/12669)","1",NA,"1819370","CB",2025-05-05,"MMS12669",NA,NA,NA,"Lead","7439-92-1","N","200.8",0,"U",0.6,"LOD","ug/L",1,100,100,NA,NA,NA,NA,NA,NA,NA,NA,3,NA,".","Metals by ICP/MS",15,13,0.8,0.6,0.2,"1251731",NA,10:07:00,2025-05-02,14:36:00,"Unfiltered","200.8","USEPA",NA,NA
NA,"CB for HBN 1911245 (MMS/12669)","1",NA,"1819370","CB",2025-05-05,"MMS12669",NA,NA,NA,"Magnesium","7439-95-4","N","200.8",0,"U",15,"LOD","ug/L",1,100,100,NA,NA,NA,NA,NA,NA,NA,NA,3,NA,".","Metals by ICP/MS",15,14,20,15,6,"1251731",NA,10:07:00,2025-05-02,14:36:00,"Unfiltered","200.8","USEPA",NA,NA
NA,"CB for HBN 1911245 (MMS/12669)","1",NA,"1819370","CB",2025-05-05,"MMS12669",NA,NA,NA,"Zinc","7440-66-6","N","200.8",0,"U",3,"LOD","ug/L",1,100,100,NA,NA,NA,NA,NA,NA,NA,NA,3,NA,".","Metals by ICP/MS",15,32,4,3,1.24,"1251731",NA,10:07:00,2025-05-02,14:36:00,"Unfiltered","200.8","USEPA",NA,NA
NA,"CB for HBN 1911245 (MMS/12669)","1",NA,"1819372","CB",2025-05-05,"MMS12669",NA,NA,NA,"Arsenic","7440-38-2","N","200.8",0,"U",1.5,"LOD","ug/L",1,100,100,NA,NA,NA,NA,NA,NA,NA,NA,3,NA,".","Metals by ICP/MS",15,3,2,1.5,0.6,"1251731",NA,10:07:00,2025-05-02,15:12:00,"Unfiltered","200.8","USEPA",NA,NA
NA,"CB for HBN 1911245 (MMS/12669)","1",NA,"1819372","CB",2025-05-05,"MMS12669",NA,NA,NA,"Cadmium","7440-43-9","N","200.8",0,"U",0.15,"LOD","ug/L",1,100,100,NA,NA,NA,NA,NA,NA,NA,NA,3,NA,".","Metals by ICP/MS",15,7,0.2,0.15,0.06,"1251731",NA,10:07:00,2025-05-02,15:12:00,"Unfiltered","200.8","USEPA",NA,NA
NA,"CB for HBN 1911245 (MMS/12669)","1",NA,"1819372","CB",2025-05-05,"MMS12669",NA,NA,NA,"Calcium","7440-70-2","N","200.8",0,"U",150,"LOD","ug/L",1,100,100,NA,NA,NA,NA,NA,NA,NA,NA,3,NA,".","Metals by ICP/MS",15,8,200,150,60,"1251731",NA,10:07:00,2025-05-02,15:12:00,"Unfiltered","200.8","USEPA",NA,NA
NA,"CB for HBN 1911245 (MMS/12669)","1",NA,"1819372","CB",2025-05-05,"MMS12669",NA,NA,NA,"Chromium","7440-47-3","N","200.8",0,"U",1.5,"LOD","ug/L",1,100,100,NA,NA,NA,NA,NA,NA,NA,NA,3,NA,".","Metals by ICP/MS",15,9,2,1.5,1,"1251731",NA,10:07:00,2025-05-02,15:12:00,"Unfiltered","200.8","USEPA",NA,NA
NA,"CB for HBN 1911245 (MMS/12669)","1",NA,"1819372","CB",2025-05-05,"MMS12669",NA,NA,NA,"Copper","7440-50-8","N","200.8",0,"U",0.9,"LOD","ug/L",1,100,100,NA,NA,NA,NA,NA,NA,NA,NA,3,NA,".","Metals by ICP/MS",15,11,1.2,0.9,0.4,"1251731",NA,10:07:00,2025-05-02,15:12:00,"Unfiltered","200.8","USEPA",NA,NA
NA,"CB for HBN 1911245 (MMS/12669)","1",NA,"1819372","CB",2025-05-05,"MMS12669",NA,NA,NA,"Iron","7439-89-6","N","200.8",0,"U",75,"LOD","ug/L",1,100,100,NA,NA,NA,NA,NA,NA,NA,NA,3,NA,".","Metals by ICP/MS",15,12,100,75,31.2,"1251731",NA,10:07:00,2025-05-02,15:12:00,"Unfiltered","200.8","USEPA",NA,NA
NA,"CB for HBN 1911245 (MMS/12669)","1",NA,"1819372","CB",2025-05-05,"MMS12669",NA,NA,NA,"Lead","7439-92-1","N","200.8",0,"U",0.6,"LOD","ug/L",1,100,100,NA,NA,NA,NA,NA,NA,NA,NA,3,NA,".","Metals by ICP/MS",15,13,0.8,0.6,0.2,"1251731",NA,10:07:00,2025-05-02,15:12:00,"Unfiltered","200.8","USEPA",NA,NA
NA,"CB for HBN 1911245 (MMS/12669)","1",NA,"1819372","CB",2025-05-05,"MMS12669",NA,NA,NA,"Magnesium","7439-95-4","N","200.8",0,"U",15,"LOD","ug/L",1,100,100,NA,NA,NA,NA,NA,NA,NA,NA,3,NA,".","Metals by ICP/MS",15,14,20,15,6,"1251731",NA,10:07:00,2025-05-02,15:12:00,"Unfiltered","200.8","USEPA",NA,NA
NA,"CB for HBN 1911245 (MMS/12669)","1",NA,"1819372","CB",2025-05-05,"MMS12669",NA,NA,NA,"Zinc","7440-66-6","N","200.8",0,"U",3,"LOD","ug/L",1,100,100,NA,NA,NA,NA,NA,NA,NA,NA,3,NA,".","Metals by ICP/MS",15,32,4,3,1.24,"1251731",NA,10:07:00,2025-05-02,15:12:00,"Unfiltered","200.8","USEPA",NA,NA
NA,"CB for HBN 1911245 (MMS/12669)","1",NA,"1819374","CB",2025-05-05,"MMS12669",NA,NA,NA,"Arsenic","7440-38-2","N","200.8",0,"U",1.5,"LOD","ug/L",1,100,100,NA,NA,NA,NA,NA,NA,NA,NA,3,NA,".","Metals by ICP/MS",15,3,2,1.5,0.6,"1251731",NA,10:07:00,2025-05-02,15:48:00,"Unfiltered","200.8","USEPA",NA,NA
NA,"CB for HBN 1911245 (MMS/12669)","1",NA,"1819374","CB",2025-05-05,"MMS12669",NA,NA,NA,"Cadmium","7440-43-9","N","200.8",0,"U",0.15,"LOD","ug/L",1,100,100,NA,NA,NA,NA,NA,NA,NA,NA,3,NA,".","Metals by ICP/MS",15,7,0.2,0.15,0.06,"1251731",NA,10:07:00,2025-05-02,15:48:00,"Unfiltered","200.8","USEPA",NA,NA
NA,"CB for HBN 1911245 (MMS/12669)","1",NA,"1819374","CB",2025-05-05,"MMS12669",NA,NA,NA,"Calcium","7440-70-2","N","200.8",0,"U",150,"LOD","ug/L",1,100,100,NA,NA,NA,NA,NA,NA,NA,NA,3,NA,".","Metals by ICP/MS",15,8,200,150,60,"1251731",NA,10:07:00,2025-05-02,15:48:00,"Unfiltered","200.8","USEPA",NA,NA
NA,"CB for HBN 1911245 (MMS/12669)","1",NA,"1819374","CB",2025-05-05,"MMS12669",NA,NA,NA,"Chromium","7440-47-3","N","200.8",0,"U",1.5,"LOD","ug/L",1,100,100,NA,NA,NA,NA,NA,NA,NA,NA,3,NA,".","Metals by ICP/MS",15,9,2,1.5,1,"1251731",NA,10:07:00,2025-05-02,15:48:00,"Unfiltered","200.8","USEPA",NA,NA
NA,"CB for HBN 1911245 (MMS/12669)","1",NA,"1819374","CB",2025-05-05,"MMS12669",NA,NA,NA,"Copper","7440-50-8","N","200.8",0,"U",0.9,"LOD","ug/L",1,100,100,NA,NA,NA,NA,NA,NA,NA,NA,3,NA,".","Metals by ICP/MS",15,11,1.2,0.9,0.4,"1251731",NA,10:07:00,2025-05-02,15:48:00,"Unfiltered","200.8","USEPA",NA,NA
NA,"CB for HBN 1911245 (MMS/12669)","1",NA,"1819374","CB",2025-05-05,"MMS12669",NA,NA,NA,"Iron","7439-89-6","N","200.8",0,"U",75,"LOD","ug/L",1,100,100,NA,NA,NA,NA,NA,NA,NA,NA,3,NA,".","Metals by ICP/MS",15,12,100,75,31.2,"1251731",NA,10:07:00,2025-05-02,15:48:00,"Unfiltered","200.8","USEPA",NA,NA
NA,"CB for HBN 1911245 (MMS/12669)","1",NA,"1819374","CB",2025-05-05,"MMS12669",NA,NA,NA,"Lead","7439-92-1","N","200.8",0,"U",0.6,"LOD","ug/L",1,100,100,NA,NA,NA,NA,NA,NA,NA,NA,3,NA,".","Metals by ICP/MS",15,13,0.8,0.6,0.2,"1251731",NA,10:07:00,2025-05-02,15:48:00,"Unfiltered","200.8","USEPA",NA,NA
NA,"CB for HBN 1911245 (MMS/12669)","1",NA,"1819374","CB",2025-05-05,"MMS12669",NA,NA,NA,"Magnesium","7439-95-4","N","200.8",0,"U",15,"LOD","ug/L",1,100,100,NA,NA,NA,NA,NA,NA,NA,NA,3,NA,".","Metals by ICP/MS",15,14,20,15,6,"1251731",NA,10:07:00,2025-05-02,15:48:00,"Unfiltered","200.8","USEPA",NA,NA
NA,"CB for HBN 1911245 (MMS/12669)","1",NA,"1819374","CB",2025-05-05,"MMS12669",NA,NA,NA,"Zinc","7440-66-6","N","200.8",0,"U",3,"LOD","ug/L",1,100,100,NA,NA,NA,NA,NA,NA,NA,NA,3,NA,".","Metals by ICP/MS",15,32,4,3,1.24,"1251731",NA,10:07:00,2025-05-02,15:48:00,"Unfiltered","200.8","USEPA",NA,NA
NA,"CB for HBN 1911245 (MMS/12669)","1",NA,"1819376","CB",2025-05-05,"MMS12669",NA,NA,NA,"Arsenic","7440-38-2","N","200.8",0,"U",1.5,"LOD","ug/L",1,100,100,NA,NA,NA,NA,NA,NA,NA,NA,3,NA,".","Metals by ICP/MS",15,3,2,1.5,0.6,"1251731",NA,10:07:00,2025-05-02,16:14:00,"Unfiltered","200.8","USEPA",NA,NA
NA,"CB for HBN 1911245 (MMS/12669)","1",NA,"1819376","CB",2025-05-05,"MMS12669",NA,NA,NA,"Cadmium","7440-43-9","N","200.8",0,"U",0.15,"LOD","ug/L",1,100,100,NA,NA,NA,NA,NA,NA,NA,NA,3,NA,".","Metals by ICP/MS",15,7,0.2,0.15,0.06,"1251731",NA,10:07:00,2025-05-02,16:14:00,"Unfiltered","200.8","USEPA",NA,NA
NA,"CB for HBN 1911245 (MMS/12669)","1",NA,"1819376","CB",2025-05-05,"MMS12669",NA,NA,NA,"Calcium","7440-70-2","N","200.8",0,"U",150,"LOD","ug/L",1,100,100,NA,NA,NA,NA,NA,NA,NA,NA,3,NA,".","Metals by ICP/MS",15,8,200,150,60,"1251731",NA,10:07:00,2025-05-02,16:14:00,"Unfiltered","200.8","USEPA",NA,NA
NA,"CB for HBN 1911245 (MMS/12669)","1",NA,"1819376","CB",2025-05-05,"MMS12669",NA,NA,NA,"Chromium","7440-47-3","N","200.8",0,"U",1.5,"LOD","ug/L",1,100,100,NA,NA,NA,NA,NA,NA,NA,NA,3,NA,".","Metals by ICP/MS",15,9,2,1.5,1,"1251731",NA,10:07:00,2025-05-02,16:14:00,"Unfiltered","200.8","USEPA",NA,NA
NA,"CB for HBN 1911245 (MMS/12669)","1",NA,"1819376","CB",2025-05-05,"MMS12669",NA,NA,NA,"Copper","7440-50-8","N","200.8",0,"U",0.9,"LOD","ug/L",1,100,100,NA,NA,NA,NA,NA,NA,NA,NA,3,NA,".","Metals by ICP/MS",15,11,1.2,0.9,0.4,"1251731",NA,10:07:00,2025-05-02,16:14:00,"Unfiltered","200.8","USEPA",NA,NA
NA,"CB for HBN 1911245 (MMS/12669)","1",NA,"1819376","CB",2025-05-05,"MMS12669",NA,NA,NA,"Iron","7439-89-6","N","200.8",0,"U",75,"LOD","ug/L",1,100,100,NA,NA,NA,NA,NA,NA,NA,NA,3,NA,".","Metals by ICP/MS",15,12,100,75,31.2,"1251731",NA,10:07:00,2025-05-02,16:14:00,"Unfiltered","200.8","USEPA",NA,NA
NA,"CB for HBN 1911245 (MMS/12669)","1",NA,"1819376","CB",2025-05-05,"MMS12669",NA,NA,NA,"Lead","7439-92-1","N","200.8",0,"U",0.6,"LOD","ug/L",1,100,100,NA,NA,NA,NA,NA,NA,NA,NA,3,NA,".","Metals by ICP/MS",15,13,0.8,0.6,0.2,"1251731",NA,10:07:00,2025-05-02,16:14:00,"Unfiltered","200.8","USEPA",NA,NA
NA,"CB for HBN 1911245 (MMS/12669)","1",NA,"1819376","CB",2025-05-05,"MMS12669",NA,NA,NA,"Magnesium","7439-95-4","N","200.8",0,"U",15,"LOD","ug/L",1,100,100,NA,NA,NA,NA,NA,NA,NA,NA,3,NA,".","Metals by ICP/MS",15,14,20,15,6,"1251731",NA,10:07:00,2025-05-02,16:14:00,"Unfiltered","200.8","USEPA",NA,NA
NA,"CB for HBN 1911245 (MMS/12669)","1",NA,"1819376","CB",2025-05-05,"MMS12669",NA,NA,NA,"Zinc","7440-66-6","N","200.8",0,"U",3,"LOD","ug/L",1,100,100,NA,NA,NA,NA,NA,NA,NA,NA,3,NA,".","Metals by ICP/MS",15,32,4,3,1.24,"1251731",NA,10:07:00,2025-05-02,16:14:00,"Unfiltered","200.8","USEPA",NA,NA
NA,"CB for HBN 1911245 (MMS/12669)","1",NA,"1819378","CB",2025-05-05,"MMS12669",NA,NA,NA,"Arsenic","7440-38-2","N","200.8",0,"U",1.5,"LOD","ug/L",1,100,100,NA,NA,NA,NA,NA,NA,NA,NA,3,NA,".","Metals by ICP/MS",15,3,2,1.5,0.6,"1251731",NA,10:14:00,2025-05-02,16:57:00,"Unfiltered","200.8","USEPA",NA,NA
NA,"CB for HBN 1911245 (MMS/12669)","1",NA,"1819378","CB",2025-05-05,"MMS12669",NA,NA,NA,"Cadmium","7440-43-9","N","200.8",0,"U",0.15,"LOD","ug/L",1,100,100,NA,NA,NA,NA,NA,NA,NA,NA,3,NA,".","Metals by ICP/MS",15,7,0.2,0.15,0.06,"1251731",NA,10:14:00,2025-05-02,16:57:00,"Unfiltered","200.8","USEPA",NA,NA
NA,"CB for HBN 1911245 (MMS/12669)","1",NA,"1819378","CB",2025-05-05,"MMS12669",NA,NA,NA,"Calcium","7440-70-2","N","200.8",0,"U",150,"LOD","ug/L",1,100,100,NA,NA,NA,NA,NA,NA,NA,NA,3,NA,".","Metals by ICP/MS",15,8,200,150,60,"1251731",NA,10:14:00,2025-05-02,16:57:00,"Unfiltered","200.8","USEPA",NA,NA
NA,"CB for HBN 1911245 (MMS/12669)","1",NA,"1819378","CB",2025-05-05,"MMS12669",NA,NA,NA,"Chromium","7440-47-3","N","200.8",0,"U",1.5,"LOD","ug/L",1,100,100,NA,NA,NA,NA,NA,NA,NA,NA,3,NA,".","Metals by ICP/MS",15,9,2,1.5,1,"1251731",NA,10:14:00,2025-05-02,16:57:00,"Unfiltered","200.8","USEPA",NA,NA
NA,"CB for HBN 1911245 (MMS/12669)","1",NA,"1819378","CB",2025-05-05,"MMS12669",NA,NA,NA,"Copper","7440-50-8","N","200.8",0,"U",0.9,"LOD","ug/L",1,100,100,NA,NA,NA,NA,NA,NA,NA,NA,3,NA,".","Metals by ICP/MS",15,11,1.2,0.9,0.4,"1251731",NA,10:14:00,2025-05-02,16:57:00,"Unfiltered","200.8","USEPA",NA,NA
NA,"CB for HBN 1911245 (MMS/12669)","1",NA,"1819378","CB",2025-05-05,"MMS12669",NA,NA,NA,"Iron","7439-89-6","N","200.8",0,"U",75,"LOD","ug/L",1,100,100,NA,NA,NA,NA,NA,NA,NA,NA,3,NA,".","Metals by ICP/MS",15,12,100,75,31.2,"1251731",NA,10:14:00,2025-05-02,16:57:00,"Unfiltered","200.8","USEPA",NA,NA
NA,"CB for HBN 1911245 (MMS/12669)","1",NA,"1819378","CB",2025-05-05,"MMS12669",NA,NA,NA,"Lead","7439-92-1","N","200.8",0,"U",0.6,"LOD","ug/L",1,100,100,NA,NA,NA,NA,NA,NA,NA,NA,3,NA,".","Metals by ICP/MS",15,13,0.8,0.6,0.2,"1251731",NA,10:14:00,2025-05-02,16:57:00,"Unfiltered","200.8","USEPA",NA,NA
NA,"CB for HBN 1911245 (MMS/12669)","1",NA,"1819378","CB",2025-05-05,"MMS12669",NA,NA,NA,"Magnesium","7439-95-4","N","200.8",0,"U",15,"LOD","ug/L",1,100,100,NA,NA,NA,NA,NA,NA,NA,NA,3,NA,".","Metals by ICP/MS",15,14,20,15,6,"1251731",NA,10:14:00,2025-05-02,16:57:00,"Unfiltered","200.8","USEPA",NA,NA
NA,"CB for HBN 1911245 (MMS/12669)","1",NA,"1819378","CB",2025-05-05,"MMS12669",NA,NA,NA,"Zinc","7440-66-6","N","200.8",0,"U",3,"LOD","ug/L",1,100,100,NA,NA,NA,NA,NA,NA,NA,NA,3,NA,".","Metals by ICP/MS",15,32,4,3,1.24,"1251731",NA,10:14:00,2025-05-02,16:57:00,"Unfiltered","200.8","USEPA",NA,NA
NA,"CB for HBN 1911245 (MMS/12669)","1",NA,"1819382","CB",2025-05-05,"MMS12669",NA,NA,NA,"Arsenic","7440-38-2","N","200.8",0,"U",1.5,"LOD","ug/L",1,100,100,NA,NA,NA,NA,NA,NA,NA,NA,3,NA,".","Metals by ICP/MS",15,3,2,1.5,0.6,"1251731",NA,10:19:00,2025-05-02,18:08:00,"Unfiltered","200.8","USEPA",NA,NA
NA,"CB for HBN 1911245 (MMS/12669)","1",NA,"1819382","CB",2025-05-05,"MMS12669",NA,NA,NA,"Cadmium","7440-43-9","N","200.8",0,"U",0.15,"LOD","ug/L",1,100,100,NA,NA,NA,NA,NA,NA,NA,NA,3,NA,".","Metals by ICP/MS",15,7,0.2,0.15,0.06,"1251731",NA,10:19:00,2025-05-02,18:08:00,"Unfiltered","200.8","USEPA",NA,NA
NA,"CB for HBN 1911245 (MMS/12669)","1",NA,"1819382","CB",2025-05-05,"MMS12669",NA,NA,NA,"Calcium","7440-70-2","N","200.8",0,"U",150,"LOD","ug/L",1,100,100,NA,NA,NA,NA,NA,NA,NA,NA,3,NA,".","Metals by ICP/MS",15,8,200,150,60,"1251731",NA,10:19:00,2025-05-02,18:08:00,"Unfiltered","200.8","USEPA",NA,NA
NA,"CB for HBN 1911245 (MMS/12669)","1",NA,"1819382","CB",2025-05-05,"MMS12669",NA,NA,NA,"Chromium","7440-47-3","N","200.8",0,"U",1.5,"LOD","ug/L",1,100,100,NA,NA,NA,NA,NA,NA,NA,NA,3,NA,".","Metals by ICP/MS",15,9,2,1.5,1,"1251731",NA,10:19:00,2025-05-02,18:08:00,"Unfiltered","200.8","USEPA",NA,NA
NA,"CB for HBN 1911245 (MMS/12669)","1",NA,"1819382","CB",2025-05-05,"MMS12669",NA,NA,NA,"Copper","7440-50-8","N","200.8",0,"U",0.9,"LOD","ug/L",1,100,100,NA,NA,NA,NA,NA,NA,NA,NA,3,NA,".","Metals by ICP/MS",15,11,1.2,0.9,0.4,"1251731",NA,10:19:00,2025-05-02,18:08:00,"Unfiltered","200.8","USEPA",NA,NA
NA,"CB for HBN 1911245 (MMS/12669)","1",NA,"1819382","CB",2025-05-05,"MMS12669",NA,NA,NA,"Iron","7439-89-6","N","200.8",0,"U",75,"LOD","ug/L",1,100,100,NA,NA,NA,NA,NA,NA,NA,NA,3,NA,".","Metals by ICP/MS",15,12,100,75,31.2,"1251731",NA,10:19:00,2025-05-02,18:08:00,"Unfiltered","200.8","USEPA",NA,NA
NA,"CB for HBN 1911245 (MMS/12669)","1",NA,"1819382","CB",2025-05-05,"MMS12669",NA,NA,NA,"Lead","7439-92-1","N","200.8",0,"U",0.6,"LOD","ug/L",1,100,100,NA,NA,NA,NA,NA,NA,NA,NA,3,NA,".","Metals by ICP/MS",15,13,0.8,0.6,0.2,"1251731",NA,10:19:00,2025-05-02,18:08:00,"Unfiltered","200.8","USEPA",NA,NA
NA,"CB for HBN 1911245 (MMS/12669)","1",NA,"1819382","CB",2025-05-05,"MMS12669",NA,NA,NA,"Magnesium","7439-95-4","N","200.8",0,"U",15,"LOD","ug/L",1,100,100,NA,NA,NA,NA,NA,NA,NA,NA,3,NA,".","Metals by ICP/MS",15,14,20,15,6,"1251731",NA,10:19:00,2025-05-02,18:08:00,"Unfiltered","200.8","USEPA",NA,NA
NA,"CB for HBN 1911245 (MMS/12669)","1",NA,"1819382","CB",2025-05-05,"MMS12669",NA,NA,NA,"Zinc","7440-66-6","N","200.8",0,"U",3,"LOD","ug/L",1,100,100,NA,NA,NA,NA,NA,NA,NA,NA,3,NA,".","Metals by ICP/MS",15,32,4,3,1.24,"1251731",NA,10:19:00,2025-05-02,18:08:00,"Unfiltered","200.8","USEPA",NA,NA
NA,"CB for HBN 1911245 (MMS/12669)","1",NA,"1819384","CB",2025-05-05,"MMS12669",NA,NA,NA,"Arsenic","7440-38-2","N","200.8",0,"U",1.5,"LOD","ug/L",1,100,100,NA,NA,NA,NA,NA,NA,NA,NA,3,NA,".","Metals by ICP/MS",15,3,2,1.5,0.6,"1251731",NA,10:19:00,2025-05-02,18:44:00,"Unfiltered","200.8","USEPA",NA,NA
NA,"CB for HBN 1911245 (MMS/12669)","1",NA,"1819384","CB",2025-05-05,"MMS12669",NA,NA,NA,"Cadmium","7440-43-9","N","200.8",0,"U",0.15,"LOD","ug/L",1,100,100,NA,NA,NA,NA,NA,NA,NA,NA,3,NA,".","Metals by ICP/MS",15,7,0.2,0.15,0.06,"1251731",NA,10:19:00,2025-05-02,18:44:00,"Unfiltered","200.8","USEPA",NA,NA
NA,"CB for HBN 1911245 (MMS/12669)","1",NA,"1819384","CB",2025-05-05,"MMS12669",NA,NA,NA,"Calcium","7440-70-2","N","200.8",0,"U",150,"LOD","ug/L",1,100,100,NA,NA,NA,NA,NA,NA,NA,NA,3,NA,".","Metals by ICP/MS",15,8,200,150,60,"1251731",NA,10:19:00,2025-05-02,18:44:00,"Unfiltered","200.8","USEPA",NA,NA
NA,"CB for HBN 1911245 (MMS/12669)","1",NA,"1819384","CB",2025-05-05,"MMS12669",NA,NA,NA,"Chromium","7440-47-3","N","200.8",0,"U",1.5,"LOD","ug/L",1,100,100,NA,NA,NA,NA,NA,NA,NA,NA,3,NA,".","Metals by ICP/MS",15,9,2,1.5,1,"1251731",NA,10:19:00,2025-05-02,18:44:00,"Unfiltered","200.8","USEPA",NA,NA
NA,"CB for HBN 1911245 (MMS/12669)","1",NA,"1819384","CB",2025-05-05,"MMS12669",NA,NA,NA,"Copper","7440-50-8","N","200.8",0,"U",0.9,"LOD","ug/L",1,100,100,NA,NA,NA,NA,NA,NA,NA,NA,3,NA,".","Metals by ICP/MS",15,11,1.2,0.9,0.4,"1251731",NA,10:19:00,2025-05-02,18:44:00,"Unfiltered","200.8","USEPA",NA,NA
NA,"CB for HBN 1911245 (MMS/12669)","1",NA,"1819384","CB",2025-05-05,"MMS12669",NA,NA,NA,"Iron","7439-89-6","N","200.8",0,"U",75,"LOD","ug/L",1,100,100,NA,NA,NA,NA,NA,NA,NA,NA,3,NA,".","Metals by ICP/MS",15,12,100,75,31.2,"1251731",NA,10:19:00,2025-05-02,18:44:00,"Unfiltered","200.8","USEPA",NA,NA
NA,"CB for HBN 1911245 (MMS/12669)","1",NA,"1819384","CB",2025-05-05,"MMS12669",NA,NA,NA,"Lead","7439-92-1","N","200.8",0,"U",0.6,"LOD","ug/L",1,100,100,NA,NA,NA,NA,NA,NA,NA,NA,3,NA,".","Metals by ICP/MS",15,13,0.8,0.6,0.2,"1251731",NA,10:19:00,2025-05-02,18:44:00,"Unfiltered","200.8","USEPA",NA,NA
NA,"CB for HBN 1911245 (MMS/12669)","1",NA,"1819384","CB",2025-05-05,"MMS12669",NA,NA,NA,"Magnesium","7439-95-4","N","200.8",0,"U",15,"LOD","ug/L",1,100,100,NA,NA,NA,NA,NA,NA,NA,NA,3,NA,".","Metals by ICP/MS",15,14,20,15,6,"1251731",NA,10:19:00,2025-05-02,18:44:00,"Unfiltered","200.8","USEPA",NA,NA
NA,"CB for HBN 1911245 (MMS/12669)","1",NA,"1819384","CB",2025-05-05,"MMS12669",NA,NA,NA,"Zinc","7440-66-6","N","200.8",0,"U",3,"LOD","ug/L",1,100,100,NA,NA,NA,NA,NA,NA,NA,NA,3,NA,".","Metals by ICP/MS",15,32,4,3,1.24,"1251731",NA,10:19:00,2025-05-02,18:44:00,"Unfiltered","200.8","USEPA",NA,NA
NA,"CB for HBN 1911245 (MMS/12669)","1",NA,"1819386","CB",2025-05-05,"MMS12669",NA,NA,NA,"Arsenic","7440-38-2","N","200.8",0,"U",1.5,"LOD","ug/L",1,100,100,NA,NA,NA,NA,NA,NA,NA,NA,3,NA,".","Metals by ICP/MS",15,3,2,1.5,0.6,"1251731",NA,10:22:00,2025-05-02,19:19:00,"Unfiltered","200.8","USEPA",NA,NA
NA,"CB for HBN 1911245 (MMS/12669)","1",NA,"1819386","CB",2025-05-05,"MMS12669",NA,NA,NA,"Cadmium","7440-43-9","N","200.8",0,"U",0.15,"LOD","ug/L",1,100,100,NA,NA,NA,NA,NA,NA,NA,NA,3,NA,".","Metals by ICP/MS",15,7,0.2,0.15,0.06,"1251731",NA,10:22:00,2025-05-02,19:19:00,"Unfiltered","200.8","USEPA",NA,NA
NA,"CB for HBN 1911245 (MMS/12669)","1",NA,"1819386","CB",2025-05-05,"MMS12669",NA,NA,NA,"Calcium","7440-70-2","N","200.8",0,"U",150,"LOD","ug/L",1,100,100,NA,NA,NA,NA,NA,NA,NA,NA,3,NA,".","Metals by ICP/MS",15,8,200,150,60,"1251731",NA,10:22:00,2025-05-02,19:19:00,"Unfiltered","200.8","USEPA",NA,NA
NA,"CB for HBN 1911245 (MMS/12669)","1",NA,"1819386","CB",2025-05-05,"MMS12669",NA,NA,NA,"Chromium","7440-47-3","N","200.8",0,"U",1.5,"LOD","ug/L",1,100,100,NA,NA,NA,NA,NA,NA,NA,NA,3,NA,".","Metals by ICP/MS",15,9,2,1.5,1,"1251731",NA,10:22:00,2025-05-02,19:19:00,"Unfiltered","200.8","USEPA",NA,NA
NA,"CB for HBN 1911245 (MMS/12669)","1",NA,"1819386","CB",2025-05-05,"MMS12669",NA,NA,NA,"Copper","7440-50-8","N","200.8",0,"U",0.9,"LOD","ug/L",1,100,100,NA,NA,NA,NA,NA,NA,NA,NA,3,NA,".","Metals by ICP/MS",15,11,1.2,0.9,0.4,"1251731",NA,10:22:00,2025-05-02,19:19:00,"Unfiltered","200.8","USEPA",NA,NA
NA,"CB for HBN 1911245 (MMS/12669)","1",NA,"1819386","CB",2025-05-05,"MMS12669",NA,NA,NA,"Iron","7439-89-6","N","200.8",0,"U",75,"LOD","ug/L",1,100,100,NA,NA,NA,NA,NA,NA,NA,NA,3,NA,".","Metals by ICP/MS",15,12,100,75,31.2,"1251731",NA,10:22:00,2025-05-02,19:19:00,"Unfiltered","200.8","USEPA",NA,NA
NA,"CB for HBN 1911245 (MMS/12669)","1",NA,"1819386","CB",2025-05-05,"MMS12669",NA,NA,NA,"Lead","7439-92-1","N","200.8",0,"U",0.6,"LOD","ug/L",1,100,100,NA,NA,NA,NA,NA,NA,NA,NA,3,NA,".","Metals by ICP/MS",15,13,0.8,0.6,0.2,"1251731",NA,10:22:00,2025-05-02,19:19:00,"Unfiltered","200.8","USEPA",NA,NA
NA,"CB for HBN 1911245 (MMS/12669)","1",NA,"1819386","CB",2025-05-05,"MMS12669",NA,NA,NA,"Magnesium","7439-95-4","N","200.8",0,"U",15,"LOD","ug/L",1,100,100,NA,NA,NA,NA,NA,NA,NA,NA,3,NA,".","Metals by ICP/MS",15,14,20,15,6,"1251731",NA,10:22:00,2025-05-02,19:19:00,"Unfiltered","200.8","USEPA",NA,NA
NA,"CB for HBN 1911245 (MMS/12669)","1",NA,"1819386","CB",2025-05-05,"MMS12669",NA,NA,NA,"Zinc","7440-66-6","N","200.8",0,"U",3,"LOD","ug/L",1,100,100,NA,NA,NA,NA,NA,NA,NA,NA,3,NA,".","Metals by ICP/MS",15,32,4,3,1.24,"1251731",NA,10:22:00,2025-05-02,19:19:00,"Unfiltered","200.8","USEPA",NA,NA
NA,"CB for HBN 1911245 (MMS/12669)","1",NA,"1819388","CB",2025-05-05,"MMS12669",NA,NA,NA,"Arsenic","7440-38-2","N","200.8",0,"U",1.5,"LOD","ug/L",1,100,100,NA,NA,NA,NA,NA,NA,NA,NA,3,NA,".","Metals by ICP/MS",15,3,2,1.5,0.6,"1251731",NA,10:22:00,2025-05-02,19:55:00,"Unfiltered","200.8","USEPA",NA,NA
NA,"CB for HBN 1911245 (MMS/12669)","1",NA,"1819388","CB",2025-05-05,"MMS12669",NA,NA,NA,"Cadmium","7440-43-9","N","200.8",0,"U",0.15,"LOD","ug/L",1,100,100,NA,NA,NA,NA,NA,NA,NA,NA,3,NA,".","Metals by ICP/MS",15,7,0.2,0.15,0.06,"1251731",NA,10:22:00,2025-05-02,19:55:00,"Unfiltered","200.8","USEPA",NA,NA
NA,"CB for HBN 1911245 (MMS/12669)","1",NA,"1819388","CB",2025-05-05,"MMS12669",NA,NA,NA,"Calcium","7440-70-2","N","200.8",0,"U",150,"LOD","ug/L",1,100,100,NA,NA,NA,NA,NA,NA,NA,NA,3,NA,".","Metals by ICP/MS",15,8,200,150,60,"1251731",NA,10:22:00,2025-05-02,19:55:00,"Unfiltered","200.8","USEPA",NA,NA
NA,"CB for HBN 1911245 (MMS/12669)","1",NA,"1819388","CB",2025-05-05,"MMS12669",NA,NA,NA,"Chromium","7440-47-3","N","200.8",0,"U",1.5,"LOD","ug/L",1,100,100,NA,NA,NA,NA,NA,NA,NA,NA,3,NA,".","Metals by ICP/MS",15,9,2,1.5,1,"1251731",NA,10:22:00,2025-05-02,19:55:00,"Unfiltered","200.8","USEPA",NA,NA
NA,"CB for HBN 1911245 (MMS/12669)","1",NA,"1819388","CB",2025-05-05,"MMS12669",NA,NA,NA,"Copper","7440-50-8","N","200.8",0,"U",0.9,"LOD","ug/L",1,100,100,NA,NA,NA,NA,NA,NA,NA,NA,3,NA,".","Metals by ICP/MS",15,11,1.2,0.9,0.4,"1251731",NA,10:22:00,2025-05-02,19:55:00,"Unfiltered","200.8","USEPA",NA,NA
NA,"CB for HBN 1911245 (MMS/12669)","1",NA,"1819388","CB",2025-05-05,"MMS12669",NA,NA,NA,"Iron","7439-89-6","N","200.8",0,"U",75,"LOD","ug/L",1,100,100,NA,NA,NA,NA,NA,NA,NA,NA,3,NA,".","Metals by ICP/MS",15,12,100,75,31.2,"1251731",NA,10:22:00,2025-05-02,19:55:00,"Unfiltered","200.8","USEPA",NA,NA
NA,"CB for HBN 1911245 (MMS/12669)","1",NA,"1819388","CB",2025-05-05,"MMS12669",NA,NA,NA,"Lead","7439-92-1","N","200.8",0,"U",0.6,"LOD","ug/L",1,100,100,NA,NA,NA,NA,NA,NA,NA,NA,3,NA,".","Metals by ICP/MS",15,13,0.8,0.6,0.2,"1251731",NA,10:22:00,2025-05-02,19:55:00,"Unfiltered","200.8","USEPA",NA,NA
NA,"CB for HBN 1911245 (MMS/12669)","1",NA,"1819388","CB",2025-05-05,"MMS12669",NA,NA,NA,"Magnesium","7439-95-4","N","200.8",0,"U",15,"LOD","ug/L",1,100,100,NA,NA,NA,NA,NA,NA,NA,NA,3,NA,".","Metals by ICP/MS",15,14,20,15,6,"1251731",NA,10:22:00,2025-05-02,19:55:00,"Unfiltered","200.8","USEPA",NA,NA
NA,"CB for HBN 1911245 (MMS/12669)","1",NA,"1819388","CB",2025-05-05,"MMS12669",NA,NA,NA,"Zinc","7440-66-6","N","200.8",0,"U",3,"LOD","ug/L",1,100,100,NA,NA,NA,NA,NA,NA,NA,NA,3,NA,".","Metals by ICP/MS",15,32,4,3,1.24,"1251731",NA,10:22:00,2025-05-02,19:55:00,"Unfiltered","200.8","USEPA",NA,NA
NA,"CB for HBN 1911245 (MMS/12669)","1",NA,"1819390","CB",2025-05-05,"MMS12669",NA,NA,NA,"Arsenic","7440-38-2","N","200.8",0,"U",1.5,"LOD","ug/L",1,100,100,NA,NA,NA,NA,NA,NA,NA,NA,3,NA,".","Metals by ICP/MS",15,3,2,1.5,0.6,"1251731",NA,10:22:00,2025-05-02,20:13:00,"Unfiltered","200.8","USEPA",NA,NA
NA,"CB for HBN 1911245 (MMS/12669)","1",NA,"1819390","CB",2025-05-05,"MMS12669",NA,NA,NA,"Cadmium","7440-43-9","N","200.8",0,"U",0.15,"LOD","ug/L",1,100,100,NA,NA,NA,NA,NA,NA,NA,NA,3,NA,".","Metals by ICP/MS",15,7,0.2,0.15,0.06,"1251731",NA,10:22:00,2025-05-02,20:13:00,"Unfiltered","200.8","USEPA",NA,NA
NA,"CB for HBN 1911245 (MMS/12669)","1",NA,"1819390","CB",2025-05-05,"MMS12669",NA,NA,NA,"Calcium","7440-70-2","N","200.8",0,"U",150,"LOD","ug/L",1,100,100,NA,NA,NA,NA,NA,NA,NA,NA,3,NA,".","Metals by ICP/MS",15,8,200,150,60,"1251731",NA,10:22:00,2025-05-02,20:13:00,"Unfiltered","200.8","USEPA",NA,NA
NA,"CB for HBN 1911245 (MMS/12669)","1",NA,"1819390","CB",2025-05-05,"MMS12669",NA,NA,NA,"Chromium","7440-47-3","N","200.8",0,"U",1.5,"LOD","ug/L",1,100,100,NA,NA,NA,NA,NA,NA,NA,NA,3,NA,".","Metals by ICP/MS",15,9,2,1.5,1,"1251731",NA,10:22:00,2025-05-02,20:13:00,"Unfiltered","200.8","USEPA",NA,NA
NA,"CB for HBN 1911245 (MMS/12669)","1",NA,"1819390","CB",2025-05-05,"MMS12669",NA,NA,NA,"Copper","7440-50-8","N","200.8",0,"U",0.9,"LOD","ug/L",1,100,100,NA,NA,NA,NA,NA,NA,NA,NA,3,NA,".","Metals by ICP/MS",15,11,1.2,0.9,0.4,"1251731",NA,10:22:00,2025-05-02,20:13:00,"Unfiltered","200.8","USEPA",NA,NA
NA,"CB for HBN 1911245 (MMS/12669)","1",NA,"1819390","CB",2025-05-05,"MMS12669",NA,NA,NA,"Iron","7439-89-6","N","200.8",0,"U",75,"LOD","ug/L",1,100,100,NA,NA,NA,NA,NA,NA,NA,NA,3,NA,".","Metals by ICP/MS",15,12,100,75,31.2,"1251731",NA,10:22:00,2025-05-02,20:13:00,"Unfiltered","200.8","USEPA",NA,NA
NA,"CB for HBN 1911245 (MMS/12669)","1",NA,"1819390","CB",2025-05-05,"MMS12669",NA,NA,NA,"Lead","7439-92-1","N","200.8",0,"U",0.6,"LOD","ug/L",1,100,100,NA,NA,NA,NA,NA,NA,NA,NA,3,NA,".","Metals by ICP/MS",15,13,0.8,0.6,0.2,"1251731",NA,10:22:00,2025-05-02,20:13:00,"Unfiltered","200.8","USEPA",NA,NA
NA,"CB for HBN 1911245 (MMS/12669)","1",NA,"1819390","CB",2025-05-05,"MMS12669",NA,NA,NA,"Magnesium","7439-95-4","N","200.8",0,"U",15,"LOD","ug/L",1,100,100,NA,NA,NA,NA,NA,NA,NA,NA,3,NA,".","Metals by ICP/MS",15,14,20,15,6,"1251731",NA,10:22:00,2025-05-02,20:13:00,"Unfiltered","200.8","USEPA",NA,NA
NA,"CB for HBN 1911245 (MMS/12669)","1",NA,"1819390","CB",2025-05-05,"MMS12669",NA,NA,NA,"Zinc","7440-66-6","N","200.8",0,"U",3,"LOD","ug/L",1,100,100,NA,NA,NA,NA,NA,NA,NA,NA,3,NA,".","Metals by ICP/MS",15,32,4,3,1.24,"1251731",NA,10:22:00,2025-05-02,20:13:00,"Unfiltered","200.8","USEPA",NA,NA
NA,"CB for HBN 1911340 [WDA/6003]","1",NA,"1819802","CB",2025-05-07,"WDA6003",NA,NA,NA,"Total Phosphorus","Total Phosph.","N","SM21 4500P-B,E",0,"U",0.03,"LOD","mg/L",1,10,10,NA,NA,NA,NA,NA,NA,NA,NA,3,NA,"T","Waters Department",20,266,0.04,0.03,0.012,"1251731",NA,11:29:00,2025-05-07,09:28:00,NA,"4500-P-E","APHA",NA,NA
NA,"CB for HBN 1911340 [WDA/6003]","1",NA,"1819804","CB",2025-05-07,"WDA6003",NA,NA,NA,"Total Phosphorus","Total Phosph.","N","SM21 4500P-B,E",0,"U",0.03,"LOD","mg/L",1,10,10,NA,NA,NA,NA,NA,NA,NA,NA,3,NA,"T","Waters Department",20,266,0.04,0.03,0.012,"1251731",NA,11:29:00,2025-05-07,09:40:00,NA,"4500-P-E","APHA",NA,NA
NA,"CB for HBN 1911340 [WDA/6003]","1",NA,"1819806","CB",2025-05-07,"WDA6003",NA,NA,NA,"Total Phosphorus","Total Phosph.","N","SM21 4500P-B,E",0,"U",0.03,"LOD","mg/L",1,10,10,NA,NA,NA,NA,NA,NA,NA,NA,3,NA,"T","Waters Department",20,266,0.04,0.03,0.012,"1251731",NA,11:30:00,2025-05-07,09:52:00,NA,"4500-P-E","APHA",NA,NA
NA,"CB for HBN 1911340 [WDA/6003]","1",NA,"1819808","CB",2025-05-07,"WDA6003",NA,NA,NA,"Total Phosphorus","Total Phosph.","N","SM21 4500P-B,E",0,"U",0.03,"LOD","mg/L",1,10,10,NA,NA,NA,NA,NA,NA,NA,NA,3,NA,"T","Waters Department",20,266,0.04,0.03,0.012,"1251731",NA,11:30:00,2025-05-07,10:03:00,NA,"4500-P-E","APHA",NA,NA
NA,"CB for HBN 1911340 [WDA/6003]","1",NA,"1819810","CB",2025-05-07,"WDA6003",NA,NA,NA,"Total Phosphorus","Total Phosph.","N","SM21 4500P-B,E",0,"U",0.03,"LOD","mg/L",1,10,10,NA,NA,NA,NA,NA,NA,NA,NA,3,NA,"T","Waters Department",20,266,0.04,0.03,0.012,"1251731",NA,11:30:00,2025-05-07,10:08:00,NA,"4500-P-E","APHA",NA,NA
NA,"CB for HBN 1911433 (MMS/12675)","1",NA,"1820093","CB",2025-05-09,"MMS12675",NA,NA,NA,"Arsenic","7440-38-2","N","200.8",0,"U",1.5,"LOD","ug/L",1,100,100,NA,NA,NA,NA,NA,NA,NA,NA,3,NA,".","Metals by ICP/MS",15,3,2,1.5,0.6,"1251731",NA,08:50:00,2025-05-08,10:43:00,"Unfiltered","200.8","USEPA",NA,NA
NA,"CB for HBN 1911433 (MMS/12675)","1",NA,"1820093","CB",2025-05-09,"MMS12675",NA,NA,NA,"Cadmium","7440-43-9","N","200.8",0,"U",0.15,"LOD","ug/L",1,100,100,NA,NA,NA,NA,NA,NA,NA,NA,3,NA,".","Metals by ICP/MS",15,7,0.2,0.15,0.06,"1251731",NA,08:50:00,2025-05-08,10:43:00,"Unfiltered","200.8","USEPA",NA,NA
NA,"CB for HBN 1911433 (MMS/12675)","1",NA,"1820093","CB",2025-05-09,"MMS12675",NA,NA,NA,"Chromium","7440-47-3","N","200.8",0,"U",1.5,"LOD","ug/L",1,100,100,NA,NA,NA,NA,NA,NA,NA,NA,3,NA,".","Metals by ICP/MS",15,9,2,1.5,1,"1251731",NA,08:50:00,2025-05-08,10:43:00,"Unfiltered","200.8","USEPA",NA,NA
NA,"CB for HBN 1911433 (MMS/12675)","1",NA,"1820093","CB",2025-05-09,"MMS12675",NA,NA,NA,"Copper","7440-50-8","N","200.8",0,"U",0.9,"LOD","ug/L",1,100,100,NA,NA,NA,NA,NA,NA,NA,NA,3,NA,".","Metals by ICP/MS",15,11,1.2,0.9,0.4,"1251731",NA,08:50:00,2025-05-08,10:43:00,"Unfiltered","200.8","USEPA",NA,NA
NA,"CB for HBN 1911433 (MMS/12675)","1",NA,"1820093","CB",2025-05-09,"MMS12675",NA,NA,NA,"Lead","7439-92-1","N","200.8",0,"U",0.6,"LOD","ug/L",1,100,100,NA,NA,NA,NA,NA,NA,NA,NA,3,NA,".","Metals by ICP/MS",15,13,0.8,0.6,0.2,"1251731",NA,08:50:00,2025-05-08,10:43:00,"Unfiltered","200.8","USEPA",NA,NA
NA,"CB for HBN 1911433 (MMS/12675)","1",NA,"1820093","CB",2025-05-09,"MMS12675",NA,NA,NA,"Zinc","7440-66-6","N","200.8",0,"U",3,"LOD","ug/L",1,100,100,NA,NA,NA,NA,NA,NA,NA,NA,3,NA,".","Metals by ICP/MS",15,32,4,3,1.24,"1251731",NA,08:50:00,2025-05-08,10:43:00,"Unfiltered","200.8","USEPA",NA,NA
NA,"CB for HBN 1911433 (MMS/12675)","1",NA,"1820095","CB",2025-05-09,"MMS12675",NA,NA,NA,"Arsenic","7440-38-2","N","200.8",0,"U",1.5,"LOD","ug/L",1,100,100,NA,NA,NA,NA,NA,NA,NA,NA,3,NA,".","Metals by ICP/MS",15,3,2,1.5,0.6,"1251731",NA,08:54:00,2025-05-08,11:20:00,"Unfiltered","200.8","USEPA",NA,NA
NA,"CB for HBN 1911433 (MMS/12675)","1",NA,"1820095","CB",2025-05-09,"MMS12675",NA,NA,NA,"Cadmium","7440-43-9","N","200.8",0,"U",0.15,"LOD","ug/L",1,100,100,NA,NA,NA,NA,NA,NA,NA,NA,3,NA,".","Metals by ICP/MS",15,7,0.2,0.15,0.06,"1251731",NA,08:54:00,2025-05-08,11:20:00,"Unfiltered","200.8","USEPA",NA,NA
NA,"CB for HBN 1911433 (MMS/12675)","1",NA,"1820095","CB",2025-05-09,"MMS12675",NA,NA,NA,"Chromium","7440-47-3","N","200.8",0,"U",1.5,"LOD","ug/L",1,100,100,NA,NA,NA,NA,NA,NA,NA,NA,3,NA,".","Metals by ICP/MS",15,9,2,1.5,1,"1251731",NA,08:54:00,2025-05-08,11:20:00,"Unfiltered","200.8","USEPA",NA,NA
NA,"CB for HBN 1911433 (MMS/12675)","1",NA,"1820095","CB",2025-05-09,"MMS12675",NA,NA,NA,"Copper","7440-50-8","N","200.8",0,"U",0.9,"LOD","ug/L",1,100,100,NA,NA,NA,NA,NA,NA,NA,NA,3,NA,".","Metals by ICP/MS",15,11,1.2,0.9,0.4,"1251731",NA,08:54:00,2025-05-08,11:20:00,"Unfiltered","200.8","USEPA",NA,NA
NA,"CB for HBN 1911433 (MMS/12675)","1",NA,"1820095","CB",2025-05-09,"MMS12675",NA,NA,NA,"Lead","7439-92-1","N","200.8",0,"U",0.6,"LOD","ug/L",1,100,100,NA,NA,NA,NA,NA,NA,NA,NA,3,NA,".","Metals by ICP/MS",15,13,0.8,0.6,0.2,"1251731",NA,08:54:00,2025-05-08,11:20:00,"Unfiltered","200.8","USEPA",NA,NA
NA,"CB for HBN 1911433 (MMS/12675)","1",NA,"1820095","CB",2025-05-09,"MMS12675",NA,NA,NA,"Zinc","7440-66-6","N","200.8",0,"U",3,"LOD","ug/L",1,100,100,NA,NA,NA,NA,NA,NA,NA,NA,3,NA,".","Metals by ICP/MS",15,32,4,3,1.24,"1251731",NA,08:54:00,2025-05-08,11:20:00,"Unfiltered","200.8","USEPA",NA,NA
NA,"CB for HBN 1911433 (MMS/12675)","1",NA,"1820097","CB",2025-05-09,"MMS12675",NA,NA,NA,"Arsenic","7440-38-2","N","200.8",0,"U",1.5,"LOD","ug/L",1,100,100,NA,NA,NA,NA,NA,NA,NA,NA,3,NA,".","Metals by ICP/MS",15,3,2,1.5,0.6,"1251731",NA,08:54:00,2025-05-08,11:53:00,"Unfiltered","200.8","USEPA",NA,NA
NA,"CB for HBN 1911433 (MMS/12675)","1",NA,"1820097","CB",2025-05-09,"MMS12675",NA,NA,NA,"Cadmium","7440-43-9","N","200.8",0,"U",0.15,"LOD","ug/L",1,100,100,NA,NA,NA,NA,NA,NA,NA,NA,3,NA,".","Metals by ICP/MS",15,7,0.2,0.15,0.06,"1251731",NA,08:54:00,2025-05-08,11:53:00,"Unfiltered","200.8","USEPA",NA,NA
NA,"CB for HBN 1911433 (MMS/12675)","1",NA,"1820097","CB",2025-05-09,"MMS12675",NA,NA,NA,"Chromium","7440-47-3","N","200.8",0,"U",1.5,"LOD","ug/L",1,100,100,NA,NA,NA,NA,NA,NA,NA,NA,3,NA,".","Metals by ICP/MS",15,9,2,1.5,1,"1251731",NA,08:54:00,2025-05-08,11:53:00,"Unfiltered","200.8","USEPA",NA,NA
NA,"CB for HBN 1911433 (MMS/12675)","1",NA,"1820097","CB",2025-05-09,"MMS12675",NA,NA,NA,"Copper","7440-50-8","N","200.8",0,"U",0.9,"LOD","ug/L",1,100,100,NA,NA,NA,NA,NA,NA,NA,NA,3,NA,".","Metals by ICP/MS",15,11,1.2,0.9,0.4,"1251731",NA,08:54:00,2025-05-08,11:53:00,"Unfiltered","200.8","USEPA",NA,NA
NA,"CB for HBN 1911433 (MMS/12675)","1",NA,"1820097","CB",2025-05-09,"MMS12675",NA,NA,NA,"Lead","7439-92-1","N","200.8",0,"U",0.6,"LOD","ug/L",1,100,100,NA,NA,NA,NA,NA,NA,NA,NA,3,NA,".","Metals by ICP/MS",15,13,0.8,0.6,0.2,"1251731",NA,08:54:00,2025-05-08,11:53:00,"Unfiltered","200.8","USEPA",NA,NA
NA,"CB for HBN 1911433 (MMS/12675)","1",NA,"1820097","CB",2025-05-09,"MMS12675",NA,NA,NA,"Zinc","7440-66-6","N","200.8",0,"U",3,"LOD","ug/L",1,100,100,NA,NA,NA,NA,NA,NA,NA,NA,3,NA,".","Metals by ICP/MS",15,32,4,3,1.24,"1251731",NA,08:54:00,2025-05-08,11:53:00,"Unfiltered","200.8","USEPA",NA,NA
NA,"CB for HBN 1911706 [WDA/6007]","1",NA,"1820636","CB",2025-05-13,"WDA6007",NA,NA,NA,"Total Phosphorus","Total Phosph.","N","SM21 4500P-B,E",0,"U",0.03,"LOD","mg/L",1,10,10,NA,NA,NA,NA,NA,NA,NA,NA,3,NA,"T","Waters Department",20,266,0.04,0.03,0.012,"1251731",NA,11:13:00,2025-05-13,10:57:00,NA,"4500-P-E","APHA",NA,NA
NA,"CB for HBN 1911780 (WFI/3187)","1",NA,"1821059","CB",2025-05-15,"WFI3187",NA,NA,NA,NA,"Nitrate","N","SM21 4500NO3-F",0,"U",0.075,"LOD","mg/L",1,5,5,NA,NA,NA,NA,NA,NA,NA,NA,3,NA,".","Waters Department",20,9,0.1,0.075,0.025,"1251731",NA,11:27:00,2025-05-14,14:09:00,NA,"4500-NO3(F)","APHA",NA,NA
NA,"CB for HBN 1911780 (WFI/3187)","1",NA,"1821059","CB",2025-05-15,"WFI3187",NA,NA,NA,NA,"Nitrite","N","SM21 4500NO3-F",0,"U",0.075,"LOD","mg/L",1,5,5,NA,NA,NA,NA,NA,NA,NA,NA,3,NA,".","Waters Department",20,10,0.1,0.075,0.025,"1251731",NA,11:27:00,2025-05-14,14:09:00,NA,"4500-NO3(F)","APHA",NA,NA
NA,"CB for HBN 1911780 (WFI/3187)","1",NA,"1821059","CB",2025-05-15,"WFI3187",NA,NA,NA,"Total Nitrate/Nitrite-N","Nitrate+Nitrite","N","SM21 4500NO3-F",0,"U",0.075,"LOD","mg/L",1,5,5,NA,NA,NA,NA,NA,NA,NA,NA,3,NA,".","Waters Department",20,11,0.1,0.075,0.025,"1251731",NA,11:27:00,2025-05-14,14:09:00,NA,"4500-NO3(F)","APHA",NA,NA
NA,"CB for HBN 1911780 (WFI/3187)","1",NA,"1821061","CB",2025-05-15,"WFI3187",NA,NA,NA,NA,"Nitrate","N","SM21 4500NO3-F",0,"U",0.075,"LOD","mg/L",1,5,5,NA,NA,NA,NA,NA,NA,NA,NA,3,NA,".","Waters Department",20,9,0.1,0.075,0.025,"1251731",NA,11:27:00,2025-05-14,14:32:00,NA,"4500-NO3(F)","APHA",NA,NA
NA,"CB for HBN 1911780 (WFI/3187)","1",NA,"1821061","CB",2025-05-15,"WFI3187",NA,NA,NA,NA,"Nitrite","N","SM21 4500NO3-F",0,"U",0.075,"LOD","mg/L",1,5,5,NA,NA,NA,NA,NA,NA,NA,NA,3,NA,".","Waters Department",20,10,0.1,0.075,0.025,"1251731",NA,11:27:00,2025-05-14,14:32:00,NA,"4500-NO3(F)","APHA",NA,NA
NA,"CB for HBN 1911780 (WFI/3187)","1",NA,"1821061","CB",2025-05-15,"WFI3187",NA,NA,NA,"Total Nitrate/Nitrite-N","Nitrate+Nitrite","N","SM21 4500NO3-F",0,"U",0.075,"LOD","mg/L",1,5,5,NA,NA,NA,NA,NA,NA,NA,NA,3,NA,".","Waters Department",20,11,0.1,0.075,0.025,"1251731",NA,11:27:00,2025-05-14,14:32:00,NA,"4500-NO3(F)","APHA",NA,NA
NA,"CB for HBN 1911780 (WFI/3187)","1",NA,"1821063","CB",2025-05-15,"WFI3187",NA,NA,NA,NA,"Nitrate","N","SM21 4500NO3-F",0,"U",0.075,"LOD","mg/L",1,5,5,NA,NA,NA,NA,NA,NA,NA,NA,3,NA,".","Waters Department",20,9,0.1,0.075,0.025,"1251731",NA,11:27:00,2025-05-14,14:42:00,NA,"4500-NO3(F)","APHA",NA,NA
NA,"CB for HBN 1911780 (WFI/3187)","1",NA,"1821063","CB",2025-05-15,"WFI3187",NA,NA,NA,NA,"Nitrite","N","SM21 4500NO3-F",0,"U",0.075,"LOD","mg/L",1,5,5,NA,NA,NA,NA,NA,NA,NA,NA,3,NA,".","Waters Department",20,10,0.1,0.075,0.025,"1251731",NA,11:27:00,2025-05-14,14:42:00,NA,"4500-NO3(F)","APHA",NA,NA
NA,"CB for HBN 1911780 (WFI/3187)","1",NA,"1821063","CB",2025-05-15,"WFI3187",NA,NA,NA,"Total Nitrate/Nitrite-N","Nitrate+Nitrite","N","SM21 4500NO3-F",0,"U",0.075,"LOD","mg/L",1,5,5,NA,NA,NA,NA,NA,NA,NA,NA,3,NA,".","Waters Department",20,11,0.1,0.075,0.025,"1251731",NA,11:27:00,2025-05-14,14:42:00,NA,"4500-NO3(F)","APHA",NA,NA
NA,"CB for HBN 1911780 (WFI/3187)","1",NA,"1821065","CB",2025-05-15,"WFI3187",NA,NA,NA,NA,"Nitrate","N","SM21 4500NO3-F",0,"U",0.075,"LOD","mg/L",1,5,5,NA,NA,NA,NA,NA,NA,NA,NA,3,NA,".","Waters Department",20,9,0.1,0.075,0.025,"1251731",NA,11:27:00,2025-05-14,15:05:00,NA,"4500-NO3(F)","APHA",NA,NA
NA,"CB for HBN 1911780 (WFI/3187)","1",NA,"1821065","CB",2025-05-15,"WFI3187",NA,NA,NA,NA,"Nitrite","N","SM21 4500NO3-F",0,"U",0.075,"LOD","mg/L",1,5,5,NA,NA,NA,NA,NA,NA,NA,NA,3,NA,".","Waters Department",20,10,0.1,0.075,0.025,"1251731",NA,11:27:00,2025-05-14,15:05:00,NA,"4500-NO3(F)","APHA",NA,NA
NA,"CB for HBN 1911780 (WFI/3187)","1",NA,"1821065","CB",2025-05-15,"WFI3187",NA,NA,NA,"Total Nitrate/Nitrite-N","Nitrate+Nitrite","N","SM21 4500NO3-F",0,"U",0.075,"LOD","mg/L",1,5,5,NA,NA,NA,NA,NA,NA,NA,NA,3,NA,".","Waters Department",20,11,0.1,0.075,0.025,"1251731",NA,11:27:00,2025-05-14,15:05:00,NA,"4500-NO3(F)","APHA",NA,NA
NA,"CB for HBN 1911780 (WFI/3187)","1",NA,"1821067","CB",2025-05-15,"WFI3187",NA,NA,NA,NA,"Nitrite","N","SM21 4500NO3-F",0,"U",0.075,"LOD","mg/L",1,5,5,NA,NA,NA,NA,NA,NA,NA,NA,3,NA,".","Waters Department",20,10,0.1,0.075,0.025,"1251731",NA,11:27:00,2025-05-14,15:28:00,NA,"4500-NO3(F)","APHA",NA,NA
NA,"CB for HBN 1911780 (WFI/3187)","1",NA,"1821069","CB",2025-05-15,"WFI3187",NA,NA,NA,NA,"Nitrate","N","SM21 4500NO3-F",0,"U",0.075,"LOD","mg/L",1,5,5,NA,NA,NA,NA,NA,NA,NA,NA,3,NA,".","Waters Department",20,9,0.1,0.075,0.025,"1251731",NA,11:27:00,2025-05-14,15:51:00,NA,"4500-NO3(F)","APHA",NA,NA
NA,"CB for HBN 1911780 (WFI/3187)","1",NA,"1821069","CB",2025-05-15,"WFI3187",NA,NA,NA,NA,"Nitrite","N","SM21 4500NO3-F",0,"U",0.075,"LOD","mg/L",1,5,5,NA,NA,NA,NA,NA,NA,NA,NA,3,NA,".","Waters Department",20,10,0.1,0.075,0.025,"1251731",NA,11:27:00,2025-05-14,15:51:00,NA,"4500-NO3(F)","APHA",NA,NA
NA,"CB for HBN 1911780 (WFI/3187)","1",NA,"1821069","CB",2025-05-15,"WFI3187",NA,NA,NA,"Total Nitrate/Nitrite-N","Nitrate+Nitrite","N","SM21 4500NO3-F",0,"U",0.075,"LOD","mg/L",1,5,5,NA,NA,NA,NA,NA,NA,NA,NA,3,NA,".","Waters Department",20,11,0.1,0.075,0.025,"1251731",NA,11:27:00,2025-05-14,15:51:00,NA,"4500-NO3(F)","APHA",NA,NA
NA,"ICB for HBN 1911706 [WDA/6007]","1",NA,"1820634","ICB",2025-05-13,"WDA6007",NA,NA,NA,"Total Phosphorus","Total Phosph.","N","SM21 4500P-B,E",0,"U",0.03,"LOD","mg/L",1,10,10,NA,NA,NA,NA,NA,NA,NA,NA,3,NA,"T","Waters Department",20,266,0.04,0.03,0.012,"1251731",NA,11:13:00,2025-05-13,10:50:00,NA,"4500-P-E","APHA",NA,NA
NA,"ICB for HBN 1911780 (WFI/3187)","1",NA,"1821056","ICB",2025-05-15,"WFI3187",NA,NA,NA,NA,"Nitrate","N","SM21 4500NO3-F",0,"U",0.075,"LOD","mg/L",1,5,5,NA,NA,NA,NA,NA,NA,NA,NA,3,NA,".","Waters Department",20,9,0.1,0.075,0.025,"1251731",NA,11:27:00,2025-05-14,13:45:00,NA,"4500-NO3(F)","APHA",NA,NA
NA,"ICB for HBN 1911780 (WFI/3187)","1",NA,"1821056","ICB",2025-05-15,"WFI3187",NA,NA,NA,NA,"Nitrite","N","SM21 4500NO3-F",0,"U",0.075,"LOD","mg/L",1,5,5,NA,NA,NA,NA,NA,NA,NA,NA,3,NA,".","Waters Department",20,10,0.1,0.075,0.025,"1251731",NA,11:27:00,2025-05-14,13:45:00,NA,"4500-NO3(F)","APHA",NA,NA
NA,"ICB for HBN 1911780 (WFI/3187)","1",NA,"1821056","ICB",2025-05-15,"WFI3187",NA,NA,NA,"Total Nitrate/Nitrite-N","Nitrate+Nitrite","N","SM21 4500NO3-F",0,"U",0.075,"LOD","mg/L",1,5,5,NA,NA,NA,NA,NA,NA,NA,NA,3,NA,".","Waters Department",20,11,0.1,0.075,0.025,"1251731",NA,11:27:00,2025-05-14,13:45:00,NA,"4500-NO3(F)","APHA",NA,NA
NA,"LABREFQC","1",2025-05-01,"1819863","OS",2025-05-07,"MMS12675","MXX37502","E200.2","05/07/2025 10:22","Arsenic","7440-38-2","N","200.8",0,"U",3.75,"LOD","ug/L",1,20,50,NA,NA,NA,NA,NA,NA,NA,NA,3,NA,".","Metals by ICP/MS",15,3,5,3.75,1.5,"1251731",10:34:00,13:44:00,2025-05-08,11:29:00,"Unfiltered","200.8","USEPA",NA,NA
NA,"LABREFQC","1",2025-05-01,"1819863","OS",2025-05-07,"MMS12675","MXX37502","E200.2","05/07/2025 10:22","Cadmium","7440-43-9","N","200.8",0,"U",0.375,"LOD","ug/L",1,20,50,NA,NA,NA,NA,NA,NA,NA,NA,3,NA,".","Metals by ICP/MS",15,7,0.5,0.375,0.15,"1251731",10:34:00,13:44:00,2025-05-08,11:29:00,"Unfiltered","200.8","USEPA",NA,NA
NA,"LABREFQC","1",2025-05-01,"1819863","OS",2025-05-07,"MMS12675","MXX37502","E200.2","05/07/2025 10:22","Chromium","7440-47-3","N","200.8",0,"U",3.75,"LOD","ug/L",1,20,50,NA,NA,NA,NA,NA,NA,NA,NA,3,NA,".","Metals by ICP/MS",15,9,5,3.75,2.5,"1251731",10:34:00,13:44:00,2025-05-08,11:29:00,"Unfiltered","200.8","USEPA",NA,NA
NA,"LABREFQC","1",2025-05-01,"1819863","OS",2025-05-07,"MMS12675","MXX37502","E200.2","05/07/2025 10:22","Copper","7440-50-8","N","200.8",0,"U",2.25,"LOD","ug/L",1,20,50,NA,NA,NA,NA,NA,NA,NA,NA,3,NA,".","Metals by ICP/MS",15,11,3,2.25,1,"1251731",10:34:00,13:44:00,2025-05-08,11:29:00,"Unfiltered","200.8","USEPA",NA,NA
NA,"LABREFQC","1",2025-05-01,"1819863","OS",2025-05-07,"MMS12675","MXX37502","E200.2","05/07/2025 10:22","Lead","7439-92-1","N","200.8",0,"U",1.5,"LOD","ug/L",1,20,50,NA,NA,NA,NA,NA,NA,NA,NA,3,NA,".","Metals by ICP/MS",15,13,2,1.5,0.5,"1251731",10:34:00,13:44:00,2025-05-08,11:29:00,"Unfiltered","200.8","USEPA",NA,NA
NA,"ICB for HBN 1911340 [WDA/6003]","1",NA,"1819800","ICB",2025-05-07,"WDA6003",NA,NA,NA,"Total Phosphorus","Total Phosph.","N","SM21 4500P-B,E",0,"U",0.03,"LOD","mg/L",1,10,10,NA,NA,NA,NA,NA,NA,NA,NA,3,NA,"T","Waters Department",20,266,0.04,0.03,0.012,"1251731",NA,11:29:00,2025-05-07,09:17:00,NA,"4500-P-E","APHA",NA,NA
NA,"MB for HBN 1911188 [MXX/37491]","1",NA,"1819181","MB",2025-05-02,"MMS12669","MXX37491","E200.2","05/02/2025 10:01","Iron","7439-89-6","N","200.8",0,"U",188,"LOD","ug/L",1,20,50,NA,NA,NA,NA,NA,NA,NA,NA,3,NA,".","Metals by ICP/MS",15,12,250,188,78,"1251731",NA,13:13:00,2025-05-02,14:40:00,"Unfiltered","200.8","USEPA",NA,NA
NA,"MB for HBN 1911188 [MXX/37491]","1",NA,"1819181","MB",2025-05-02,"MMS12669","MXX37491","E200.2","05/02/2025 10:01","Magnesium","7439-95-4","N","200.8",0,"U",37.5,"LOD","ug/L",1,20,50,NA,NA,NA,NA,NA,NA,NA,NA,3,NA,".","Metals by ICP/MS",15,14,50,37.5,15,"1251731",NA,13:13:00,2025-05-02,14:40:00,"Unfiltered","200.8","USEPA",NA,NA
NA,"MB for HBN 1911189 [MXX/37492]","1",NA,"1819186","MB",2025-05-02,"MMS12669","MXX37492","E200.2","05/02/2025 10:01","Calcium","7440-70-2","N","200.8",0,"U",375,"LOD","ug/L",1,20,50,NA,NA,NA,NA,NA,NA,NA,NA,3,NA,".","Metals by ICP/MS",15,8,500,375,150,"1251731",NA,13:15:00,2025-05-02,18:29:00,"Unfiltered","200.8","USEPA",NA,NA
NA,"MB for HBN 1911338 [WXX/15697]","1",NA,"1819791","MB",2025-05-07,"WDA6003","WXX15697","SM21 4500P-B,E","05/07/2025 07:37","Total Phosphorus","Total Phosph.","N","SM21 4500P-B,E",0,"U",0.03,"LOD","mg/L",1,25,25,NA,NA,NA,NA,NA,NA,NA,NA,3,NA,"T","Waters Department",20,266,0.04,0.03,0.012,"1251731",NA,11:26:00,2025-05-07,09:47:00,NA,"4500-P-E","APHA",NA,NA
NA,"MB for HBN 1911188 [MXX/37491]","1",NA,"1819181","MB",2025-05-02,"MMS12669","MXX37491","E200.2","05/02/2025 10:01","Calcium","7440-70-2","N","200.8",0,"U",375,"LOD","ug/L",1,20,50,NA,NA,NA,NA,NA,NA,NA,NA,3,NA,".","Metals by ICP/MS",15,8,500,375,150,"1251731",NA,13:13:00,2025-05-02,14:40:00,"Unfiltered","200.8","USEPA",NA,NA
NA,"MB for HBN 1911189 [MXX/37492]","1",NA,"1819186","MB",2025-05-02,"MMS12669","MXX37492","E200.2","05/02/2025 10:01","Iron","7439-89-6","N","200.8",0,"U",188,"LOD","ug/L",1,20,50,NA,NA,NA,NA,NA,NA,NA,NA,3,NA,".","Metals by ICP/MS",15,12,250,188,78,"1251731",NA,13:15:00,2025-05-02,18:29:00,"Unfiltered","200.8","USEPA",NA,NA
NA,"MB for HBN 1911189 [MXX/37492]","1",NA,"1819186","MB",2025-05-02,"MMS12669","MXX37492","E200.2","05/02/2025 10:01","Magnesium","7439-95-4","N","200.8",0,"U",37.5,"LOD","ug/L",1,20,50,NA,NA,NA,NA,NA,NA,NA,NA,3,NA,".","Metals by ICP/MS",15,14,50,37.5,15,"1251731",NA,13:15:00,2025-05-02,18:29:00,"Unfiltered","200.8","USEPA",NA,NA
NA,"MB for HBN 1911337 [WXX/15696]","1",NA,"1819786","MB",2025-05-07,"WDA6003","WXX15696","SM21 4500P-B,E","05/06/2025 16:56","Total Phosphorus","Total Phosph.","N","SM21 4500P-B,E",0,"U",0.03,"LOD","mg/L",1,25,25,NA,NA,NA,NA,NA,NA,NA,NA,3,NA,"T","Waters Department",20,266,0.04,0.03,0.012,"1251731",NA,11:26:00,2025-05-07,09:18:00,NA,"4500-P-E","APHA",NA,NA
NA,"MB for HBN 1911705 [WXX/15706]","1",NA,"1820627","MB",2025-05-13,"WDA6007","WXX15706","SM21 4500P-B,E","05/13/2025 09:10","Total Phosphorus","Total Phosph.","N","SM21 4500P-B,E",0,"U",0.03,"LOD","mg/L",1,25,25,NA,NA,NA,NA,NA,NA,NA,NA,3,NA,"T","Waters Department",20,266,0.04,0.03,0.012,"1251731",NA,11:12:00,2025-05-13,10:51:00,NA,"4500-P-E","APHA",NA,NA
NA,"MB for HBN 1911780 (WFI/3187)","1",NA,"1821052","MB",2025-05-15,"WFI3187",NA,NA,NA,NA,"Nitrite","N","SM21 4500NO3-F",0,"U",0.15,"LOD","mg/L",2,5,5,NA,NA,NA,NA,NA,NA,NA,NA,3,NA,".","Waters Department",20,10,0.2,0.15,0.05,"1251731",NA,11:27:00,2025-05-14,15:28:00,NA,"4500-NO3(F)","APHA",NA,NA
NA,"MB for HBN 1911780 (WFI/3187)","1",NA,"1821054","MB",2025-05-15,"WFI3187",NA,NA,NA,NA,"Nitrate","N","SM21 4500NO3-F",0,"U",0.15,"LOD","mg/L",2,5,5,NA,NA,NA,NA,NA,NA,NA,NA,3,NA,".","Waters Department",20,9,0.2,0.15,0.05,"1251731",NA,11:27:00,2025-05-14,16:13:00,NA,"4500-NO3(F)","APHA",NA,NA
NA,"MB for HBN 1911780 (WFI/3187)","1",NA,"1821054","MB",2025-05-15,"WFI3187",NA,NA,NA,NA,"Nitrite","N","SM21 4500NO3-F",0,"U",0.15,"LOD","mg/L",2,5,5,NA,NA,NA,NA,NA,NA,NA,NA,3,NA,".","Waters Department",20,10,0.2,0.15,0.05,"1251731",NA,11:27:00,2025-05-14,16:13:00,NA,"4500-NO3(F)","APHA",NA,NA
NA,"MB for HBN 1911780 (WFI/3187)","1",NA,"1821054","MB",2025-05-15,"WFI3187",NA,NA,NA,"Total Nitrate/Nitrite-N","Nitrate+Nitrite","N","SM21 4500NO3-F",0,"U",0.15,"LOD","mg/L",2,5,5,NA,NA,NA,NA,NA,NA,NA,NA,3,NA,".","Waters Department",20,11,0.2,0.15,0.05,"1251731",NA,11:27:00,2025-05-14,16:13:00,NA,"4500-NO3(F)","APHA",NA,NA
NA,"MB for HBN 1911780 (WFI/3187)","1",NA,"1821048","MB",2025-05-15,"WFI3187",NA,NA,NA,NA,"Nitrate","N","SM21 4500NO3-F",0,"U",0.15,"LOD","mg/L",2,5,5,NA,NA,NA,NA,NA,NA,NA,NA,3,NA,".","Waters Department",20,9,0.2,0.15,0.05,"1251731",NA,11:27:00,2025-05-14,13:45:00,NA,"4500-NO3(F)","APHA",NA,NA
NA,"MB for HBN 1911780 (WFI/3187)","1",NA,"1821048","MB",2025-05-15,"WFI3187",NA,NA,NA,NA,"Nitrite","N","SM21 4500NO3-F",0,"U",0.15,"LOD","mg/L",2,5,5,NA,NA,NA,NA,NA,NA,NA,NA,3,NA,".","Waters Department",20,10,0.2,0.15,0.05,"1251731",NA,11:27:00,2025-05-14,13:45:00,NA,"4500-NO3(F)","APHA",NA,NA
NA,"MB for HBN 1911780 (WFI/3187)","1",NA,"1821048","MB",2025-05-15,"WFI3187",NA,NA,NA,"Total Nitrate/Nitrite-N","Nitrate+Nitrite","N","SM21 4500NO3-F",0,"U",0.15,"LOD","mg/L",2,5,5,NA,NA,NA,NA,NA,NA,NA,NA,3,NA,".","Waters Department",20,11,0.2,0.15,0.05,"1251731",NA,11:27:00,2025-05-14,13:45:00,NA,"4500-NO3(F)","APHA",NA,NA
NA,"MB for HBN 1911780 (WFI/3187)","1",NA,"1821050","MB",2025-05-15,"WFI3187",NA,NA,NA,NA,"Nitrate","N","SM21 4500NO3-F",0,"U",0.15,"LOD","mg/L",2,5,5,NA,NA,NA,NA,NA,NA,NA,NA,3,NA,".","Waters Department",20,9,0.2,0.15,0.05,"1251731",NA,11:27:00,2025-05-14,14:42:00,NA,"4500-NO3(F)","APHA",NA,NA
NA,"MB for HBN 1911780 (WFI/3187)","1",NA,"1821050","MB",2025-05-15,"WFI3187",NA,NA,NA,NA,"Nitrite","N","SM21 4500NO3-F",0,"U",0.15,"LOD","mg/L",2,5,5,NA,NA,NA,NA,NA,NA,NA,NA,3,NA,".","Waters Department",20,10,0.2,0.15,0.05,"1251731",NA,11:27:00,2025-05-14,14:42:00,NA,"4500-NO3(F)","APHA",NA,NA
NA,"MB for HBN 1911780 (WFI/3187)","1",NA,"1821050","MB",2025-05-15,"WFI3187",NA,NA,NA,"Total Nitrate/Nitrite-N","Nitrate+Nitrite","N","SM21 4500NO3-F",0,"U",0.15,"LOD","mg/L",2,5,5,NA,NA,NA,NA,NA,NA,NA,NA,3,NA,".","Waters Department",20,11,0.2,0.15,0.05,"1251731",NA,11:27:00,2025-05-14,14:42:00,NA,"4500-NO3(F)","APHA",NA,NA
NA,"MB for HBN 1911188 [MXX/37491]","1",NA,"1819181","MB",2025-05-02,"MMS12669","MXX37491","E200.2","05/02/2025 10:01","Copper","7440-50-8","N","200.8",0,"U",2.25,"LOD","ug/L",1,20,50,NA,NA,NA,NA,NA,NA,NA,NA,3,"(<1000)",".","Metals by ICP/MS",15,11,3,2.25,1,"1251731",NA,13:13:00,2025-05-02,14:40:00,"Unfiltered","200.8","USEPA",NA,NA
NA,"MB for HBN 1911188 [MXX/37491]","1",NA,"1819181","MB",2025-05-02,"MMS12669","MXX37491","E200.2","05/02/2025 10:01","Zinc","7440-66-6","N","200.8",0,"U",7.5,"LOD","ug/L",1,20,50,NA,NA,NA,NA,NA,NA,NA,NA,3,"(<5000)",".","Metals by ICP/MS",15,32,10,7.5,3.1,"1251731",NA,13:13:00,2025-05-02,14:40:00,"Unfiltered","200.8","USEPA",NA,NA
NA,"MB for HBN 1911189 [MXX/37492]","1",NA,"1819186","MB",2025-05-02,"MMS12669","MXX37492","E200.2","05/02/2025 10:01","Arsenic","7440-38-2","N","200.8",0,"U",3.75,"LOD","ug/L",1,20,50,NA,NA,NA,NA,NA,NA,NA,NA,3,"(<10)",".","Metals by ICP/MS",15,3,5,3.75,1.5,"1251731",NA,13:15:00,2025-05-02,18:29:00,"Unfiltered","200.8","USEPA",NA,NA
NA,"MB for HBN 1911189 [MXX/37492]","1",NA,"1819186","MB",2025-05-02,"MMS12669","MXX37492","E200.2","05/02/2025 10:01","Cadmium","7440-43-9","N","200.8",0,"U",0.375,"LOD","ug/L",1,20,50,NA,NA,NA,NA,NA,NA,NA,NA,3,"(<5)",".","Metals by ICP/MS",15,7,0.5,0.375,0.15,"1251731",NA,13:15:00,2025-05-02,18:29:00,"Unfiltered","200.8","USEPA",NA,NA
NA,"MB for HBN 1911354 [MXX/37502]","1",NA,"1819865","MB",2025-05-07,"MMS12675","MXX37502","E200.2","05/07/2025 10:22","Arsenic","7440-38-2","N","200.8",0,"U",3.75,"LOD","ug/L",1,20,50,NA,NA,NA,NA,NA,NA,NA,NA,3,"(<10)",".","Metals by ICP/MS",15,3,5,3.75,1.5,"1251731",NA,13:46:00,2025-05-08,10:48:00,"Unfiltered","200.8","USEPA",NA,NA
NA,"MB for HBN 1911354 [MXX/37502]","1",NA,"1819865","MB",2025-05-07,"MMS12675","MXX37502","E200.2","05/07/2025 10:22","Cadmium","7440-43-9","N","200.8",0,"U",0.375,"LOD","ug/L",1,20,50,NA,NA,NA,NA,NA,NA,NA,NA,3,"(<5)",".","Metals by ICP/MS",15,7,0.5,0.375,0.15,"1251731",NA,13:46:00,2025-05-08,10:48:00,"Unfiltered","200.8","USEPA",NA,NA
NA,"MB for HBN 1911354 [MXX/37502]","1",NA,"1819865","MB",2025-05-07,"MMS12675","MXX37502","E200.2","05/07/2025 10:22","Chromium","7440-47-3","N","200.8",0,"U",3.75,"LOD","ug/L",1,20,50,NA,NA,NA,NA,NA,NA,NA,NA,3,"(<100)",".","Metals by ICP/MS",15,9,5,3.75,2.5,"1251731",NA,13:46:00,2025-05-08,10:48:00,"Unfiltered","200.8","USEPA",NA,NA
NA,"MB for HBN 1911354 [MXX/37502]","1",NA,"1819865","MB",2025-05-07,"MMS12675","MXX37502","E200.2","05/07/2025 10:22","Copper","7440-50-8","N","200.8",0,"U",2.25,"LOD","ug/L",1,20,50,NA,NA,NA,NA,NA,NA,NA,NA,3,"(<1000)",".","Metals by ICP/MS",15,11,3,2.25,1,"1251731",NA,13:46:00,2025-05-08,10:48:00,"Unfiltered","200.8","USEPA",NA,NA
NA,"MB for HBN 1911354 [MXX/37502]","1",NA,"1819865","MB",2025-05-07,"MMS12675","MXX37502","E200.2","05/07/2025 10:22","Lead","7439-92-1","N","200.8",0,"U",1.5,"LOD","ug/L",1,20,50,NA,NA,NA,NA,NA,NA,NA,NA,3,"(<15)",".","Metals by ICP/MS",15,13,2,1.5,0.5,"1251731",NA,13:46:00,2025-05-08,10:48:00,"Unfiltered","200.8","USEPA",NA,NA
NA,"MB for HBN 1911354 [MXX/37502]","1",NA,"1819865","MB",2025-05-07,"MMS12675","MXX37502","E200.2","05/07/2025 10:22","Zinc","7440-66-6","N","200.8",0,"U",7.5,"LOD","ug/L",1,20,50,NA,NA,NA,NA,NA,NA,NA,NA,3,"(<5000)",".","Metals by ICP/MS",15,32,10,7.5,3.1,"1251731",NA,13:46:00,2025-05-08,10:48:00,"Unfiltered","200.8","USEPA",NA,NA
NA,"MB for HBN 1911189 [MXX/37492]","1",NA,"1819186","MB",2025-05-02,"MMS12669","MXX37492","E200.2","05/02/2025 10:01","Chromium","7440-47-3","N","200.8",0,"U",3.75,"LOD","ug/L",1,20,50,NA,NA,NA,NA,NA,NA,NA,NA,3,"(<100)",".","Metals by ICP/MS",15,9,5,3.75,2.5,"1251731",NA,13:15:00,2025-05-02,18:29:00,"Unfiltered","200.8","USEPA",NA,NA
NA,"MB for HBN 1911189 [MXX/37492]","1",NA,"1819186","MB",2025-05-02,"MMS12669","MXX37492","E200.2","05/02/2025 10:01","Copper","7440-50-8","N","200.8",0,"U",2.25,"LOD","ug/L",1,20,50,NA,NA,NA,NA,NA,NA,NA,NA,3,"(<1000)",".","Metals by ICP/MS",15,11,3,2.25,1,"1251731",NA,13:15:00,2025-05-02,18:29:00,"Unfiltered","200.8","USEPA",NA,NA
NA,"MB for HBN 1911189 [MXX/37492]","1",NA,"1819186","MB",2025-05-02,"MMS12669","MXX37492","E200.2","05/02/2025 10:01","Lead","7439-92-1","N","200.8",0,"U",1.5,"LOD","ug/L",1,20,50,NA,NA,NA,NA,NA,NA,NA,NA,3,"(<15)",".","Metals by ICP/MS",15,13,2,1.5,0.5,"1251731",NA,13:15:00,2025-05-02,18:29:00,"Unfiltered","200.8","USEPA",NA,NA
NA,"MB for HBN 1911189 [MXX/37492]","1",NA,"1819186","MB",2025-05-02,"MMS12669","MXX37492","E200.2","05/02/2025 10:01","Zinc","7440-66-6","N","200.8",0,"U",7.5,"LOD","ug/L",1,20,50,NA,NA,NA,NA,NA,NA,NA,NA,3,"(<5000)",".","Metals by ICP/MS",15,32,10,7.5,3.1,"1251731",NA,13:15:00,2025-05-02,18:29:00,"Unfiltered","200.8","USEPA",NA,NA
NA,"LABREFQC","9",2025-05-08,"1251876001","OS",2025-05-08,"WFI3187",NA,NA,NA,"Total Nitrate/Nitrite-N","Nitrate+Nitrite","N","SM21 4500NO3-F",5.26,"=",0.2,"LOQ","mg/L",2,5,5,NA,NA,NA,NA,NA,NA,NA,NA,3,"(<10)",".","Waters Department",20,11,0.2,0.15,0.05,"1251731",11:45:00,12:18:00,2025-05-14,14:13:00,NA,"4500-NO3(F)","APHA",NA,NA
NA,"LABREFQC","1",2025-04-30,"1251717001","OS",2025-04-30,"WDA6003","WXX15696","SM21 4500P-B,E","05/06/2025 16:56","Total Phosphorus","Total Phosph.","N","SM21 4500P-B,E",0.0205,"J",0.03,"LOD","mg/L",1,25,25,NA,NA,NA,NA,NA,NA,NA,NA,3,NA,"T","Waters Department",20,266,0.04,0.03,0.012,"1251731",10:30:00,12:56:00,2025-05-07,09:21:00,NA,"4500-P-E","APHA",NA,NA
NA,"CB for HBN 1911780 (WFI/3187)","1",NA,"1821067","CB",2025-05-15,"WFI3187",NA,NA,NA,NA,"Nitrate","N","SM21 4500NO3-F",0.0685,"J",0.075,"LOD","mg/L",1,5,5,NA,NA,NA,NA,NA,NA,NA,NA,3,NA,".","Waters Department",20,9,0.1,0.075,0.025,"1251731",NA,11:27:00,2025-05-14,15:28:00,NA,"4500-NO3(F)","APHA",NA,NA
NA,"CB for HBN 1911780 (WFI/3187)","1",NA,"1821067","CB",2025-05-15,"WFI3187",NA,NA,NA,"Total Nitrate/Nitrite-N","Nitrate+Nitrite","N","SM21 4500NO3-F",0.0685,"J",0.075,"LOD","mg/L",1,5,5,NA,NA,NA,NA,NA,NA,NA,NA,3,NA,".","Waters Department",20,11,0.1,0.075,0.025,"1251731",NA,11:27:00,2025-05-14,15:28:00,NA,"4500-NO3(F)","APHA",NA,NA
NA,"LABREFQC","1",2025-05-01,"1819863","OS",2025-05-07,"MMS12675","MXX37502","E200.2","05/07/2025 10:22","Zinc","7440-66-6","N","200.8",3.59,"J",7.5,"LOD","ug/L",1,20,50,NA,NA,NA,NA,NA,NA,NA,NA,3,NA,".","Metals by ICP/MS",15,32,10,7.5,3.1,"1251731",10:34:00,13:44:00,2025-05-08,11:29:00,"Unfiltered","200.8","USEPA",NA,NA
NA,"LABREFQC","1",2025-04-28,"1819180","OS",2025-05-02,"MMS12669","MXX37491","E200.2","05/02/2025 10:01","Copper","7440-50-8","N","200.8",67,"=",2.25,"LOD","ug/L",1,20,50,NA,NA,NA,NA,NA,NA,NA,NA,3,NA,".","Metals by ICP/MS",15,11,3,2.25,1,"1251731",09:45:00,13:13:00,2025-05-02,14:54:00,"Unfiltered","200.8","USEPA",NA,NA
NA,"LABREFQC","1",2025-04-28,"1819180","OS",2025-05-02,"MMS12669","MXX37491","E200.2","05/02/2025 10:01","Iron","7439-89-6","N","200.8",9250,"=",188,"LOD","ug/L",1,20,50,NA,NA,NA,NA,NA,NA,NA,NA,3,NA,".","Metals by ICP/MS",15,12,250,188,78,"1251731",09:45:00,13:13:00,2025-05-02,14:54:00,"Unfiltered","200.8","USEPA",NA,NA
NA,"LABREFQC","1",2025-04-28,"1819180","OS",2025-05-02,"MMS12669","MXX37491","E200.2","05/02/2025 10:01","Magnesium","7439-95-4","N","200.8",6070,"=",37.5,"LOD","ug/L",1,20,50,NA,NA,NA,NA,NA,NA,NA,NA,3,NA,".","Metals by ICP/MS",15,14,50,37.5,15,"1251731",09:45:00,13:13:00,2025-05-02,14:54:00,"Unfiltered","200.8","USEPA",NA,NA
NA,"LABREFQC","1",2025-04-28,"1819180","OS",2025-05-02,"MMS12669","MXX37491","E200.2","05/02/2025 10:01","Zinc","7440-66-6","N","200.8",245,"=",7.5,"LOD","ug/L",1,20,50,NA,NA,NA,NA,NA,NA,NA,NA,3,NA,".","Metals by ICP/MS",15,32,10,7.5,3.1,"1251731",09:45:00,13:13:00,2025-05-02,14:54:00,"Unfiltered","200.8","USEPA",NA,NA
NA,"LABREFQC","1",2025-04-28,"1819180","OS",2025-05-02,"MMS12669","MXX37491","E200.2","05/02/2025 10:01","Calcium","7440-70-2","N","200.8",50000,"=",3750,"LOD","ug/L",10,20,50,NA,NA,NA,NA,NA,NA,NA,NA,3,NA,".","Metals by ICP/MS",15,8,5000,3750,1500,"1251731",09:45:00,13:13:00,2025-05-02,16:30:00,"Unfiltered","200.8","USEPA",NA,NA
NA,"LABREFQC","1",2025-04-29,"1251737001","OS",2025-05-01,"WFI3187",NA,NA,NA,"Total Nitrate/Nitrite-N","Nitrate+Nitrite","N","SM21 4500NO3-F",0.0984,"J",0.15,"LOD","mg/L",2,5,5,NA,NA,NA,NA,NA,NA,NA,NA,3,NA,".","Waters Department",20,11,0.2,0.15,0.05,"1251731",15:30:00,08:58:00,2025-05-14,15:31:00,NA,"4500-NO3(F)","APHA",NA,NA
NA,"MB for HBN 1911780 (WFI/3187)","1",NA,"1821052","MB",2025-05-15,"WFI3187",NA,NA,NA,NA,"Nitrate","N","SM21 4500NO3-F",0.137,"J",0.15,"LOD","mg/L",2,5,5,NA,NA,NA,NA,NA,NA,NA,NA,3,NA,".","Waters Department",20,9,0.2,0.15,0.05,"1251731",NA,11:27:00,2025-05-14,15:28:00,NA,"4500-NO3(F)","APHA",NA,NA
NA,"MB for HBN 1911780 (WFI/3187)","1",NA,"1821052","MB",2025-05-15,"WFI3187",NA,NA,NA,"Total Nitrate/Nitrite-N","Nitrate+Nitrite","N","SM21 4500NO3-F",0.137,"J",0.15,"LOD","mg/L",2,5,5,NA,NA,NA,NA,NA,NA,NA,NA,3,NA,".","Waters Department",20,11,0.2,0.15,0.05,"1251731",NA,11:27:00,2025-05-14,15:28:00,NA,"4500-NO3(F)","APHA",NA,NA
NA,"1251717001 MS FOR [WXX15696]","1",2025-04-30,"1819789","MS",2025-04-30,"WDA6003","WXX15696","SM21 4500P-B,E","05/06/2025 16:56","Total Phosphorus","Total Phosph.","N","SM21 4500P-B,E",0.217,"=",0.03,"LOD","mg/L",1,25,25,0.2,98.2,75,125,0.0205,NA,NA,NA,3,NA,"T","Waters Department",20,266,0.04,0.03,0.012,"1251731",10:30:00,12:56:00,2025-05-07,09:22:00,NA,"4500-P-E","APHA",NA,NA
NA,"1251717001 MSD FOR [WXX15696]","1",2025-04-30,"1819790","MSD",2025-04-30,"WDA6003","WXX15696","SM21 4500P-B,E","05/06/2025 16:56","Total Phosphorus","Total Phosph.","N","SM21 4500P-B,E",0.222,"=",0.03,"LOD","mg/L",1,25,25,0.2,101,75,125,0.0205,2.3,0,7,3,NA,"T","Waters Department",20,266,0.04,0.03,0.012,"1251731",10:30:00,12:56:00,2025-05-07,09:22:00,NA,"4500-P-E","APHA",NA,NA
NA,"1251731002MS","1",2025-04-30,"1820630","MS",2025-04-30,"WDA6007","WXX15706","SM21 4500P-B,E","05/13/2025 09:10","Total Phosphorus","Total Phosph.","N","SM21 4500P-B,E",1.57,"=",0.15,"LOD","mg/L",1,5,25,1,110,75,125,0.473,NA,NA,NA,3,NA,"T","Waters Department",20,266,0.2,0.15,0.06,"1251731",10:23:00,15:53:00,2025-05-13,10:55:00,NA,"4500-P-E","APHA",NA,NA
NA,"1251731002MSD","1",2025-04-30,"1820631","MSD",2025-04-30,"WDA6007","WXX15706","SM21 4500P-B,E","05/13/2025 09:10","Total Phosphorus","Total Phosph.","N","SM21 4500P-B,E",1.58,"=",0.15,"LOD","mg/L",1,5,25,1,111,75,125,0.473,0.44,0,7,3,NA,"T","Waters Department",20,266,0.2,0.15,0.06,"1251731",10:23:00,15:53:00,2025-05-13,10:56:00,NA,"4500-P-E","APHA",NA,NA
NA,"1251731006MS","1",2025-04-30,"1820969","MS",2025-04-30,"WFI3187",NA,NA,NA,"Total Nitrate/Nitrite-N","Nitrate+Nitrite","N","SM21 4500NO3-F",5.93,"=",0.15,"LOD","mg/L",2,5,5,5,114,90,110,0.222,NA,NA,NA,3,NA,".","Waters Department",20,11,0.2,0.15,0.05,"1251731",10:47:00,15:53:00,2025-05-14,14:48:00,NA,"4500-NO3(F)","APHA",NA,NA
NA,"1251731006MSD","1",2025-04-30,"1820970","MSD",2025-04-30,"WFI3187",NA,NA,NA,"Total Nitrate/Nitrite-N","Nitrate+Nitrite","N","SM21 4500NO3-F",5.61,"=",0.15,"LOD","mg/L",2,5,5,5,108,90,110,0.222,5.7,0,25,3,NA,".","Waters Department",20,11,0.2,0.15,0.05,"1251731",10:47:00,15:53:00,2025-05-14,14:49:00,NA,"4500-NO3(F)","APHA",NA,NA
NA,"1251731014MS","1",2025-04-30,"1819794","MS",2025-04-30,"WDA6003","WXX15697","SM21 4500P-B,E","05/07/2025 07:37","Total Phosphorus","Total Phosph.","N","SM21 4500P-B,E",0.245,"=",0.03,"LOD","mg/L",1,25,25,0.2,104,75,125,0.0377,NA,NA,NA,3,NA,"T","Waters Department",20,266,0.04,0.03,0.012,"1251731",11:05:00,15:53:00,2025-05-07,09:53:00,NA,"4500-P-E","APHA",NA,NA
NA,"1251731014MSD","1",2025-04-30,"1819795","MSD",2025-04-30,"WDA6003","WXX15697","SM21 4500P-B,E","05/07/2025 07:37","Total Phosphorus","Total Phosph.","N","SM21 4500P-B,E",0.243,"=",0.03,"LOD","mg/L",1,25,25,0.2,103,75,125,0.0377,0.94,0,7,3,NA,"T","Waters Department",20,266,0.04,0.03,0.012,"1251731",11:05:00,15:53:00,2025-05-07,09:54:00,NA,"4500-P-E","APHA",NA,NA
NA,"1251731015MS","1",2025-04-30,"1819189","MS",2025-04-30,"MMS12669","MXX37492","E200.2","05/02/2025 10:01","Arsenic","7440-38-2","N","200.8",1020,"=",3.75,"LOD","ug/L",1,20,50,1000,102,70,130,1.24,NA,NA,NA,3,"(<10)",".","Metals by ICP/MS",15,3,5,3.75,1.5,"1251731",09:26:00,15:53:00,2025-05-02,18:50:00,"Unfiltered","200.8","USEPA",NA,NA
NA,"1251731015MS","1",2025-04-30,"1819189","MS",2025-04-30,"MMS12669","MXX37492","E200.2","05/02/2025 10:01","Cadmium","7440-43-9","N","200.8",105,"=",0.375,"LOD","ug/L",1,20,50,100,105,70,130,0,NA,NA,NA,3,"(<5)",".","Metals by ICP/MS",15,7,0.5,0.375,0.15,"1251731",09:26:00,15:53:00,2025-05-02,18:50:00,"Unfiltered","200.8","USEPA",NA,NA
NA,"1251731015MS","1",2025-04-30,"1819189","MS",2025-04-30,"MMS12669","MXX37492","E200.2","05/02/2025 10:01","Calcium","7440-70-2","N","200.8",24800,"=",375,"LOD","ug/L",1,20,50,10000,104,70,130,14400,NA,NA,NA,3,NA,".","Metals by ICP/MS",15,8,500,375,150,"1251731",09:26:00,15:53:00,2025-05-02,18:50:00,"Unfiltered","200.8","USEPA",NA,NA
NA,"1251731015MS","1",2025-04-30,"1819189","MS",2025-04-30,"MMS12669","MXX37492","E200.2","05/02/2025 10:01","Chromium","7440-47-3","N","200.8",406,"=",3.75,"LOD","ug/L",1,20,50,400,101,70,130,0.385,NA,NA,NA,3,"(<100)",".","Metals by ICP/MS",15,9,5,3.75,2.5,"1251731",09:26:00,15:53:00,2025-05-02,18:50:00,"Unfiltered","200.8","USEPA",NA,NA
NA,"1251731015MS","1",2025-04-30,"1819189","MS",2025-04-30,"MMS12669","MXX37492","E200.2","05/02/2025 10:01","Copper","7440-50-8","N","200.8",1030,"=",2.25,"LOD","ug/L",1,20,50,1000,103,70,130,0.773,NA,NA,NA,3,"(<1000)",".","Metals by ICP/MS",15,11,3,2.25,1,"1251731",09:26:00,15:53:00,2025-05-02,18:50:00,"Unfiltered","200.8","USEPA",NA,NA
NA,"1251731015MS","1",2025-04-30,"1819189","MS",2025-04-30,"MMS12669","MXX37492","E200.2","05/02/2025 10:01","Iron","7439-89-6","N","200.8",5440,"=",188,"LOD","ug/L",1,20,50,5000,106,70,130,128,NA,NA,NA,3,NA,".","Metals by ICP/MS",15,12,250,188,78,"1251731",09:26:00,15:53:00,2025-05-02,18:50:00,"Unfiltered","200.8","USEPA",NA,NA
NA,"1251731015MS","1",2025-04-30,"1819189","MS",2025-04-30,"MMS12669","MXX37492","E200.2","05/02/2025 10:01","Lead","7439-92-1","N","200.8",1050,"=",1.5,"LOD","ug/L",1,20,50,1000,105,70,130,0.0775,NA,NA,NA,3,"(<15)",".","Metals by ICP/MS",15,13,2,1.5,0.5,"1251731",09:26:00,15:53:00,2025-05-02,18:50:00,"Unfiltered","200.8","USEPA",NA,NA
NA,"1251731015MS","1",2025-04-30,"1819189","MS",2025-04-30,"MMS12669","MXX37492","E200.2","05/02/2025 10:01","Magnesium","7439-95-4","N","200.8",11400,"=",37.5,"LOD","ug/L",1,20,50,10000,103,70,130,1110,NA,NA,NA,3,NA,".","Metals by ICP/MS",15,14,50,37.5,15,"1251731",09:26:00,15:53:00,2025-05-02,18:50:00,"Unfiltered","200.8","USEPA",NA,NA
NA,"1251731015MS","1",2025-04-30,"1819189","MS",2025-04-30,"MMS12669","MXX37492","E200.2","05/02/2025 10:01","Zinc","7440-66-6","N","200.8",1040,"=",7.5,"LOD","ug/L",1,20,50,1000,102,70,130,12.9,NA,NA,NA,3,"(<5000)",".","Metals by ICP/MS",15,32,10,7.5,3.1,"1251731",09:26:00,15:53:00,2025-05-02,18:50:00,"Unfiltered","200.8","USEPA",NA,NA
NA,"1251731016MS","1",2025-04-30,"1819190","MS",2025-04-30,"MMS12669","MXX37492","E200.2","05/02/2025 10:01","Arsenic","7440-38-2","N","200.8",1010,"=",3.75,"LOD","ug/L",1,20,50,1000,101,70,130,1.23,NA,NA,NA,3,"(<10)",".","Metals by ICP/MS",15,3,5,3.75,1.5,"1251731",09:48:00,15:53:00,2025-05-02,18:56:00,"Unfiltered","200.8","USEPA",NA,NA
NA,"1251731016MS","1",2025-04-30,"1819190","MS",2025-04-30,"MMS12669","MXX37492","E200.2","05/02/2025 10:01","Cadmium","7440-43-9","N","200.8",105,"=",0.375,"LOD","ug/L",1,20,50,100,105,70,130,0.0025,NA,NA,NA,3,"(<5)",".","Metals by ICP/MS",15,7,0.5,0.375,0.15,"1251731",09:48:00,15:53:00,2025-05-02,18:56:00,"Unfiltered","200.8","USEPA",NA,NA
NA,"1251731016MS","1",2025-04-30,"1819190","MS",2025-04-30,"MMS12669","MXX37492","E200.2","05/02/2025 10:01","Calcium","7440-70-2","N","200.8",24000,"=",375,"LOD","ug/L",1,20,50,10000,102,70,130,13800,NA,NA,NA,3,NA,".","Metals by ICP/MS",15,8,500,375,150,"1251731",09:48:00,15:53:00,2025-05-02,18:56:00,"Unfiltered","200.8","USEPA",NA,NA
NA,"1251731016MS","1",2025-04-30,"1819190","MS",2025-04-30,"MMS12669","MXX37492","E200.2","05/02/2025 10:01","Chromium","7440-47-3","N","200.8",405,"=",3.75,"LOD","ug/L",1,20,50,400,101,70,130,0.388,NA,NA,NA,3,"(<100)",".","Metals by ICP/MS",15,9,5,3.75,2.5,"1251731",09:48:00,15:53:00,2025-05-02,18:56:00,"Unfiltered","200.8","USEPA",NA,NA
NA,"1251731016MS","1",2025-04-30,"1819190","MS",2025-04-30,"MMS12669","MXX37492","E200.2","05/02/2025 10:01","Copper","7440-50-8","N","200.8",1030,"=",2.25,"LOD","ug/L",1,20,50,1000,103,70,130,0.623,NA,NA,NA,3,"(<1000)",".","Metals by ICP/MS",15,11,3,2.25,1,"1251731",09:48:00,15:53:00,2025-05-02,18:56:00,"Unfiltered","200.8","USEPA",NA,NA
NA,"1251731016MS","1",2025-04-30,"1819190","MS",2025-04-30,"MMS12669","MXX37492","E200.2","05/02/2025 10:01","Iron","7439-89-6","N","200.8",5400,"=",188,"LOD","ug/L",1,20,50,5000,106,70,130,119,NA,NA,NA,3,NA,".","Metals by ICP/MS",15,12,250,188,78,"1251731",09:48:00,15:53:00,2025-05-02,18:56:00,"Unfiltered","200.8","USEPA",NA,NA
NA,"1251731016MS","1",2025-04-30,"1819190","MS",2025-04-30,"MMS12669","MXX37492","E200.2","05/02/2025 10:01","Lead","7439-92-1","N","200.8",1040,"=",1.5,"LOD","ug/L",1,20,50,1000,104,70,130,0.09,NA,NA,NA,3,"(<15)",".","Metals by ICP/MS",15,13,2,1.5,0.5,"1251731",09:48:00,15:53:00,2025-05-02,18:56:00,"Unfiltered","200.8","USEPA",NA,NA
NA,"1251731016MS","1",2025-04-30,"1819190","MS",2025-04-30,"MMS12669","MXX37492","E200.2","05/02/2025 10:01","Magnesium","7439-95-4","N","200.8",11300,"=",37.5,"LOD","ug/L",1,20,50,10000,102,70,130,1060,NA,NA,NA,3,NA,".","Metals by ICP/MS",15,14,50,37.5,15,"1251731",09:48:00,15:53:00,2025-05-02,18:56:00,"Unfiltered","200.8","USEPA",NA,NA
NA,"1251731016MS","1",2025-04-30,"1819190","MS",2025-04-30,"MMS12669","MXX37492","E200.2","05/02/2025 10:01","Zinc","7440-66-6","N","200.8",1040,"=",7.5,"LOD","ug/L",1,20,50,1000,104,70,130,2.66,NA,NA,NA,3,"(<5000)",".","Metals by ICP/MS",15,32,10,7.5,3.1,"1251731",09:48:00,15:53:00,2025-05-02,18:56:00,"Unfiltered","200.8","USEPA",NA,NA
NA,"1251737001 MS FOR [WFI3187]","1",2025-04-29,"1820971","MS",2025-05-01,"WFI3187",NA,NA,NA,"Total Nitrate/Nitrite-N","Nitrate+Nitrite","N","SM21 4500NO3-F",6.34,"=",0.15,"LOD","mg/L",2,5,5,5,125,90,110,0.0984,NA,NA,NA,3,NA,".","Waters Department",20,11,0.2,0.15,0.05,"1251731",15:30:00,08:58:00,2025-05-14,15:33:00,NA,"4500-NO3(F)","APHA",NA,NA
NA,"1251737001 MSD FOR [WFI3187]","1",2025-04-29,"1820972","MSD",2025-05-01,"WFI3187",NA,NA,NA,"Total Nitrate/Nitrite-N","Nitrate+Nitrite","N","SM21 4500NO3-F",6.27,"=",0.15,"LOD","mg/L",2,5,5,5,124,90,110,0.0984,1.1,0,25,3,NA,".","Waters Department",20,11,0.2,0.15,0.05,"1251731",15:30:00,08:58:00,2025-05-14,15:35:00,NA,"4500-NO3(F)","APHA",NA,NA
NA,"1251876001 MS FOR [WFI3187]","9",2025-05-08,"1820967","MS",2025-05-08,"WFI3187",NA,NA,NA,"Total Nitrate/Nitrite-N","Nitrate+Nitrite","N","SM21 4500NO3-F",9.66,"=",0.15,"LOD","mg/L",2,5,5,5,88,90,110,5.26,NA,NA,NA,3,NA,".","Waters Department",20,11,0.2,0.15,0.05,"1251731",11:45:00,12:18:00,2025-05-14,14:14:00,NA,"4500-NO3(F)","APHA",NA,NA
NA,"1251876001 MSD FOR [WFI3187]","9",2025-05-08,"1820968","MSD",2025-05-08,"WFI3187",NA,NA,NA,"Total Nitrate/Nitrite-N","Nitrate+Nitrite","N","SM21 4500NO3-F",9.43,"=",0.15,"LOD","mg/L",2,5,5,5,83.5,90,110,5.26,2.4,0,25,3,NA,".","Waters Department",20,11,0.2,0.15,0.05,"1251731",11:45:00,12:18:00,2025-05-14,14:16:00,NA,"4500-NO3(F)","APHA",NA,NA
NA,"1819180 MS FOR [MXX37491]","1",2025-04-28,"1819185","MS",2025-05-02,"MMS12669","MXX37491","E200.2","05/02/2025 10:01","Copper","7440-50-8","N","200.8",1100,"=",2.25,"LOD","ug/L",1,20,50,1000,103,70,130,67,NA,NA,NA,3,"(<1000)",".","Metals by ICP/MS",15,11,3,2.25,1,"1251731",09:45:00,13:13:00,2025-05-02,14:57:00,"Unfiltered","200.8","USEPA",NA,NA
NA,"1819180 MS FOR [MXX37491]","1",2025-04-28,"1819185","MS",2025-05-02,"MMS12669","MXX37491","E200.2","05/02/2025 10:01","Iron","7439-89-6","N","200.8",14900,"=",188,"LOD","ug/L",1,20,50,5000,113,70,130,9250,NA,NA,NA,3,NA,".","Metals by ICP/MS",15,12,250,188,78,"1251731",09:45:00,13:13:00,2025-05-02,14:57:00,"Unfiltered","200.8","USEPA",NA,NA
NA,"1819180 MS FOR [MXX37491]","1",2025-04-28,"1819185","MS",2025-05-02,"MMS12669","MXX37491","E200.2","05/02/2025 10:01","Magnesium","7439-95-4","N","200.8",16500,"=",37.5,"LOD","ug/L",1,20,50,10000,104,70,130,6070,NA,NA,NA,3,NA,".","Metals by ICP/MS",15,14,50,37.5,15,"1251731",09:45:00,13:13:00,2025-05-02,14:57:00,"Unfiltered","200.8","USEPA",NA,NA
NA,"1819180 MS FOR [MXX37491]","1",2025-04-28,"1819185","MS",2025-05-02,"MMS12669","MXX37491","E200.2","05/02/2025 10:01","Zinc","7440-66-6","N","200.8",1270,"=",7.5,"LOD","ug/L",1,20,50,1000,102,70,130,245,NA,NA,NA,3,"(<5000)",".","Metals by ICP/MS",15,32,10,7.5,3.1,"1251731",09:45:00,13:13:00,2025-05-02,14:57:00,"Unfiltered","200.8","USEPA",NA,NA
NA,"1819180 MS FOR [MXX37491]","1",2025-04-28,"1819185","MS",2025-05-02,"MMS12669","MXX37491","E200.2","05/02/2025 10:01","Calcium","7440-70-2","N","200.8",61800,"=",3750,"LOD","ug/L",10,20,50,10000,118,70,130,50000,NA,NA,NA,3,NA,".","Metals by ICP/MS",15,8,5000,3750,1500,"1251731",09:45:00,13:13:00,2025-05-02,16:33:00,"Unfiltered","200.8","USEPA",NA,NA
NA,"1819863 MS FOR [MXX37502]","1",2025-05-01,"1819868","MS",2025-05-07,"MMS12675","MXX37502","E200.2","05/07/2025 10:22","Arsenic","7440-38-2","N","200.8",884,"=",3.75,"LOD","ug/L",1,20,50,1000,88.4,70,130,0,NA,NA,NA,3,"(<10)",".","Metals by ICP/MS",15,3,5,3.75,1.5,"1251731",10:34:00,13:44:00,2025-05-08,11:32:00,"Unfiltered","200.8","USEPA",NA,NA
NA,"1819863 MS FOR [MXX37502]","1",2025-05-01,"1819868","MS",2025-05-07,"MMS12675","MXX37502","E200.2","05/07/2025 10:22","Cadmium","7440-43-9","N","200.8",90.6,"=",0.375,"LOD","ug/L",1,20,50,100,90.6,70,130,0,NA,NA,NA,3,"(<5)",".","Metals by ICP/MS",15,7,0.5,0.375,0.15,"1251731",10:34:00,13:44:00,2025-05-08,11:32:00,"Unfiltered","200.8","USEPA",NA,NA
NA,"1819863 MS FOR [MXX37502]","1",2025-05-01,"1819868","MS",2025-05-07,"MMS12675","MXX37502","E200.2","05/07/2025 10:22","Chromium","7440-47-3","N","200.8",354,"=",3.75,"LOD","ug/L",1,20,50,400,88.4,70,130,0,NA,NA,NA,3,"(<100)",".","Metals by ICP/MS",15,9,5,3.75,2.5,"1251731",10:34:00,13:44:00,2025-05-08,11:32:00,"Unfiltered","200.8","USEPA",NA,NA
NA,"1819863 MS FOR [MXX37502]","1",2025-05-01,"1819868","MS",2025-05-07,"MMS12675","MXX37502","E200.2","05/07/2025 10:22","Copper","7440-50-8","N","200.8",914,"=",2.25,"LOD","ug/L",1,20,50,1000,91.4,70,130,0,NA,NA,NA,3,"(<1000)",".","Metals by ICP/MS",15,11,3,2.25,1,"1251731",10:34:00,13:44:00,2025-05-08,11:32:00,"Unfiltered","200.8","USEPA",NA,NA
NA,"1819863 MS FOR [MXX37502]","1",2025-05-01,"1819868","MS",2025-05-07,"MMS12675","MXX37502","E200.2","05/07/2025 10:22","Lead","7439-92-1","N","200.8",889,"=",1.5,"LOD","ug/L",1,20,50,1000,88.9,70,130,0,NA,NA,NA,3,"(<15)",".","Metals by ICP/MS",15,13,2,1.5,0.5,"1251731",10:34:00,13:44:00,2025-05-08,11:32:00,"Unfiltered","200.8","USEPA",NA,NA
NA,"1819863 MS FOR [MXX37502]","1",2025-05-01,"1819868","MS",2025-05-07,"MMS12675","MXX37502","E200.2","05/07/2025 10:22","Zinc","7440-66-6","N","200.8",893,"=",7.5,"LOD","ug/L",1,20,50,1000,89,70,130,3.59,NA,NA,NA,3,"(<5000)",".","Metals by ICP/MS",15,32,10,7.5,3.1,"1251731",10:34:00,13:44:00,2025-05-08,11:32:00,"Unfiltered","200.8","USEPA",NA,NA
NA,"LCSD for HBN 1911337 [WXX/1569","1",NA,"1819788","LCSD",2025-05-07,"WDA6003","WXX15696","SM21 4500P-B,E","05/06/2025 16:56","Total Phosphorus","Total Phosph.","N","SM21 4500P-B,E",0.199,"=",0.03,"LOD","mg/L",1,25,25,0.2,99.4,75,125,NA,0.1,0,25,3,NA,"T","Waters Department",20,266,0.04,0.03,0.012,"1251731",NA,11:26:00,2025-05-07,09:20:00,NA,"4500-P-E","APHA",NA,NA
NA,"LCSD for HBN 1911338 [WXX/1569","1",NA,"1819793","LCSD",2025-05-07,"WDA6003","WXX15697","SM21 4500P-B,E","05/07/2025 07:37","Total Phosphorus","Total Phosph.","N","SM21 4500P-B,E",0.2,"=",0.03,"LOD","mg/L",1,25,25,0.2,100,75,125,NA,3.8,0,25,3,NA,"T","Waters Department",20,266,0.04,0.03,0.012,"1251731",NA,11:26:00,2025-05-07,09:49:00,NA,"4500-P-E","APHA",NA,NA
NA,"LCSD for HBN 1911705 [WXX/1570","1",NA,"1820629","LCSD",2025-05-13,"WDA6007","WXX15706","SM21 4500P-B,E","05/13/2025 09:10","Total Phosphorus","Total Phosph.","N","SM21 4500P-B,E",0.18,"=",0.03,"LOD","mg/L",1,25,25,0.2,90,75,125,NA,8,0,25,3,NA,"T","Waters Department",20,266,0.04,0.03,0.012,"1251731",NA,11:12:00,2025-05-13,10:53:00,NA,"4500-P-E","APHA",NA,NA
NA,"LCS for HBN 1911189 [MXX/37492","1",NA,"1819187","LCS",2025-05-02,"MMS12669","MXX37492","E200.2","05/02/2025 10:01","Chromium","7440-47-3","N","200.8",397,"=",3.75,"LOD","ug/L",1,20,50,400,99.3,85,115,NA,NA,NA,NA,3,"(<100)",".","Metals by ICP/MS",15,9,5,3.75,2.5,"1251731",NA,13:15:00,2025-05-02,18:32:00,"Unfiltered","200.8","USEPA",NA,NA
NA,"LCS for HBN 1911189 [MXX/37492","1",NA,"1819187","LCS",2025-05-02,"MMS12669","MXX37492","E200.2","05/02/2025 10:01","Copper","7440-50-8","N","200.8",1010,"=",2.25,"LOD","ug/L",1,20,50,1000,101,85,115,NA,NA,NA,NA,3,"(<1000)",".","Metals by ICP/MS",15,11,3,2.25,1,"1251731",NA,13:15:00,2025-05-02,18:32:00,"Unfiltered","200.8","USEPA",NA,NA
NA,"LCS for HBN 1911189 [MXX/37492","1",NA,"1819187","LCS",2025-05-02,"MMS12669","MXX37492","E200.2","05/02/2025 10:01","Lead","7439-92-1","N","200.8",1010,"=",1.5,"LOD","ug/L",1,20,50,1000,101,85,115,NA,NA,NA,NA,3,"(<15)",".","Metals by ICP/MS",15,13,2,1.5,0.5,"1251731",NA,13:15:00,2025-05-02,18:32:00,"Unfiltered","200.8","USEPA",NA,NA
NA,"LCS for HBN 1911189 [MXX/37492","1",NA,"1819187","LCS",2025-05-02,"MMS12669","MXX37492","E200.2","05/02/2025 10:01","Zinc","7440-66-6","N","200.8",1010,"=",7.5,"LOD","ug/L",1,20,50,1000,101,85,115,NA,NA,NA,NA,3,"(<5000)",".","Metals by ICP/MS",15,32,10,7.5,3.1,"1251731",NA,13:15:00,2025-05-02,18:32:00,"Unfiltered","200.8","USEPA",NA,NA
NA,"LCS for HBN 1911188 [MXX/37491","1",NA,"1819182","LCS",2025-05-02,"MMS12669","MXX37491","E200.2","05/02/2025 10:01","Copper","7440-50-8","N","200.8",1030,"=",2.25,"LOD","ug/L",1,20,50,1000,103,85,115,NA,NA,NA,NA,3,"(<1000)",".","Metals by ICP/MS",15,11,3,2.25,1,"1251731",NA,13:13:00,2025-05-02,14:43:00,"Unfiltered","200.8","USEPA",NA,NA
NA,"LCS for HBN 1911188 [MXX/37491","1",NA,"1819182","LCS",2025-05-02,"MMS12669","MXX37491","E200.2","05/02/2025 10:01","Zinc","7440-66-6","N","200.8",1020,"=",7.5,"LOD","ug/L",1,20,50,1000,102,85,115,NA,NA,NA,NA,3,"(<5000)",".","Metals by ICP/MS",15,32,10,7.5,3.1,"1251731",NA,13:13:00,2025-05-02,14:43:00,"Unfiltered","200.8","USEPA",NA,NA
NA,"LCS for HBN 1911189 [MXX/37492","1",NA,"1819187","LCS",2025-05-02,"MMS12669","MXX37492","E200.2","05/02/2025 10:01","Arsenic","7440-38-2","N","200.8",990,"=",3.75,"LOD","ug/L",1,20,50,1000,99,85,115,NA,NA,NA,NA,3,"(<10)",".","Metals by ICP/MS",15,3,5,3.75,1.5,"1251731",NA,13:15:00,2025-05-02,18:32:00,"Unfiltered","200.8","USEPA",NA,NA
NA,"LCS for HBN 1911189 [MXX/37492","1",NA,"1819187","LCS",2025-05-02,"MMS12669","MXX37492","E200.2","05/02/2025 10:01","Cadmium","7440-43-9","N","200.8",102,"=",0.375,"LOD","ug/L",1,20,50,100,102,85,115,NA,NA,NA,NA,3,"(<5)",".","Metals by ICP/MS",15,7,0.5,0.375,0.15,"1251731",NA,13:15:00,2025-05-02,18:32:00,"Unfiltered","200.8","USEPA",NA,NA
NA,"LCS for HBN 1911354 [MXX/37502","1",NA,"1819866","LCS",2025-05-07,"MMS12675","MXX37502","E200.2","05/07/2025 10:22","Arsenic","7440-38-2","N","200.8",985,"=",3.75,"LOD","ug/L",1,20,50,1000,98.5,85,115,NA,NA,NA,NA,3,"(<10)",".","Metals by ICP/MS",15,3,5,3.75,1.5,"1251731",NA,13:46:00,2025-05-08,10:51:00,"Unfiltered","200.8","USEPA",NA,NA
NA,"LCS for HBN 1911354 [MXX/37502","1",NA,"1819866","LCS",2025-05-07,"MMS12675","MXX37502","E200.2","05/07/2025 10:22","Cadmium","7440-43-9","N","200.8",102,"=",0.375,"LOD","ug/L",1,20,50,100,102,85,115,NA,NA,NA,NA,3,"(<5)",".","Metals by ICP/MS",15,7,0.5,0.375,0.15,"1251731",NA,13:46:00,2025-05-08,10:51:00,"Unfiltered","200.8","USEPA",NA,NA
NA,"LCS for HBN 1911354 [MXX/37502","1",NA,"1819866","LCS",2025-05-07,"MMS12675","MXX37502","E200.2","05/07/2025 10:22","Chromium","7440-47-3","N","200.8",401,"=",3.75,"LOD","ug/L",1,20,50,400,100,85,115,NA,NA,NA,NA,3,"(<100)",".","Metals by ICP/MS",15,9,5,3.75,2.5,"1251731",NA,13:46:00,2025-05-08,10:51:00,"Unfiltered","200.8","USEPA",NA,NA
NA,"LCS for HBN 1911354 [MXX/37502","1",NA,"1819866","LCS",2025-05-07,"MMS12675","MXX37502","E200.2","05/07/2025 10:22","Copper","7440-50-8","N","200.8",1030,"=",2.25,"LOD","ug/L",1,20,50,1000,103,85,115,NA,NA,NA,NA,3,"(<1000)",".","Metals by ICP/MS",15,11,3,2.25,1,"1251731",NA,13:46:00,2025-05-08,10:51:00,"Unfiltered","200.8","USEPA",NA,NA
NA,"LCS for HBN 1911354 [MXX/37502","1",NA,"1819866","LCS",2025-05-07,"MMS12675","MXX37502","E200.2","05/07/2025 10:22","Lead","7439-92-1","N","200.8",994,"=",1.5,"LOD","ug/L",1,20,50,1000,99.4,85,115,NA,NA,NA,NA,3,"(<15)",".","Metals by ICP/MS",15,13,2,1.5,0.5,"1251731",NA,13:46:00,2025-05-08,10:51:00,"Unfiltered","200.8","USEPA",NA,NA
NA,"LCS for HBN 1911354 [MXX/37502","1",NA,"1819866","LCS",2025-05-07,"MMS12675","MXX37502","E200.2","05/07/2025 10:22","Zinc","7440-66-6","N","200.8",1000,"=",7.5,"LOD","ug/L",1,20,50,1000,100,85,115,NA,NA,NA,NA,3,"(<5000)",".","Metals by ICP/MS",15,32,10,7.5,3.1,"1251731",NA,13:46:00,2025-05-08,10:51:00,"Unfiltered","200.8","USEPA",NA,NA
NA,"LLQC for HBN 1911188 [MXX/3749","1",NA,"1819183","LLQC",2025-05-02,"MMS12669","MXX37491","E200.2","05/02/2025 10:01","Copper","7440-50-8","N","200.8",1.19,"J",2.25,"LOD","ug/L",1,20,50,1,119,NA,NA,NA,NA,NA,NA,3,"(<1000)",".","Metals by ICP/MS",15,11,3,2.25,1,"1251731",NA,13:13:00,2025-05-02,14:46:00,"Unfiltered","200.8","USEPA",NA,NA
NA,"LLQC for HBN 1911189 [MXX/3749","1",NA,"1819188","LLQC",2025-05-02,"MMS12669","MXX37492","E200.2","05/02/2025 10:01","Lead","7439-92-1","N","200.8",0,"U",1.5,"LOD","ug/L",1,20,50,0.2,0,NA,NA,NA,NA,NA,NA,3,"(<15)",".","Metals by ICP/MS",15,13,2,1.5,0.5,"1251731",NA,13:15:00,2025-05-02,18:35:00,"Unfiltered","200.8","USEPA",NA,NA
NA,"LLQC for HBN 1911189 [MXX/3749","1",NA,"1819188","LLQC",2025-05-02,"MMS12669","MXX37492","E200.2","05/02/2025 10:01","Zinc","7440-66-6","N","200.8",7.36,"J",7.5,"LOD","ug/L",1,20,50,5,147,NA,NA,NA,NA,NA,NA,3,"(<5000)",".","Metals by ICP/MS",15,32,10,7.5,3.1,"1251731",NA,13:15:00,2025-05-02,18:35:00,"Unfiltered","200.8","USEPA",NA,NA
NA,"LLQC for HBN 1911354 [MXX/3750","1",NA,"1819867","LLQC",2025-05-07,"MMS12675","MXX37502","E200.2","05/07/2025 10:22","Arsenic","7440-38-2","N","200.8",2.89,"J",3.75,"LOD","ug/L",1,20,50,5,57.8,NA,NA,NA,NA,NA,NA,3,"(<10)",".","Metals by ICP/MS",15,3,5,3.75,1.5,"1251731",NA,13:46:00,2025-05-08,10:54:00,"Unfiltered","200.8","USEPA",NA,NA
NA,"LLQC for HBN 1911354 [MXX/3750","1",NA,"1819867","LLQC",2025-05-07,"MMS12675","MXX37502","E200.2","05/07/2025 10:22","Cadmium","7440-43-9","N","200.8",0.26,"J",0.375,"LOD","ug/L",1,20,50,0.5,52,NA,NA,NA,NA,NA,NA,3,"(<5)",".","Metals by ICP/MS",15,7,0.5,0.375,0.15,"1251731",NA,13:46:00,2025-05-08,10:54:00,"Unfiltered","200.8","USEPA",NA,NA
NA,"LLQC for HBN 1911354 [MXX/3750","1",NA,"1819867","LLQC",2025-05-07,"MMS12675","MXX37502","E200.2","05/07/2025 10:22","Chromium","7440-47-3","N","200.8",0,"U",3.75,"LOD","ug/L",1,20,50,2,0,NA,NA,NA,NA,NA,NA,3,"(<100)",".","Metals by ICP/MS",15,9,5,3.75,2.5,"1251731",NA,13:46:00,2025-05-08,10:54:00,"Unfiltered","200.8","USEPA",NA,NA
NA,"LLQC for HBN 1911188 [MXX/3749","1",NA,"1819183","LLQC",2025-05-02,"MMS12669","MXX37491","E200.2","05/02/2025 10:01","Zinc","7440-66-6","N","200.8",6.62,"J",7.5,"LOD","ug/L",1,20,50,5,132,NA,NA,NA,NA,NA,NA,3,"(<5000)",".","Metals by ICP/MS",15,32,10,7.5,3.1,"1251731",NA,13:13:00,2025-05-02,14:46:00,"Unfiltered","200.8","USEPA",NA,NA
NA,"LLQC for HBN 1911189 [MXX/3749","1",NA,"1819188","LLQC",2025-05-02,"MMS12669","MXX37492","E200.2","05/02/2025 10:01","Arsenic","7440-38-2","N","200.8",5.01,"=",3.75,"LOD","ug/L",1,20,50,5,100,NA,NA,NA,NA,NA,NA,3,"(<10)",".","Metals by ICP/MS",15,3,5,3.75,1.5,"1251731",NA,13:15:00,2025-05-02,18:35:00,"Unfiltered","200.8","USEPA",NA,NA
NA,"LLQC for HBN 1911189 [MXX/3749","1",NA,"1819188","LLQC",2025-05-02,"MMS12669","MXX37492","E200.2","05/02/2025 10:01","Cadmium","7440-43-9","N","200.8",0.545,"=",0.375,"LOD","ug/L",1,20,50,0.5,109,NA,NA,NA,NA,NA,NA,3,"(<5)",".","Metals by ICP/MS",15,7,0.5,0.375,0.15,"1251731",NA,13:15:00,2025-05-02,18:35:00,"Unfiltered","200.8","USEPA",NA,NA
NA,"LLQC for HBN 1911189 [MXX/3749","1",NA,"1819188","LLQC",2025-05-02,"MMS12669","MXX37492","E200.2","05/02/2025 10:01","Chromium","7440-47-3","N","200.8",0,"U",3.75,"LOD","ug/L",1,20,50,2,0,NA,NA,NA,NA,NA,NA,3,"(<100)",".","Metals by ICP/MS",15,9,5,3.75,2.5,"1251731",NA,13:15:00,2025-05-02,18:35:00,"Unfiltered","200.8","USEPA",NA,NA
NA,"LLQC for HBN 1911189 [MXX/3749","1",NA,"1819188","LLQC",2025-05-02,"MMS12669","MXX37492","E200.2","05/02/2025 10:01","Copper","7440-50-8","N","200.8",1.47,"J",2.25,"LOD","ug/L",1,20,50,1,147,NA,NA,NA,NA,NA,NA,3,"(<1000)",".","Metals by ICP/MS",15,11,3,2.25,1,"1251731",NA,13:15:00,2025-05-02,18:35:00,"Unfiltered","200.8","USEPA",NA,NA
NA,"LLQC for HBN 1911354 [MXX/3750","1",NA,"1819867","LLQC",2025-05-07,"MMS12675","MXX37502","E200.2","05/07/2025 10:22","Copper","7440-50-8","N","200.8",0,"U",2.25,"LOD","ug/L",1,20,50,1,0,NA,NA,NA,NA,NA,NA,3,"(<1000)",".","Metals by ICP/MS",15,11,3,2.25,1,"1251731",NA,13:46:00,2025-05-08,10:54:00,"Unfiltered","200.8","USEPA",NA,NA
NA,"LLQC for HBN 1911354 [MXX/3750","1",NA,"1819867","LLQC",2025-05-07,"MMS12675","MXX37502","E200.2","05/07/2025 10:22","Lead","7439-92-1","N","200.8",0,"U",1.5,"LOD","ug/L",1,20,50,0.2,0,NA,NA,NA,NA,NA,NA,3,"(<15)",".","Metals by ICP/MS",15,13,2,1.5,0.5,"1251731",NA,13:46:00,2025-05-08,10:54:00,"Unfiltered","200.8","USEPA",NA,NA
NA,"LLQC for HBN 1911354 [MXX/3750","1",NA,"1819867","LLQC",2025-05-07,"MMS12675","MXX37502","E200.2","05/07/2025 10:22","Zinc","7440-66-6","N","200.8",4.93,"J",7.5,"LOD","ug/L",1,20,50,5,98.6,NA,NA,NA,NA,NA,NA,3,"(<5000)",".","Metals by ICP/MS",15,32,10,7.5,3.1,"1251731",NA,13:46:00,2025-05-08,10:54:00,"Unfiltered","200.8","USEPA",NA,NA
NA,"CCV for HBN 1911245 (MMS/12669","1",NA,"1819369","CCV",2025-05-05,"MMS12669",NA,NA,NA,"Arsenic","7440-38-2","N","200.8",50,"=",1.5,"LOD","ug/L",1,100,100,50,100,85,115,NA,NA,NA,NA,3,NA,".","Metals by ICP/MS",15,3,2,1.5,0.6,"1251731",NA,10:07:00,2025-05-02,14:20:00,"Unfiltered","200.8","USEPA",NA,NA
NA,"CCV for HBN 1911245 (MMS/12669","1",NA,"1819369","CCV",2025-05-05,"MMS12669",NA,NA,NA,"Cadmium","7440-43-9","N","200.8",24.6,"=",0.15,"LOD","ug/L",1,100,100,25,98.6,85,115,NA,NA,NA,NA,3,NA,".","Metals by ICP/MS",15,7,0.2,0.15,0.06,"1251731",NA,10:07:00,2025-05-02,14:20:00,"Unfiltered","200.8","USEPA",NA,NA
NA,"CCV for HBN 1911245 (MMS/12669","1",NA,"1819369","CCV",2025-05-05,"MMS12669",NA,NA,NA,"Calcium","7440-70-2","N","200.8",2480,"=",150,"LOD","ug/L",1,100,100,2500,99.1,85,115,NA,NA,NA,NA,3,NA,".","Metals by ICP/MS",15,8,200,150,60,"1251731",NA,10:07:00,2025-05-02,14:20:00,"Unfiltered","200.8","USEPA",NA,NA
NA,"CCV for HBN 1911245 (MMS/12669","1",NA,"1819369","CCV",2025-05-05,"MMS12669",NA,NA,NA,"Chromium","7440-47-3","N","200.8",50.5,"=",1.5,"LOD","ug/L",1,100,100,50,101,85,115,NA,NA,NA,NA,3,NA,".","Metals by ICP/MS",15,9,2,1.5,1,"1251731",NA,10:07:00,2025-05-02,14:20:00,"Unfiltered","200.8","USEPA",NA,NA
NA,"CCV for HBN 1911245 (MMS/12669","1",NA,"1819369","CCV",2025-05-05,"MMS12669",NA,NA,NA,"Copper","7440-50-8","N","200.8",51.3,"=",0.9,"LOD","ug/L",1,100,100,50,103,85,115,NA,NA,NA,NA,3,NA,".","Metals by ICP/MS",15,11,1.2,0.9,0.4,"1251731",NA,10:07:00,2025-05-02,14:20:00,"Unfiltered","200.8","USEPA",NA,NA
NA,"CCV for HBN 1911245 (MMS/12669","1",NA,"1819369","CCV",2025-05-05,"MMS12669",NA,NA,NA,"Iron","7439-89-6","N","200.8",2530,"=",75,"LOD","ug/L",1,100,100,2500,101,85,115,NA,NA,NA,NA,3,NA,".","Metals by ICP/MS",15,12,100,75,31.2,"1251731",NA,10:07:00,2025-05-02,14:20:00,"Unfiltered","200.8","USEPA",NA,NA
NA,"CCV for HBN 1911245 (MMS/12669","1",NA,"1819369","CCV",2025-05-05,"MMS12669",NA,NA,NA,"Lead","7439-92-1","N","200.8",10.1,"=",0.6,"LOD","ug/L",1,100,100,10,101,85,115,NA,NA,NA,NA,3,NA,".","Metals by ICP/MS",15,13,0.8,0.6,0.2,"1251731",NA,10:07:00,2025-05-02,14:20:00,"Unfiltered","200.8","USEPA",NA,NA
NA,"CCV for HBN 1911245 (MMS/12669","1",NA,"1819369","CCV",2025-05-05,"MMS12669",NA,NA,NA,"Magnesium","7439-95-4","N","200.8",2550,"=",15,"LOD","ug/L",1,100,100,2500,102,85,115,NA,NA,NA,NA,3,NA,".","Metals by ICP/MS",15,14,20,15,6,"1251731",NA,10:07:00,2025-05-02,14:20:00,"Unfiltered","200.8","USEPA",NA,NA
NA,"CCV for HBN 1911245 (MMS/12669","1",NA,"1819369","CCV",2025-05-05,"MMS12669",NA,NA,NA,"Zinc","7440-66-6","N","200.8",50.6,"=",3,"LOD","ug/L",1,100,100,50,101,85,115,NA,NA,NA,NA,3,NA,".","Metals by ICP/MS",15,32,4,3,1.24,"1251731",NA,10:07:00,2025-05-02,14:20:00,"Unfiltered","200.8","USEPA",NA,NA
NA,"CCV for HBN 1911245 (MMS/12669","1",NA,"1819371","CCV",2025-05-05,"MMS12669",NA,NA,NA,"Arsenic","7440-38-2","N","200.8",50.2,"=",1.5,"LOD","ug/L",1,100,100,50,100,85,115,NA,NA,NA,NA,3,NA,".","Metals by ICP/MS",15,3,2,1.5,0.6,"1251731",NA,10:07:00,2025-05-02,15:09:00,"Unfiltered","200.8","USEPA",NA,NA
NA,"CCV for HBN 1911245 (MMS/12669","1",NA,"1819371","CCV",2025-05-05,"MMS12669",NA,NA,NA,"Cadmium","7440-43-9","N","200.8",25.1,"=",0.15,"LOD","ug/L",1,100,100,25,101,85,115,NA,NA,NA,NA,3,NA,".","Metals by ICP/MS",15,7,0.2,0.15,0.06,"1251731",NA,10:07:00,2025-05-02,15:09:00,"Unfiltered","200.8","USEPA",NA,NA
NA,"CCV for HBN 1911245 (MMS/12669","1",NA,"1819371","CCV",2025-05-05,"MMS12669",NA,NA,NA,"Calcium","7440-70-2","N","200.8",2500,"=",150,"LOD","ug/L",1,100,100,2500,100,85,115,NA,NA,NA,NA,3,NA,".","Metals by ICP/MS",15,8,200,150,60,"1251731",NA,10:07:00,2025-05-02,15:09:00,"Unfiltered","200.8","USEPA",NA,NA
NA,"CCV for HBN 1911245 (MMS/12669","1",NA,"1819371","CCV",2025-05-05,"MMS12669",NA,NA,NA,"Chromium","7440-47-3","N","200.8",50.6,"=",1.5,"LOD","ug/L",1,100,100,50,101,85,115,NA,NA,NA,NA,3,NA,".","Metals by ICP/MS",15,9,2,1.5,1,"1251731",NA,10:07:00,2025-05-02,15:09:00,"Unfiltered","200.8","USEPA",NA,NA
NA,"CCV for HBN 1911245 (MMS/12669","1",NA,"1819371","CCV",2025-05-05,"MMS12669",NA,NA,NA,"Copper","7440-50-8","N","200.8",51.3,"=",0.9,"LOD","ug/L",1,100,100,50,103,85,115,NA,NA,NA,NA,3,NA,".","Metals by ICP/MS",15,11,1.2,0.9,0.4,"1251731",NA,10:07:00,2025-05-02,15:09:00,"Unfiltered","200.8","USEPA",NA,NA
NA,"CCV for HBN 1911245 (MMS/12669","1",NA,"1819371","CCV",2025-05-05,"MMS12669",NA,NA,NA,"Iron","7439-89-6","N","200.8",2550,"=",75,"LOD","ug/L",1,100,100,2500,102,85,115,NA,NA,NA,NA,3,NA,".","Metals by ICP/MS",15,12,100,75,31.2,"1251731",NA,10:07:00,2025-05-02,15:09:00,"Unfiltered","200.8","USEPA",NA,NA
NA,"CCV for HBN 1911245 (MMS/12669","1",NA,"1819371","CCV",2025-05-05,"MMS12669",NA,NA,NA,"Lead","7439-92-1","N","200.8",10.2,"=",0.6,"LOD","ug/L",1,100,100,10,102,85,115,NA,NA,NA,NA,3,NA,".","Metals by ICP/MS",15,13,0.8,0.6,0.2,"1251731",NA,10:07:00,2025-05-02,15:09:00,"Unfiltered","200.8","USEPA",NA,NA
NA,"CCV for HBN 1911245 (MMS/12669","1",NA,"1819371","CCV",2025-05-05,"MMS12669",NA,NA,NA,"Magnesium","7439-95-4","N","200.8",2570,"=",15,"LOD","ug/L",1,100,100,2500,103,85,115,NA,NA,NA,NA,3,NA,".","Metals by ICP/MS",15,14,20,15,6,"1251731",NA,10:07:00,2025-05-02,15:09:00,"Unfiltered","200.8","USEPA",NA,NA
NA,"CCV for HBN 1911245 (MMS/12669","1",NA,"1819371","CCV",2025-05-05,"MMS12669",NA,NA,NA,"Zinc","7440-66-6","N","200.8",51.1,"=",3,"LOD","ug/L",1,100,100,50,102,85,115,NA,NA,NA,NA,3,NA,".","Metals by ICP/MS",15,32,4,3,1.24,"1251731",NA,10:07:00,2025-05-02,15:09:00,"Unfiltered","200.8","USEPA",NA,NA
NA,"CCV for HBN 1911245 (MMS/12669","1",NA,"1819373","CCV",2025-05-05,"MMS12669",NA,NA,NA,"Arsenic","7440-38-2","N","200.8",49.9,"=",1.5,"LOD","ug/L",1,100,100,50,99.8,85,115,NA,NA,NA,NA,3,NA,".","Metals by ICP/MS",15,3,2,1.5,0.6,"1251731",NA,10:07:00,2025-05-02,15:45:00,"Unfiltered","200.8","USEPA",NA,NA
NA,"CCV for HBN 1911245 (MMS/12669","1",NA,"1819373","CCV",2025-05-05,"MMS12669",NA,NA,NA,"Cadmium","7440-43-9","N","200.8",24.9,"=",0.15,"LOD","ug/L",1,100,100,25,99.7,85,115,NA,NA,NA,NA,3,NA,".","Metals by ICP/MS",15,7,0.2,0.15,0.06,"1251731",NA,10:07:00,2025-05-02,15:45:00,"Unfiltered","200.8","USEPA",NA,NA
NA,"CCV for HBN 1911245 (MMS/12669","1",NA,"1819373","CCV",2025-05-05,"MMS12669",NA,NA,NA,"Calcium","7440-70-2","N","200.8",2490,"=",150,"LOD","ug/L",1,100,100,2500,99.7,85,115,NA,NA,NA,NA,3,NA,".","Metals by ICP/MS",15,8,200,150,60,"1251731",NA,10:07:00,2025-05-02,15:45:00,"Unfiltered","200.8","USEPA",NA,NA
NA,"CCV for HBN 1911245 (MMS/12669","1",NA,"1819373","CCV",2025-05-05,"MMS12669",NA,NA,NA,"Chromium","7440-47-3","N","200.8",51.2,"=",1.5,"LOD","ug/L",1,100,100,50,102,85,115,NA,NA,NA,NA,3,NA,".","Metals by ICP/MS",15,9,2,1.5,1,"1251731",NA,10:07:00,2025-05-02,15:45:00,"Unfiltered","200.8","USEPA",NA,NA
NA,"CCV for HBN 1911245 (MMS/12669","1",NA,"1819373","CCV",2025-05-05,"MMS12669",NA,NA,NA,"Copper","7440-50-8","N","200.8",51.5,"=",0.9,"LOD","ug/L",1,100,100,50,103,85,115,NA,NA,NA,NA,3,NA,".","Metals by ICP/MS",15,11,1.2,0.9,0.4,"1251731",NA,10:07:00,2025-05-02,15:45:00,"Unfiltered","200.8","USEPA",NA,NA
NA,"CCV for HBN 1911245 (MMS/12669","1",NA,"1819373","CCV",2025-05-05,"MMS12669",NA,NA,NA,"Iron","7439-89-6","N","200.8",2580,"=",75,"LOD","ug/L",1,100,100,2500,103,85,115,NA,NA,NA,NA,3,NA,".","Metals by ICP/MS",15,12,100,75,31.2,"1251731",NA,10:07:00,2025-05-02,15:45:00,"Unfiltered","200.8","USEPA",NA,NA
NA,"CCV for HBN 1911245 (MMS/12669","1",NA,"1819373","CCV",2025-05-05,"MMS12669",NA,NA,NA,"Lead","7439-92-1","N","200.8",10.2,"=",0.6,"LOD","ug/L",1,100,100,10,102,85,115,NA,NA,NA,NA,3,NA,".","Metals by ICP/MS",15,13,0.8,0.6,0.2,"1251731",NA,10:07:00,2025-05-02,15:45:00,"Unfiltered","200.8","USEPA",NA,NA
NA,"CCV for HBN 1911245 (MMS/12669","1",NA,"1819373","CCV",2025-05-05,"MMS12669",NA,NA,NA,"Magnesium","7439-95-4","N","200.8",2600,"=",15,"LOD","ug/L",1,100,100,2500,104,85,115,NA,NA,NA,NA,3,NA,".","Metals by ICP/MS",15,14,20,15,6,"1251731",NA,10:07:00,2025-05-02,15:45:00,"Unfiltered","200.8","USEPA",NA,NA
NA,"CCV for HBN 1911245 (MMS/12669","1",NA,"1819373","CCV",2025-05-05,"MMS12669",NA,NA,NA,"Zinc","7440-66-6","N","200.8",51,"=",3,"LOD","ug/L",1,100,100,50,102,85,115,NA,NA,NA,NA,3,NA,".","Metals by ICP/MS",15,32,4,3,1.24,"1251731",NA,10:07:00,2025-05-02,15:45:00,"Unfiltered","200.8","USEPA",NA,NA
NA,"CCV for HBN 1911245 (MMS/12669","1",NA,"1819375","CCV",2025-05-05,"MMS12669",NA,NA,NA,"Arsenic","7440-38-2","N","200.8",50,"=",1.5,"LOD","ug/L",1,100,100,50,100,85,115,NA,NA,NA,NA,3,NA,".","Metals by ICP/MS",15,3,2,1.5,0.6,"1251731",NA,10:07:00,2025-05-02,16:11:00,"Unfiltered","200.8","USEPA",NA,NA
NA,"CCV for HBN 1911245 (MMS/12669","1",NA,"1819375","CCV",2025-05-05,"MMS12669",NA,NA,NA,"Cadmium","7440-43-9","N","200.8",24.8,"=",0.15,"LOD","ug/L",1,100,100,25,99.2,85,115,NA,NA,NA,NA,3,NA,".","Metals by ICP/MS",15,7,0.2,0.15,0.06,"1251731",NA,10:07:00,2025-05-02,16:11:00,"Unfiltered","200.8","USEPA",NA,NA
NA,"CCV for HBN 1911245 (MMS/12669","1",NA,"1819375","CCV",2025-05-05,"MMS12669",NA,NA,NA,"Calcium","7440-70-2","N","200.8",2510,"=",150,"LOD","ug/L",1,100,100,2500,100,85,115,NA,NA,NA,NA,3,NA,".","Metals by ICP/MS",15,8,200,150,60,"1251731",NA,10:07:00,2025-05-02,16:11:00,"Unfiltered","200.8","USEPA",NA,NA
NA,"CCV for HBN 1911245 (MMS/12669","1",NA,"1819375","CCV",2025-05-05,"MMS12669",NA,NA,NA,"Chromium","7440-47-3","N","200.8",50.5,"=",1.5,"LOD","ug/L",1,100,100,50,101,85,115,NA,NA,NA,NA,3,NA,".","Metals by ICP/MS",15,9,2,1.5,1,"1251731",NA,10:07:00,2025-05-02,16:11:00,"Unfiltered","200.8","USEPA",NA,NA
NA,"CCV for HBN 1911245 (MMS/12669","1",NA,"1819375","CCV",2025-05-05,"MMS12669",NA,NA,NA,"Copper","7440-50-8","N","200.8",51,"=",0.9,"LOD","ug/L",1,100,100,50,102,85,115,NA,NA,NA,NA,3,NA,".","Metals by ICP/MS",15,11,1.2,0.9,0.4,"1251731",NA,10:07:00,2025-05-02,16:11:00,"Unfiltered","200.8","USEPA",NA,NA
NA,"CCV for HBN 1911245 (MMS/12669","1",NA,"1819375","CCV",2025-05-05,"MMS12669",NA,NA,NA,"Iron","7439-89-6","N","200.8",2540,"=",75,"LOD","ug/L",1,100,100,2500,102,85,115,NA,NA,NA,NA,3,NA,".","Metals by ICP/MS",15,12,100,75,31.2,"1251731",NA,10:07:00,2025-05-02,16:11:00,"Unfiltered","200.8","USEPA",NA,NA
NA,"CCV for HBN 1911245 (MMS/12669","1",NA,"1819375","CCV",2025-05-05,"MMS12669",NA,NA,NA,"Lead","7439-92-1","N","200.8",10.1,"=",0.6,"LOD","ug/L",1,100,100,10,101,85,115,NA,NA,NA,NA,3,NA,".","Metals by ICP/MS",15,13,0.8,0.6,0.2,"1251731",NA,10:07:00,2025-05-02,16:11:00,"Unfiltered","200.8","USEPA",NA,NA
NA,"CCV for HBN 1911245 (MMS/12669","1",NA,"1819375","CCV",2025-05-05,"MMS12669",NA,NA,NA,"Magnesium","7439-95-4","N","200.8",2580,"=",15,"LOD","ug/L",1,100,100,2500,103,85,115,NA,NA,NA,NA,3,NA,".","Metals by ICP/MS",15,14,20,15,6,"1251731",NA,10:07:00,2025-05-02,16:11:00,"Unfiltered","200.8","USEPA",NA,NA
NA,"CCV for HBN 1911245 (MMS/12669","1",NA,"1819375","CCV",2025-05-05,"MMS12669",NA,NA,NA,"Zinc","7440-66-6","N","200.8",50.8,"=",3,"LOD","ug/L",1,100,100,50,102,85,115,NA,NA,NA,NA,3,NA,".","Metals by ICP/MS",15,32,4,3,1.24,"1251731",NA,10:07:00,2025-05-02,16:11:00,"Unfiltered","200.8","USEPA",NA,NA
NA,"CCV for HBN 1911245 (MMS/12669","1",NA,"1819377","CCV",2025-05-05,"MMS12669",NA,NA,NA,"Arsenic","7440-38-2","N","200.8",48.6,"=",1.5,"LOD","ug/L",1,100,100,50,97.2,85,115,NA,NA,NA,NA,3,NA,".","Metals by ICP/MS",15,3,2,1.5,0.6,"1251731",NA,10:14:00,2025-05-02,16:54:00,"Unfiltered","200.8","USEPA",NA,NA
NA,"CCV for HBN 1911245 (MMS/12669","1",NA,"1819377","CCV",2025-05-05,"MMS12669",NA,NA,NA,"Cadmium","7440-43-9","N","200.8",24.2,"=",0.15,"LOD","ug/L",1,100,100,25,96.6,85,115,NA,NA,NA,NA,3,NA,".","Metals by ICP/MS",15,7,0.2,0.15,0.06,"1251731",NA,10:14:00,2025-05-02,16:54:00,"Unfiltered","200.8","USEPA",NA,NA
NA,"CCV for HBN 1911245 (MMS/12669","1",NA,"1819377","CCV",2025-05-05,"MMS12669",NA,NA,NA,"Calcium","7440-70-2","N","200.8",2420,"=",150,"LOD","ug/L",1,100,100,2500,96.9,85,115,NA,NA,NA,NA,3,NA,".","Metals by ICP/MS",15,8,200,150,60,"1251731",NA,10:14:00,2025-05-02,16:54:00,"Unfiltered","200.8","USEPA",NA,NA
NA,"CCV for HBN 1911245 (MMS/12669","1",NA,"1819377","CCV",2025-05-05,"MMS12669",NA,NA,NA,"Chromium","7440-47-3","N","200.8",49.2,"=",1.5,"LOD","ug/L",1,100,100,50,98.5,85,115,NA,NA,NA,NA,3,NA,".","Metals by ICP/MS",15,9,2,1.5,1,"1251731",NA,10:14:00,2025-05-02,16:54:00,"Unfiltered","200.8","USEPA",NA,NA
NA,"CCV for HBN 1911245 (MMS/12669","1",NA,"1819377","CCV",2025-05-05,"MMS12669",NA,NA,NA,"Copper","7440-50-8","N","200.8",49.8,"=",0.9,"LOD","ug/L",1,100,100,50,99.6,85,115,NA,NA,NA,NA,3,NA,".","Metals by ICP/MS",15,11,1.2,0.9,0.4,"1251731",NA,10:14:00,2025-05-02,16:54:00,"Unfiltered","200.8","USEPA",NA,NA
NA,"CCV for HBN 1911245 (MMS/12669","1",NA,"1819377","CCV",2025-05-05,"MMS12669",NA,NA,NA,"Iron","7439-89-6","N","200.8",2490,"=",75,"LOD","ug/L",1,100,100,2500,99.5,85,115,NA,NA,NA,NA,3,NA,".","Metals by ICP/MS",15,12,100,75,31.2,"1251731",NA,10:14:00,2025-05-02,16:54:00,"Unfiltered","200.8","USEPA",NA,NA
NA,"CCV for HBN 1911245 (MMS/12669","1",NA,"1819377","CCV",2025-05-05,"MMS12669",NA,NA,NA,"Lead","7439-92-1","N","200.8",9.86,"=",0.6,"LOD","ug/L",1,100,100,10,98.6,85,115,NA,NA,NA,NA,3,NA,".","Metals by ICP/MS",15,13,0.8,0.6,0.2,"1251731",NA,10:14:00,2025-05-02,16:54:00,"Unfiltered","200.8","USEPA",NA,NA
NA,"CCV for HBN 1911245 (MMS/12669","1",NA,"1819377","CCV",2025-05-05,"MMS12669",NA,NA,NA,"Magnesium","7439-95-4","N","200.8",2510,"=",15,"LOD","ug/L",1,100,100,2500,100,85,115,NA,NA,NA,NA,3,NA,".","Metals by ICP/MS",15,14,20,15,6,"1251731",NA,10:14:00,2025-05-02,16:54:00,"Unfiltered","200.8","USEPA",NA,NA
NA,"CCV for HBN 1911245 (MMS/12669","1",NA,"1819377","CCV",2025-05-05,"MMS12669",NA,NA,NA,"Zinc","7440-66-6","N","200.8",49.3,"=",3,"LOD","ug/L",1,100,100,50,98.7,85,115,NA,NA,NA,NA,3,NA,".","Metals by ICP/MS",15,32,4,3,1.24,"1251731",NA,10:14:00,2025-05-02,16:54:00,"Unfiltered","200.8","USEPA",NA,NA
NA,"CCV for HBN 1911245 (MMS/12669","1",NA,"1819381","CCV",2025-05-05,"MMS12669",NA,NA,NA,"Arsenic","7440-38-2","N","200.8",49,"=",1.5,"LOD","ug/L",1,100,100,50,98.1,85,115,NA,NA,NA,NA,3,NA,".","Metals by ICP/MS",15,3,2,1.5,0.6,"1251731",NA,10:19:00,2025-05-02,18:05:00,"Unfiltered","200.8","USEPA",NA,NA
NA,"CCV for HBN 1911245 (MMS/12669","1",NA,"1819381","CCV",2025-05-05,"MMS12669",NA,NA,NA,"Cadmium","7440-43-9","N","200.8",24.5,"=",0.15,"LOD","ug/L",1,100,100,25,97.9,85,115,NA,NA,NA,NA,3,NA,".","Metals by ICP/MS",15,7,0.2,0.15,0.06,"1251731",NA,10:19:00,2025-05-02,18:05:00,"Unfiltered","200.8","USEPA",NA,NA
NA,"CCV for HBN 1911245 (MMS/12669","1",NA,"1819381","CCV",2025-05-05,"MMS12669",NA,NA,NA,"Calcium","7440-70-2","N","200.8",2460,"=",150,"LOD","ug/L",1,100,100,2500,98.4,85,115,NA,NA,NA,NA,3,NA,".","Metals by ICP/MS",15,8,200,150,60,"1251731",NA,10:19:00,2025-05-02,18:05:00,"Unfiltered","200.8","USEPA",NA,NA
NA,"CCV for HBN 1911245 (MMS/12669","1",NA,"1819381","CCV",2025-05-05,"MMS12669",NA,NA,NA,"Chromium","7440-47-3","N","200.8",49.2,"=",1.5,"LOD","ug/L",1,100,100,50,98.5,85,115,NA,NA,NA,NA,3,NA,".","Metals by ICP/MS",15,9,2,1.5,1,"1251731",NA,10:19:00,2025-05-02,18:05:00,"Unfiltered","200.8","USEPA",NA,NA
NA,"CCV for HBN 1911245 (MMS/12669","1",NA,"1819381","CCV",2025-05-05,"MMS12669",NA,NA,NA,"Copper","7440-50-8","N","200.8",49.9,"=",0.9,"LOD","ug/L",1,100,100,50,99.9,85,115,NA,NA,NA,NA,3,NA,".","Metals by ICP/MS",15,11,1.2,0.9,0.4,"1251731",NA,10:19:00,2025-05-02,18:05:00,"Unfiltered","200.8","USEPA",NA,NA
NA,"CCV for HBN 1911245 (MMS/12669","1",NA,"1819381","CCV",2025-05-05,"MMS12669",NA,NA,NA,"Iron","7439-89-6","N","200.8",2490,"=",75,"LOD","ug/L",1,100,100,2500,99.5,85,115,NA,NA,NA,NA,3,NA,".","Metals by ICP/MS",15,12,100,75,31.2,"1251731",NA,10:19:00,2025-05-02,18:05:00,"Unfiltered","200.8","USEPA",NA,NA
NA,"CCV for HBN 1911245 (MMS/12669","1",NA,"1819381","CCV",2025-05-05,"MMS12669",NA,NA,NA,"Lead","7439-92-1","N","200.8",9.99,"=",0.6,"LOD","ug/L",1,100,100,10,99.9,85,115,NA,NA,NA,NA,3,NA,".","Metals by ICP/MS",15,13,0.8,0.6,0.2,"1251731",NA,10:19:00,2025-05-02,18:05:00,"Unfiltered","200.8","USEPA",NA,NA
NA,"CCV for HBN 1911245 (MMS/12669","1",NA,"1819381","CCV",2025-05-05,"MMS12669",NA,NA,NA,"Magnesium","7439-95-4","N","200.8",2480,"=",15,"LOD","ug/L",1,100,100,2500,99,85,115,NA,NA,NA,NA,3,NA,".","Metals by ICP/MS",15,14,20,15,6,"1251731",NA,10:19:00,2025-05-02,18:05:00,"Unfiltered","200.8","USEPA",NA,NA
NA,"CCV for HBN 1911245 (MMS/12669","1",NA,"1819381","CCV",2025-05-05,"MMS12669",NA,NA,NA,"Zinc","7440-66-6","N","200.8",49.6,"=",3,"LOD","ug/L",1,100,100,50,99.3,85,115,NA,NA,NA,NA,3,NA,".","Metals by ICP/MS",15,32,4,3,1.24,"1251731",NA,10:19:00,2025-05-02,18:05:00,"Unfiltered","200.8","USEPA",NA,NA
NA,"CCV for HBN 1911245 (MMS/12669","1",NA,"1819383","CCV",2025-05-05,"MMS12669",NA,NA,NA,"Arsenic","7440-38-2","N","200.8",49.6,"=",1.5,"LOD","ug/L",1,100,100,50,99.2,85,115,NA,NA,NA,NA,3,NA,".","Metals by ICP/MS",15,3,2,1.5,0.6,"1251731",NA,10:19:00,2025-05-02,18:41:00,"Unfiltered","200.8","USEPA",NA,NA
NA,"CCV for HBN 1911245 (MMS/12669","1",NA,"1819383","CCV",2025-05-05,"MMS12669",NA,NA,NA,"Cadmium","7440-43-9","N","200.8",24.8,"=",0.15,"LOD","ug/L",1,100,100,25,99.1,85,115,NA,NA,NA,NA,3,NA,".","Metals by ICP/MS",15,7,0.2,0.15,0.06,"1251731",NA,10:19:00,2025-05-02,18:41:00,"Unfiltered","200.8","USEPA",NA,NA
NA,"CCV for HBN 1911245 (MMS/12669","1",NA,"1819383","CCV",2025-05-05,"MMS12669",NA,NA,NA,"Calcium","7440-70-2","N","200.8",2500,"=",150,"LOD","ug/L",1,100,100,2500,100,85,115,NA,NA,NA,NA,3,NA,".","Metals by ICP/MS",15,8,200,150,60,"1251731",NA,10:19:00,2025-05-02,18:41:00,"Unfiltered","200.8","USEPA",NA,NA
NA,"CCV for HBN 1911245 (MMS/12669","1",NA,"1819383","CCV",2025-05-05,"MMS12669",NA,NA,NA,"Chromium","7440-47-3","N","200.8",49.9,"=",1.5,"LOD","ug/L",1,100,100,50,99.8,85,115,NA,NA,NA,NA,3,NA,".","Metals by ICP/MS",15,9,2,1.5,1,"1251731",NA,10:19:00,2025-05-02,18:41:00,"Unfiltered","200.8","USEPA",NA,NA
NA,"CCV for HBN 1911245 (MMS/12669","1",NA,"1819383","CCV",2025-05-05,"MMS12669",NA,NA,NA,"Copper","7440-50-8","N","200.8",50.8,"=",0.9,"LOD","ug/L",1,100,100,50,102,85,115,NA,NA,NA,NA,3,NA,".","Metals by ICP/MS",15,11,1.2,0.9,0.4,"1251731",NA,10:19:00,2025-05-02,18:41:00,"Unfiltered","200.8","USEPA",NA,NA
NA,"CCV for HBN 1911245 (MMS/12669","1",NA,"1819383","CCV",2025-05-05,"MMS12669",NA,NA,NA,"Iron","7439-89-6","N","200.8",2530,"=",75,"LOD","ug/L",1,100,100,2500,101,85,115,NA,NA,NA,NA,3,NA,".","Metals by ICP/MS",15,12,100,75,31.2,"1251731",NA,10:19:00,2025-05-02,18:41:00,"Unfiltered","200.8","USEPA",NA,NA
NA,"CCV for HBN 1911245 (MMS/12669","1",NA,"1819383","CCV",2025-05-05,"MMS12669",NA,NA,NA,"Lead","7439-92-1","N","200.8",10.1,"=",0.6,"LOD","ug/L",1,100,100,10,101,85,115,NA,NA,NA,NA,3,NA,".","Metals by ICP/MS",15,13,0.8,0.6,0.2,"1251731",NA,10:19:00,2025-05-02,18:41:00,"Unfiltered","200.8","USEPA",NA,NA
NA,"CCV for HBN 1911245 (MMS/12669","1",NA,"1819383","CCV",2025-05-05,"MMS12669",NA,NA,NA,"Magnesium","7439-95-4","N","200.8",2530,"=",15,"LOD","ug/L",1,100,100,2500,101,85,115,NA,NA,NA,NA,3,NA,".","Metals by ICP/MS",15,14,20,15,6,"1251731",NA,10:19:00,2025-05-02,18:41:00,"Unfiltered","200.8","USEPA",NA,NA
NA,"CCV for HBN 1911245 (MMS/12669","1",NA,"1819383","CCV",2025-05-05,"MMS12669",NA,NA,NA,"Zinc","7440-66-6","N","200.8",50.6,"=",3,"LOD","ug/L",1,100,100,50,101,85,115,NA,NA,NA,NA,3,NA,".","Metals by ICP/MS",15,32,4,3,1.24,"1251731",NA,10:19:00,2025-05-02,18:41:00,"Unfiltered","200.8","USEPA",NA,NA
NA,"CCV for HBN 1911245 (MMS/12669","1",NA,"1819385","CCV",2025-05-05,"MMS12669",NA,NA,NA,"Arsenic","7440-38-2","N","200.8",50,"=",1.5,"LOD","ug/L",1,100,100,50,100,85,115,NA,NA,NA,NA,3,NA,".","Metals by ICP/MS",15,3,2,1.5,0.6,"1251731",NA,10:22:00,2025-05-02,19:16:00,"Unfiltered","200.8","USEPA",NA,NA
NA,"CCV for HBN 1911245 (MMS/12669","1",NA,"1819385","CCV",2025-05-05,"MMS12669",NA,NA,NA,"Cadmium","7440-43-9","N","200.8",25,"=",0.15,"LOD","ug/L",1,100,100,25,99.9,85,115,NA,NA,NA,NA,3,NA,".","Metals by ICP/MS",15,7,0.2,0.15,0.06,"1251731",NA,10:22:00,2025-05-02,19:16:00,"Unfiltered","200.8","USEPA",NA,NA
NA,"CCV for HBN 1911245 (MMS/12669","1",NA,"1819385","CCV",2025-05-05,"MMS12669",NA,NA,NA,"Calcium","7440-70-2","N","200.8",2530,"=",150,"LOD","ug/L",1,100,100,2500,101,85,115,NA,NA,NA,NA,3,NA,".","Metals by ICP/MS",15,8,200,150,60,"1251731",NA,10:22:00,2025-05-02,19:16:00,"Unfiltered","200.8","USEPA",NA,NA
NA,"CCV for HBN 1911245 (MMS/12669","1",NA,"1819385","CCV",2025-05-05,"MMS12669",NA,NA,NA,"Chromium","7440-47-3","N","200.8",50.2,"=",1.5,"LOD","ug/L",1,100,100,50,100,85,115,NA,NA,NA,NA,3,NA,".","Metals by ICP/MS",15,9,2,1.5,1,"1251731",NA,10:22:00,2025-05-02,19:16:00,"Unfiltered","200.8","USEPA",NA,NA
NA,"CCV for HBN 1911245 (MMS/12669","1",NA,"1819385","CCV",2025-05-05,"MMS12669",NA,NA,NA,"Copper","7440-50-8","N","200.8",51,"=",0.9,"LOD","ug/L",1,100,100,50,102,85,115,NA,NA,NA,NA,3,NA,".","Metals by ICP/MS",15,11,1.2,0.9,0.4,"1251731",NA,10:22:00,2025-05-02,19:16:00,"Unfiltered","200.8","USEPA",NA,NA
NA,"CCV for HBN 1911245 (MMS/12669","1",NA,"1819385","CCV",2025-05-05,"MMS12669",NA,NA,NA,"Iron","7439-89-6","N","200.8",2550,"=",75,"LOD","ug/L",1,100,100,2500,102,85,115,NA,NA,NA,NA,3,NA,".","Metals by ICP/MS",15,12,100,75,31.2,"1251731",NA,10:22:00,2025-05-02,19:16:00,"Unfiltered","200.8","USEPA",NA,NA
NA,"CCV for HBN 1911245 (MMS/12669","1",NA,"1819385","CCV",2025-05-05,"MMS12669",NA,NA,NA,"Lead","7439-92-1","N","200.8",10.2,"=",0.6,"LOD","ug/L",1,100,100,10,102,85,115,NA,NA,NA,NA,3,NA,".","Metals by ICP/MS",15,13,0.8,0.6,0.2,"1251731",NA,10:22:00,2025-05-02,19:16:00,"Unfiltered","200.8","USEPA",NA,NA
NA,"CCV for HBN 1911245 (MMS/12669","1",NA,"1819385","CCV",2025-05-05,"MMS12669",NA,NA,NA,"Magnesium","7439-95-4","N","200.8",2520,"=",15,"LOD","ug/L",1,100,100,2500,101,85,115,NA,NA,NA,NA,3,NA,".","Metals by ICP/MS",15,14,20,15,6,"1251731",NA,10:22:00,2025-05-02,19:16:00,"Unfiltered","200.8","USEPA",NA,NA
NA,"CCV for HBN 1911245 (MMS/12669","1",NA,"1819385","CCV",2025-05-05,"MMS12669",NA,NA,NA,"Zinc","7440-66-6","N","200.8",51,"=",3,"LOD","ug/L",1,100,100,50,102,85,115,NA,NA,NA,NA,3,NA,".","Metals by ICP/MS",15,32,4,3,1.24,"1251731",NA,10:22:00,2025-05-02,19:16:00,"Unfiltered","200.8","USEPA",NA,NA
NA,"CCV for HBN 1911245 (MMS/12669","1",NA,"1819387","CCV",2025-05-05,"MMS12669",NA,NA,NA,"Arsenic","7440-38-2","N","200.8",50.7,"=",1.5,"LOD","ug/L",1,100,100,50,101,85,115,NA,NA,NA,NA,3,NA,".","Metals by ICP/MS",15,3,2,1.5,0.6,"1251731",NA,10:22:00,2025-05-02,19:52:00,"Unfiltered","200.8","USEPA",NA,NA
NA,"CCV for HBN 1911245 (MMS/12669","1",NA,"1819387","CCV",2025-05-05,"MMS12669",NA,NA,NA,"Cadmium","7440-43-9","N","200.8",25.1,"=",0.15,"LOD","ug/L",1,100,100,25,100,85,115,NA,NA,NA,NA,3,NA,".","Metals by ICP/MS",15,7,0.2,0.15,0.06,"1251731",NA,10:22:00,2025-05-02,19:52:00,"Unfiltered","200.8","USEPA",NA,NA
NA,"CCV for HBN 1911245 (MMS/12669","1",NA,"1819387","CCV",2025-05-05,"MMS12669",NA,NA,NA,"Calcium","7440-70-2","N","200.8",2560,"=",150,"LOD","ug/L",1,100,100,2500,102,85,115,NA,NA,NA,NA,3,NA,".","Metals by ICP/MS",15,8,200,150,60,"1251731",NA,10:22:00,2025-05-02,19:52:00,"Unfiltered","200.8","USEPA",NA,NA
NA,"CCV for HBN 1911245 (MMS/12669","1",NA,"1819387","CCV",2025-05-05,"MMS12669",NA,NA,NA,"Chromium","7440-47-3","N","200.8",51.4,"=",1.5,"LOD","ug/L",1,100,100,50,103,85,115,NA,NA,NA,NA,3,NA,".","Metals by ICP/MS",15,9,2,1.5,1,"1251731",NA,10:22:00,2025-05-02,19:52:00,"Unfiltered","200.8","USEPA",NA,NA
NA,"CCV for HBN 1911245 (MMS/12669","1",NA,"1819387","CCV",2025-05-05,"MMS12669",NA,NA,NA,"Copper","7440-50-8","N","200.8",52,"=",0.9,"LOD","ug/L",1,100,100,50,104,85,115,NA,NA,NA,NA,3,NA,".","Metals by ICP/MS",15,11,1.2,0.9,0.4,"1251731",NA,10:22:00,2025-05-02,19:52:00,"Unfiltered","200.8","USEPA",NA,NA
NA,"CCV for HBN 1911245 (MMS/12669","1",NA,"1819387","CCV",2025-05-05,"MMS12669",NA,NA,NA,"Iron","7439-89-6","N","200.8",2600,"=",75,"LOD","ug/L",1,100,100,2500,104,85,115,NA,NA,NA,NA,3,NA,".","Metals by ICP/MS",15,12,100,75,31.2,"1251731",NA,10:22:00,2025-05-02,19:52:00,"Unfiltered","200.8","USEPA",NA,NA
NA,"CCV for HBN 1911245 (MMS/12669","1",NA,"1819387","CCV",2025-05-05,"MMS12669",NA,NA,NA,"Lead","7439-92-1","N","200.8",10.2,"=",0.6,"LOD","ug/L",1,100,100,10,102,85,115,NA,NA,NA,NA,3,NA,".","Metals by ICP/MS",15,13,0.8,0.6,0.2,"1251731",NA,10:22:00,2025-05-02,19:52:00,"Unfiltered","200.8","USEPA",NA,NA
NA,"CCV for HBN 1911245 (MMS/12669","1",NA,"1819387","CCV",2025-05-05,"MMS12669",NA,NA,NA,"Magnesium","7439-95-4","N","200.8",2620,"=",15,"LOD","ug/L",1,100,100,2500,105,85,115,NA,NA,NA,NA,3,NA,".","Metals by ICP/MS",15,14,20,15,6,"1251731",NA,10:22:00,2025-05-02,19:52:00,"Unfiltered","200.8","USEPA",NA,NA
NA,"CCV for HBN 1911245 (MMS/12669","1",NA,"1819389","CCV",2025-05-05,"MMS12669",NA,NA,NA,"Magnesium","7439-95-4","N","200.8",2570,"=",15,"LOD","ug/L",1,100,100,2500,103,85,115,NA,NA,NA,NA,3,NA,".","Metals by ICP/MS",15,14,20,15,6,"1251731",NA,10:22:00,2025-05-02,20:10:00,"Unfiltered","200.8","USEPA",NA,NA
NA,"CCV for HBN 1911245 (MMS/12669","1",NA,"1819389","CCV",2025-05-05,"MMS12669",NA,NA,NA,"Zinc","7440-66-6","N","200.8",50.8,"=",3,"LOD","ug/L",1,100,100,50,102,85,115,NA,NA,NA,NA,3,NA,".","Metals by ICP/MS",15,32,4,3,1.24,"1251731",NA,10:22:00,2025-05-02,20:10:00,"Unfiltered","200.8","USEPA",NA,NA
NA,"CCV for HBN 1911340 [WDA/6003]","1",NA,"1819801","CCV",2025-05-07,"WDA6003",NA,NA,NA,"Total Phosphorus","Total Phosph.","N","SM21 4500P-B,E",0.248,"=",0.03,"LOD","mg/L",1,10,10,0.25,99.1,90,110,NA,NA,NA,NA,3,NA,"T","Waters Department",20,266,0.04,0.03,0.012,"1251731",NA,11:29:00,2025-05-07,09:27:00,NA,"4500-P-E","APHA",NA,NA
NA,"CCV for HBN 1911340 [WDA/6003]","1",NA,"1819803","CCV",2025-05-07,"WDA6003",NA,NA,NA,"Total Phosphorus","Total Phosph.","N","SM21 4500P-B,E",0.249,"=",0.03,"LOD","mg/L",1,10,10,0.25,99.5,90,110,NA,NA,NA,NA,3,NA,"T","Waters Department",20,266,0.04,0.03,0.012,"1251731",NA,11:29:00,2025-05-07,09:39:00,NA,"4500-P-E","APHA",NA,NA
NA,"CCV for HBN 1911340 [WDA/6003]","1",NA,"1819805","CCV",2025-05-07,"WDA6003",NA,NA,NA,"Total Phosphorus","Total Phosph.","N","SM21 4500P-B,E",0.247,"=",0.03,"LOD","mg/L",1,10,10,0.25,98.9,90,110,NA,NA,NA,NA,3,NA,"T","Waters Department",20,266,0.04,0.03,0.012,"1251731",NA,11:30:00,2025-05-07,09:51:00,NA,"4500-P-E","APHA",NA,NA
NA,"CCV for HBN 1911340 [WDA/6003]","1",NA,"1819807","CCV",2025-05-07,"WDA6003",NA,NA,NA,"Total Phosphorus","Total Phosph.","N","SM21 4500P-B,E",0.254,"=",0.03,"LOD","mg/L",1,10,10,0.25,102,90,110,NA,NA,NA,NA,3,NA,"T","Waters Department",20,266,0.04,0.03,0.012,"1251731",NA,11:30:00,2025-05-07,10:02:00,NA,"4500-P-E","APHA",NA,NA
NA,"CCV for HBN 1911340 [WDA/6003]","1",NA,"1819809","CCV",2025-05-07,"WDA6003",NA,NA,NA,"Total Phosphorus","Total Phosph.","N","SM21 4500P-B,E",0.248,"=",0.03,"LOD","mg/L",1,10,10,0.25,99.2,90,110,NA,NA,NA,NA,3,NA,"T","Waters Department",20,266,0.04,0.03,0.012,"1251731",NA,11:30:00,2025-05-07,10:07:00,NA,"4500-P-E","APHA",NA,NA
NA,"CCV for HBN 1911433 (MMS/12675","1",NA,"1820094","CCV",2025-05-09,"MMS12675",NA,NA,NA,"Chromium","7440-47-3","N","200.8",49.1,"=",1.5,"LOD","ug/L",1,100,100,50,98.3,85,115,NA,NA,NA,NA,3,NA,".","Metals by ICP/MS",15,9,2,1.5,1,"1251731",NA,08:54:00,2025-05-08,11:17:00,"Unfiltered","200.8","USEPA",NA,NA
NA,"CCV for HBN 1911433 (MMS/12675","1",NA,"1820094","CCV",2025-05-09,"MMS12675",NA,NA,NA,"Copper","7440-50-8","N","200.8",50.5,"=",0.9,"LOD","ug/L",1,100,100,50,101,85,115,NA,NA,NA,NA,3,NA,".","Metals by ICP/MS",15,11,1.2,0.9,0.4,"1251731",NA,08:54:00,2025-05-08,11:17:00,"Unfiltered","200.8","USEPA",NA,NA
NA,"CCV for HBN 1911433 (MMS/12675","1",NA,"1820094","CCV",2025-05-09,"MMS12675",NA,NA,NA,"Lead","7439-92-1","N","200.8",9.7,"=",0.6,"LOD","ug/L",1,100,100,10,97,85,115,NA,NA,NA,NA,3,NA,".","Metals by ICP/MS",15,13,0.8,0.6,0.2,"1251731",NA,08:54:00,2025-05-08,11:17:00,"Unfiltered","200.8","USEPA",NA,NA
NA,"CCV for HBN 1911433 (MMS/12675","1",NA,"1820094","CCV",2025-05-09,"MMS12675",NA,NA,NA,"Zinc","7440-66-6","N","200.8",49.2,"=",3,"LOD","ug/L",1,100,100,50,98.5,85,115,NA,NA,NA,NA,3,NA,".","Metals by ICP/MS",15,32,4,3,1.24,"1251731",NA,08:54:00,2025-05-08,11:17:00,"Unfiltered","200.8","USEPA",NA,NA
NA,"CCV for HBN 1911433 (MMS/12675","1",NA,"1820096","CCV",2025-05-09,"MMS12675",NA,NA,NA,"Arsenic","7440-38-2","N","200.8",47.9,"=",1.5,"LOD","ug/L",1,100,100,50,95.7,85,115,NA,NA,NA,NA,3,NA,".","Metals by ICP/MS",15,3,2,1.5,0.6,"1251731",NA,08:54:00,2025-05-08,11:50:00,"Unfiltered","200.8","USEPA",NA,NA
NA,"CCV for HBN 1911433 (MMS/12675","1",NA,"1820096","CCV",2025-05-09,"MMS12675",NA,NA,NA,"Cadmium","7440-43-9","N","200.8",23.7,"=",0.15,"LOD","ug/L",1,100,100,25,95,85,115,NA,NA,NA,NA,3,NA,".","Metals by ICP/MS",15,7,0.2,0.15,0.06,"1251731",NA,08:54:00,2025-05-08,11:50:00,"Unfiltered","200.8","USEPA",NA,NA
NA,"CCV for HBN 1911433 (MMS/12675","1",NA,"1820096","CCV",2025-05-09,"MMS12675",NA,NA,NA,"Chromium","7440-47-3","N","200.8",48.5,"=",1.5,"LOD","ug/L",1,100,100,50,97,85,115,NA,NA,NA,NA,3,NA,".","Metals by ICP/MS",15,9,2,1.5,1,"1251731",NA,08:54:00,2025-05-08,11:50:00,"Unfiltered","200.8","USEPA",NA,NA
NA,"CCV for HBN 1911433 (MMS/12675","1",NA,"1820096","CCV",2025-05-09,"MMS12675",NA,NA,NA,"Copper","7440-50-8","N","200.8",50.1,"=",0.9,"LOD","ug/L",1,100,100,50,100,85,115,NA,NA,NA,NA,3,NA,".","Metals by ICP/MS",15,11,1.2,0.9,0.4,"1251731",NA,08:54:00,2025-05-08,11:50:00,"Unfiltered","200.8","USEPA",NA,NA
NA,"CCV for HBN 1911780 (WFI/3187)","1",NA,"1821060","CCV",2025-05-15,"WFI3187",NA,NA,NA,"Total Nitrate/Nitrite-N","Nitrate+Nitrite","N","SM21 4500NO3-F",2.53,"=",0.075,"LOD","mg/L",1,5,5,2.5,101,90,110,NA,NA,NA,NA,3,NA,".","Waters Department",20,11,0.1,0.075,0.025,"1251731",NA,11:27:00,2025-05-14,14:30:00,NA,"4500-NO3(F)","APHA",NA,NA
NA,"CCV for HBN 1911780 (WFI/3187)","1",NA,"1821062","CCV",2025-05-15,"WFI3187",NA,NA,NA,NA,"Nitrate","N","SM21 4500NO3-F",1.3,"=",0.075,"LOD","mg/L",1,5,5,1.25,104,70,130,NA,NA,NA,NA,3,NA,".","Waters Department",20,9,0.1,0.075,0.025,"1251731",NA,11:27:00,2025-05-14,14:41:00,NA,"4500-NO3(F)","APHA",NA,NA
NA,"CCV for HBN 1911780 (WFI/3187)","1",NA,"1821062","CCV",2025-05-15,"WFI3187",NA,NA,NA,NA,"Nitrite","N","SM21 4500NO3-F",1.29,"=",0.075,"LOD","mg/L",1,5,5,1.25,103,90,110,NA,NA,NA,NA,3,NA,".","Waters Department",20,10,0.1,0.075,0.025,"1251731",NA,11:27:00,2025-05-14,14:41:00,NA,"4500-NO3(F)","APHA",NA,NA
NA,"CCV for HBN 1911780 (WFI/3187)","1",NA,"1821062","CCV",2025-05-15,"WFI3187",NA,NA,NA,"Total Nitrate/Nitrite-N","Nitrate+Nitrite","N","SM21 4500NO3-F",2.59,"=",0.075,"LOD","mg/L",1,5,5,2.5,104,90,110,NA,NA,NA,NA,3,NA,".","Waters Department",20,11,0.1,0.075,0.025,"1251731",NA,11:27:00,2025-05-14,14:41:00,NA,"4500-NO3(F)","APHA",NA,NA
NA,"CCV for HBN 1911780 (WFI/3187)","1",NA,"1821064","CCV",2025-05-15,"WFI3187",NA,NA,NA,NA,"Nitrate","N","SM21 4500NO3-F",1.33,"=",0.075,"LOD","mg/L",1,5,5,1.25,106,70,130,NA,NA,NA,NA,3,NA,".","Waters Department",20,9,0.1,0.075,0.025,"1251731",NA,11:27:00,2025-05-14,15:03:00,NA,"4500-NO3(F)","APHA",NA,NA
NA,"CCV for HBN 1911780 (WFI/3187)","1",NA,"1821064","CCV",2025-05-15,"WFI3187",NA,NA,NA,NA,"Nitrite","N","SM21 4500NO3-F",1.28,"=",0.075,"LOD","mg/L",1,5,5,1.25,103,90,110,NA,NA,NA,NA,3,NA,".","Waters Department",20,10,0.1,0.075,0.025,"1251731",NA,11:27:00,2025-05-14,15:03:00,NA,"4500-NO3(F)","APHA",NA,NA
NA,"CCV for HBN 1911780 (WFI/3187)","1",NA,"1821064","CCV",2025-05-15,"WFI3187",NA,NA,NA,"Total Nitrate/Nitrite-N","Nitrate+Nitrite","N","SM21 4500NO3-F",2.61,"=",0.075,"LOD","mg/L",1,5,5,2.5,104,90,110,NA,NA,NA,NA,3,NA,".","Waters Department",20,11,0.1,0.075,0.025,"1251731",NA,11:27:00,2025-05-14,15:03:00,NA,"4500-NO3(F)","APHA",NA,NA
NA,"ICV for HBN 1911245 (MMS/12669","1",NA,"1819366","ICV",2025-05-05,"MMS12669",NA,NA,NA,"Arsenic","7440-38-2","N","200.8",49.8,"=",1.5,"LOD","ug/L",1,100,100,50,99.6,90,110,NA,NA,NA,NA,3,NA,".","Metals by ICP/MS",15,3,2,1.5,0.6,"1251731",NA,10:07:00,2025-05-02,13:19:00,"Unfiltered","200.8","USEPA",NA,NA
NA,"ICV for HBN 1911245 (MMS/12669","1",NA,"1819366","ICV",2025-05-05,"MMS12669",NA,NA,NA,"Cadmium","7440-43-9","N","200.8",24.8,"=",0.15,"LOD","ug/L",1,100,100,25,99,90,110,NA,NA,NA,NA,3,NA,".","Metals by ICP/MS",15,7,0.2,0.15,0.06,"1251731",NA,10:07:00,2025-05-02,13:19:00,"Unfiltered","200.8","USEPA",NA,NA
NA,"ICV for HBN 1911245 (MMS/12669","1",NA,"1819366","ICV",2025-05-05,"MMS12669",NA,NA,NA,"Calcium","7440-70-2","N","200.8",2480,"=",150,"LOD","ug/L",1,100,100,2500,99.4,90,110,NA,NA,NA,NA,3,NA,".","Metals by ICP/MS",15,8,200,150,60,"1251731",NA,10:07:00,2025-05-02,13:19:00,"Unfiltered","200.8","USEPA",NA,NA
NA,"ICV for HBN 1911245 (MMS/12669","1",NA,"1819366","ICV",2025-05-05,"MMS12669",NA,NA,NA,"Chromium","7440-47-3","N","200.8",50.4,"=",1.5,"LOD","ug/L",1,100,100,50,101,90,110,NA,NA,NA,NA,3,NA,".","Metals by ICP/MS",15,9,2,1.5,1,"1251731",NA,10:07:00,2025-05-02,13:19:00,"Unfiltered","200.8","USEPA",NA,NA
NA,"ICV for HBN 1911433 (MMS/12675","1",NA,"1820089","ICV",2025-05-09,"MMS12675",NA,NA,NA,"Chromium","7440-47-3","N","200.8",49.8,"=",1.5,"LOD","ug/L",1,100,100,50,99.5,90,110,NA,NA,NA,NA,3,NA,".","Metals by ICP/MS",15,9,2,1.5,1,"1251731",NA,08:50:00,2025-05-08,10:03:00,"Unfiltered","200.8","USEPA",NA,NA
NA,"ICV for HBN 1911433 (MMS/12675","1",NA,"1820089","ICV",2025-05-09,"MMS12675",NA,NA,NA,"Copper","7440-50-8","N","200.8",51,"=",0.9,"LOD","ug/L",1,100,100,50,102,90,110,NA,NA,NA,NA,3,NA,".","Metals by ICP/MS",15,11,1.2,0.9,0.4,"1251731",NA,08:50:00,2025-05-08,10:03:00,"Unfiltered","200.8","USEPA",NA,NA
NA,"ICV for HBN 1911433 (MMS/12675","1",NA,"1820089","ICV",2025-05-09,"MMS12675",NA,NA,NA,"Lead","7439-92-1","N","200.8",9.91,"=",0.6,"LOD","ug/L",1,100,100,10,99.1,90,110,NA,NA,NA,NA,3,NA,".","Metals by ICP/MS",15,13,0.8,0.6,0.2,"1251731",NA,08:50:00,2025-05-08,10:03:00,"Unfiltered","200.8","USEPA",NA,NA
NA,"ICV for HBN 1911433 (MMS/12675","1",NA,"1820089","ICV",2025-05-09,"MMS12675",NA,NA,NA,"Zinc","7440-66-6","N","200.8",49.8,"=",3,"LOD","ug/L",1,100,100,50,99.5,90,110,NA,NA,NA,NA,3,NA,".","Metals by ICP/MS",15,32,4,3,1.24,"1251731",NA,08:50:00,2025-05-08,10:03:00,"Unfiltered","200.8","USEPA",NA,NA
NA,"ICV for HBN 1911706 [WDA/6007]","1",NA,"1820633","ICV",2025-05-13,"WDA6007",NA,NA,NA,"Total Phosphorus","Total Phosph.","N","SM21 4500P-B,E",0.251,"=",0.03,"LOD","mg/L",1,10,10,0.25,100,90,110,NA,NA,NA,NA,3,NA,"T","Waters Department",20,266,0.04,0.03,0.012,"1251731",NA,11:13:00,2025-05-13,10:50:00,NA,"4500-P-E","APHA",NA,NA
NA,"ICV for HBN 1911780 (WFI/3187)","1",NA,"1821055","ICV",2025-05-15,"WFI3187",NA,NA,NA,NA,"Nitrate","N","SM21 4500NO3-F",1.31,"=",0.075,"LOD","mg/L",1,5,5,1.25,105,70,130,NA,NA,NA,NA,3,NA,".","Waters Department",20,9,0.1,0.075,0.025,"1251731",NA,11:27:00,2025-05-14,13:43:00,NA,"4500-NO3(F)","APHA",NA,NA
NA,"ICV for HBN 1911780 (WFI/3187)","1",NA,"1821055","ICV",2025-05-15,"WFI3187",NA,NA,NA,NA,"Nitrite","N","SM21 4500NO3-F",1.29,"=",0.075,"LOD","mg/L",1,5,5,1.25,103,90,110,NA,NA,NA,NA,3,NA,".","Waters Department",20,10,0.1,0.075,0.025,"1251731",NA,11:27:00,2025-05-14,13:43:00,NA,"4500-NO3(F)","APHA",NA,NA
NA,"ICV for HBN 1911780 (WFI/3187)","1",NA,"1821055","ICV",2025-05-15,"WFI3187",NA,NA,NA,"Total Nitrate/Nitrite-N","Nitrate+Nitrite","N","SM21 4500NO3-F",2.61,"=",0.075,"LOD","mg/L",1,5,5,2.5,104,90,110,NA,NA,NA,NA,3,NA,".","Waters Department",20,11,0.1,0.075,0.025,"1251731",NA,11:27:00,2025-05-14,13:43:00,NA,"4500-NO3(F)","APHA",NA,NA
NA,"LCS for HBN 1911189 [MXX/37492","1",NA,"1819187","LCS",2025-05-02,"MMS12669","MXX37492","E200.2","05/02/2025 10:01","Calcium","7440-70-2","N","200.8",9950,"=",375,"LOD","ug/L",1,20,50,10000,99.5,85,115,NA,NA,NA,NA,3,NA,".","Metals by ICP/MS",15,8,500,375,150,"1251731",NA,13:15:00,2025-05-02,18:32:00,"Unfiltered","200.8","USEPA",NA,NA
NA,"LCS for HBN 1911189 [MXX/37492","1",NA,"1819187","LCS",2025-05-02,"MMS12669","MXX37492","E200.2","05/02/2025 10:01","Iron","7439-89-6","N","200.8",5180,"=",188,"LOD","ug/L",1,20,50,5000,104,85,115,NA,NA,NA,NA,3,NA,".","Metals by ICP/MS",15,12,250,188,78,"1251731",NA,13:15:00,2025-05-02,18:32:00,"Unfiltered","200.8","USEPA",NA,NA
NA,"LCS for HBN 1911189 [MXX/37492","1",NA,"1819187","LCS",2025-05-02,"MMS12669","MXX37492","E200.2","05/02/2025 10:01","Magnesium","7439-95-4","N","200.8",10100,"=",37.5,"LOD","ug/L",1,20,50,10000,101,85,115,NA,NA,NA,NA,3,NA,".","Metals by ICP/MS",15,14,50,37.5,15,"1251731",NA,13:15:00,2025-05-02,18:32:00,"Unfiltered","200.8","USEPA",NA,NA
NA,"CCV for HBN 1911245 (MMS/12669","1",NA,"1819387","CCV",2025-05-05,"MMS12669",NA,NA,NA,"Zinc","7440-66-6","N","200.8",51.7,"=",3,"LOD","ug/L",1,100,100,50,103,85,115,NA,NA,NA,NA,3,NA,".","Metals by ICP/MS",15,32,4,3,1.24,"1251731",NA,10:22:00,2025-05-02,19:52:00,"Unfiltered","200.8","USEPA",NA,NA
NA,"CCV for HBN 1911245 (MMS/12669","1",NA,"1819389","CCV",2025-05-05,"MMS12669",NA,NA,NA,"Arsenic","7440-38-2","N","200.8",50.1,"=",1.5,"LOD","ug/L",1,100,100,50,100,85,115,NA,NA,NA,NA,3,NA,".","Metals by ICP/MS",15,3,2,1.5,0.6,"1251731",NA,10:22:00,2025-05-02,20:10:00,"Unfiltered","200.8","USEPA",NA,NA
NA,"CCV for HBN 1911245 (MMS/12669","1",NA,"1819389","CCV",2025-05-05,"MMS12669",NA,NA,NA,"Cadmium","7440-43-9","N","200.8",24.9,"=",0.15,"LOD","ug/L",1,100,100,25,99.4,85,115,NA,NA,NA,NA,3,NA,".","Metals by ICP/MS",15,7,0.2,0.15,0.06,"1251731",NA,10:22:00,2025-05-02,20:10:00,"Unfiltered","200.8","USEPA",NA,NA
NA,"CCV for HBN 1911245 (MMS/12669","1",NA,"1819389","CCV",2025-05-05,"MMS12669",NA,NA,NA,"Calcium","7440-70-2","N","200.8",2510,"=",150,"LOD","ug/L",1,100,100,2500,100,85,115,NA,NA,NA,NA,3,NA,".","Metals by ICP/MS",15,8,200,150,60,"1251731",NA,10:22:00,2025-05-02,20:10:00,"Unfiltered","200.8","USEPA",NA,NA
NA,"CCV for HBN 1911245 (MMS/12669","1",NA,"1819389","CCV",2025-05-05,"MMS12669",NA,NA,NA,"Chromium","7440-47-3","N","200.8",50,"=",1.5,"LOD","ug/L",1,100,100,50,100,85,115,NA,NA,NA,NA,3,NA,".","Metals by ICP/MS",15,9,2,1.5,1,"1251731",NA,10:22:00,2025-05-02,20:10:00,"Unfiltered","200.8","USEPA",NA,NA
NA,"CCV for HBN 1911245 (MMS/12669","1",NA,"1819389","CCV",2025-05-05,"MMS12669",NA,NA,NA,"Copper","7440-50-8","N","200.8",50.8,"=",0.9,"LOD","ug/L",1,100,100,50,102,85,115,NA,NA,NA,NA,3,NA,".","Metals by ICP/MS",15,11,1.2,0.9,0.4,"1251731",NA,10:22:00,2025-05-02,20:10:00,"Unfiltered","200.8","USEPA",NA,NA
NA,"CCV for HBN 1911245 (MMS/12669","1",NA,"1819389","CCV",2025-05-05,"MMS12669",NA,NA,NA,"Iron","7439-89-6","N","200.8",2520,"=",75,"LOD","ug/L",1,100,100,2500,101,85,115,NA,NA,NA,NA,3,NA,".","Metals by ICP/MS",15,12,100,75,31.2,"1251731",NA,10:22:00,2025-05-02,20:10:00,"Unfiltered","200.8","USEPA",NA,NA
NA,"CCV for HBN 1911245 (MMS/12669","1",NA,"1819389","CCV",2025-05-05,"MMS12669",NA,NA,NA,"Lead","7439-92-1","N","200.8",10,"=",0.6,"LOD","ug/L",1,100,100,10,100,85,115,NA,NA,NA,NA,3,NA,".","Metals by ICP/MS",15,13,0.8,0.6,0.2,"1251731",NA,10:22:00,2025-05-02,20:10:00,"Unfiltered","200.8","USEPA",NA,NA
NA,"CCV for HBN 1911433 (MMS/12675","1",NA,"1820092","CCV",2025-05-09,"MMS12675",NA,NA,NA,"Arsenic","7440-38-2","N","200.8",47.9,"=",1.5,"LOD","ug/L",1,100,100,50,95.8,85,115,NA,NA,NA,NA,3,NA,".","Metals by ICP/MS",15,3,2,1.5,0.6,"1251731",NA,08:50:00,2025-05-08,10:34:00,"Unfiltered","200.8","USEPA",NA,NA
NA,"CCV for HBN 1911433 (MMS/12675","1",NA,"1820092","CCV",2025-05-09,"MMS12675",NA,NA,NA,"Cadmium","7440-43-9","N","200.8",23.6,"=",0.15,"LOD","ug/L",1,100,100,25,94.4,85,115,NA,NA,NA,NA,3,NA,".","Metals by ICP/MS",15,7,0.2,0.15,0.06,"1251731",NA,08:50:00,2025-05-08,10:34:00,"Unfiltered","200.8","USEPA",NA,NA
NA,"CCV for HBN 1911433 (MMS/12675","1",NA,"1820092","CCV",2025-05-09,"MMS12675",NA,NA,NA,"Chromium","7440-47-3","N","200.8",48.6,"=",1.5,"LOD","ug/L",1,100,100,50,97.2,85,115,NA,NA,NA,NA,3,NA,".","Metals by ICP/MS",15,9,2,1.5,1,"1251731",NA,08:50:00,2025-05-08,10:34:00,"Unfiltered","200.8","USEPA",NA,NA
NA,"CCV for HBN 1911433 (MMS/12675","1",NA,"1820092","CCV",2025-05-09,"MMS12675",NA,NA,NA,"Copper","7440-50-8","N","200.8",50,"=",0.9,"LOD","ug/L",1,100,100,50,100,85,115,NA,NA,NA,NA,3,NA,".","Metals by ICP/MS",15,11,1.2,0.9,0.4,"1251731",NA,08:50:00,2025-05-08,10:34:00,"Unfiltered","200.8","USEPA",NA,NA
NA,"CCV for HBN 1911433 (MMS/12675","1",NA,"1820092","CCV",2025-05-09,"MMS12675",NA,NA,NA,"Lead","7439-92-1","N","200.8",9.54,"=",0.6,"LOD","ug/L",1,100,100,10,95.4,85,115,NA,NA,NA,NA,3,NA,".","Metals by ICP/MS",15,13,0.8,0.6,0.2,"1251731",NA,08:50:00,2025-05-08,10:34:00,"Unfiltered","200.8","USEPA",NA,NA
NA,"CCV for HBN 1911433 (MMS/12675","1",NA,"1820092","CCV",2025-05-09,"MMS12675",NA,NA,NA,"Zinc","7440-66-6","N","200.8",48.1,"=",3,"LOD","ug/L",1,100,100,50,96.3,85,115,NA,NA,NA,NA,3,NA,".","Metals by ICP/MS",15,32,4,3,1.24,"1251731",NA,08:50:00,2025-05-08,10:34:00,"Unfiltered","200.8","USEPA",NA,NA
NA,"CCV for HBN 1911433 (MMS/12675","1",NA,"1820094","CCV",2025-05-09,"MMS12675",NA,NA,NA,"Arsenic","7440-38-2","N","200.8",48.4,"=",1.5,"LOD","ug/L",1,100,100,50,96.9,85,115,NA,NA,NA,NA,3,NA,".","Metals by ICP/MS",15,3,2,1.5,0.6,"1251731",NA,08:54:00,2025-05-08,11:17:00,"Unfiltered","200.8","USEPA",NA,NA
NA,"CCV for HBN 1911433 (MMS/12675","1",NA,"1820094","CCV",2025-05-09,"MMS12675",NA,NA,NA,"Cadmium","7440-43-9","N","200.8",24.1,"=",0.15,"LOD","ug/L",1,100,100,25,96.2,85,115,NA,NA,NA,NA,3,NA,".","Metals by ICP/MS",15,7,0.2,0.15,0.06,"1251731",NA,08:54:00,2025-05-08,11:17:00,"Unfiltered","200.8","USEPA",NA,NA
NA,"CCV for HBN 1911433 (MMS/12675","1",NA,"1820096","CCV",2025-05-09,"MMS12675",NA,NA,NA,"Lead","7439-92-1","N","200.8",9.6,"=",0.6,"LOD","ug/L",1,100,100,10,96,85,115,NA,NA,NA,NA,3,NA,".","Metals by ICP/MS",15,13,0.8,0.6,0.2,"1251731",NA,08:54:00,2025-05-08,11:50:00,"Unfiltered","200.8","USEPA",NA,NA
NA,"CCV for HBN 1911433 (MMS/12675","1",NA,"1820096","CCV",2025-05-09,"MMS12675",NA,NA,NA,"Zinc","7440-66-6","N","200.8",48.4,"=",3,"LOD","ug/L",1,100,100,50,96.9,85,115,NA,NA,NA,NA,3,NA,".","Metals by ICP/MS",15,32,4,3,1.24,"1251731",NA,08:54:00,2025-05-08,11:50:00,"Unfiltered","200.8","USEPA",NA,NA
NA,"CCV for HBN 1911706 [WDA/6007]","1",NA,"1820635","CCV",2025-05-13,"WDA6007",NA,NA,NA,"Total Phosphorus","Total Phosph.","N","SM21 4500P-B,E",0.244,"=",0.03,"LOD","mg/L",1,10,10,0.25,97.7,90,110,NA,NA,NA,NA,3,NA,"T","Waters Department",20,266,0.04,0.03,0.012,"1251731",NA,11:13:00,2025-05-13,10:56:00,NA,"4500-P-E","APHA",NA,NA
NA,"CCV for HBN 1911780 (WFI/3187)","1",NA,"1821058","CCV",2025-05-15,"WFI3187",NA,NA,NA,NA,"Nitrate","N","SM21 4500NO3-F",1.23,"=",0.075,"LOD","mg/L",1,5,5,1.25,98.6,70,130,NA,NA,NA,NA,3,NA,".","Waters Department",20,9,0.1,0.075,0.025,"1251731",NA,11:27:00,2025-05-14,14:07:00,NA,"4500-NO3(F)","APHA",NA,NA
NA,"CCV for HBN 1911780 (WFI/3187)","1",NA,"1821058","CCV",2025-05-15,"WFI3187",NA,NA,NA,NA,"Nitrite","N","SM21 4500NO3-F",1.25,"=",0.075,"LOD","mg/L",1,5,5,1.25,100,90,110,NA,NA,NA,NA,3,NA,".","Waters Department",20,10,0.1,0.075,0.025,"1251731",NA,11:27:00,2025-05-14,14:07:00,NA,"4500-NO3(F)","APHA",NA,NA
NA,"CCV for HBN 1911780 (WFI/3187)","1",NA,"1821058","CCV",2025-05-15,"WFI3187",NA,NA,NA,"Total Nitrate/Nitrite-N","Nitrate+Nitrite","N","SM21 4500NO3-F",2.48,"=",0.075,"LOD","mg/L",1,5,5,2.5,99.4,90,110,NA,NA,NA,NA,3,NA,".","Waters Department",20,11,0.1,0.075,0.025,"1251731",NA,11:27:00,2025-05-14,14:07:00,NA,"4500-NO3(F)","APHA",NA,NA
NA,"CCV for HBN 1911780 (WFI/3187)","1",NA,"1821060","CCV",2025-05-15,"WFI3187",NA,NA,NA,NA,"Nitrate","N","SM21 4500NO3-F",1.28,"=",0.075,"LOD","mg/L",1,5,5,1.25,102,70,130,NA,NA,NA,NA,3,NA,".","Waters Department",20,9,0.1,0.075,0.025,"1251731",NA,11:27:00,2025-05-14,14:30:00,NA,"4500-NO3(F)","APHA",NA,NA
NA,"CCV for HBN 1911780 (WFI/3187)","1",NA,"1821060","CCV",2025-05-15,"WFI3187",NA,NA,NA,NA,"Nitrite","N","SM21 4500NO3-F",1.25,"=",0.075,"LOD","mg/L",1,5,5,1.25,99.8,90,110,NA,NA,NA,NA,3,NA,".","Waters Department",20,10,0.1,0.075,0.025,"1251731",NA,11:27:00,2025-05-14,14:30:00,NA,"4500-NO3(F)","APHA",NA,NA
NA,"CCV for HBN 1911780 (WFI/3187)","1",NA,"1821066","CCV",2025-05-15,"WFI3187",NA,NA,NA,NA,"Nitrate","N","SM21 4500NO3-F",1.23,"=",0.075,"LOD","mg/L",1,5,5,1.25,98.3,70,130,NA,NA,NA,NA,3,NA,".","Waters Department",20,9,0.1,0.075,0.025,"1251731",NA,11:27:00,2025-05-14,15:26:00,NA,"4500-NO3(F)","APHA",NA,NA
NA,"CCV for HBN 1911780 (WFI/3187)","1",NA,"1821066","CCV",2025-05-15,"WFI3187",NA,NA,NA,NA,"Nitrite","N","SM21 4500NO3-F",1.26,"=",0.075,"LOD","mg/L",1,5,5,1.25,101,90,110,NA,NA,NA,NA,3,NA,".","Waters Department",20,10,0.1,0.075,0.025,"1251731",NA,11:27:00,2025-05-14,15:26:00,NA,"4500-NO3(F)","APHA",NA,NA
NA,"CCV for HBN 1911780 (WFI/3187)","1",NA,"1821066","CCV",2025-05-15,"WFI3187",NA,NA,NA,"Total Nitrate/Nitrite-N","Nitrate+Nitrite","N","SM21 4500NO3-F",2.49,"=",0.075,"LOD","mg/L",1,5,5,2.5,99.7,90,110,NA,NA,NA,NA,3,NA,".","Waters Department",20,11,0.1,0.075,0.025,"1251731",NA,11:27:00,2025-05-14,15:26:00,NA,"4500-NO3(F)","APHA",NA,NA
NA,"CCV for HBN 1911780 (WFI/3187)","1",NA,"1821068","CCV",2025-05-15,"WFI3187",NA,NA,NA,NA,"Nitrate","N","SM21 4500NO3-F",1.29,"=",0.075,"LOD","mg/L",1,5,5,1.25,103,70,130,NA,NA,NA,NA,3,NA,".","Waters Department",20,9,0.1,0.075,0.025,"1251731",NA,11:27:00,2025-05-14,15:49:00,NA,"4500-NO3(F)","APHA",NA,NA
NA,"CCV for HBN 1911780 (WFI/3187)","1",NA,"1821068","CCV",2025-05-15,"WFI3187",NA,NA,NA,NA,"Nitrite","N","SM21 4500NO3-F",1.27,"=",0.075,"LOD","mg/L",1,5,5,1.25,101,90,110,NA,NA,NA,NA,3,NA,".","Waters Department",20,10,0.1,0.075,0.025,"1251731",NA,11:27:00,2025-05-14,15:49:00,NA,"4500-NO3(F)","APHA",NA,NA
NA,"CCV for HBN 1911780 (WFI/3187)","1",NA,"1821068","CCV",2025-05-15,"WFI3187",NA,NA,NA,"Total Nitrate/Nitrite-N","Nitrate+Nitrite","N","SM21 4500NO3-F",2.56,"=",0.075,"LOD","mg/L",1,5,5,2.5,102,90,110,NA,NA,NA,NA,3,NA,".","Waters Department",20,11,0.1,0.075,0.025,"1251731",NA,11:27:00,2025-05-14,15:49:00,NA,"4500-NO3(F)","APHA",NA,NA
NA,"ICV for HBN 1911245 (MMS/12669","1",NA,"1819366","ICV",2025-05-05,"MMS12669",NA,NA,NA,"Copper","7440-50-8","N","200.8",51,"=",0.9,"LOD","ug/L",1,100,100,50,102,90,110,NA,NA,NA,NA,3,NA,".","Metals by ICP/MS",15,11,1.2,0.9,0.4,"1251731",NA,10:07:00,2025-05-02,13:19:00,"Unfiltered","200.8","USEPA",NA,NA
NA,"ICV for HBN 1911245 (MMS/12669","1",NA,"1819366","ICV",2025-05-05,"MMS12669",NA,NA,NA,"Iron","7439-89-6","N","200.8",2530,"=",75,"LOD","ug/L",1,100,100,2500,101,90,110,NA,NA,NA,NA,3,NA,".","Metals by ICP/MS",15,12,100,75,31.2,"1251731",NA,10:07:00,2025-05-02,13:19:00,"Unfiltered","200.8","USEPA",NA,NA
NA,"ICV for HBN 1911245 (MMS/12669","1",NA,"1819366","ICV",2025-05-05,"MMS12669",NA,NA,NA,"Lead","7439-92-1","N","200.8",10.1,"=",0.6,"LOD","ug/L",1,100,100,10,101,90,110,NA,NA,NA,NA,3,NA,".","Metals by ICP/MS",15,13,0.8,0.6,0.2,"1251731",NA,10:07:00,2025-05-02,13:19:00,"Unfiltered","200.8","USEPA",NA,NA
NA,"ICV for HBN 1911245 (MMS/12669","1",NA,"1819366","ICV",2025-05-05,"MMS12669",NA,NA,NA,"Magnesium","7439-95-4","N","200.8",2510,"=",15,"LOD","ug/L",1,100,100,2500,100,90,110,NA,NA,NA,NA,3,NA,".","Metals by ICP/MS",15,14,20,15,6,"1251731",NA,10:07:00,2025-05-02,13:19:00,"Unfiltered","200.8","USEPA",NA,NA
NA,"ICV for HBN 1911245 (MMS/12669","1",NA,"1819366","ICV",2025-05-05,"MMS12669",NA,NA,NA,"Zinc","7440-66-6","N","200.8",50.3,"=",3,"LOD","ug/L",1,100,100,50,101,90,110,NA,NA,NA,NA,3,NA,".","Metals by ICP/MS",15,32,4,3,1.24,"1251731",NA,10:07:00,2025-05-02,13:19:00,"Unfiltered","200.8","USEPA",NA,NA
NA,"ICV for HBN 1911340 [WDA/6003]","1",NA,"1819799","ICV",2025-05-07,"WDA6003",NA,NA,NA,"Total Phosphorus","Total Phosph.","N","SM21 4500P-B,E",0.248,"=",0.03,"LOD","mg/L",1,10,10,0.25,99.1,90,110,NA,NA,NA,NA,3,NA,"T","Waters Department",20,266,0.04,0.03,0.012,"1251731",NA,11:29:00,2025-05-07,09:16:00,NA,"4500-P-E","APHA",NA,NA
NA,"ICV for HBN 1911433 (MMS/12675","1",NA,"1820089","ICV",2025-05-09,"MMS12675",NA,NA,NA,"Arsenic","7440-38-2","N","200.8",49.3,"=",1.5,"LOD","ug/L",1,100,100,50,98.6,90,110,NA,NA,NA,NA,3,NA,".","Metals by ICP/MS",15,3,2,1.5,0.6,"1251731",NA,08:50:00,2025-05-08,10:03:00,"Unfiltered","200.8","USEPA",NA,NA
NA,"ICV for HBN 1911433 (MMS/12675","1",NA,"1820089","ICV",2025-05-09,"MMS12675",NA,NA,NA,"Cadmium","7440-43-9","N","200.8",24.5,"=",0.15,"LOD","ug/L",1,100,100,25,97.8,90,110,NA,NA,NA,NA,3,NA,".","Metals by ICP/MS",15,7,0.2,0.15,0.06,"1251731",NA,08:50:00,2025-05-08,10:03:00,"Unfiltered","200.8","USEPA",NA,NA
NA,"LCS for HBN 1911188 [MXX/37491","1",NA,"1819182","LCS",2025-05-02,"MMS12669","MXX37491","E200.2","05/02/2025 10:01","Calcium","7440-70-2","N","200.8",10200,"=",375,"LOD","ug/L",1,20,50,10000,102,85,115,NA,NA,NA,NA,3,NA,".","Metals by ICP/MS",15,8,500,375,150,"1251731",NA,13:13:00,2025-05-02,14:43:00,"Unfiltered","200.8","USEPA",NA,NA
NA,"LCS for HBN 1911188 [MXX/37491","1",NA,"1819182","LCS",2025-05-02,"MMS12669","MXX37491","E200.2","05/02/2025 10:01","Iron","7439-89-6","N","200.8",5300,"=",188,"LOD","ug/L",1,20,50,5000,106,85,115,NA,NA,NA,NA,3,NA,".","Metals by ICP/MS",15,12,250,188,78,"1251731",NA,13:13:00,2025-05-02,14:43:00,"Unfiltered","200.8","USEPA",NA,NA
NA,"LCS for HBN 1911188 [MXX/37491","1",NA,"1819182","LCS",2025-05-02,"MMS12669","MXX37491","E200.2","05/02/2025 10:01","Magnesium","7439-95-4","N","200.8",10400,"=",37.5,"LOD","ug/L",1,20,50,10000,104,85,115,NA,NA,NA,NA,3,NA,".","Metals by ICP/MS",15,14,50,37.5,15,"1251731",NA,13:13:00,2025-05-02,14:43:00,"Unfiltered","200.8","USEPA",NA,NA
NA,"LCS for HBN 1911337 [WXX/15696","1",NA,"1819787","LCS",2025-05-07,"WDA6003","WXX15696","SM21 4500P-B,E","05/06/2025 16:56","Total Phosphorus","Total Phosph.","N","SM21 4500P-B,E",0.199,"=",0.03,"LOD","mg/L",1,25,25,0.2,99.5,75,125,NA,NA,NA,NA,3,NA,"T","Waters Department",20,266,0.04,0.03,0.012,"1251731",NA,11:26:00,2025-05-07,09:19:00,NA,"4500-P-E","APHA",NA,NA
NA,"LCS for HBN 1911338 [WXX/15697","1",NA,"1819792","LCS",2025-05-07,"WDA6003","WXX15697","SM21 4500P-B,E","05/07/2025 07:37","Total Phosphorus","Total Phosph.","N","SM21 4500P-B,E",0.193,"=",0.03,"LOD","mg/L",1,25,25,0.2,96.5,75,125,NA,NA,NA,NA,3,NA,"T","Waters Department",20,266,0.04,0.03,0.012,"1251731",NA,11:26:00,2025-05-07,09:48:00,NA,"4500-P-E","APHA",NA,NA
NA,"LCS for HBN 1911705 [WXX/15706","1",NA,"1820628","LCS",2025-05-13,"WDA6007","WXX15706","SM21 4500P-B,E","05/13/2025 09:10","Total Phosphorus","Total Phosph.","N","SM21 4500P-B,E",0.195,"=",0.03,"LOD","mg/L",1,25,25,0.2,97.4,75,125,NA,NA,NA,NA,3,NA,"T","Waters Department",20,266,0.04,0.03,0.012,"1251731",NA,11:12:00,2025-05-13,10:52:00,NA,"4500-P-E","APHA",NA,NA
NA,"LCS for HBN 1911780 (WFI/3187)","1",NA,"1821047","LCS",2025-05-15,"WFI3187",NA,NA,NA,NA,"Nitrate","N","SM21 4500NO3-F",2.62,"=",0.15,"LOD","mg/L",2,5,5,2.5,105,70,130,NA,NA,NA,NA,3,NA,".","Waters Department",20,9,0.2,0.15,0.05,"1251731",NA,11:27:00,2025-05-14,13:43:00,NA,"4500-NO3(F)","APHA",NA,NA
NA,"LCS for HBN 1911780 (WFI/3187)","1",NA,"1821047","LCS",2025-05-15,"WFI3187",NA,NA,NA,NA,"Nitrite","N","SM21 4500NO3-F",2.59,"=",0.15,"LOD","mg/L",2,5,5,2.5,103,90,110,NA,NA,NA,NA,3,NA,".","Waters Department",20,10,0.2,0.15,0.05,"1251731",NA,11:27:00,2025-05-14,13:43:00,NA,"4500-NO3(F)","APHA",NA,NA
NA,"LCS for HBN 1911780 (WFI/3187)","1",NA,"1821047","LCS",2025-05-15,"WFI3187",NA,NA,NA,"Total Nitrate/Nitrite-N","Nitrate+Nitrite","N","SM21 4500NO3-F",5.21,"=",0.15,"LOD","mg/L",2,5,5,5,104,90,110,NA,NA,NA,NA,3,NA,".","Waters Department",20,11,0.2,0.15,0.05,"1251731",NA,11:27:00,2025-05-14,13:43:00,NA,"4500-NO3(F)","APHA",NA,NA
NA,"LCS for HBN 1911780 (WFI/3187)","1",NA,"1821049","LCS",2025-05-15,"WFI3187",NA,NA,NA,NA,"Nitrate","N","SM21 4500NO3-F",2.6,"=",0.15,"LOD","mg/L",2,5,5,2.5,104,70,130,NA,NA,NA,NA,3,NA,".","Waters Department",20,9,0.2,0.15,0.05,"1251731",NA,11:27:00,2025-05-14,14:41:00,NA,"4500-NO3(F)","APHA",NA,NA
NA,"LCS for HBN 1911780 (WFI/3187)","1",NA,"1821049","LCS",2025-05-15,"WFI3187",NA,NA,NA,NA,"Nitrite","N","SM21 4500NO3-F",2.57,"=",0.15,"LOD","mg/L",2,5,5,2.5,103,90,110,NA,NA,NA,NA,3,NA,".","Waters Department",20,10,0.2,0.15,0.05,"1251731",NA,11:27:00,2025-05-14,14:41:00,NA,"4500-NO3(F)","APHA",NA,NA
NA,"LLQC for HBN 1911188 [MXX/3749","1",NA,"1819183","LLQC",2025-05-02,"MMS12669","MXX37491","E200.2","05/02/2025 10:01","Calcium","7440-70-2","N","200.8",408,"J",375,"LOD","ug/L",1,20,50,500,81.7,NA,NA,NA,NA,NA,NA,3,NA,".","Metals by ICP/MS",15,8,500,375,150,"1251731",NA,13:13:00,2025-05-02,14:46:00,"Unfiltered","200.8","USEPA",NA,NA
NA,"LLQC for HBN 1911188 [MXX/3749","1",NA,"1819183","LLQC",2025-05-02,"MMS12669","MXX37491","E200.2","05/02/2025 10:01","Iron","7439-89-6","N","200.8",264,"=",188,"LOD","ug/L",1,20,50,250,105,NA,NA,NA,NA,NA,NA,3,NA,".","Metals by ICP/MS",15,12,250,188,78,"1251731",NA,13:13:00,2025-05-02,14:46:00,"Unfiltered","200.8","USEPA",NA,NA
NA,"LLQC for HBN 1911189 [MXX/3749","1",NA,"1819188","LLQC",2025-05-02,"MMS12669","MXX37492","E200.2","05/02/2025 10:01","Iron","7439-89-6","N","200.8",245,"J",188,"LOD","ug/L",1,20,50,250,98.2,NA,NA,NA,NA,NA,NA,3,NA,".","Metals by ICP/MS",15,12,250,188,78,"1251731",NA,13:15:00,2025-05-02,18:35:00,"Unfiltered","200.8","USEPA",NA,NA
NA,"LLQC for HBN 1911189 [MXX/3749","1",NA,"1819188","LLQC",2025-05-02,"MMS12669","MXX37492","E200.2","05/02/2025 10:01","Magnesium","7439-95-4","N","200.8",52,"=",37.5,"LOD","ug/L",1,20,50,50,104,NA,NA,NA,NA,NA,NA,3,NA,".","Metals by ICP/MS",15,14,50,37.5,15,"1251731",NA,13:15:00,2025-05-02,18:35:00,"Unfiltered","200.8","USEPA",NA,NA
NA,"QCS for HBN 1911245 (MMS/12669","1",NA,"1819367","QCS",2025-05-05,"MMS12669",NA,NA,NA,"Arsenic","7440-38-2","N","200.8",127,"=",1.5,"LOD","ug/L",1,100,100,125,102,90,110,NA,NA,NA,NA,3,NA,".","Metals by ICP/MS",15,3,2,1.5,0.6,"1251731",NA,10:07:00,2025-05-02,13:22:00,"Unfiltered","200.8","USEPA",NA,NA
NA,"QCS for HBN 1911245 (MMS/12669","1",NA,"1819367","QCS",2025-05-05,"MMS12669",NA,NA,NA,"Cadmium","7440-43-9","N","200.8",63.6,"=",0.15,"LOD","ug/L",1,100,100,62.5,102,90,110,NA,NA,NA,NA,3,NA,".","Metals by ICP/MS",15,7,0.2,0.15,0.06,"1251731",NA,10:07:00,2025-05-02,13:22:00,"Unfiltered","200.8","USEPA",NA,NA
NA,"QCS for HBN 1911433 (MMS/12675","1",NA,"1820090","QCS",2025-05-09,"MMS12675",NA,NA,NA,"Arsenic","7440-38-2","N","200.8",125,"=",1.5,"LOD","ug/L",1,100,100,125,99.9,90,110,NA,NA,NA,NA,3,NA,".","Metals by ICP/MS",15,3,2,1.5,0.6,"1251731",NA,08:50:00,2025-05-08,10:06:00,"Unfiltered","200.8","USEPA",NA,NA
NA,"QCS for HBN 1911433 (MMS/12675","1",NA,"1820090","QCS",2025-05-09,"MMS12675",NA,NA,NA,"Cadmium","7440-43-9","N","200.8",62.4,"=",0.15,"LOD","ug/L",1,100,100,62.5,99.8,90,110,NA,NA,NA,NA,3,NA,".","Metals by ICP/MS",15,7,0.2,0.15,0.06,"1251731",NA,08:50:00,2025-05-08,10:06:00,"Unfiltered","200.8","USEPA",NA,NA
NA,"QCS for HBN 1911433 (MMS/12675","1",NA,"1820090","QCS",2025-05-09,"MMS12675",NA,NA,NA,"Chromium","7440-47-3","N","200.8",124,"=",1.5,"LOD","ug/L",1,100,100,125,98.9,90,110,NA,NA,NA,NA,3,NA,".","Metals by ICP/MS",15,9,2,1.5,1,"1251731",NA,08:50:00,2025-05-08,10:06:00,"Unfiltered","200.8","USEPA",NA,NA
NA,"QCS for HBN 1911433 (MMS/12675","1",NA,"1820090","QCS",2025-05-09,"MMS12675",NA,NA,NA,"Copper","7440-50-8","N","200.8",125,"=",0.9,"LOD","ug/L",1,100,100,125,99.7,90,110,NA,NA,NA,NA,3,NA,".","Metals by ICP/MS",15,11,1.2,0.9,0.4,"1251731",NA,08:50:00,2025-05-08,10:06:00,"Unfiltered","200.8","USEPA",NA,NA
NA,"QCS for HBN 1911433 (MMS/12675","1",NA,"1820090","QCS",2025-05-09,"MMS12675",NA,NA,NA,"Lead","7439-92-1","N","200.8",24.8,"=",0.6,"LOD","ug/L",1,100,100,25,99,90,110,NA,NA,NA,NA,3,NA,".","Metals by ICP/MS",15,13,0.8,0.6,0.2,"1251731",NA,08:50:00,2025-05-08,10:06:00,"Unfiltered","200.8","USEPA",NA,NA
NA,"QCS for HBN 1911433 (MMS/12675","1",NA,"1820090","QCS",2025-05-09,"MMS12675",NA,NA,NA,"Zinc","7440-66-6","N","200.8",126,"=",3,"LOD","ug/L",1,100,100,125,101,90,110,NA,NA,NA,NA,3,NA,".","Metals by ICP/MS",15,32,4,3,1.24,"1251731",NA,08:50:00,2025-05-08,10:06:00,"Unfiltered","200.8","USEPA",NA,NA
NA,"QCS for HBN 1911706 [WDA/6007]","1",NA,"1820632","QCS",2025-05-13,"WDA6007",NA,NA,NA,"Total Phosphorus","Total Phosph.","N","SM21 4500P-B,E",0.381,"=",0.03,"LOD","mg/L",1,10,10,0.4,95.3,90,110,NA,NA,NA,NA,3,NA,"T","Waters Department",20,266,0.04,0.03,0.012,"1251731",NA,11:13:00,2025-05-13,10:49:00,NA,"4500-P-E","APHA",NA,NA
NA,"QCS for HBN 1911780 (WFI/3187)","1",NA,"1821057","QCS",2025-05-15,"WFI3187",NA,NA,NA,NA,"Nitrate","N","SM21 4500NO3-F",0.245,"=",0.075,"LOD","mg/L",1,5,5,0.25,98.1,70,130,NA,NA,NA,NA,3,NA,".","Waters Department",20,9,0.1,0.075,0.025,"1251731",NA,11:27:00,2025-05-14,13:46:00,NA,"4500-NO3(F)","APHA",NA,NA
NA,"LCS for HBN 1911780 (WFI/3187)","1",NA,"1821049","LCS",2025-05-15,"WFI3187",NA,NA,NA,"Total Nitrate/Nitrite-N","Nitrate+Nitrite","N","SM21 4500NO3-F",5.18,"=",0.15,"LOD","mg/L",2,5,5,5,104,90,110,NA,NA,NA,NA,3,NA,".","Waters Department",20,11,0.2,0.15,0.05,"1251731",NA,11:27:00,2025-05-14,14:41:00,NA,"4500-NO3(F)","APHA",NA,NA
NA,"LCS for HBN 1911780 (WFI/3187)","1",NA,"1821051","LCS",2025-05-15,"WFI3187",NA,NA,NA,NA,"Nitrate","N","SM21 4500NO3-F",2.46,"=",0.15,"LOD","mg/L",2,5,5,2.5,98.3,70,130,NA,NA,NA,NA,3,NA,".","Waters Department",20,9,0.2,0.15,0.05,"1251731",NA,11:27:00,2025-05-14,15:26:00,NA,"4500-NO3(F)","APHA",NA,NA
NA,"LCS for HBN 1911780 (WFI/3187)","1",NA,"1821051","LCS",2025-05-15,"WFI3187",NA,NA,NA,NA,"Nitrite","N","SM21 4500NO3-F",2.53,"=",0.15,"LOD","mg/L",2,5,5,2.5,101,90,110,NA,NA,NA,NA,3,NA,".","Waters Department",20,10,0.2,0.15,0.05,"1251731",NA,11:27:00,2025-05-14,15:26:00,NA,"4500-NO3(F)","APHA",NA,NA
NA,"LCS for HBN 1911780 (WFI/3187)","1",NA,"1821051","LCS",2025-05-15,"WFI3187",NA,NA,NA,"Total Nitrate/Nitrite-N","Nitrate+Nitrite","N","SM21 4500NO3-F",4.99,"=",0.15,"LOD","mg/L",2,5,5,5,99.7,90,110,NA,NA,NA,NA,3,NA,".","Waters Department",20,11,0.2,0.15,0.05,"1251731",NA,11:27:00,2025-05-14,15:26:00,NA,"4500-NO3(F)","APHA",NA,NA
NA,"LCS for HBN 1911780 (WFI/3187)","1",NA,"1821053","LCS",2025-05-15,"WFI3187",NA,NA,NA,NA,"Nitrate","N","SM21 4500NO3-F",2.92,"=",0.15,"LOD","mg/L",2,5,5,2.5,117,70,130,NA,NA,NA,NA,3,NA,".","Waters Department",20,9,0.2,0.15,0.05,"1251731",NA,11:27:00,2025-05-14,16:12:00,NA,"4500-NO3(F)","APHA",NA,NA
NA,"LCS for HBN 1911780 (WFI/3187)","1",NA,"1821053","LCS",2025-05-15,"WFI3187",NA,NA,NA,NA,"Nitrite","N","SM21 4500NO3-F",2.42,"=",0.15,"LOD","mg/L",2,5,5,2.5,96.9,90,110,NA,NA,NA,NA,3,NA,".","Waters Department",20,10,0.2,0.15,0.05,"1251731",NA,11:27:00,2025-05-14,16:12:00,NA,"4500-NO3(F)","APHA",NA,NA
NA,"LCS for HBN 1911780 (WFI/3187)","1",NA,"1821053","LCS",2025-05-15,"WFI3187",NA,NA,NA,"Total Nitrate/Nitrite-N","Nitrate+Nitrite","N","SM21 4500NO3-F",5.34,"=",0.15,"LOD","mg/L",2,5,5,5,107,90,110,NA,NA,NA,NA,3,NA,".","Waters Department",20,11,0.2,0.15,0.05,"1251731",NA,11:27:00,2025-05-14,16:12:00,NA,"4500-NO3(F)","APHA",NA,NA
NA,"LLQC for HBN 1911188 [MXX/3749","1",NA,"1819183","LLQC",2025-05-02,"MMS12669","MXX37491","E200.2","05/02/2025 10:01","Magnesium","7439-95-4","N","200.8",54.4,"=",37.5,"LOD","ug/L",1,20,50,50,109,NA,NA,NA,NA,NA,NA,3,NA,".","Metals by ICP/MS",15,14,50,37.5,15,"1251731",NA,13:13:00,2025-05-02,14:46:00,"Unfiltered","200.8","USEPA",NA,NA
NA,"LLQC for HBN 1911189 [MXX/3749","1",NA,"1819188","LLQC",2025-05-02,"MMS12669","MXX37492","E200.2","05/02/2025 10:01","Calcium","7440-70-2","N","200.8",402,"J",375,"LOD","ug/L",1,20,50,500,80.3,NA,NA,NA,NA,NA,NA,3,NA,".","Metals by ICP/MS",15,8,500,375,150,"1251731",NA,13:15:00,2025-05-02,18:35:00,"Unfiltered","200.8","USEPA",NA,NA
NA,"LLQC for HBN 1911780 [WFI/3187","1",NA,"1820966","LLQC",2025-05-15,"WFI3187",NA,NA,NA,NA,"Nitrate","N","SM21 4500NO3-F",0.0289,"J",0.075,"LOD","mg/L",1,5,5,0.025,116,NA,NA,NA,NA,NA,NA,3,NA,".","Waters Department",20,9,0.1,0.075,0.025,"1251731",NA,07:37:00,2025-05-14,13:27:00,NA,"4500-NO3(F)","APHA",NA,NA
NA,"LLQC for HBN 1911780 [WFI/3187","1",NA,"1820966","LLQC",2025-05-15,"WFI3187",NA,NA,NA,NA,"Nitrite","N","SM21 4500NO3-F",0,"U",0.075,"LOD","mg/L",1,5,5,0.025,0,NA,NA,NA,NA,NA,NA,3,NA,".","Waters Department",20,10,0.1,0.075,0.025,"1251731",NA,07:37:00,2025-05-14,13:27:00,NA,"4500-NO3(F)","APHA",NA,NA
NA,"LLQC for HBN 1911780 [WFI/3187","1",NA,"1820966","LLQC",2025-05-15,"WFI3187",NA,NA,NA,"Total Nitrate/Nitrite-N","Nitrate+Nitrite","N","SM21 4500NO3-F",0.0526,"J",0.075,"LOD","mg/L",1,5,5,0.05,105,NA,NA,NA,NA,NA,NA,3,NA,".","Waters Department",20,11,0.1,0.075,0.025,"1251731",NA,07:37:00,2025-05-14,13:27:00,NA,"4500-NO3(F)","APHA",NA,NA
NA,"QCS for HBN 1911245 (MMS/12669","1",NA,"1819367","QCS",2025-05-05,"MMS12669",NA,NA,NA,"Calcium","7440-70-2","N","200.8",6290,"=",150,"LOD","ug/L",1,100,100,6250,101,90,110,NA,NA,NA,NA,3,NA,".","Metals by ICP/MS",15,8,200,150,60,"1251731",NA,10:07:00,2025-05-02,13:22:00,"Unfiltered","200.8","USEPA",NA,NA
NA,"QCS for HBN 1911245 (MMS/12669","1",NA,"1819367","QCS",2025-05-05,"MMS12669",NA,NA,NA,"Chromium","7440-47-3","N","200.8",126,"=",1.5,"LOD","ug/L",1,100,100,125,101,90,110,NA,NA,NA,NA,3,NA,".","Metals by ICP/MS",15,9,2,1.5,1,"1251731",NA,10:07:00,2025-05-02,13:22:00,"Unfiltered","200.8","USEPA",NA,NA
NA,"QCS for HBN 1911245 (MMS/12669","1",NA,"1819367","QCS",2025-05-05,"MMS12669",NA,NA,NA,"Copper","7440-50-8","N","200.8",127,"=",0.9,"LOD","ug/L",1,100,100,125,101,90,110,NA,NA,NA,NA,3,NA,".","Metals by ICP/MS",15,11,1.2,0.9,0.4,"1251731",NA,10:07:00,2025-05-02,13:22:00,"Unfiltered","200.8","USEPA",NA,NA
NA,"QCS for HBN 1911245 (MMS/12669","1",NA,"1819367","QCS",2025-05-05,"MMS12669",NA,NA,NA,"Iron","7439-89-6","N","200.8",6440,"=",75,"LOD","ug/L",1,100,100,6250,103,90,110,NA,NA,NA,NA,3,NA,".","Metals by ICP/MS",15,12,100,75,31.2,"1251731",NA,10:07:00,2025-05-02,13:22:00,"Unfiltered","200.8","USEPA",NA,NA
NA,"QCS for HBN 1911245 (MMS/12669","1",NA,"1819367","QCS",2025-05-05,"MMS12669",NA,NA,NA,"Lead","7439-92-1","N","200.8",25.5,"=",0.6,"LOD","ug/L",1,100,100,25,102,90,110,NA,NA,NA,NA,3,NA,".","Metals by ICP/MS",15,13,0.8,0.6,0.2,"1251731",NA,10:07:00,2025-05-02,13:22:00,"Unfiltered","200.8","USEPA",NA,NA
NA,"QCS for HBN 1911245 (MMS/12669","1",NA,"1819367","QCS",2025-05-05,"MMS12669",NA,NA,NA,"Magnesium","7439-95-4","N","200.8",6150,"=",15,"LOD","ug/L",1,100,100,6250,98.5,90,110,NA,NA,NA,NA,3,NA,".","Metals by ICP/MS",15,14,20,15,6,"1251731",NA,10:07:00,2025-05-02,13:22:00,"Unfiltered","200.8","USEPA",NA,NA
NA,"QCS for HBN 1911245 (MMS/12669","1",NA,"1819367","QCS",2025-05-05,"MMS12669",NA,NA,NA,"Zinc","7440-66-6","N","200.8",127,"=",3,"LOD","ug/L",1,100,100,125,102,90,110,NA,NA,NA,NA,3,NA,".","Metals by ICP/MS",15,32,4,3,1.24,"1251731",NA,10:07:00,2025-05-02,13:22:00,"Unfiltered","200.8","USEPA",NA,NA
NA,"QCS for HBN 1911340 [WDA/6003]","1",NA,"1819798","QCS",2025-05-07,"WDA6003",NA,NA,NA,"Total Phosphorus","Total Phosph.","N","SM21 4500P-B,E",0.367,"=",0.03,"LOD","mg/L",1,10,10,0.4,91.7,90,110,NA,NA,NA,NA,3,NA,"T","Waters Department",20,266,0.04,0.03,0.012,"1251731",NA,11:29:00,2025-05-07,09:15:00,NA,"4500-P-E","APHA",NA,NA
NA,"QCS for HBN 1911780 (WFI/3187)","1",NA,"1821057","QCS",2025-05-15,"WFI3187",NA,NA,NA,NA,"Nitrite","N","SM21 4500NO3-F",0.267,"=",0.075,"LOD","mg/L",1,5,5,0.25,107,90,110,NA,NA,NA,NA,3,NA,".","Waters Department",20,10,0.1,0.075,0.025,"1251731",NA,11:27:00,2025-05-14,13:46:00,NA,"4500-NO3(F)","APHA",NA,NA
NA,"QCS for HBN 1911780 (WFI/3187)","1",NA,"1821057","QCS",2025-05-15,"WFI3187",NA,NA,NA,"Total Nitrate/Nitrite-N","Nitrate+Nitrite","N","SM21 4500NO3-F",0.513,"=",0.075,"LOD","mg/L",1,5,5,0.5,103,90,110,NA,NA,NA,NA,3,NA,".","Waters Department",20,11,0.1,0.075,0.025,"1251731",NA,11:27:00,2025-05-14,13:46:00,NA,"4500-NO3(F)","APHA",NA,NA
