"project_id","sample_id","matrix","collect_date","lab_sample_id","sample_type","rec_date","anl_batch","prp_batch","extraction_code","extracted_date","analyte","cas_number","analyte_flag","analytical_method","result","resultflag","repdl","limit_definition","units","analytical_cut","initial_wt_vol","final_vol","amount_spiked","percent_recovered","rec_limit_low","rec_limit_high","initial_conc","sample_rpd","rpd_limit_low","rpd_limit_high","rep_sig_digs","allowable_limit","dissolved","analysis_group","method_order","analyte_order","loq","lod","dl","sdg","collect_time","rec_time","run_date","run_time","result_sample_fraction","epa_analysis_id","context_code","monitoring_location_id","sample_condition"
NA,"CB for HBN 1915349 (MMS/12783)","1",NA,"1835610","CB",2025-07-29,"MMS12783",NA,NA,NA,"Calcium","7440-70-2","N","200.8",0,"U",150,"LOD","ug/L",1,100,100,NA,NA,NA,NA,NA,NA,NA,NA,3,NA,".","Metals by ICP/MS",15,8,200,150,60,"1253728",NA,11:51:00,2025-07-28,10:52:00,"Unfiltered","200.8","USEPA",NA,NA
NA,"CB for HBN 1915349 (MMS/12783)","1",NA,"1835610","CB",2025-07-29,"MMS12783",NA,NA,NA,"Copper","7440-50-8","N","200.8",0,"U",0.9,"LOD","ug/L",1,100,100,NA,NA,NA,NA,NA,NA,NA,NA,3,NA,".","Metals by ICP/MS",15,11,1.2,0.9,0.4,"1253728",NA,11:51:00,2025-07-28,10:52:00,"Unfiltered","200.8","USEPA",NA,NA
NA,"CB for HBN 1915349 (MMS/12783)","1",NA,"1835610","CB",2025-07-29,"MMS12783",NA,NA,NA,"Iron","7439-89-6","N","200.8",0,"U",75,"LOD","ug/L",1,100,100,NA,NA,NA,NA,NA,NA,NA,NA,3,NA,".","Metals by ICP/MS",15,12,100,75,31.2,"1253728",NA,11:51:00,2025-07-28,10:52:00,"Unfiltered","200.8","USEPA",NA,NA
NA,"CB for HBN 1915349 (MMS/12783)","1",NA,"1835610","CB",2025-07-29,"MMS12783",NA,NA,NA,"Magnesium","7439-95-4","N","200.8",0,"U",15,"LOD","ug/L",1,100,100,NA,NA,NA,NA,NA,NA,NA,NA,3,NA,".","Metals by ICP/MS",15,14,20,15,6,"1253728",NA,11:51:00,2025-07-28,10:52:00,"Unfiltered","200.8","USEPA",NA,NA
NA,"CB for HBN 1915349 (MMS/12783)","1",NA,"1835610","CB",2025-07-29,"MMS12783",NA,NA,NA,"Zinc","7440-66-6","N","200.8",0,"U",3,"LOD","ug/L",1,100,100,NA,NA,NA,NA,NA,NA,NA,NA,3,NA,".","Metals by ICP/MS",15,32,4,3,1.24,"1253728",NA,11:51:00,2025-07-28,10:52:00,"Unfiltered","200.8","USEPA",NA,NA
NA,"CB for HBN 1915349 (MMS/12783)","1",NA,"1835625","CB",2025-07-29,"MMS12783",NA,NA,NA,"Calcium","7440-70-2","N","200.8",0,"U",150,"LOD","ug/L",1,100,100,NA,NA,NA,NA,NA,NA,NA,NA,3,NA,".","Metals by ICP/MS",15,8,200,150,60,"1253728",NA,12:00:00,2025-07-28,11:28:00,"Unfiltered","200.8","USEPA",NA,NA
NA,"CB for HBN 1915349 (MMS/12783)","1",NA,"1835625","CB",2025-07-29,"MMS12783",NA,NA,NA,"Copper","7440-50-8","N","200.8",0,"U",0.9,"LOD","ug/L",1,100,100,NA,NA,NA,NA,NA,NA,NA,NA,3,NA,".","Metals by ICP/MS",15,11,1.2,0.9,0.4,"1253728",NA,12:00:00,2025-07-28,11:28:00,"Unfiltered","200.8","USEPA",NA,NA
NA,"CB for HBN 1915349 (MMS/12783)","1",NA,"1835625","CB",2025-07-29,"MMS12783",NA,NA,NA,"Iron","7439-89-6","N","200.8",0,"U",75,"LOD","ug/L",1,100,100,NA,NA,NA,NA,NA,NA,NA,NA,3,NA,".","Metals by ICP/MS",15,12,100,75,31.2,"1253728",NA,12:00:00,2025-07-28,11:28:00,"Unfiltered","200.8","USEPA",NA,NA
NA,"CB for HBN 1915349 (MMS/12783)","1",NA,"1835625","CB",2025-07-29,"MMS12783",NA,NA,NA,"Magnesium","7439-95-4","N","200.8",0,"U",15,"LOD","ug/L",1,100,100,NA,NA,NA,NA,NA,NA,NA,NA,3,NA,".","Metals by ICP/MS",15,14,20,15,6,"1253728",NA,12:00:00,2025-07-28,11:28:00,"Unfiltered","200.8","USEPA",NA,NA
NA,"CB for HBN 1915349 (MMS/12783)","1",NA,"1835625","CB",2025-07-29,"MMS12783",NA,NA,NA,"Zinc","7440-66-6","N","200.8",0,"U",3,"LOD","ug/L",1,100,100,NA,NA,NA,NA,NA,NA,NA,NA,3,NA,".","Metals by ICP/MS",15,32,4,3,1.24,"1253728",NA,12:00:00,2025-07-28,11:28:00,"Unfiltered","200.8","USEPA",NA,NA
NA,"CB for HBN 1915349 (MMS/12783)","1",NA,"1835627","CB",2025-07-29,"MMS12783",NA,NA,NA,"Calcium","7440-70-2","N","200.8",0,"U",150,"LOD","ug/L",1,100,100,NA,NA,NA,NA,NA,NA,NA,NA,3,NA,".","Metals by ICP/MS",15,8,200,150,60,"1253728",NA,12:00:00,2025-07-28,12:03:00,"Unfiltered","200.8","USEPA",NA,NA
NA,"CB for HBN 1915349 (MMS/12783)","1",NA,"1835627","CB",2025-07-29,"MMS12783",NA,NA,NA,"Copper","7440-50-8","N","200.8",0,"U",0.9,"LOD","ug/L",1,100,100,NA,NA,NA,NA,NA,NA,NA,NA,3,NA,".","Metals by ICP/MS",15,11,1.2,0.9,0.4,"1253728",NA,12:00:00,2025-07-28,12:03:00,"Unfiltered","200.8","USEPA",NA,NA
NA,"CB for HBN 1915349 (MMS/12783)","1",NA,"1835627","CB",2025-07-29,"MMS12783",NA,NA,NA,"Iron","7439-89-6","N","200.8",0,"U",75,"LOD","ug/L",1,100,100,NA,NA,NA,NA,NA,NA,NA,NA,3,NA,".","Metals by ICP/MS",15,12,100,75,31.2,"1253728",NA,12:00:00,2025-07-28,12:03:00,"Unfiltered","200.8","USEPA",NA,NA
NA,"CB for HBN 1915349 (MMS/12783)","1",NA,"1835627","CB",2025-07-29,"MMS12783",NA,NA,NA,"Magnesium","7439-95-4","N","200.8",0,"U",15,"LOD","ug/L",1,100,100,NA,NA,NA,NA,NA,NA,NA,NA,3,NA,".","Metals by ICP/MS",15,14,20,15,6,"1253728",NA,12:00:00,2025-07-28,12:03:00,"Unfiltered","200.8","USEPA",NA,NA
NA,"CB for HBN 1915349 (MMS/12783)","1",NA,"1835627","CB",2025-07-29,"MMS12783",NA,NA,NA,"Zinc","7440-66-6","N","200.8",0,"U",3,"LOD","ug/L",1,100,100,NA,NA,NA,NA,NA,NA,NA,NA,3,NA,".","Metals by ICP/MS",15,32,4,3,1.24,"1253728",NA,12:00:00,2025-07-28,12:03:00,"Unfiltered","200.8","USEPA",NA,NA
NA,"CB for HBN 1915349 (MMS/12783)","1",NA,"1835629","CB",2025-07-29,"MMS12783",NA,NA,NA,"Calcium","7440-70-2","N","200.8",0,"U",150,"LOD","ug/L",1,100,100,NA,NA,NA,NA,NA,NA,NA,NA,3,NA,".","Metals by ICP/MS",15,8,200,150,60,"1253728",NA,12:00:00,2025-07-28,12:30:00,"Unfiltered","200.8","USEPA",NA,NA
NA,"CB for HBN 1915349 (MMS/12783)","1",NA,"1835629","CB",2025-07-29,"MMS12783",NA,NA,NA,"Copper","7440-50-8","N","200.8",0,"U",0.9,"LOD","ug/L",1,100,100,NA,NA,NA,NA,NA,NA,NA,NA,3,NA,".","Metals by ICP/MS",15,11,1.2,0.9,0.4,"1253728",NA,12:00:00,2025-07-28,12:30:00,"Unfiltered","200.8","USEPA",NA,NA
NA,"CB for HBN 1915349 (MMS/12783)","1",NA,"1835629","CB",2025-07-29,"MMS12783",NA,NA,NA,"Iron","7439-89-6","N","200.8",0,"U",75,"LOD","ug/L",1,100,100,NA,NA,NA,NA,NA,NA,NA,NA,3,NA,".","Metals by ICP/MS",15,12,100,75,31.2,"1253728",NA,12:00:00,2025-07-28,12:30:00,"Unfiltered","200.8","USEPA",NA,NA
NA,"CB for HBN 1915349 (MMS/12783)","1",NA,"1835629","CB",2025-07-29,"MMS12783",NA,NA,NA,"Magnesium","7439-95-4","N","200.8",0,"U",15,"LOD","ug/L",1,100,100,NA,NA,NA,NA,NA,NA,NA,NA,3,NA,".","Metals by ICP/MS",15,14,20,15,6,"1253728",NA,12:00:00,2025-07-28,12:30:00,"Unfiltered","200.8","USEPA",NA,NA
NA,"CB for HBN 1915349 (MMS/12783)","1",NA,"1835629","CB",2025-07-29,"MMS12783",NA,NA,NA,"Zinc","7440-66-6","N","200.8",0,"U",3,"LOD","ug/L",1,100,100,NA,NA,NA,NA,NA,NA,NA,NA,3,NA,".","Metals by ICP/MS",15,32,4,3,1.24,"1253728",NA,12:00:00,2025-07-28,12:30:00,"Unfiltered","200.8","USEPA",NA,NA
NA,"CB for HBN 1915349 (MMS/12783)","1",NA,"1835630","CB",2025-07-29,"MMS12783",NA,NA,NA,"Calcium","7440-70-2","N","200.8",0,"U",150,"LOD","ug/L",1,100,100,NA,NA,NA,NA,NA,NA,NA,NA,3,NA,".","Metals by ICP/MS",15,8,200,150,60,"1253728",NA,12:06:00,2025-07-28,13:53:00,"Unfiltered","200.8","USEPA",NA,NA
NA,"CB for HBN 1915349 (MMS/12783)","1",NA,"1835630","CB",2025-07-29,"MMS12783",NA,NA,NA,"Copper","7440-50-8","N","200.8",0,"U",0.9,"LOD","ug/L",1,100,100,NA,NA,NA,NA,NA,NA,NA,NA,3,NA,".","Metals by ICP/MS",15,11,1.2,0.9,0.4,"1253728",NA,12:06:00,2025-07-28,13:53:00,"Unfiltered","200.8","USEPA",NA,NA
NA,"CB for HBN 1915349 (MMS/12783)","1",NA,"1835630","CB",2025-07-29,"MMS12783",NA,NA,NA,"Iron","7439-89-6","N","200.8",0,"U",75,"LOD","ug/L",1,100,100,NA,NA,NA,NA,NA,NA,NA,NA,3,NA,".","Metals by ICP/MS",15,12,100,75,31.2,"1253728",NA,12:06:00,2025-07-28,13:53:00,"Unfiltered","200.8","USEPA",NA,NA
NA,"CB for HBN 1915349 (MMS/12783)","1",NA,"1835630","CB",2025-07-29,"MMS12783",NA,NA,NA,"Magnesium","7439-95-4","N","200.8",0,"U",15,"LOD","ug/L",1,100,100,NA,NA,NA,NA,NA,NA,NA,NA,3,NA,".","Metals by ICP/MS",15,14,20,15,6,"1253728",NA,12:06:00,2025-07-28,13:53:00,"Unfiltered","200.8","USEPA",NA,NA
NA,"CB for HBN 1915349 (MMS/12783)","1",NA,"1835630","CB",2025-07-29,"MMS12783",NA,NA,NA,"Zinc","7440-66-6","N","200.8",0,"U",3,"LOD","ug/L",1,100,100,NA,NA,NA,NA,NA,NA,NA,NA,3,NA,".","Metals by ICP/MS",15,32,4,3,1.24,"1253728",NA,12:06:00,2025-07-28,13:53:00,"Unfiltered","200.8","USEPA",NA,NA
NA,"CB for HBN 1915349 (MMS/12783)","1",NA,"1835633","CB",2025-07-29,"MMS12783",NA,NA,NA,"Calcium","7440-70-2","N","200.8",0,"U",150,"LOD","ug/L",1,100,100,NA,NA,NA,NA,NA,NA,NA,NA,3,NA,".","Metals by ICP/MS",15,8,200,150,60,"1253728",NA,12:18:00,2025-07-28,14:34:00,"Unfiltered","200.8","USEPA",NA,NA
NA,"CB for HBN 1915349 (MMS/12783)","1",NA,"1835633","CB",2025-07-29,"MMS12783",NA,NA,NA,"Copper","7440-50-8","N","200.8",0,"U",0.9,"LOD","ug/L",1,100,100,NA,NA,NA,NA,NA,NA,NA,NA,3,NA,".","Metals by ICP/MS",15,11,1.2,0.9,0.4,"1253728",NA,12:18:00,2025-07-28,14:34:00,"Unfiltered","200.8","USEPA",NA,NA
NA,"CB for HBN 1915349 (MMS/12783)","1",NA,"1835633","CB",2025-07-29,"MMS12783",NA,NA,NA,"Iron","7439-89-6","N","200.8",0,"U",75,"LOD","ug/L",1,100,100,NA,NA,NA,NA,NA,NA,NA,NA,3,NA,".","Metals by ICP/MS",15,12,100,75,31.2,"1253728",NA,12:18:00,2025-07-28,14:34:00,"Unfiltered","200.8","USEPA",NA,NA
NA,"CB for HBN 1915349 (MMS/12783)","1",NA,"1835633","CB",2025-07-29,"MMS12783",NA,NA,NA,"Magnesium","7439-95-4","N","200.8",0,"U",15,"LOD","ug/L",1,100,100,NA,NA,NA,NA,NA,NA,NA,NA,3,NA,".","Metals by ICP/MS",15,14,20,15,6,"1253728",NA,12:18:00,2025-07-28,14:34:00,"Unfiltered","200.8","USEPA",NA,NA
NA,"CB for HBN 1915349 (MMS/12783)","1",NA,"1835633","CB",2025-07-29,"MMS12783",NA,NA,NA,"Zinc","7440-66-6","N","200.8",0,"U",3,"LOD","ug/L",1,100,100,NA,NA,NA,NA,NA,NA,NA,NA,3,NA,".","Metals by ICP/MS",15,32,4,3,1.24,"1253728",NA,12:18:00,2025-07-28,14:34:00,"Unfiltered","200.8","USEPA",NA,NA
NA,"CB for HBN 1915349 (MMS/12783)","1",NA,"1835635","CB",2025-07-29,"MMS12783",NA,NA,NA,"Calcium","7440-70-2","N","200.8",0,"U",150,"LOD","ug/L",1,100,100,NA,NA,NA,NA,NA,NA,NA,NA,3,NA,".","Metals by ICP/MS",15,8,200,150,60,"1253728",NA,12:18:00,2025-07-28,14:59:00,"Unfiltered","200.8","USEPA",NA,NA
NA,"CB for HBN 1915349 (MMS/12783)","1",NA,"1835635","CB",2025-07-29,"MMS12783",NA,NA,NA,"Copper","7440-50-8","N","200.8",0,"U",0.9,"LOD","ug/L",1,100,100,NA,NA,NA,NA,NA,NA,NA,NA,3,NA,".","Metals by ICP/MS",15,11,1.2,0.9,0.4,"1253728",NA,12:18:00,2025-07-28,14:59:00,"Unfiltered","200.8","USEPA",NA,NA
NA,"CB for HBN 1915349 (MMS/12783)","1",NA,"1835635","CB",2025-07-29,"MMS12783",NA,NA,NA,"Iron","7439-89-6","N","200.8",0,"U",75,"LOD","ug/L",1,100,100,NA,NA,NA,NA,NA,NA,NA,NA,3,NA,".","Metals by ICP/MS",15,12,100,75,31.2,"1253728",NA,12:18:00,2025-07-28,14:59:00,"Unfiltered","200.8","USEPA",NA,NA
NA,"CB for HBN 1915349 (MMS/12783)","1",NA,"1835635","CB",2025-07-29,"MMS12783",NA,NA,NA,"Magnesium","7439-95-4","N","200.8",0,"U",15,"LOD","ug/L",1,100,100,NA,NA,NA,NA,NA,NA,NA,NA,3,NA,".","Metals by ICP/MS",15,14,20,15,6,"1253728",NA,12:18:00,2025-07-28,14:59:00,"Unfiltered","200.8","USEPA",NA,NA
NA,"CB for HBN 1915349 (MMS/12783)","1",NA,"1835637","CB",2025-07-29,"MMS12783",NA,NA,NA,"Calcium","7440-70-2","N","200.8",0,"U",150,"LOD","ug/L",1,100,100,NA,NA,NA,NA,NA,NA,NA,NA,3,NA,".","Metals by ICP/MS",15,8,200,150,60,"1253728",NA,12:19:00,2025-07-28,15:38:00,"Unfiltered","200.8","USEPA",NA,NA
NA,"CB for HBN 1915349 (MMS/12783)","1",NA,"1835637","CB",2025-07-29,"MMS12783",NA,NA,NA,"Copper","7440-50-8","N","200.8",0,"U",0.9,"LOD","ug/L",1,100,100,NA,NA,NA,NA,NA,NA,NA,NA,3,NA,".","Metals by ICP/MS",15,11,1.2,0.9,0.4,"1253728",NA,12:19:00,2025-07-28,15:38:00,"Unfiltered","200.8","USEPA",NA,NA
NA,"CB for HBN 1915349 (MMS/12783)","1",NA,"1835637","CB",2025-07-29,"MMS12783",NA,NA,NA,"Iron","7439-89-6","N","200.8",0,"U",75,"LOD","ug/L",1,100,100,NA,NA,NA,NA,NA,NA,NA,NA,3,NA,".","Metals by ICP/MS",15,12,100,75,31.2,"1253728",NA,12:19:00,2025-07-28,15:38:00,"Unfiltered","200.8","USEPA",NA,NA
NA,"CB for HBN 1915349 (MMS/12783)","1",NA,"1835637","CB",2025-07-29,"MMS12783",NA,NA,NA,"Magnesium","7439-95-4","N","200.8",0,"U",15,"LOD","ug/L",1,100,100,NA,NA,NA,NA,NA,NA,NA,NA,3,NA,".","Metals by ICP/MS",15,14,20,15,6,"1253728",NA,12:19:00,2025-07-28,15:38:00,"Unfiltered","200.8","USEPA",NA,NA
NA,"CB for HBN 1915412 (MMS/12785)","1",NA,"1835962","CB",2025-07-30,"MMS12785",NA,NA,NA,"Arsenic","7440-38-2","N","200.8",0,"U",1.5,"LOD","ug/L",1,100,100,NA,NA,NA,NA,NA,NA,NA,NA,3,NA,".","Metals by ICP/MS",15,3,2,1.5,0.6,"1253728",NA,12:52:00,2025-07-29,13:08:00,"Unfiltered","200.8","USEPA",NA,NA
NA,"CB for HBN 1915412 (MMS/12785)","1",NA,"1835962","CB",2025-07-30,"MMS12785",NA,NA,NA,"Cadmium","7440-43-9","N","200.8",0,"U",0.15,"LOD","ug/L",1,100,100,NA,NA,NA,NA,NA,NA,NA,NA,3,NA,".","Metals by ICP/MS",15,7,0.2,0.15,0.06,"1253728",NA,12:52:00,2025-07-29,13:08:00,"Unfiltered","200.8","USEPA",NA,NA
NA,"CB for HBN 1915412 (MMS/12785)","1",NA,"1835962","CB",2025-07-30,"MMS12785",NA,NA,NA,"Chromium","7440-47-3","N","200.8",0,"U",1.5,"LOD","ug/L",1,100,100,NA,NA,NA,NA,NA,NA,NA,NA,3,NA,".","Metals by ICP/MS",15,9,2,1.5,1,"1253728",NA,12:52:00,2025-07-29,13:08:00,"Unfiltered","200.8","USEPA",NA,NA
NA,"CB for HBN 1915412 (MMS/12785)","1",NA,"1835962","CB",2025-07-30,"MMS12785",NA,NA,NA,"Copper","7440-50-8","N","200.8",0,"U",0.9,"LOD","ug/L",1,100,100,NA,NA,NA,NA,NA,NA,NA,NA,3,NA,".","Metals by ICP/MS",15,11,1.2,0.9,0.4,"1253728",NA,12:52:00,2025-07-29,13:08:00,"Unfiltered","200.8","USEPA",NA,NA
NA,"CB for HBN 1915412 (MMS/12785)","1",NA,"1835962","CB",2025-07-30,"MMS12785",NA,NA,NA,"Lead","7439-92-1","N","200.8",0,"U",0.6,"LOD","ug/L",1,100,100,NA,NA,NA,NA,NA,NA,NA,NA,3,NA,".","Metals by ICP/MS",15,13,0.8,0.6,0.2,"1253728",NA,12:52:00,2025-07-29,13:08:00,"Unfiltered","200.8","USEPA",NA,NA
NA,"CB for HBN 1915412 (MMS/12785)","1",NA,"1835962","CB",2025-07-30,"MMS12785",NA,NA,NA,"Zinc","7440-66-6","N","200.8",0,"U",3,"LOD","ug/L",1,100,100,NA,NA,NA,NA,NA,NA,NA,NA,3,NA,".","Metals by ICP/MS",15,32,4,3,1.24,"1253728",NA,12:52:00,2025-07-29,13:08:00,"Unfiltered","200.8","USEPA",NA,NA
NA,"CB for HBN 1915412 (MMS/12785)","1",NA,"1835966","CB",2025-07-30,"MMS12785",NA,NA,NA,"Arsenic","7440-38-2","N","200.8",0,"U",1.5,"LOD","ug/L",1,100,100,NA,NA,NA,NA,NA,NA,NA,NA,3,NA,".","Metals by ICP/MS",15,3,2,1.5,0.6,"1253728",NA,13:48:00,2025-07-29,13:54:00,"Unfiltered","200.8","USEPA",NA,NA
NA,"CB for HBN 1915412 (MMS/12785)","1",NA,"1835966","CB",2025-07-30,"MMS12785",NA,NA,NA,"Cadmium","7440-43-9","N","200.8",0,"U",0.15,"LOD","ug/L",1,100,100,NA,NA,NA,NA,NA,NA,NA,NA,3,NA,".","Metals by ICP/MS",15,7,0.2,0.15,0.06,"1253728",NA,13:48:00,2025-07-29,13:54:00,"Unfiltered","200.8","USEPA",NA,NA
NA,"CB for HBN 1915412 (MMS/12785)","1",NA,"1835966","CB",2025-07-30,"MMS12785",NA,NA,NA,"Chromium","7440-47-3","N","200.8",0,"U",1.5,"LOD","ug/L",1,100,100,NA,NA,NA,NA,NA,NA,NA,NA,3,NA,".","Metals by ICP/MS",15,9,2,1.5,1,"1253728",NA,13:48:00,2025-07-29,13:54:00,"Unfiltered","200.8","USEPA",NA,NA
NA,"CB for HBN 1915412 (MMS/12785)","1",NA,"1835966","CB",2025-07-30,"MMS12785",NA,NA,NA,"Copper","7440-50-8","N","200.8",0,"U",0.9,"LOD","ug/L",1,100,100,NA,NA,NA,NA,NA,NA,NA,NA,3,NA,".","Metals by ICP/MS",15,11,1.2,0.9,0.4,"1253728",NA,13:48:00,2025-07-29,13:54:00,"Unfiltered","200.8","USEPA",NA,NA
NA,"CB for HBN 1915412 (MMS/12785)","1",NA,"1835966","CB",2025-07-30,"MMS12785",NA,NA,NA,"Lead","7439-92-1","N","200.8",0,"U",0.6,"LOD","ug/L",1,100,100,NA,NA,NA,NA,NA,NA,NA,NA,3,NA,".","Metals by ICP/MS",15,13,0.8,0.6,0.2,"1253728",NA,13:48:00,2025-07-29,13:54:00,"Unfiltered","200.8","USEPA",NA,NA
NA,"CB for HBN 1915412 (MMS/12785)","1",NA,"1835966","CB",2025-07-30,"MMS12785",NA,NA,NA,"Zinc","7440-66-6","N","200.8",0,"U",3,"LOD","ug/L",1,100,100,NA,NA,NA,NA,NA,NA,NA,NA,3,NA,".","Metals by ICP/MS",15,32,4,3,1.24,"1253728",NA,13:48:00,2025-07-29,13:54:00,"Unfiltered","200.8","USEPA",NA,NA
NA,"CB for HBN 1915412 (MMS/12785)","1",NA,"1835968","CB",2025-07-30,"MMS12785",NA,NA,NA,"Arsenic","7440-38-2","N","200.8",0,"U",1.5,"LOD","ug/L",1,100,100,NA,NA,NA,NA,NA,NA,NA,NA,3,NA,".","Metals by ICP/MS",15,3,2,1.5,0.6,"1253728",NA,13:48:00,2025-07-29,14:30:00,"Unfiltered","200.8","USEPA",NA,NA
NA,"CB for HBN 1915412 (MMS/12785)","1",NA,"1835968","CB",2025-07-30,"MMS12785",NA,NA,NA,"Cadmium","7440-43-9","N","200.8",0,"U",0.15,"LOD","ug/L",1,100,100,NA,NA,NA,NA,NA,NA,NA,NA,3,NA,".","Metals by ICP/MS",15,7,0.2,0.15,0.06,"1253728",NA,13:48:00,2025-07-29,14:30:00,"Unfiltered","200.8","USEPA",NA,NA
NA,"CB for HBN 1915412 (MMS/12785)","1",NA,"1835968","CB",2025-07-30,"MMS12785",NA,NA,NA,"Chromium","7440-47-3","N","200.8",0,"U",1.5,"LOD","ug/L",1,100,100,NA,NA,NA,NA,NA,NA,NA,NA,3,NA,".","Metals by ICP/MS",15,9,2,1.5,1,"1253728",NA,13:48:00,2025-07-29,14:30:00,"Unfiltered","200.8","USEPA",NA,NA
NA,"CB for HBN 1915412 (MMS/12785)","1",NA,"1835968","CB",2025-07-30,"MMS12785",NA,NA,NA,"Copper","7440-50-8","N","200.8",0,"U",0.9,"LOD","ug/L",1,100,100,NA,NA,NA,NA,NA,NA,NA,NA,3,NA,".","Metals by ICP/MS",15,11,1.2,0.9,0.4,"1253728",NA,13:48:00,2025-07-29,14:30:00,"Unfiltered","200.8","USEPA",NA,NA
NA,"CB for HBN 1915412 (MMS/12785)","1",NA,"1835968","CB",2025-07-30,"MMS12785",NA,NA,NA,"Lead","7439-92-1","N","200.8",0,"U",0.6,"LOD","ug/L",1,100,100,NA,NA,NA,NA,NA,NA,NA,NA,3,NA,".","Metals by ICP/MS",15,13,0.8,0.6,0.2,"1253728",NA,13:48:00,2025-07-29,14:30:00,"Unfiltered","200.8","USEPA",NA,NA
NA,"CB for HBN 1915412 (MMS/12785)","1",NA,"1835968","CB",2025-07-30,"MMS12785",NA,NA,NA,"Zinc","7440-66-6","N","200.8",0,"U",3,"LOD","ug/L",1,100,100,NA,NA,NA,NA,NA,NA,NA,NA,3,NA,".","Metals by ICP/MS",15,32,4,3,1.24,"1253728",NA,13:48:00,2025-07-29,14:30:00,"Unfiltered","200.8","USEPA",NA,NA
NA,"CB for HBN 1915412 (MMS/12785)","1",NA,"1835970","CB",2025-07-30,"MMS12785",NA,NA,NA,"Arsenic","7440-38-2","N","200.8",0,"U",1.5,"LOD","ug/L",1,100,100,NA,NA,NA,NA,NA,NA,NA,NA,3,NA,".","Metals by ICP/MS",15,3,2,1.5,0.6,"1253728",NA,13:48:00,2025-07-29,14:57:00,"Unfiltered","200.8","USEPA",NA,NA
NA,"CB for HBN 1915412 (MMS/12785)","1",NA,"1835970","CB",2025-07-30,"MMS12785",NA,NA,NA,"Cadmium","7440-43-9","N","200.8",0,"U",0.15,"LOD","ug/L",1,100,100,NA,NA,NA,NA,NA,NA,NA,NA,3,NA,".","Metals by ICP/MS",15,7,0.2,0.15,0.06,"1253728",NA,13:48:00,2025-07-29,14:57:00,"Unfiltered","200.8","USEPA",NA,NA
NA,"CB for HBN 1915412 (MMS/12785)","1",NA,"1835970","CB",2025-07-30,"MMS12785",NA,NA,NA,"Chromium","7440-47-3","N","200.8",0,"U",1.5,"LOD","ug/L",1,100,100,NA,NA,NA,NA,NA,NA,NA,NA,3,NA,".","Metals by ICP/MS",15,9,2,1.5,1,"1253728",NA,13:48:00,2025-07-29,14:57:00,"Unfiltered","200.8","USEPA",NA,NA
NA,"CB for HBN 1915412 (MMS/12785)","1",NA,"1835970","CB",2025-07-30,"MMS12785",NA,NA,NA,"Copper","7440-50-8","N","200.8",0,"U",0.9,"LOD","ug/L",1,100,100,NA,NA,NA,NA,NA,NA,NA,NA,3,NA,".","Metals by ICP/MS",15,11,1.2,0.9,0.4,"1253728",NA,13:48:00,2025-07-29,14:57:00,"Unfiltered","200.8","USEPA",NA,NA
NA,"CB for HBN 1915412 (MMS/12785)","1",NA,"1835970","CB",2025-07-30,"MMS12785",NA,NA,NA,"Lead","7439-92-1","N","200.8",0,"U",0.6,"LOD","ug/L",1,100,100,NA,NA,NA,NA,NA,NA,NA,NA,3,NA,".","Metals by ICP/MS",15,13,0.8,0.6,0.2,"1253728",NA,13:48:00,2025-07-29,14:57:00,"Unfiltered","200.8","USEPA",NA,NA
NA,"CB for HBN 1915412 (MMS/12785)","1",NA,"1835970","CB",2025-07-30,"MMS12785",NA,NA,NA,"Zinc","7440-66-6","N","200.8",0,"U",3,"LOD","ug/L",1,100,100,NA,NA,NA,NA,NA,NA,NA,NA,3,NA,".","Metals by ICP/MS",15,32,4,3,1.24,"1253728",NA,13:48:00,2025-07-29,14:57:00,"Unfiltered","200.8","USEPA",NA,NA
NA,"CB for HBN 1915412 (MMS/12785)","1",NA,"1835972","CB",2025-07-30,"MMS12785",NA,NA,NA,"Arsenic","7440-38-2","N","200.8",0,"U",1.5,"LOD","ug/L",1,100,100,NA,NA,NA,NA,NA,NA,NA,NA,3,NA,".","Metals by ICP/MS",15,3,2,1.5,0.6,"1253728",NA,13:50:00,2025-07-29,15:14:00,"Unfiltered","200.8","USEPA",NA,NA
NA,"CB for HBN 1915412 (MMS/12785)","1",NA,"1835972","CB",2025-07-30,"MMS12785",NA,NA,NA,"Cadmium","7440-43-9","N","200.8",0,"U",0.15,"LOD","ug/L",1,100,100,NA,NA,NA,NA,NA,NA,NA,NA,3,NA,".","Metals by ICP/MS",15,7,0.2,0.15,0.06,"1253728",NA,13:50:00,2025-07-29,15:14:00,"Unfiltered","200.8","USEPA",NA,NA
NA,"CB for HBN 1915412 (MMS/12785)","1",NA,"1835972","CB",2025-07-30,"MMS12785",NA,NA,NA,"Chromium","7440-47-3","N","200.8",0,"U",1.5,"LOD","ug/L",1,100,100,NA,NA,NA,NA,NA,NA,NA,NA,3,NA,".","Metals by ICP/MS",15,9,2,1.5,1,"1253728",NA,13:50:00,2025-07-29,15:14:00,"Unfiltered","200.8","USEPA",NA,NA
NA,"CB for HBN 1915412 (MMS/12785)","1",NA,"1835972","CB",2025-07-30,"MMS12785",NA,NA,NA,"Copper","7440-50-8","N","200.8",0,"U",0.9,"LOD","ug/L",1,100,100,NA,NA,NA,NA,NA,NA,NA,NA,3,NA,".","Metals by ICP/MS",15,11,1.2,0.9,0.4,"1253728",NA,13:50:00,2025-07-29,15:14:00,"Unfiltered","200.8","USEPA",NA,NA
NA,"CB for HBN 1915412 (MMS/12785)","1",NA,"1835972","CB",2025-07-30,"MMS12785",NA,NA,NA,"Lead","7439-92-1","N","200.8",0,"U",0.6,"LOD","ug/L",1,100,100,NA,NA,NA,NA,NA,NA,NA,NA,3,NA,".","Metals by ICP/MS",15,13,0.8,0.6,0.2,"1253728",NA,13:50:00,2025-07-29,15:14:00,"Unfiltered","200.8","USEPA",NA,NA
NA,"CB for HBN 1915412 (MMS/12785)","1",NA,"1835972","CB",2025-07-30,"MMS12785",NA,NA,NA,"Zinc","7440-66-6","N","200.8",0,"U",3,"LOD","ug/L",1,100,100,NA,NA,NA,NA,NA,NA,NA,NA,3,NA,".","Metals by ICP/MS",15,32,4,3,1.24,"1253728",NA,13:50:00,2025-07-29,15:14:00,"Unfiltered","200.8","USEPA",NA,NA
NA,"LABREFQC","1",2025-07-23,"1835455","OS",2025-07-28,"MMS12785","MXX37751","E200.2","07/28/2025 15:25","Cadmium","7440-43-9","N","200.8",0,"U",0.375,"LOD","ug/L",1,20,50,NA,NA,NA,NA,NA,NA,NA,NA,3,NA,".","Metals by ICP/MS",15,7,0.5,0.375,0.15,"1253728",10:00:00,16:39:00,2025-07-29,13:37:00,"Unfiltered","200.8","USEPA",NA,NA
NA,"LABREFQC","1",2025-07-23,"1835455","OS",2025-07-28,"MMS12785","MXX37751","E200.2","07/28/2025 15:25","Chromium","7440-47-3","N","200.8",0,"U",3.75,"LOD","ug/L",1,20,50,NA,NA,NA,NA,NA,NA,NA,NA,3,NA,".","Metals by ICP/MS",15,9,5,3.75,2.5,"1253728",10:00:00,16:39:00,2025-07-29,13:37:00,"Unfiltered","200.8","USEPA",NA,NA
NA,"LABREFQC","1",2025-07-23,"1835455","OS",2025-07-28,"MMS12785","MXX37751","E200.2","07/28/2025 15:25","Copper","7440-50-8","N","200.8",0,"U",2.25,"LOD","ug/L",1,20,50,NA,NA,NA,NA,NA,NA,NA,NA,3,NA,".","Metals by ICP/MS",15,11,3,2.25,1,"1253728",10:00:00,16:39:00,2025-07-29,13:37:00,"Unfiltered","200.8","USEPA",NA,NA
NA,"LABREFQC","1",2025-07-23,"1835453","OS",2025-07-28,"MMS12785","MXX37751","E200.2","07/28/2025 15:25","Zinc","7440-66-6","N","200.8",0,"U",7.5,"LOD","ug/L",1,20,50,NA,NA,NA,NA,NA,NA,NA,NA,3,NA,".","Metals by ICP/MS",15,32,10,7.5,3.1,"1253728",10:57:00,16:38:00,2025-07-29,13:31:00,"Unfiltered","200.8","USEPA",NA,NA
NA,"IB for HBN 1915238 (VMS/24599)","1",NA,"1835134","IB",2025-07-25,"VMS24599",NA,NA,NA,"Benzene","71-43-2","N","SW8260D",0,"U",0.3,"LOD","ug/L",1,5,5,NA,NA,NA,NA,NA,NA,NA,NA,3,NA,".","Volatile GC/MS",90,1,0.4,0.3,0.12,"1253728",NA,13:05:00,2025-07-24,16:11:00,NA,"8260D","USEPA",NA,NA
NA,"IB for HBN 1915238 (VMS/24599)","1",NA,"1835134","IB",2025-07-25,"VMS24599",NA,NA,NA,"Ethylbenzene","100-41-4","N","SW8260D",0,"U",0.75,"LOD","ug/L",1,5,5,NA,NA,NA,NA,NA,NA,NA,NA,3,NA,".","Volatile GC/MS",90,3,1,0.75,0.31,"1253728",NA,13:05:00,2025-07-24,16:11:00,NA,"8260D","USEPA",NA,NA
NA,"IB for HBN 1915238 (VMS/24599)","1",NA,"1835134","IB",2025-07-25,"VMS24599",NA,NA,NA,"o-Xylene","95-47-6","N","SW8260D",0,"U",0.75,"LOD","ug/L",1,5,5,NA,NA,NA,NA,NA,NA,NA,NA,3,NA,".","Volatile GC/MS",90,58,1,0.75,0.31,"1253728",NA,13:05:00,2025-07-24,16:11:00,NA,"8260D","USEPA",NA,NA
NA,"IB for HBN 1915238 (VMS/24599)","1",NA,"1835134","IB",2025-07-25,"VMS24599",NA,NA,NA,"P & M -Xylene","P & M -Xylene","N","SW8260D",0,"U",1.5,"LOD","ug/L",1,5,5,NA,NA,NA,NA,NA,NA,NA,NA,3,NA,".","Volatile GC/MS",90,55,2,1.5,0.62,"1253728",NA,13:05:00,2025-07-24,16:11:00,NA,"8260D","USEPA",NA,NA
NA,"IB for HBN 1915238 (VMS/24599)","1",NA,"1835134","IB",2025-07-25,"VMS24599",NA,NA,NA,"Toluene","108-88-3","N","SW8260D",0,"U",0.75,"LOD","ug/L",1,5,5,NA,NA,NA,NA,NA,NA,NA,NA,3,NA,".","Volatile GC/MS",90,2,1,0.75,0.31,"1253728",NA,13:05:00,2025-07-24,16:11:00,NA,"8260D","USEPA",NA,NA
NA,"IB for HBN 1915238 (VMS/24599)","1",NA,"1835134","IB",2025-07-25,"VMS24599",NA,NA,NA,"Xylenes (total)","1330-20-7","N","SW8260D",0,"U",2.25,"LOD","ug/L",1,5,5,NA,NA,NA,NA,NA,NA,NA,NA,3,NA,".","Volatile GC/MS",90,63,3,2.25,1,"1253728",NA,13:05:00,2025-07-24,16:11:00,NA,"8260D","USEPA",NA,NA
NA,"LABREFQC","1",2025-07-23,"1835107","OS",2025-07-25,"MMS12783","MXX37744","E200.2","07/25/2025 08:46","Copper","7440-50-8","N","200.8",0,"U",2.25,"LOD","ug/L",1,20,50,NA,NA,NA,NA,NA,NA,NA,NA,3,NA,".","Metals by ICP/MS",15,11,3,2.25,1,"1253728",09:50:00,12:23:00,2025-07-28,14:10:00,"Unfiltered","200.8","USEPA",NA,NA
NA,"LABREFQC","1",2025-07-23,"1835455","OS",2025-07-28,"MMS12785","MXX37751","E200.2","07/28/2025 15:25","Lead","7439-92-1","N","200.8",0,"U",1.5,"LOD","ug/L",1,20,50,NA,NA,NA,NA,NA,NA,NA,NA,3,NA,".","Metals by ICP/MS",15,13,2,1.5,0.5,"1253728",10:00:00,16:39:00,2025-07-29,13:37:00,"Unfiltered","200.8","USEPA",NA,NA
NA,"LABREFQC","1",2025-07-23,"1835455","OS",2025-07-28,"MMS12785","MXX37751","E200.2","07/28/2025 15:25","Zinc","7440-66-6","N","200.8",0,"U",7.5,"LOD","ug/L",1,20,50,NA,NA,NA,NA,NA,NA,NA,NA,3,NA,".","Metals by ICP/MS",15,32,10,7.5,3.1,"1253728",10:00:00,16:39:00,2025-07-29,13:37:00,"Unfiltered","200.8","USEPA",NA,NA
NA,"LABREFQC","1",2025-07-23,"1835453","OS",2025-07-28,"MMS12785","MXX37751","E200.2","07/28/2025 15:25","Cadmium","7440-43-9","N","200.8",0,"U",0.375,"LOD","ug/L",1,20,50,NA,NA,NA,NA,NA,NA,NA,NA,3,NA,".","Metals by ICP/MS",15,7,0.5,0.375,0.15,"1253728",10:57:00,16:38:00,2025-07-29,13:31:00,"Unfiltered","200.8","USEPA",NA,NA
NA,"LABREFQC","1",2025-07-23,"1835453","OS",2025-07-28,"MMS12785","MXX37751","E200.2","07/28/2025 15:25","Chromium","7440-47-3","N","200.8",0,"U",3.75,"LOD","ug/L",1,20,50,NA,NA,NA,NA,NA,NA,NA,NA,3,NA,".","Metals by ICP/MS",15,9,5,3.75,2.5,"1253728",10:57:00,16:38:00,2025-07-29,13:31:00,"Unfiltered","200.8","USEPA",NA,NA
NA,"LABREFQC","1",2025-07-23,"1835453","OS",2025-07-28,"MMS12785","MXX37751","E200.2","07/28/2025 15:25","Copper","7440-50-8","N","200.8",0,"U",2.25,"LOD","ug/L",1,20,50,NA,NA,NA,NA,NA,NA,NA,NA,3,NA,".","Metals by ICP/MS",15,11,3,2.25,1,"1253728",10:57:00,16:38:00,2025-07-29,13:31:00,"Unfiltered","200.8","USEPA",NA,NA
NA,"LABREFQC","1",2025-07-23,"1835453","OS",2025-07-28,"MMS12785","MXX37751","E200.2","07/28/2025 15:25","Lead","7439-92-1","N","200.8",0,"U",1.5,"LOD","ug/L",1,20,50,NA,NA,NA,NA,NA,NA,NA,NA,3,NA,".","Metals by ICP/MS",15,13,2,1.5,0.5,"1253728",10:57:00,16:38:00,2025-07-29,13:31:00,"Unfiltered","200.8","USEPA",NA,NA
NA,"MB for HBN 1915233 [MXX/37744]","1",NA,"1835104","MB",2025-07-25,"MMS12783","MXX37744","E200.2","07/25/2025 08:46","Calcium","7440-70-2","N","200.8",0,"U",375,"LOD","ug/L",1,20,50,NA,NA,NA,NA,NA,NA,NA,NA,3,NA,".","Metals by ICP/MS",15,8,500,375,150,"1253728",NA,12:23:00,2025-07-28,14:01:00,"Unfiltered","200.8","USEPA",NA,NA
NA,"MB for HBN 1915233 [MXX/37744]","1",NA,"1835104","MB",2025-07-25,"MMS12783","MXX37744","E200.2","07/25/2025 08:46","Iron","7439-89-6","N","200.8",0,"U",188,"LOD","ug/L",1,20,50,NA,NA,NA,NA,NA,NA,NA,NA,3,NA,".","Metals by ICP/MS",15,12,250,188,78,"1253728",NA,12:23:00,2025-07-28,14:01:00,"Unfiltered","200.8","USEPA",NA,NA
NA,"MB for HBN 1915233 [MXX/37744]","1",NA,"1835104","MB",2025-07-25,"MMS12783","MXX37744","E200.2","07/25/2025 08:46","Magnesium","7439-95-4","N","200.8",0,"U",37.5,"LOD","ug/L",1,20,50,NA,NA,NA,NA,NA,NA,NA,NA,3,NA,".","Metals by ICP/MS",15,14,50,37.5,15,"1253728",NA,12:23:00,2025-07-28,14:01:00,"Unfiltered","200.8","USEPA",NA,NA
NA,"MB for HBN 1915236 [VXX/43275]","1",NA,"1835114","MB",2025-07-25,"VMS24599","VXX43275","SW5030B","07/24/2025 06:00","Xylenes (total)","1330-20-7","N","SW8260D",0,"U",2.25,"LOD","ug/L",1,5,5,NA,NA,NA,NA,NA,NA,NA,NA,3,NA,".","Volatile GC/MS",90,63,3,2.25,1,"1253728",NA,12:28:00,2025-07-24,16:11:00,NA,"8260D","USEPA",NA,NA
NA,"MB for HBN 1915230 [MXX/37743]","1",NA,"1835089","MB",2025-07-25,"MMS12783","MXX37743","E200.2","07/25/2025 08:46","Calcium","7440-70-2","N","200.8",0,"U",375,"LOD","ug/L",1,20,50,NA,NA,NA,NA,NA,NA,NA,NA,3,NA,".","Metals by ICP/MS",15,8,500,375,150,"1253728",NA,12:00:00,2025-07-28,10:55:00,"Unfiltered","200.8","USEPA",NA,NA
NA,"MB for HBN 1915230 [MXX/37743]","1",NA,"1835089","MB",2025-07-25,"MMS12783","MXX37743","E200.2","07/25/2025 08:46","Iron","7439-89-6","N","200.8",0,"U",188,"LOD","ug/L",1,20,50,NA,NA,NA,NA,NA,NA,NA,NA,3,NA,".","Metals by ICP/MS",15,12,250,188,78,"1253728",NA,12:00:00,2025-07-28,10:55:00,"Unfiltered","200.8","USEPA",NA,NA
NA,"MB for HBN 1915230 [MXX/37743]","1",NA,"1835089","MB",2025-07-25,"MMS12783","MXX37743","E200.2","07/25/2025 08:46","Magnesium","7439-95-4","N","200.8",0,"U",37.5,"LOD","ug/L",1,20,50,NA,NA,NA,NA,NA,NA,NA,NA,3,NA,".","Metals by ICP/MS",15,14,50,37.5,15,"1253728",NA,12:00:00,2025-07-28,10:55:00,"Unfiltered","200.8","USEPA",NA,NA
NA,"MB for HBN 1915236 [VXX/43275]","1",NA,"1835114","MB",2025-07-25,"VMS24599","VXX43275","SW5030B","07/24/2025 06:00","Benzene","71-43-2","N","SW8260D",0,"U",0.3,"LOD","ug/L",1,5,5,NA,NA,NA,NA,NA,NA,NA,NA,3,NA,".","Volatile GC/MS",90,1,0.4,0.3,0.12,"1253728",NA,12:28:00,2025-07-24,16:11:00,NA,"8260D","USEPA",NA,NA
NA,"MB for HBN 1915236 [VXX/43275]","1",NA,"1835114","MB",2025-07-25,"VMS24599","VXX43275","SW5030B","07/24/2025 06:00","Ethylbenzene","100-41-4","N","SW8260D",0,"U",0.75,"LOD","ug/L",1,5,5,NA,NA,NA,NA,NA,NA,NA,NA,3,NA,".","Volatile GC/MS",90,3,1,0.75,0.31,"1253728",NA,12:28:00,2025-07-24,16:11:00,NA,"8260D","USEPA",NA,NA
NA,"MB for HBN 1915236 [VXX/43275]","1",NA,"1835114","MB",2025-07-25,"VMS24599","VXX43275","SW5030B","07/24/2025 06:00","o-Xylene","95-47-6","N","SW8260D",0,"U",0.75,"LOD","ug/L",1,5,5,NA,NA,NA,NA,NA,NA,NA,NA,3,NA,".","Volatile GC/MS",90,58,1,0.75,0.31,"1253728",NA,12:28:00,2025-07-24,16:11:00,NA,"8260D","USEPA",NA,NA
NA,"MB for HBN 1915236 [VXX/43275]","1",NA,"1835114","MB",2025-07-25,"VMS24599","VXX43275","SW5030B","07/24/2025 06:00","P & M -Xylene","P & M -Xylene","N","SW8260D",0,"U",1.5,"LOD","ug/L",1,5,5,NA,NA,NA,NA,NA,NA,NA,NA,3,NA,".","Volatile GC/MS",90,55,2,1.5,0.62,"1253728",NA,12:28:00,2025-07-24,16:11:00,NA,"8260D","USEPA",NA,NA
NA,"MB for HBN 1915236 [VXX/43275]","1",NA,"1835114","MB",2025-07-25,"VMS24599","VXX43275","SW5030B","07/24/2025 06:00","Toluene","108-88-3","N","SW8260D",0,"U",0.75,"LOD","ug/L",1,5,5,NA,NA,NA,NA,NA,NA,NA,NA,3,NA,".","Volatile GC/MS",90,2,1,0.75,0.31,"1253728",NA,12:28:00,2025-07-24,16:11:00,NA,"8260D","USEPA",NA,NA
NA,"CB for HBN 1915323 (WFI/3200)","1",NA,"1835541","CB",2025-07-29,"WFI3200",NA,NA,NA,NA,"Nitrate","N","SM21 4500NO3-F",0,"U",0.075,"LOD","mg/L",1,5,5,NA,NA,NA,NA,NA,NA,NA,NA,3,NA,".","Waters Department",20,9,0.1,0.075,0.025,"1253728",NA,09:08:00,2025-07-28,13:52:00,NA,"4500-NO3(F)","APHA",NA,NA
NA,"CB for HBN 1915323 (WFI/3200)","1",NA,"1835541","CB",2025-07-29,"WFI3200",NA,NA,NA,NA,"Nitrite","N","SM21 4500NO3-F",0,"U",0.075,"LOD","mg/L",1,5,5,NA,NA,NA,NA,NA,NA,NA,NA,3,NA,".","Waters Department",20,10,0.1,0.075,0.025,"1253728",NA,09:08:00,2025-07-28,13:52:00,NA,"4500-NO3(F)","APHA",NA,NA
NA,"CB for HBN 1915323 (WFI/3200)","1",NA,"1835543","CB",2025-07-29,"WFI3200",NA,NA,NA,NA,"Nitrate","N","SM21 4500NO3-F",0,"U",0.075,"LOD","mg/L",1,5,5,NA,NA,NA,NA,NA,NA,NA,NA,3,NA,".","Waters Department",20,9,0.1,0.075,0.025,"1253728",NA,09:08:00,2025-07-28,13:29:00,NA,"4500-NO3(F)","APHA",NA,NA
NA,"CB for HBN 1915323 (WFI/3200)","1",NA,"1835543","CB",2025-07-29,"WFI3200",NA,NA,NA,NA,"Nitrite","N","SM21 4500NO3-F",0,"U",0.075,"LOD","mg/L",1,5,5,NA,NA,NA,NA,NA,NA,NA,NA,3,NA,".","Waters Department",20,10,0.1,0.075,0.025,"1253728",NA,09:08:00,2025-07-28,13:29:00,NA,"4500-NO3(F)","APHA",NA,NA
NA,"CB for HBN 1915323 (WFI/3200)","1",NA,"1835543","CB",2025-07-29,"WFI3200",NA,NA,NA,"Total Nitrate/Nitrite-N","Nitrate+Nitrite","N","SM21 4500NO3-F",0,"U",0.075,"LOD","mg/L",1,5,5,NA,NA,NA,NA,NA,NA,NA,NA,3,NA,".","Waters Department",20,11,0.1,0.075,0.025,"1253728",NA,09:08:00,2025-07-28,13:29:00,NA,"4500-NO3(F)","APHA",NA,NA
NA,"CB for HBN 1915323 (WFI/3200)","1",NA,"1835545","CB",2025-07-29,"WFI3200",NA,NA,NA,NA,"Nitrite","N","SM21 4500NO3-F",0,"U",0.075,"LOD","mg/L",1,5,5,NA,NA,NA,NA,NA,NA,NA,NA,3,NA,".","Waters Department",20,10,0.1,0.075,0.025,"1253728",NA,09:08:00,2025-07-28,13:06:00,NA,"4500-NO3(F)","APHA",NA,NA
NA,"CB for HBN 1915323 (WFI/3200)","1",NA,"1835553","CB",2025-07-29,"WFI3200",NA,NA,NA,NA,"Nitrate","N","SM21 4500NO3-F",0,"U",0.075,"LOD","mg/L",1,5,5,NA,NA,NA,NA,NA,NA,NA,NA,3,NA,".","Waters Department",20,9,0.1,0.075,0.025,"1253728",NA,09:08:00,2025-07-28,10:41:00,NA,"4500-NO3(F)","APHA",NA,NA
NA,"CB for HBN 1915323 (WFI/3200)","1",NA,"1835553","CB",2025-07-29,"WFI3200",NA,NA,NA,NA,"Nitrite","N","SM21 4500NO3-F",0,"U",0.075,"LOD","mg/L",1,5,5,NA,NA,NA,NA,NA,NA,NA,NA,3,NA,".","Waters Department",20,10,0.1,0.075,0.025,"1253728",NA,09:08:00,2025-07-28,10:41:00,NA,"4500-NO3(F)","APHA",NA,NA
NA,"CB for HBN 1915323 (WFI/3200)","1",NA,"1835553","CB",2025-07-29,"WFI3200",NA,NA,NA,"Total Nitrate/Nitrite-N","Nitrate+Nitrite","N","SM21 4500NO3-F",0,"U",0.075,"LOD","mg/L",1,5,5,NA,NA,NA,NA,NA,NA,NA,NA,3,NA,".","Waters Department",20,11,0.1,0.075,0.025,"1253728",NA,09:08:00,2025-07-28,10:41:00,NA,"4500-NO3(F)","APHA",NA,NA
NA,"CB for HBN 1915323 (WFI/3200)","1",NA,"1835555","CB",2025-07-29,"WFI3200",NA,NA,NA,NA,"Nitrate","N","SM21 4500NO3-F",0,"U",0.075,"LOD","mg/L",1,5,5,NA,NA,NA,NA,NA,NA,NA,NA,3,NA,".","Waters Department",20,9,0.1,0.075,0.025,"1253728",NA,09:08:00,2025-07-28,10:18:00,NA,"4500-NO3(F)","APHA",NA,NA
NA,"CB for HBN 1915323 (WFI/3200)","1",NA,"1835555","CB",2025-07-29,"WFI3200",NA,NA,NA,NA,"Nitrite","N","SM21 4500NO3-F",0,"U",0.075,"LOD","mg/L",1,5,5,NA,NA,NA,NA,NA,NA,NA,NA,3,NA,".","Waters Department",20,10,0.1,0.075,0.025,"1253728",NA,09:08:00,2025-07-28,10:18:00,NA,"4500-NO3(F)","APHA",NA,NA
NA,"CB for HBN 1915323 (WFI/3200)","1",NA,"1835555","CB",2025-07-29,"WFI3200",NA,NA,NA,"Total Nitrate/Nitrite-N","Nitrate+Nitrite","N","SM21 4500NO3-F",0,"U",0.075,"LOD","mg/L",1,5,5,NA,NA,NA,NA,NA,NA,NA,NA,3,NA,".","Waters Department",20,11,0.1,0.075,0.025,"1253728",NA,09:08:00,2025-07-28,10:18:00,NA,"4500-NO3(F)","APHA",NA,NA
NA,"CB for HBN 1915416 [WDA/6060]","1",NA,"1836002","CB",2025-07-30,"WDA6060",NA,NA,NA,"Total Phosphorus","Total Phosph.","N","SM21 4500P-B,E",0,"U",0.03,"LOD","mg/L",1,10,10,NA,NA,NA,NA,NA,NA,NA,NA,3,NA,"T","Waters Department",20,266,0.04,0.03,0.012,"1253728",NA,15:11:00,2025-07-30,13:28:00,NA,"4500-P-E","APHA",NA,NA
NA,"CB for HBN 1915416 [WDA/6060]","1",NA,"1836004","CB",2025-07-30,"WDA6060",NA,NA,NA,"Total Phosphorus","Total Phosph.","N","SM21 4500P-B,E",0,"U",0.03,"LOD","mg/L",1,10,10,NA,NA,NA,NA,NA,NA,NA,NA,3,NA,"T","Waters Department",20,266,0.04,0.03,0.012,"1253728",NA,15:12:00,2025-07-30,13:40:00,NA,"4500-P-E","APHA",NA,NA
NA,"CB for HBN 1915416 [WDA/6060]","1",NA,"1836006","CB",2025-07-30,"WDA6060",NA,NA,NA,"Total Phosphorus","Total Phosph.","N","SM21 4500P-B,E",0,"U",0.03,"LOD","mg/L",1,10,10,NA,NA,NA,NA,NA,NA,NA,NA,3,NA,"T","Waters Department",20,266,0.04,0.03,0.012,"1253728",NA,15:12:00,2025-07-30,13:51:00,NA,"4500-P-E","APHA",NA,NA
NA,"CB for HBN 1915416 [WDA/6060]","1",NA,"1836008","CB",2025-07-30,"WDA6060",NA,NA,NA,"Total Phosphorus","Total Phosph.","N","SM21 4500P-B,E",0,"U",0.03,"LOD","mg/L",1,10,10,NA,NA,NA,NA,NA,NA,NA,NA,3,NA,"T","Waters Department",20,266,0.04,0.03,0.012,"1253728",NA,15:12:00,2025-07-30,13:57:00,NA,"4500-P-E","APHA",NA,NA
NA,"CB for HBN 1915485 (WFI/3201)","1",NA,"1836316","CB",2025-07-31,"WFI3201",NA,NA,NA,NA,"Nitrate","N","SM21 4500NO3-F",0,"U",0.075,"LOD","mg/L",1,5,5,NA,NA,NA,NA,NA,NA,NA,NA,3,NA,".","Waters Department",20,9,0.1,0.075,0.025,"1253728",NA,15:23:00,2025-07-31,13:07:00,NA,"4500-NO3(F)","APHA",NA,NA
NA,"CB for HBN 1915485 (WFI/3201)","1",NA,"1836316","CB",2025-07-31,"WFI3201",NA,NA,NA,NA,"Nitrite","N","SM21 4500NO3-F",0,"U",0.075,"LOD","mg/L",1,5,5,NA,NA,NA,NA,NA,NA,NA,NA,3,NA,".","Waters Department",20,10,0.1,0.075,0.025,"1253728",NA,15:23:00,2025-07-31,13:07:00,NA,"4500-NO3(F)","APHA",NA,NA
NA,"CB for HBN 1915485 (WFI/3201)","1",NA,"1836316","CB",2025-07-31,"WFI3201",NA,NA,NA,"Total Nitrate/Nitrite-N","Nitrate+Nitrite","N","SM21 4500NO3-F",0,"U",0.075,"LOD","mg/L",1,5,5,NA,NA,NA,NA,NA,NA,NA,NA,3,NA,".","Waters Department",20,11,0.1,0.075,0.025,"1253728",NA,15:23:00,2025-07-31,13:07:00,NA,"4500-NO3(F)","APHA",NA,NA
NA,"CB for HBN 1915485 (WFI/3201)","1",NA,"1836318","CB",2025-07-31,"WFI3201",NA,NA,NA,NA,"Nitrate","N","SM21 4500NO3-F",0,"U",0.075,"LOD","mg/L",1,5,5,NA,NA,NA,NA,NA,NA,NA,NA,3,NA,".","Waters Department",20,9,0.1,0.075,0.025,"1253728",NA,15:23:00,2025-07-31,12:44:00,NA,"4500-NO3(F)","APHA",NA,NA
NA,"CB for HBN 1915485 (WFI/3201)","1",NA,"1836318","CB",2025-07-31,"WFI3201",NA,NA,NA,NA,"Nitrite","N","SM21 4500NO3-F",0,"U",0.075,"LOD","mg/L",1,5,5,NA,NA,NA,NA,NA,NA,NA,NA,3,NA,".","Waters Department",20,10,0.1,0.075,0.025,"1253728",NA,15:23:00,2025-07-31,12:44:00,NA,"4500-NO3(F)","APHA",NA,NA
NA,"CB for HBN 1915485 (WFI/3201)","1",NA,"1836318","CB",2025-07-31,"WFI3201",NA,NA,NA,"Total Nitrate/Nitrite-N","Nitrate+Nitrite","N","SM21 4500NO3-F",0,"U",0.075,"LOD","mg/L",1,5,5,NA,NA,NA,NA,NA,NA,NA,NA,3,NA,".","Waters Department",20,11,0.1,0.075,0.025,"1253728",NA,15:23:00,2025-07-31,12:44:00,NA,"4500-NO3(F)","APHA",NA,NA
NA,"CB for HBN 1915915 [WDA/6066]","1",NA,"1837542","CB",2025-08-07,"WDA6066",NA,NA,NA,"Total Phosphorus","Total Phosph.","N","SM21 4500P-B,E",0,"U",0.03,"LOD","mg/L",1,10,10,NA,NA,NA,NA,NA,NA,NA,NA,3,NA,"T","Waters Department",20,266,0.04,0.03,0.012,"1253728",NA,16:24:00,2025-08-07,16:14:00,NA,"4500-P-E","APHA",NA,NA
NA,"ICB for HBN 1915323 (WFI/3200)","1",NA,"1835558","ICB",2025-07-29,"WFI3200",NA,NA,NA,NA,"Nitrate","N","SM21 4500NO3-F",0,"U",0.075,"LOD","mg/L",1,5,5,NA,NA,NA,NA,NA,NA,NA,NA,3,NA,".","Waters Department",20,9,0.1,0.075,0.025,"1253728",NA,09:08:00,2025-07-28,09:54:00,NA,"4500-NO3(F)","APHA",NA,NA
NA,"ICB for HBN 1915323 (WFI/3200)","1",NA,"1835558","ICB",2025-07-29,"WFI3200",NA,NA,NA,NA,"Nitrite","N","SM21 4500NO3-F",0,"U",0.075,"LOD","mg/L",1,5,5,NA,NA,NA,NA,NA,NA,NA,NA,3,NA,".","Waters Department",20,10,0.1,0.075,0.025,"1253728",NA,09:08:00,2025-07-28,09:54:00,NA,"4500-NO3(F)","APHA",NA,NA
NA,"ICB for HBN 1915416 [WDA/6060]","1",NA,"1836000","ICB",2025-07-30,"WDA6060",NA,NA,NA,"Total Phosphorus","Total Phosph.","N","SM21 4500P-B,E",0,"U",0.03,"LOD","mg/L",1,10,10,NA,NA,NA,NA,NA,NA,NA,NA,3,NA,"T","Waters Department",20,266,0.04,0.03,0.012,"1253728",NA,15:11:00,2025-07-30,13:17:00,NA,"4500-P-E","APHA",NA,NA
NA,"ICB for HBN 1915485 (WFI/3201)","1",NA,"1836323","ICB",2025-07-31,"WFI3201",NA,NA,NA,NA,"Nitrate","N","SM21 4500NO3-F",0,"U",0.075,"LOD","mg/L",1,5,5,NA,NA,NA,NA,NA,NA,NA,NA,3,NA,".","Waters Department",20,9,0.1,0.075,0.025,"1253728",NA,15:25:00,2025-07-31,12:20:00,NA,"4500-NO3(F)","APHA",NA,NA
NA,"ICB for HBN 1915485 (WFI/3201)","1",NA,"1836323","ICB",2025-07-31,"WFI3201",NA,NA,NA,NA,"Nitrite","N","SM21 4500NO3-F",0,"U",0.075,"LOD","mg/L",1,5,5,NA,NA,NA,NA,NA,NA,NA,NA,3,NA,".","Waters Department",20,10,0.1,0.075,0.025,"1253728",NA,15:25:00,2025-07-31,12:20:00,NA,"4500-NO3(F)","APHA",NA,NA
NA,"ICB for HBN 1915485 (WFI/3201)","1",NA,"1836323","ICB",2025-07-31,"WFI3201",NA,NA,NA,"Total Nitrate/Nitrite-N","Nitrate+Nitrite","N","SM21 4500NO3-F",0,"U",0.075,"LOD","mg/L",1,5,5,NA,NA,NA,NA,NA,NA,NA,NA,3,NA,".","Waters Department",20,11,0.1,0.075,0.025,"1253728",NA,15:25:00,2025-07-31,12:20:00,NA,"4500-NO3(F)","APHA",NA,NA
NA,"LABREFQC","1",2025-07-30,"1253871001","OS",2025-07-31,"WFI3201",NA,NA,NA,"Nitrate-N","Nitrate","N","SM21 4500NO3-F",0,"U",0.15,"LOD","mg/L",2,5,5,NA,NA,NA,NA,NA,NA,NA,NA,3,NA,".","Waters Department",20,9,0.2,0.15,0.05,"1253728",11:53:00,10:10:00,2025-07-31,12:25:00,NA,"4500-NO3(F)","APHA",NA,NA
NA,"LABREFQC","1",2025-07-30,"1253871001","OS",2025-07-31,"WFI3201",NA,NA,NA,"Nitrite-N","Nitrite","N","SM21 4500NO3-F",0,"U",0.15,"LOD","mg/L",2,5,5,NA,NA,NA,NA,NA,NA,NA,NA,3,NA,".","Waters Department",20,10,0.2,0.15,0.05,"1253728",11:53:00,10:10:00,2025-07-31,12:25:00,NA,"4500-NO3(F)","APHA",NA,NA
NA,"ICB for HBN 1915915 [WDA/6066]","1",NA,"1837540","ICB",2025-08-07,"WDA6066",NA,NA,NA,"Total Phosphorus","Total Phosph.","N","SM21 4500P-B,E",0,"U",0.03,"LOD","mg/L",1,10,10,NA,NA,NA,NA,NA,NA,NA,NA,3,NA,"T","Waters Department",20,266,0.04,0.03,0.012,"1253728",NA,16:24:00,2025-08-07,16:04:00,NA,"4500-P-E","APHA",NA,NA
NA,"MB for HBN 1915415 [WXX/15824]","1",NA,"1835993","MB",2025-07-30,"WDA6060","WXX15824","SM21 4500P-B,E","07/30/2025 11:22","Total Phosphorus","Total Phosph.","N","SM21 4500P-B,E",0,"U",0.03,"LOD","mg/L",1,25,25,NA,NA,NA,NA,NA,NA,NA,NA,3,NA,"T","Waters Department",20,266,0.04,0.03,0.012,"1253728",NA,15:09:00,2025-07-30,13:36:00,NA,"4500-P-E","APHA",NA,NA
NA,"MB for HBN 1915485 (WFI/3201)","1",NA,"1836321","MB",2025-07-31,"WFI3201",NA,NA,NA,NA,"Nitrate","N","SM21 4500NO3-F",0,"U",0.15,"LOD","mg/L",2,5,5,NA,NA,NA,NA,NA,NA,NA,NA,3,NA,".","Waters Department",20,9,0.2,0.15,0.05,"1253728",NA,15:23:00,2025-07-31,12:20:00,NA,"4500-NO3(F)","APHA",NA,NA
NA,"MB for HBN 1915485 (WFI/3201)","1",NA,"1836321","MB",2025-07-31,"WFI3201",NA,NA,NA,NA,"Nitrite","N","SM21 4500NO3-F",0,"U",0.15,"LOD","mg/L",2,5,5,NA,NA,NA,NA,NA,NA,NA,NA,3,NA,".","Waters Department",20,10,0.2,0.15,0.05,"1253728",NA,15:23:00,2025-07-31,12:20:00,NA,"4500-NO3(F)","APHA",NA,NA
NA,"MB for HBN 1915485 (WFI/3201)","1",NA,"1836321","MB",2025-07-31,"WFI3201",NA,NA,NA,"Total Nitrate/Nitrite-N","Nitrate+Nitrite","N","SM21 4500NO3-F",0,"U",0.15,"LOD","mg/L",2,5,5,NA,NA,NA,NA,NA,NA,NA,NA,3,NA,".","Waters Department",20,11,0.2,0.15,0.05,"1253728",NA,15:23:00,2025-07-31,12:20:00,NA,"4500-NO3(F)","APHA",NA,NA
NA,"MB for HBN 1915914 [WXX/15836]","1",NA,"1837533","MB",2025-08-07,"WDA6066","WXX15836","SM21 4500P-B,E","08/07/2025 13:29","Total Phosphorus","Total Phosph.","N","SM21 4500P-B,E",0,"U",0.03,"LOD","mg/L",1,25,25,NA,NA,NA,NA,NA,NA,NA,NA,3,NA,"T","Waters Department",20,266,0.04,0.03,0.012,"1253728",NA,16:22:00,2025-08-07,16:05:00,NA,"4500-P-E","APHA",NA,NA
NA,"MB for HBN 1915323 (WFI/3200)","1",NA,"1835548","MB",2025-07-29,"WFI3200",NA,NA,NA,NA,"Nitrate","N","SM21 4500NO3-F",0,"U",0.15,"LOD","mg/L",2,5,5,NA,NA,NA,NA,NA,NA,NA,NA,3,NA,".","Waters Department",20,9,0.2,0.15,0.05,"1253728",NA,09:08:00,2025-07-28,11:58:00,NA,"4500-NO3(F)","APHA",NA,NA
NA,"MB for HBN 1915323 (WFI/3200)","1",NA,"1835548","MB",2025-07-29,"WFI3200",NA,NA,NA,NA,"Nitrite","N","SM21 4500NO3-F",0,"U",0.15,"LOD","mg/L",2,5,5,NA,NA,NA,NA,NA,NA,NA,NA,3,NA,".","Waters Department",20,10,0.2,0.15,0.05,"1253728",NA,09:08:00,2025-07-28,11:58:00,NA,"4500-NO3(F)","APHA",NA,NA
NA,"MB for HBN 1915323 (WFI/3200)","1",NA,"1835548","MB",2025-07-29,"WFI3200",NA,NA,NA,"Total Nitrate/Nitrite-N","Nitrate+Nitrite","N","SM21 4500NO3-F",0,"U",0.15,"LOD","mg/L",2,5,5,NA,NA,NA,NA,NA,NA,NA,NA,3,NA,".","Waters Department",20,11,0.2,0.15,0.05,"1253728",NA,09:08:00,2025-07-28,11:58:00,NA,"4500-NO3(F)","APHA",NA,NA
NA,"MB for HBN 1915323 (WFI/3200)","1",NA,"1835559","MB",2025-07-29,"WFI3200",NA,NA,NA,NA,"Nitrate","N","SM21 4500NO3-F",0,"U",0.15,"LOD","mg/L",2,5,5,NA,NA,NA,NA,NA,NA,NA,NA,3,NA,".","Waters Department",20,9,0.2,0.15,0.05,"1253728",NA,09:08:00,2025-07-28,09:54:00,NA,"4500-NO3(F)","APHA",NA,NA
NA,"MB for HBN 1915323 (WFI/3200)","1",NA,"1835559","MB",2025-07-29,"WFI3200",NA,NA,NA,NA,"Nitrite","N","SM21 4500NO3-F",0,"U",0.15,"LOD","mg/L",2,5,5,NA,NA,NA,NA,NA,NA,NA,NA,3,NA,".","Waters Department",20,10,0.2,0.15,0.05,"1253728",NA,09:08:00,2025-07-28,09:54:00,NA,"4500-NO3(F)","APHA",NA,NA
NA,"MB for HBN 1915414 [WXX/15823]","1",NA,"1835988","MB",2025-07-30,"WDA6060","WXX15823","SM21 4500P-B,E","07/30/2025 10:36","Total Phosphorus","Total Phosph.","N","SM21 4500P-B,E",0,"U",0.03,"LOD","mg/L",1,25,25,NA,NA,NA,NA,NA,NA,NA,NA,3,NA,"T","Waters Department",20,266,0.04,0.03,0.012,"1253728",NA,15:08:00,2025-07-30,13:18:00,NA,"4500-P-E","APHA",NA,NA
NA,"MB for HBN 1915230 [MXX/37743]","1",NA,"1835089","MB",2025-07-25,"MMS12783","MXX37743","E200.2","07/25/2025 08:46","Zinc","7440-66-6","N","200.8",0,"U",7.5,"LOD","ug/L",1,20,50,NA,NA,NA,NA,NA,NA,NA,NA,3,"(<5000)",".","Metals by ICP/MS",15,32,10,7.5,3.1,"1253728",NA,12:00:00,2025-07-28,10:55:00,"Unfiltered","200.8","USEPA",NA,NA
NA,"MB for HBN 1915233 [MXX/37744]","1",NA,"1835104","MB",2025-07-25,"MMS12783","MXX37744","E200.2","07/25/2025 08:46","Copper","7440-50-8","N","200.8",0,"U",2.25,"LOD","ug/L",1,20,50,NA,NA,NA,NA,NA,NA,NA,NA,3,"(<1000)",".","Metals by ICP/MS",15,11,3,2.25,1,"1253728",NA,12:23:00,2025-07-28,14:01:00,"Unfiltered","200.8","USEPA",NA,NA
NA,"MB for HBN 1915233 [MXX/37744]","1",NA,"1835104","MB",2025-07-25,"MMS12783","MXX37744","E200.2","07/25/2025 08:46","Zinc","7440-66-6","N","200.8",0,"U",7.5,"LOD","ug/L",1,20,50,NA,NA,NA,NA,NA,NA,NA,NA,3,"(<5000)",".","Metals by ICP/MS",15,32,10,7.5,3.1,"1253728",NA,12:23:00,2025-07-28,14:01:00,"Unfiltered","200.8","USEPA",NA,NA
NA,"MB for HBN 1915319 [MXX/37751]","1",NA,"1835450","MB",2025-07-28,"MMS12785","MXX37751","E200.2","07/28/2025 15:25","Arsenic","7440-38-2","N","200.8",0,"U",3.75,"LOD","ug/L",1,20,50,NA,NA,NA,NA,NA,NA,NA,NA,3,"(<10)",".","Metals by ICP/MS",15,3,5,3.75,1.5,"1253728",NA,16:32:00,2025-07-29,13:22:00,"Unfiltered","200.8","USEPA",NA,NA
NA,"MB for HBN 1915319 [MXX/37751]","1",NA,"1835450","MB",2025-07-28,"MMS12785","MXX37751","E200.2","07/28/2025 15:25","Cadmium","7440-43-9","N","200.8",0,"U",0.375,"LOD","ug/L",1,20,50,NA,NA,NA,NA,NA,NA,NA,NA,3,"(<5)",".","Metals by ICP/MS",15,7,0.5,0.375,0.15,"1253728",NA,16:32:00,2025-07-29,13:22:00,"Unfiltered","200.8","USEPA",NA,NA
NA,"MB for HBN 1915319 [MXX/37751]","1",NA,"1835450","MB",2025-07-28,"MMS12785","MXX37751","E200.2","07/28/2025 15:25","Chromium","7440-47-3","N","200.8",0,"U",3.75,"LOD","ug/L",1,20,50,NA,NA,NA,NA,NA,NA,NA,NA,3,"(<100)",".","Metals by ICP/MS",15,9,5,3.75,2.5,"1253728",NA,16:32:00,2025-07-29,13:22:00,"Unfiltered","200.8","USEPA",NA,NA
NA,"MB for HBN 1915319 [MXX/37751]","1",NA,"1835450","MB",2025-07-28,"MMS12785","MXX37751","E200.2","07/28/2025 15:25","Copper","7440-50-8","N","200.8",0,"U",2.25,"LOD","ug/L",1,20,50,NA,NA,NA,NA,NA,NA,NA,NA,3,"(<1000)",".","Metals by ICP/MS",15,11,3,2.25,1,"1253728",NA,16:32:00,2025-07-29,13:22:00,"Unfiltered","200.8","USEPA",NA,NA
NA,"MB for HBN 1915319 [MXX/37751]","1",NA,"1835450","MB",2025-07-28,"MMS12785","MXX37751","E200.2","07/28/2025 15:25","Lead","7439-92-1","N","200.8",0,"U",1.5,"LOD","ug/L",1,20,50,NA,NA,NA,NA,NA,NA,NA,NA,3,"(<15)",".","Metals by ICP/MS",15,13,2,1.5,0.5,"1253728",NA,16:32:00,2025-07-29,13:22:00,"Unfiltered","200.8","USEPA",NA,NA
NA,"MB for HBN 1915319 [MXX/37751]","1",NA,"1835450","MB",2025-07-28,"MMS12785","MXX37751","E200.2","07/28/2025 15:25","Zinc","7440-66-6","N","200.8",0,"U",7.5,"LOD","ug/L",1,20,50,NA,NA,NA,NA,NA,NA,NA,NA,3,"(<5000)",".","Metals by ICP/MS",15,32,10,7.5,3.1,"1253728",NA,16:32:00,2025-07-29,13:22:00,"Unfiltered","200.8","USEPA",NA,NA
NA,"MB for HBN 1915230 [MXX/37743]","1",NA,"1835089","MB",2025-07-25,"MMS12783","MXX37743","E200.2","07/25/2025 08:46","Copper","7440-50-8","N","200.8",0,"U",2.25,"LOD","ug/L",1,20,50,NA,NA,NA,NA,NA,NA,NA,NA,3,"(<1000)",".","Metals by ICP/MS",15,11,3,2.25,1,"1253728",NA,12:00:00,2025-07-28,10:55:00,"Unfiltered","200.8","USEPA",NA,NA
NA,"LLQC for HBN 1915230 [MXX/3774","1",NA,"1835091","LLQC",2025-07-25,"MMS12783","MXX37743","E200.2","07/25/2025 08:46","Copper","7440-50-8","N","200.8",0,"U",2.25,"LOD","ug/L",1,20,50,1,0,NA,NA,NA,NA,NA,NA,3,"(<1000)",".","Metals by ICP/MS",15,11,3,2.25,1,"1253728",NA,12:00:00,2025-07-28,11:01:00,"Unfiltered","200.8","USEPA",NA,NA
NA,"LLQC for HBN 1915319 [MXX/3775","1",NA,"1835452","LLQC",2025-07-28,"MMS12785","MXX37751","E200.2","07/28/2025 15:25","Chromium","7440-47-3","N","200.8",0,"U",3.75,"LOD","ug/L",1,20,50,2,0,NA,NA,NA,NA,NA,NA,3,"(<100)",".","Metals by ICP/MS",15,9,5,3.75,2.5,"1253728",NA,16:32:00,2025-07-29,13:28:00,"Unfiltered","200.8","USEPA",NA,NA
NA,"LLQC for HBN 1915319 [MXX/3775","1",NA,"1835452","LLQC",2025-07-28,"MMS12785","MXX37751","E200.2","07/28/2025 15:25","Copper","7440-50-8","N","200.8",0,"U",2.25,"LOD","ug/L",1,20,50,1,0,NA,NA,NA,NA,NA,NA,3,"(<1000)",".","Metals by ICP/MS",15,11,3,2.25,1,"1253728",NA,16:32:00,2025-07-29,13:28:00,"Unfiltered","200.8","USEPA",NA,NA
NA,"LLQC for HBN 1915319 [MXX/3775","1",NA,"1835452","LLQC",2025-07-28,"MMS12785","MXX37751","E200.2","07/28/2025 15:25","Lead","7439-92-1","N","200.8",0,"U",1.5,"LOD","ug/L",1,20,50,0.2,0,NA,NA,NA,NA,NA,NA,3,"(<15)",".","Metals by ICP/MS",15,13,2,1.5,0.5,"1253728",NA,16:32:00,2025-07-29,13:28:00,"Unfiltered","200.8","USEPA",NA,NA
NA,"LLQC for HBN 1915319 [MXX/3775","1",NA,"1835452","LLQC",2025-07-28,"MMS12785","MXX37751","E200.2","07/28/2025 15:25","Zinc","7440-66-6","N","200.8",0,"U",7.5,"LOD","ug/L",1,20,50,5,0,NA,NA,NA,NA,NA,NA,3,"(<5000)",".","Metals by ICP/MS",15,32,10,7.5,3.1,"1253728",NA,16:32:00,2025-07-29,13:28:00,"Unfiltered","200.8","USEPA",NA,NA
NA,"LLQC for HBN 1915323 [WFI/3200","1",NA,"1835468","LLQC",2025-07-28,"WFI3200",NA,NA,NA,NA,"Nitrite","N","SM21 4500NO3-F",0,"U",0.075,"LOD","mg/L",1,5,5,0.025,0,NA,NA,NA,NA,NA,NA,3,NA,".","Waters Department",20,10,0.1,0.075,0.025,"1253728",NA,16:56:00,2025-07-28,09:36:00,NA,"4500-NO3(F)","APHA",NA,NA
NA,"LLQC for HBN 1915233 [MXX/3774","1",NA,"1835106","LLQC",2025-07-25,"MMS12783","MXX37744","E200.2","07/25/2025 08:46","Copper","7440-50-8","N","200.8",0,"U",2.25,"LOD","ug/L",1,20,50,1,0,NA,NA,NA,NA,NA,NA,3,"(<1000)",".","Metals by ICP/MS",15,11,3,2.25,1,"1253728",NA,12:23:00,2025-07-28,14:07:00,"Unfiltered","200.8","USEPA",NA,NA
NA,"LLQC for HBN 1915485 [WFI/3201","1",NA,"1836311","LLQC",2025-07-31,"WFI3201",NA,NA,NA,NA,"Nitrate","N","SM21 4500NO3-F",0,"U",0.075,"LOD","mg/L",1,5,5,0.025,0,NA,NA,NA,NA,NA,NA,3,NA,".","Waters Department",20,9,0.1,0.075,0.025,"1253728",NA,15:20:00,2025-07-31,12:02:00,NA,"4500-NO3(F)","APHA",NA,NA
NA,"1253648001 MSD FOR [WFI3200]","9",2025-07-21,"1835470","MSD",2025-07-21,"WFI3200",NA,NA,NA,"Total Nitrate/Nitrite-N","Nitrate+Nitrite","N","SM21 4500NO3-F",6.49,"=",0.15,"LOD","mg/L",2,5,5,5,99.1,90,110,1.53,3,0,25,3,NA,".","Waters Department",20,11,0.2,0.15,0.05,"1253728",10:15:00,12:21:00,2025-07-28,10:03:00,NA,"4500-NO3(F)","APHA",NA,NA
NA,"1253684001 MSD FOR [WXX15823]","1",2025-07-22,"1835992","MSD",2025-07-22,"WDA6060","WXX15823","SM21 4500P-B,E","07/30/2025 10:36","Total Phosphorus","Total Phosph.","N","SM21 4500P-B,E",4.17,"=",0.3,"LOD","mg/L",1,2.5,25,2,81.9,75,125,2.53,2,0,7,3,NA,"T","Waters Department",20,266,0.4,0.3,0.12,"1253728",08:00:00,12:25:00,2025-07-30,13:22:00,NA,"4500-P-E","APHA",NA,NA
NA,"1253728002MSD","1",2025-07-23,"1837537","MSD",2025-07-23,"WDA6066","WXX15836","SM21 4500P-B,E","08/07/2025 13:29","Total Phosphorus","Total Phosph.","N","SM21 4500P-B,E",2.77,"=",0.3,"LOD","mg/L",1,2.5,25,2,105,75,125,0.662,2.6,0,7,3,NA,"T","Waters Department",20,266,0.4,0.3,0.12,"1253728",10:00:00,15:44:00,2025-08-07,16:09:00,NA,"4500-P-E","APHA",NA,NA
NA,"1253728004MSD","1",2025-07-23,"1835472","MSD",2025-07-23,"WFI3200",NA,NA,NA,"Total Nitrate/Nitrite-N","Nitrate+Nitrite","N","SM21 4500NO3-F",5.6,"=",0.15,"LOD","mg/L",2,5,5,5,111,90,110,0.0532,1.5,0,25,3,NA,".","Waters Department",20,11,0.2,0.15,0.05,"1253728",09:28:00,15:44:00,2025-07-28,13:13:00,NA,"4500-NO3(F)","APHA",NA,NA
NA,"1253728012MSD","1",2025-07-23,"1835997","MSD",2025-07-23,"WDA6060","WXX15824","SM21 4500P-B,E","07/30/2025 11:22","Total Phosphorus","Total Phosph.","N","SM21 4500P-B,E",0.203,"=",0.03,"LOD","mg/L",1,25,25,0.2,102,75,125,0,1.4,0,7,3,NA,"T","Waters Department",20,266,0.04,0.03,0.012,"1253728",09:00:00,15:44:00,2025-07-30,13:43:00,NA,"4500-P-E","APHA",NA,NA
NA,"1253871001 MSD FOR [WFI3201]","1",2025-07-30,"1836313","MSD",2025-07-31,"WFI3201",NA,NA,NA,NA,"Nitrate","N","SM21 4500NO3-F",2.58,"=",0.15,"LOD","mg/L",2,5,5,2.5,103,70,130,0,3,0,25,3,NA,".","Waters Department",20,9,0.2,0.15,0.05,"1253728",11:53:00,10:10:00,2025-07-31,12:29:00,NA,"4500-NO3(F)","APHA",NA,NA
NA,"1253871001 MSD FOR [WFI3201]","1",2025-07-30,"1836313","MSD",2025-07-31,"WFI3201",NA,NA,NA,NA,"Nitrite","N","SM21 4500NO3-F",2.57,"=",0.15,"LOD","mg/L",2,5,5,2.5,103,90,110,0,0.73,0,25,3,NA,".","Waters Department",20,10,0.2,0.15,0.05,"1253728",11:53:00,10:10:00,2025-07-31,12:29:00,NA,"4500-NO3(F)","APHA",NA,NA
NA,"1253871001 MSD FOR [WFI3201]","1",2025-07-30,"1836313","MSD",2025-07-31,"WFI3201",NA,NA,NA,"Total Nitrate/Nitrite-N","Nitrate+Nitrite","N","SM21 4500NO3-F",5.15,"=",0.15,"LOD","mg/L",2,5,5,5,102,90,110,0.0538,1.8,0,25,3,NA,".","Waters Department",20,11,0.2,0.15,0.05,"1253728",11:53:00,10:10:00,2025-07-31,12:29:00,NA,"4500-NO3(F)","APHA",NA,NA
NA,"LCSD for HBN 1915236 [VXX/4327","1",NA,"1835116","LCSD",2025-07-25,"VMS24599","VXX43275","SW5030B","07/24/2025 06:00","1,2-Dichloroethane-D4 (surr)","17060-07-0","S","SW8260D",98.7,"=",0,"LOD","%",1,5,5,30,98.7,81,118,NA,7.3,NA,NA,3,NA,".","Volatile GC/MS",90,62,0,0,0,"1253728",NA,12:28:00,2025-07-24,17:25:00,NA,"8260D","USEPA",NA,NA
NA,"LCSD for HBN 1915236 [VXX/4327","1",NA,"1835116","LCSD",2025-07-25,"VMS24599","VXX43275","SW5030B","07/24/2025 06:00","4-Bromofluorobenzene (surr)","460-00-4","S","SW8260D",103,"=",0,"LOD","%",1,5,5,30,103,85,114,NA,1.6,NA,NA,3,NA,".","Volatile GC/MS",90,69,0,0,0,"1253728",NA,12:28:00,2025-07-24,17:25:00,NA,"8260D","USEPA",NA,NA
NA,"LCSD for HBN 1915236 [VXX/4327","1",NA,"1835116","LCSD",2025-07-25,"VMS24599","VXX43275","SW5030B","07/24/2025 06:00","Benzene","71-43-2","N","SW8260D",26.2,"=",0.3,"LOD","ug/L",1,5,5,30,87.3,79,120,NA,5.5,0,20,3,NA,".","Volatile GC/MS",90,1,0.4,0.3,0.12,"1253728",NA,12:28:00,2025-07-24,17:25:00,NA,"8260D","USEPA",NA,NA
NA,"LCSD for HBN 1915236 [VXX/4327","1",NA,"1835116","LCSD",2025-07-25,"VMS24599","VXX43275","SW5030B","07/24/2025 06:00","Ethylbenzene","100-41-4","N","SW8260D",27.6,"=",0.75,"LOD","ug/L",1,5,5,30,91.9,79,121,NA,2.1,0,20,3,NA,".","Volatile GC/MS",90,3,1,0.75,0.31,"1253728",NA,12:28:00,2025-07-24,17:25:00,NA,"8260D","USEPA",NA,NA
NA,"LCSD for HBN 1915236 [VXX/4327","1",NA,"1835116","LCSD",2025-07-25,"VMS24599","VXX43275","SW5030B","07/24/2025 06:00","o-Xylene","95-47-6","N","SW8260D",26.9,"=",0.75,"LOD","ug/L",1,5,5,30,89.6,78,122,NA,4.7,0,20,3,NA,".","Volatile GC/MS",90,58,1,0.75,0.31,"1253728",NA,12:28:00,2025-07-24,17:25:00,NA,"8260D","USEPA",NA,NA
NA,"LCSD for HBN 1915236 [VXX/4327","1",NA,"1835116","LCSD",2025-07-25,"VMS24599","VXX43275","SW5030B","07/24/2025 06:00","P & M -Xylene","P & M -Xylene","N","SW8260D",54.5,"=",1.5,"LOD","ug/L",1,5,5,60,90.8,80,121,NA,4,0,20,3,NA,".","Volatile GC/MS",90,55,2,1.5,0.62,"1253728",NA,12:28:00,2025-07-24,17:25:00,NA,"8260D","USEPA",NA,NA
NA,"LCSD for HBN 1915236 [VXX/4327","1",NA,"1835116","LCSD",2025-07-25,"VMS24599","VXX43275","SW5030B","07/24/2025 06:00","Toluene","108-88-3","N","SW8260D",26.9,"=",0.75,"LOD","ug/L",1,5,5,30,89.7,80,121,NA,1.4,0,20,3,NA,".","Volatile GC/MS",90,2,1,0.75,0.31,"1253728",NA,12:28:00,2025-07-24,17:25:00,NA,"8260D","USEPA",NA,NA
NA,"LCSD for HBN 1915236 [VXX/4327","1",NA,"1835116","LCSD",2025-07-25,"VMS24599","VXX43275","SW5030B","07/24/2025 06:00","Toluene-d8 (surr)","2037-26-5","S","SW8260D",103,"=",0,"LOD","%",1,5,5,30,103,89,112,NA,1.7,NA,NA,3,NA,".","Volatile GC/MS",90,68,0,0,0,"1253728",NA,12:28:00,2025-07-24,17:25:00,NA,"8260D","USEPA",NA,NA
NA,"LCSD for HBN 1915236 [VXX/4327","1",NA,"1835116","LCSD",2025-07-25,"VMS24599","VXX43275","SW5030B","07/24/2025 06:00","Xylenes (total)","1330-20-7","N","SW8260D",81.4,"=",2.25,"LOD","ug/L",1,5,5,90,90.4,79,121,NA,4.3,0,20,3,NA,".","Volatile GC/MS",90,63,3,2.25,1,"1253728",NA,12:28:00,2025-07-24,17:25:00,NA,"8260D","USEPA",NA,NA
NA,"LCSD for HBN 1915414 [WXX/1582","1",NA,"1835990","LCSD",2025-07-30,"WDA6060","WXX15823","SM21 4500P-B,E","07/30/2025 10:36","Total Phosphorus","Total Phosph.","N","SM21 4500P-B,E",0.179,"=",0.03,"LOD","mg/L",1,25,25,0.2,89.3,75,125,NA,3.6,0,25,3,NA,"T","Waters Department",20,266,0.04,0.03,0.012,"1253728",NA,15:08:00,2025-07-30,13:20:00,NA,"4500-P-E","APHA",NA,NA
NA,"LCSD for HBN 1915415 [WXX/1582","1",NA,"1835995","LCSD",2025-07-30,"WDA6060","WXX15824","SM21 4500P-B,E","07/30/2025 11:22","Total Phosphorus","Total Phosph.","N","SM21 4500P-B,E",0.174,"=",0.03,"LOD","mg/L",1,25,25,0.2,86.8,75,125,NA,4.6,0,25,3,NA,"T","Waters Department",20,266,0.04,0.03,0.012,"1253728",NA,15:09:00,2025-07-30,13:38:00,NA,"4500-P-E","APHA",NA,NA
NA,"LCSD for HBN 1915914 [WXX/1583","1",NA,"1837535","LCSD",2025-08-07,"WDA6066","WXX15836","SM21 4500P-B,E","08/07/2025 13:29","Total Phosphorus","Total Phosph.","N","SM21 4500P-B,E",0.204,"=",0.03,"LOD","mg/L",1,25,25,0.2,102,75,125,NA,7.5,0,25,3,NA,"T","Waters Department",20,266,0.04,0.03,0.012,"1253728",NA,16:22:00,2025-08-07,16:06:00,NA,"4500-P-E","APHA",NA,NA
NA,"1253648001 MS FOR [WFI3200]","9",2025-07-21,"1835469","MS",2025-07-21,"WFI3200",NA,NA,NA,"Total Nitrate/Nitrite-N","Nitrate+Nitrite","N","SM21 4500NO3-F",6.68,"=",0.15,"LOD","mg/L",2,5,5,5,103,90,110,1.53,NA,NA,NA,3,NA,".","Waters Department",20,11,0.2,0.15,0.05,"1253728",10:15:00,12:21:00,2025-07-28,10:01:00,NA,"4500-NO3(F)","APHA",NA,NA
NA,"1253684001 MS FOR [WXX15823]","1",2025-07-22,"1835991","MS",2025-07-22,"WDA6060","WXX15823","SM21 4500P-B,E","07/30/2025 10:36","Total Phosphorus","Total Phosph.","N","SM21 4500P-B,E",4.25,"=",0.3,"LOD","mg/L",1,2.5,25,2,86.1,75,125,2.53,NA,NA,NA,3,NA,"T","Waters Department",20,266,0.4,0.3,0.12,"1253728",08:00:00,12:25:00,2025-07-30,13:21:00,NA,"4500-P-E","APHA",NA,NA
NA,"1253728002MS","1",2025-07-23,"1837536","MS",2025-07-23,"WDA6066","WXX15836","SM21 4500P-B,E","08/07/2025 13:29","Total Phosphorus","Total Phosph.","N","SM21 4500P-B,E",2.84,"=",0.3,"LOD","mg/L",1,2.5,25,2,109,75,125,0.662,NA,NA,NA,3,NA,"T","Waters Department",20,266,0.4,0.3,0.12,"1253728",10:00:00,15:44:00,2025-08-07,16:08:00,NA,"4500-P-E","APHA",NA,NA
NA,"1253728004MS","1",2025-07-23,"1835471","MS",2025-07-23,"WFI3200",NA,NA,NA,"Total Nitrate/Nitrite-N","Nitrate+Nitrite","N","SM21 4500NO3-F",5.51,"=",0.15,"LOD","mg/L",2,5,5,5,109,90,110,0.0532,NA,NA,NA,3,NA,".","Waters Department",20,11,0.2,0.15,0.05,"1253728",09:28:00,15:44:00,2025-07-28,13:12:00,NA,"4500-NO3(F)","APHA",NA,NA
NA,"1253728012MS","1",2025-07-23,"1835996","MS",2025-07-23,"WDA6060","WXX15824","SM21 4500P-B,E","07/30/2025 11:22","Total Phosphorus","Total Phosph.","N","SM21 4500P-B,E",0.206,"=",0.03,"LOD","mg/L",1,25,25,0.2,103,75,125,0,NA,NA,NA,3,NA,"T","Waters Department",20,266,0.04,0.03,0.012,"1253728",09:00:00,15:44:00,2025-07-30,13:42:00,NA,"4500-P-E","APHA",NA,NA
NA,"1253871001 MS FOR [WFI3201]","1",2025-07-30,"1836312","MS",2025-07-31,"WFI3201",NA,NA,NA,NA,"Nitrate","N","SM21 4500NO3-F",2.51,"=",0.15,"LOD","mg/L",2,5,5,2.5,100,70,130,0,NA,NA,NA,3,NA,".","Waters Department",20,9,0.2,0.15,0.05,"1253728",11:53:00,10:10:00,2025-07-31,12:27:00,NA,"4500-NO3(F)","APHA",NA,NA
NA,"1253871001 MS FOR [WFI3201]","1",2025-07-30,"1836312","MS",2025-07-31,"WFI3201",NA,NA,NA,NA,"Nitrite","N","SM21 4500NO3-F",2.55,"=",0.15,"LOD","mg/L",2,5,5,2.5,102,90,110,0,NA,NA,NA,3,NA,".","Waters Department",20,10,0.2,0.15,0.05,"1253728",11:53:00,10:10:00,2025-07-31,12:27:00,NA,"4500-NO3(F)","APHA",NA,NA
NA,"1253871001 MS FOR [WFI3201]","1",2025-07-30,"1836312","MS",2025-07-31,"WFI3201",NA,NA,NA,"Total Nitrate/Nitrite-N","Nitrate+Nitrite","N","SM21 4500NO3-F",5.06,"=",0.15,"LOD","mg/L",2,5,5,5,100,90,110,0.0538,NA,NA,NA,3,NA,".","Waters Department",20,11,0.2,0.15,0.05,"1253728",11:53:00,10:10:00,2025-07-31,12:27:00,NA,"4500-NO3(F)","APHA",NA,NA
NA,"1835102 MS FOR [MXX37743]","9",2025-07-22,"1835103","MS",2025-07-25,"MMS12783","MXX37743","E200.2","07/25/2025 08:46","Calcium","7440-70-2","N","200.8",21900,"=",375,"LOD","ug/L",1,20,50,10000,92.7,70,130,12700,NA,NA,NA,3,NA,".","Metals by ICP/MS",15,8,500,375,150,"1253728",08:00:00,12:22:00,2025-07-28,11:13:00,"Unfiltered","200.8","USEPA",NA,NA
NA,"1835102 MS FOR [MXX37743]","9",2025-07-22,"1835103","MS",2025-07-25,"MMS12783","MXX37743","E200.2","07/25/2025 08:46","Copper","7440-50-8","N","200.8",981,"=",2.25,"LOD","ug/L",1,20,50,1000,97.4,70,130,6.96,NA,NA,NA,3,"(<1000)",".","Metals by ICP/MS",15,11,3,2.25,1,"1253728",08:00:00,12:22:00,2025-07-28,11:13:00,"Unfiltered","200.8","USEPA",NA,NA
NA,"1835102 MS FOR [MXX37743]","9",2025-07-22,"1835103","MS",2025-07-25,"MMS12783","MXX37743","E200.2","07/25/2025 08:46","Iron","7439-89-6","N","200.8",5750,"=",188,"LOD","ug/L",1,20,50,5000,99.3,70,130,784,NA,NA,NA,3,NA,".","Metals by ICP/MS",15,12,250,188,78,"1253728",08:00:00,12:22:00,2025-07-28,11:13:00,"Unfiltered","200.8","USEPA",NA,NA
NA,"1835102 MS FOR [MXX37743]","9",2025-07-22,"1835103","MS",2025-07-25,"MMS12783","MXX37743","E200.2","07/25/2025 08:46","Magnesium","7439-95-4","N","200.8",13300,"=",37.5,"LOD","ug/L",1,20,50,10000,95.6,70,130,3690,NA,NA,NA,3,NA,".","Metals by ICP/MS",15,14,50,37.5,15,"1253728",08:00:00,12:22:00,2025-07-28,11:13:00,"Unfiltered","200.8","USEPA",NA,NA
NA,"1835102 MS FOR [MXX37743]","9",2025-07-22,"1835103","MS",2025-07-25,"MMS12783","MXX37743","E200.2","07/25/2025 08:46","Zinc","7440-66-6","N","200.8",960,"=",7.5,"LOD","ug/L",1,20,50,1000,95.1,70,130,8.75,NA,NA,NA,3,"(<5000)",".","Metals by ICP/MS",15,32,10,7.5,3.1,"1253728",08:00:00,12:22:00,2025-07-28,11:13:00,"Unfiltered","200.8","USEPA",NA,NA
NA,"1835107 MS FOR [MXX37744]","1",2025-07-23,"1835108","MS",2025-07-25,"MMS12783","MXX37744","E200.2","07/25/2025 08:46","Calcium","7440-70-2","N","200.8",22800,"=",375,"LOD","ug/L",1,20,50,10000,90.9,70,130,13700,NA,NA,NA,3,NA,".","Metals by ICP/MS",15,8,500,375,150,"1253728",09:50:00,12:23:00,2025-07-28,14:13:00,"Unfiltered","200.8","USEPA",NA,NA
NA,"1835107 MS FOR [MXX37744]","1",2025-07-23,"1835108","MS",2025-07-25,"MMS12783","MXX37744","E200.2","07/25/2025 08:46","Copper","7440-50-8","N","200.8",972,"=",2.25,"LOD","ug/L",1,20,50,1000,97.2,70,130,0,NA,NA,NA,3,"(<1000)",".","Metals by ICP/MS",15,11,3,2.25,1,"1253728",09:50:00,12:23:00,2025-07-28,14:13:00,"Unfiltered","200.8","USEPA",NA,NA
NA,"1835107 MS FOR [MXX37744]","1",2025-07-23,"1835108","MS",2025-07-25,"MMS12783","MXX37744","E200.2","07/25/2025 08:46","Iron","7439-89-6","N","200.8",5260,"=",188,"LOD","ug/L",1,20,50,5000,98.7,70,130,327,NA,NA,NA,3,NA,".","Metals by ICP/MS",15,12,250,188,78,"1253728",09:50:00,12:23:00,2025-07-28,14:13:00,"Unfiltered","200.8","USEPA",NA,NA
NA,"1835107 MS FOR [MXX37744]","1",2025-07-23,"1835108","MS",2025-07-25,"MMS12783","MXX37744","E200.2","07/25/2025 08:46","Magnesium","7439-95-4","N","200.8",10600,"=",37.5,"LOD","ug/L",1,20,50,10000,95.7,70,130,1030,NA,NA,NA,3,NA,".","Metals by ICP/MS",15,14,50,37.5,15,"1253728",09:50:00,12:23:00,2025-07-28,14:13:00,"Unfiltered","200.8","USEPA",NA,NA
NA,"1835107 MS FOR [MXX37744]","1",2025-07-23,"1835108","MS",2025-07-25,"MMS12783","MXX37744","E200.2","07/25/2025 08:46","Zinc","7440-66-6","N","200.8",955,"=",7.5,"LOD","ug/L",1,20,50,1000,95.1,70,130,3.83,NA,NA,NA,3,"(<5000)",".","Metals by ICP/MS",15,32,10,7.5,3.1,"1253728",09:50:00,12:23:00,2025-07-28,14:13:00,"Unfiltered","200.8","USEPA",NA,NA
NA,"1835453 MS FOR [MXX37751]","1",2025-07-23,"1835454","MS",2025-07-28,"MMS12785","MXX37751","E200.2","07/28/2025 15:25","Arsenic","7440-38-2","N","200.8",989,"=",3.75,"LOD","ug/L",1,20,50,1000,98.8,70,130,1.5,NA,NA,NA,3,"(<10)",".","Metals by ICP/MS",15,3,5,3.75,1.5,"1253728",10:57:00,16:38:00,2025-07-29,13:34:00,"Unfiltered","200.8","USEPA",NA,NA
NA,"1835453 MS FOR [MXX37751]","1",2025-07-23,"1835454","MS",2025-07-28,"MMS12785","MXX37751","E200.2","07/28/2025 15:25","Cadmium","7440-43-9","N","200.8",102,"=",0.375,"LOD","ug/L",1,20,50,100,102,70,130,0,NA,NA,NA,3,"(<5)",".","Metals by ICP/MS",15,7,0.5,0.375,0.15,"1253728",10:57:00,16:38:00,2025-07-29,13:34:00,"Unfiltered","200.8","USEPA",NA,NA
NA,"1835453 MS FOR [MXX37751]","1",2025-07-23,"1835454","MS",2025-07-28,"MMS12785","MXX37751","E200.2","07/28/2025 15:25","Chromium","7440-47-3","N","200.8",397,"=",3.75,"LOD","ug/L",1,20,50,400,99.2,70,130,0,NA,NA,NA,3,"(<100)",".","Metals by ICP/MS",15,9,5,3.75,2.5,"1253728",10:57:00,16:38:00,2025-07-29,13:34:00,"Unfiltered","200.8","USEPA",NA,NA
NA,"1835453 MS FOR [MXX37751]","1",2025-07-23,"1835454","MS",2025-07-28,"MMS12785","MXX37751","E200.2","07/28/2025 15:25","Copper","7440-50-8","N","200.8",1010,"=",2.25,"LOD","ug/L",1,20,50,1000,101,70,130,0,NA,NA,NA,3,"(<1000)",".","Metals by ICP/MS",15,11,3,2.25,1,"1253728",10:57:00,16:38:00,2025-07-29,13:34:00,"Unfiltered","200.8","USEPA",NA,NA
NA,"1835453 MS FOR [MXX37751]","1",2025-07-23,"1835454","MS",2025-07-28,"MMS12785","MXX37751","E200.2","07/28/2025 15:25","Lead","7439-92-1","N","200.8",1000,"=",1.5,"LOD","ug/L",1,20,50,1000,100,70,130,0,NA,NA,NA,3,"(<15)",".","Metals by ICP/MS",15,13,2,1.5,0.5,"1253728",10:57:00,16:38:00,2025-07-29,13:34:00,"Unfiltered","200.8","USEPA",NA,NA
NA,"1835453 MS FOR [MXX37751]","1",2025-07-23,"1835454","MS",2025-07-28,"MMS12785","MXX37751","E200.2","07/28/2025 15:25","Zinc","7440-66-6","N","200.8",1000,"=",7.5,"LOD","ug/L",1,20,50,1000,100,70,130,0,NA,NA,NA,3,"(<5000)",".","Metals by ICP/MS",15,32,10,7.5,3.1,"1253728",10:57:00,16:38:00,2025-07-29,13:34:00,"Unfiltered","200.8","USEPA",NA,NA
NA,"1835455 MS FOR [MXX37751]","1",2025-07-23,"1835456","MS",2025-07-28,"MMS12785","MXX37751","E200.2","07/28/2025 15:25","Arsenic","7440-38-2","N","200.8",963,"=",3.75,"LOD","ug/L",1,20,50,1000,96.2,70,130,1.68,NA,NA,NA,3,"(<10)",".","Metals by ICP/MS",15,3,5,3.75,1.5,"1253728",10:00:00,16:39:00,2025-07-29,13:40:00,"Unfiltered","200.8","USEPA",NA,NA
NA,"1835455 MS FOR [MXX37751]","1",2025-07-23,"1835456","MS",2025-07-28,"MMS12785","MXX37751","E200.2","07/28/2025 15:25","Cadmium","7440-43-9","N","200.8",98.1,"=",0.375,"LOD","ug/L",1,20,50,100,98.1,70,130,0,NA,NA,NA,3,"(<5)",".","Metals by ICP/MS",15,7,0.5,0.375,0.15,"1253728",10:00:00,16:39:00,2025-07-29,13:40:00,"Unfiltered","200.8","USEPA",NA,NA
NA,"1835455 MS FOR [MXX37751]","1",2025-07-23,"1835456","MS",2025-07-28,"MMS12785","MXX37751","E200.2","07/28/2025 15:25","Chromium","7440-47-3","N","200.8",386,"=",3.75,"LOD","ug/L",1,20,50,400,96.4,70,130,0,NA,NA,NA,3,"(<100)",".","Metals by ICP/MS",15,9,5,3.75,2.5,"1253728",10:00:00,16:39:00,2025-07-29,13:40:00,"Unfiltered","200.8","USEPA",NA,NA
NA,"1835455 MS FOR [MXX37751]","1",2025-07-23,"1835456","MS",2025-07-28,"MMS12785","MXX37751","E200.2","07/28/2025 15:25","Copper","7440-50-8","N","200.8",981,"=",2.25,"LOD","ug/L",1,20,50,1000,98.1,70,130,0,NA,NA,NA,3,"(<1000)",".","Metals by ICP/MS",15,11,3,2.25,1,"1253728",10:00:00,16:39:00,2025-07-29,13:40:00,"Unfiltered","200.8","USEPA",NA,NA
NA,"1835455 MS FOR [MXX37751]","1",2025-07-23,"1835456","MS",2025-07-28,"MMS12785","MXX37751","E200.2","07/28/2025 15:25","Lead","7439-92-1","N","200.8",974,"=",1.5,"LOD","ug/L",1,20,50,1000,97.4,70,130,0,NA,NA,NA,3,"(<15)",".","Metals by ICP/MS",15,13,2,1.5,0.5,"1253728",10:00:00,16:39:00,2025-07-29,13:40:00,"Unfiltered","200.8","USEPA",NA,NA
NA,"1835455 MS FOR [MXX37751]","1",2025-07-23,"1835456","MS",2025-07-28,"MMS12785","MXX37751","E200.2","07/28/2025 15:25","Zinc","7440-66-6","N","200.8",974,"=",7.5,"LOD","ug/L",1,20,50,1000,97.4,70,130,0,NA,NA,NA,3,"(<5000)",".","Metals by ICP/MS",15,32,10,7.5,3.1,"1253728",10:00:00,16:39:00,2025-07-29,13:40:00,"Unfiltered","200.8","USEPA",NA,NA
NA,"LABREFQC","9",2025-07-21,"1253648001","OS",2025-07-21,"WFI3200",NA,NA,NA,"Total Nitrate/Nitrite-N","Nitrate+Nitrite","N","SM21 4500NO3-F",1.53,"=",0.2,"LOQ","mg/L",2,5,5,NA,NA,NA,NA,NA,NA,NA,NA,3,"(<10)",".","Waters Department",20,11,0.2,0.15,0.05,"1253728",10:15:00,12:21:00,2025-07-28,09:59:00,NA,"4500-NO3(F)","APHA",NA,NA
NA,"LABREFQC","9",2025-07-22,"1835102","OS",2025-07-25,"MMS12783","MXX37743","E200.2","07/25/2025 08:46","Copper","7440-50-8","N","200.8",6.96,"=",2.25,"LOD","ug/L",1,20,50,NA,NA,NA,NA,NA,NA,NA,NA,3,"(<1000)",".","Metals by ICP/MS",15,11,3,2.25,1,"1253728",08:00:00,12:22:00,2025-07-28,11:10:00,"Unfiltered","200.8","USEPA",NA,NA
NA,"LCS for HBN 1915233 [MXX/37744","1",NA,"1835105","LCS",2025-07-25,"MMS12783","MXX37744","E200.2","07/25/2025 08:46","Copper","7440-50-8","N","200.8",968,"=",2.25,"LOD","ug/L",1,20,50,1000,96.8,85,115,NA,NA,NA,NA,3,"(<1000)",".","Metals by ICP/MS",15,11,3,2.25,1,"1253728",NA,12:23:00,2025-07-28,14:04:00,"Unfiltered","200.8","USEPA",NA,NA
NA,"LCS for HBN 1915233 [MXX/37744","1",NA,"1835105","LCS",2025-07-25,"MMS12783","MXX37744","E200.2","07/25/2025 08:46","Zinc","7440-66-6","N","200.8",944,"=",7.5,"LOD","ug/L",1,20,50,1000,94.4,85,115,NA,NA,NA,NA,3,"(<5000)",".","Metals by ICP/MS",15,32,10,7.5,3.1,"1253728",NA,12:23:00,2025-07-28,14:04:00,"Unfiltered","200.8","USEPA",NA,NA
NA,"LCS for HBN 1915319 [MXX/37751","1",NA,"1835451","LCS",2025-07-28,"MMS12785","MXX37751","E200.2","07/28/2025 15:25","Arsenic","7440-38-2","N","200.8",981,"=",3.75,"LOD","ug/L",1,20,50,1000,98.1,85,115,NA,NA,NA,NA,3,"(<10)",".","Metals by ICP/MS",15,3,5,3.75,1.5,"1253728",NA,16:32:00,2025-07-29,13:25:00,"Unfiltered","200.8","USEPA",NA,NA
NA,"LCS for HBN 1915319 [MXX/37751","1",NA,"1835451","LCS",2025-07-28,"MMS12785","MXX37751","E200.2","07/28/2025 15:25","Cadmium","7440-43-9","N","200.8",102,"=",0.375,"LOD","ug/L",1,20,50,100,102,85,115,NA,NA,NA,NA,3,"(<5)",".","Metals by ICP/MS",15,7,0.5,0.375,0.15,"1253728",NA,16:32:00,2025-07-29,13:25:00,"Unfiltered","200.8","USEPA",NA,NA
NA,"LCS for HBN 1915319 [MXX/37751","1",NA,"1835451","LCS",2025-07-28,"MMS12785","MXX37751","E200.2","07/28/2025 15:25","Chromium","7440-47-3","N","200.8",397,"=",3.75,"LOD","ug/L",1,20,50,400,99.4,85,115,NA,NA,NA,NA,3,"(<100)",".","Metals by ICP/MS",15,9,5,3.75,2.5,"1253728",NA,16:32:00,2025-07-29,13:25:00,"Unfiltered","200.8","USEPA",NA,NA
NA,"LCS for HBN 1915319 [MXX/37751","1",NA,"1835451","LCS",2025-07-28,"MMS12785","MXX37751","E200.2","07/28/2025 15:25","Copper","7440-50-8","N","200.8",1010,"=",2.25,"LOD","ug/L",1,20,50,1000,101,85,115,NA,NA,NA,NA,3,"(<1000)",".","Metals by ICP/MS",15,11,3,2.25,1,"1253728",NA,16:32:00,2025-07-29,13:25:00,"Unfiltered","200.8","USEPA",NA,NA
NA,"LCS for HBN 1915319 [MXX/37751","1",NA,"1835451","LCS",2025-07-28,"MMS12785","MXX37751","E200.2","07/28/2025 15:25","Lead","7439-92-1","N","200.8",1000,"=",1.5,"LOD","ug/L",1,20,50,1000,100,85,115,NA,NA,NA,NA,3,"(<15)",".","Metals by ICP/MS",15,13,2,1.5,0.5,"1253728",NA,16:32:00,2025-07-29,13:25:00,"Unfiltered","200.8","USEPA",NA,NA
NA,"LCS for HBN 1915319 [MXX/37751","1",NA,"1835451","LCS",2025-07-28,"MMS12785","MXX37751","E200.2","07/28/2025 15:25","Zinc","7440-66-6","N","200.8",1000,"=",7.5,"LOD","ug/L",1,20,50,1000,100,85,115,NA,NA,NA,NA,3,"(<5000)",".","Metals by ICP/MS",15,32,10,7.5,3.1,"1253728",NA,16:32:00,2025-07-29,13:25:00,"Unfiltered","200.8","USEPA",NA,NA
NA,"LABREFQC","9",2025-07-22,"1835102","OS",2025-07-25,"MMS12783","MXX37743","E200.2","07/25/2025 08:46","Zinc","7440-66-6","N","200.8",8.75,"J",7.5,"LOD","ug/L",1,20,50,NA,NA,NA,NA,NA,NA,NA,NA,3,"(<5000)",".","Metals by ICP/MS",15,32,10,7.5,3.1,"1253728",08:00:00,12:22:00,2025-07-28,11:10:00,"Unfiltered","200.8","USEPA",NA,NA
NA,"LCS for HBN 1915230 [MXX/37743","1",NA,"1835090","LCS",2025-07-25,"MMS12783","MXX37743","E200.2","07/25/2025 08:46","Copper","7440-50-8","N","200.8",1010,"=",2.25,"LOD","ug/L",1,20,50,1000,101,85,115,NA,NA,NA,NA,3,"(<1000)",".","Metals by ICP/MS",15,11,3,2.25,1,"1253728",NA,12:00:00,2025-07-28,10:58:00,"Unfiltered","200.8","USEPA",NA,NA
NA,"LCS for HBN 1915230 [MXX/37743","1",NA,"1835090","LCS",2025-07-25,"MMS12783","MXX37743","E200.2","07/25/2025 08:46","Zinc","7440-66-6","N","200.8",985,"=",7.5,"LOD","ug/L",1,20,50,1000,98.5,85,115,NA,NA,NA,NA,3,"(<5000)",".","Metals by ICP/MS",15,32,10,7.5,3.1,"1253728",NA,12:00:00,2025-07-28,10:58:00,"Unfiltered","200.8","USEPA",NA,NA
NA,"LLQC for HBN 1915230 [MXX/3774","1",NA,"1835091","LLQC",2025-07-25,"MMS12783","MXX37743","E200.2","07/25/2025 08:46","Zinc","7440-66-6","N","200.8",5.81,"J",7.5,"LOD","ug/L",1,20,50,5,116,NA,NA,NA,NA,NA,NA,3,"(<5000)",".","Metals by ICP/MS",15,32,10,7.5,3.1,"1253728",NA,12:00:00,2025-07-28,11:01:00,"Unfiltered","200.8","USEPA",NA,NA
NA,"LLQC for HBN 1915233 [MXX/3774","1",NA,"1835106","LLQC",2025-07-25,"MMS12783","MXX37744","E200.2","07/25/2025 08:46","Zinc","7440-66-6","N","200.8",5.33,"J",7.5,"LOD","ug/L",1,20,50,5,107,NA,NA,NA,NA,NA,NA,3,"(<5000)",".","Metals by ICP/MS",15,32,10,7.5,3.1,"1253728",NA,12:23:00,2025-07-28,14:07:00,"Unfiltered","200.8","USEPA",NA,NA
NA,"LLQC for HBN 1915319 [MXX/3775","1",NA,"1835452","LLQC",2025-07-28,"MMS12785","MXX37751","E200.2","07/28/2025 15:25","Arsenic","7440-38-2","N","200.8",5.29,"=",3.75,"LOD","ug/L",1,20,50,5,106,NA,NA,NA,NA,NA,NA,3,"(<10)",".","Metals by ICP/MS",15,3,5,3.75,1.5,"1253728",NA,16:32:00,2025-07-29,13:28:00,"Unfiltered","200.8","USEPA",NA,NA
NA,"LLQC for HBN 1915319 [MXX/3775","1",NA,"1835452","LLQC",2025-07-28,"MMS12785","MXX37751","E200.2","07/28/2025 15:25","Cadmium","7440-43-9","N","200.8",0.53,"=",0.375,"LOD","ug/L",1,20,50,0.5,106,NA,NA,NA,NA,NA,NA,3,"(<5)",".","Metals by ICP/MS",15,7,0.5,0.375,0.15,"1253728",NA,16:32:00,2025-07-29,13:28:00,"Unfiltered","200.8","USEPA",NA,NA
NA,"CCV for HBN 1915416 [WDA/6060]","1",NA,"1836001","CCV",2025-07-30,"WDA6060",NA,NA,NA,"Total Phosphorus","Total Phosph.","N","SM21 4500P-B,E",0.248,"=",0.03,"LOD","mg/L",1,10,10,0.25,99.3,90,110,NA,NA,NA,NA,3,NA,"T","Waters Department",20,266,0.04,0.03,0.012,"1253728",NA,15:11:00,2025-07-30,13:27:00,NA,"4500-P-E","APHA",NA,NA
NA,"CCV for HBN 1915416 [WDA/6060]","1",NA,"1836003","CCV",2025-07-30,"WDA6060",NA,NA,NA,"Total Phosphorus","Total Phosph.","N","SM21 4500P-B,E",0.254,"=",0.03,"LOD","mg/L",1,10,10,0.25,102,90,110,NA,NA,NA,NA,3,NA,"T","Waters Department",20,266,0.04,0.03,0.012,"1253728",NA,15:12:00,2025-07-30,13:39:00,NA,"4500-P-E","APHA",NA,NA
NA,"CCV for HBN 1915416 [WDA/6060]","1",NA,"1836005","CCV",2025-07-30,"WDA6060",NA,NA,NA,"Total Phosphorus","Total Phosph.","N","SM21 4500P-B,E",0.248,"=",0.03,"LOD","mg/L",1,10,10,0.25,99.2,90,110,NA,NA,NA,NA,3,NA,"T","Waters Department",20,266,0.04,0.03,0.012,"1253728",NA,15:12:00,2025-07-30,13:50:00,NA,"4500-P-E","APHA",NA,NA
NA,"CCV for HBN 1915416 [WDA/6060]","1",NA,"1836007","CCV",2025-07-30,"WDA6060",NA,NA,NA,"Total Phosphorus","Total Phosph.","N","SM21 4500P-B,E",0.252,"=",0.03,"LOD","mg/L",1,10,10,0.25,101,90,110,NA,NA,NA,NA,3,NA,"T","Waters Department",20,266,0.04,0.03,0.012,"1253728",NA,15:12:00,2025-07-30,13:56:00,NA,"4500-P-E","APHA",NA,NA
NA,"CCV for HBN 1915915 [WDA/6066]","1",NA,"1837541","CCV",2025-08-07,"WDA6066",NA,NA,NA,"Total Phosphorus","Total Phosph.","N","SM21 4500P-B,E",0.241,"=",0.03,"LOD","mg/L",1,10,10,0.25,96.4,90,110,NA,NA,NA,NA,3,NA,"T","Waters Department",20,266,0.04,0.03,0.012,"1253728",NA,16:24:00,2025-08-07,16:13:00,NA,"4500-P-E","APHA",NA,NA
NA,"ICV for HBN 1915416 [WDA/6060]","1",NA,"1835999","ICV",2025-07-30,"WDA6060",NA,NA,NA,"Total Phosphorus","Total Phosph.","N","SM21 4500P-B,E",0.256,"=",0.03,"LOD","mg/L",1,10,10,0.25,102,90,110,NA,NA,NA,NA,3,NA,"T","Waters Department",20,266,0.04,0.03,0.012,"1253728",NA,15:11:00,2025-07-30,13:16:00,NA,"4500-P-E","APHA",NA,NA
NA,"LCS for HBN 1915914 [WXX/15836","1",NA,"1837534","LCS",2025-08-07,"WDA6066","WXX15836","SM21 4500P-B,E","08/07/2025 13:29","Total Phosphorus","Total Phosph.","N","SM21 4500P-B,E",0.189,"=",0.03,"LOD","mg/L",1,25,25,0.2,94.4,75,125,NA,NA,NA,NA,3,NA,"T","Waters Department",20,266,0.04,0.03,0.012,"1253728",NA,16:22:00,2025-08-07,16:05:00,NA,"4500-P-E","APHA",NA,NA
NA,"ICV for HBN 1915915 [WDA/6066]","1",NA,"1837539","ICV",2025-08-07,"WDA6066",NA,NA,NA,"Total Phosphorus","Total Phosph.","N","SM21 4500P-B,E",0.254,"=",0.03,"LOD","mg/L",1,10,10,0.25,101,90,110,NA,NA,NA,NA,3,NA,"T","Waters Department",20,266,0.04,0.03,0.012,"1253728",NA,16:24:00,2025-08-07,16:03:00,NA,"4500-P-E","APHA",NA,NA
NA,"LABREFQC","1",2025-07-22,"1253684001","OS",2025-07-22,"WDA6060","WXX15823","SM21 4500P-B,E","07/30/2025 10:36","Total Phosphorus","Total Phosph.","N","SM21 4500P-B,E",2.53,"=",0.3,"LOD","mg/L",1,2.5,25,NA,NA,NA,NA,NA,NA,NA,NA,3,NA,"T","Waters Department",20,266,0.4,0.3,0.12,"1253728",08:00:00,12:25:00,2025-07-30,13:21:00,NA,"4500-P-E","APHA",NA,NA
NA,"LCS for HBN 1915414 [WXX/15823","1",NA,"1835989","LCS",2025-07-30,"WDA6060","WXX15823","SM21 4500P-B,E","07/30/2025 10:36","Total Phosphorus","Total Phosph.","N","SM21 4500P-B,E",0.185,"=",0.03,"LOD","mg/L",1,25,25,0.2,92.6,75,125,NA,NA,NA,NA,3,NA,"T","Waters Department",20,266,0.04,0.03,0.012,"1253728",NA,15:08:00,2025-07-30,13:19:00,NA,"4500-P-E","APHA",NA,NA
NA,"LCS for HBN 1915415 [WXX/15824","1",NA,"1835994","LCS",2025-07-30,"WDA6060","WXX15824","SM21 4500P-B,E","07/30/2025 11:22","Total Phosphorus","Total Phosph.","N","SM21 4500P-B,E",0.182,"=",0.03,"LOD","mg/L",1,25,25,0.2,90.9,75,125,NA,NA,NA,NA,3,NA,"T","Waters Department",20,266,0.04,0.03,0.012,"1253728",NA,15:09:00,2025-07-30,13:37:00,NA,"4500-P-E","APHA",NA,NA
NA,"QCS for HBN 1915416 [WDA/6060]","1",NA,"1835998","QCS",2025-07-30,"WDA6060",NA,NA,NA,"Total Phosphorus","Total Phosph.","N","SM21 4500P-B,E",0.397,"=",0.03,"LOD","mg/L",1,10,10,0.4,99.3,90,110,NA,NA,NA,NA,3,NA,"T","Waters Department",20,266,0.04,0.03,0.012,"1253728",NA,15:11:00,2025-07-30,13:15:00,NA,"4500-P-E","APHA",NA,NA
NA,"QCS for HBN 1915915 [WDA/6066]","1",NA,"1837538","QCS",2025-08-07,"WDA6066",NA,NA,NA,"Total Phosphorus","Total Phosph.","N","SM21 4500P-B,E",0.415,"=",0.03,"LOD","mg/L",1,10,10,0.4,104,90,110,NA,NA,NA,NA,3,NA,"T","Waters Department",20,266,0.04,0.03,0.012,"1253728",NA,16:24:00,2025-08-07,16:02:00,NA,"4500-P-E","APHA",NA,NA
NA,"CB for HBN 1915323 (WFI/3200)","1",NA,"1835541","CB",2025-07-29,"WFI3200",NA,NA,NA,"Total Nitrate/Nitrite-N","Nitrate+Nitrite","N","SM21 4500NO3-F",0.0264,"J",0.075,"LOD","mg/L",1,5,5,NA,NA,NA,NA,NA,NA,NA,NA,3,NA,".","Waters Department",20,11,0.1,0.075,0.025,"1253728",NA,09:08:00,2025-07-28,13:52:00,NA,"4500-NO3(F)","APHA",NA,NA
NA,"CB for HBN 1915349 (MMS/12783)","1",NA,"1835635","CB",2025-07-29,"MMS12783",NA,NA,NA,"Zinc","7440-66-6","N","200.8",2.06,"J",3,"LOD","ug/L",1,100,100,NA,NA,NA,NA,NA,NA,NA,NA,3,NA,".","Metals by ICP/MS",15,32,4,3,1.24,"1253728",NA,12:18:00,2025-07-28,14:59:00,"Unfiltered","200.8","USEPA",NA,NA
NA,"CB for HBN 1915349 (MMS/12783)","1",NA,"1835637","CB",2025-07-29,"MMS12783",NA,NA,NA,"Zinc","7440-66-6","N","200.8",2.24,"J",3,"LOD","ug/L",1,100,100,NA,NA,NA,NA,NA,NA,NA,NA,3,NA,".","Metals by ICP/MS",15,32,4,3,1.24,"1253728",NA,12:19:00,2025-07-28,15:38:00,"Unfiltered","200.8","USEPA",NA,NA
NA,"ICB for HBN 1915323 (WFI/3200)","1",NA,"1835558","ICB",2025-07-29,"WFI3200",NA,NA,NA,"Total Nitrate/Nitrite-N","Nitrate+Nitrite","N","SM21 4500NO3-F",0.0256,"J",0.075,"LOD","mg/L",1,5,5,NA,NA,NA,NA,NA,NA,NA,NA,3,NA,".","Waters Department",20,11,0.1,0.075,0.025,"1253728",NA,09:08:00,2025-07-28,09:54:00,NA,"4500-NO3(F)","APHA",NA,NA
NA,"LABREFQC","1",2025-07-23,"1835107","OS",2025-07-25,"MMS12783","MXX37744","E200.2","07/25/2025 08:46","Zinc","7440-66-6","N","200.8",3.83,"J",7.5,"LOD","ug/L",1,20,50,NA,NA,NA,NA,NA,NA,NA,NA,3,NA,".","Metals by ICP/MS",15,32,10,7.5,3.1,"1253728",09:50:00,12:23:00,2025-07-28,14:10:00,"Unfiltered","200.8","USEPA",NA,NA
NA,"LABREFQC","1",2025-07-23,"1835455","OS",2025-07-28,"MMS12785","MXX37751","E200.2","07/28/2025 15:25","Arsenic","7440-38-2","N","200.8",1.68,"J",3.75,"LOD","ug/L",1,20,50,NA,NA,NA,NA,NA,NA,NA,NA,3,NA,".","Metals by ICP/MS",15,3,5,3.75,1.5,"1253728",10:00:00,16:39:00,2025-07-29,13:37:00,"Unfiltered","200.8","USEPA",NA,NA
NA,"LABREFQC","1",2025-07-23,"1835453","OS",2025-07-28,"MMS12785","MXX37751","E200.2","07/28/2025 15:25","Arsenic","7440-38-2","N","200.8",1.5,"J",3.75,"LOD","ug/L",1,20,50,NA,NA,NA,NA,NA,NA,NA,NA,3,NA,".","Metals by ICP/MS",15,3,5,3.75,1.5,"1253728",10:57:00,16:38:00,2025-07-29,13:31:00,"Unfiltered","200.8","USEPA",NA,NA
NA,"LLQC for HBN 1915230 [MXX/3774","1",NA,"1835091","LLQC",2025-07-25,"MMS12783","MXX37743","E200.2","07/25/2025 08:46","Calcium","7440-70-2","N","200.8",367,"J",375,"LOD","ug/L",1,20,50,500,73.3,NA,NA,NA,NA,NA,NA,3,NA,".","Metals by ICP/MS",15,8,500,375,150,"1253728",NA,12:00:00,2025-07-28,11:01:00,"Unfiltered","200.8","USEPA",NA,NA
NA,"LLQC for HBN 1915230 [MXX/3774","1",NA,"1835091","LLQC",2025-07-25,"MMS12783","MXX37743","E200.2","07/25/2025 08:46","Iron","7439-89-6","N","200.8",230,"J",188,"LOD","ug/L",1,20,50,250,91.9,NA,NA,NA,NA,NA,NA,3,NA,".","Metals by ICP/MS",15,12,250,188,78,"1253728",NA,12:00:00,2025-07-28,11:01:00,"Unfiltered","200.8","USEPA",NA,NA
NA,"LLQC for HBN 1915230 [MXX/3774","1",NA,"1835091","LLQC",2025-07-25,"MMS12783","MXX37743","E200.2","07/25/2025 08:46","Magnesium","7439-95-4","N","200.8",48.5,"J",37.5,"LOD","ug/L",1,20,50,50,97,NA,NA,NA,NA,NA,NA,3,NA,".","Metals by ICP/MS",15,14,50,37.5,15,"1253728",NA,12:00:00,2025-07-28,11:01:00,"Unfiltered","200.8","USEPA",NA,NA
NA,"LLQC for HBN 1915323 [WFI/3200","1",NA,"1835468","LLQC",2025-07-28,"WFI3200",NA,NA,NA,NA,"Nitrate","N","SM21 4500NO3-F",0.026,"J",0.075,"LOD","mg/L",1,5,5,0.025,104,NA,NA,NA,NA,NA,NA,3,NA,".","Waters Department",20,9,0.1,0.075,0.025,"1253728",NA,16:56:00,2025-07-28,09:36:00,NA,"4500-NO3(F)","APHA",NA,NA
NA,"LLQC for HBN 1915323 [WFI/3200","1",NA,"1835468","LLQC",2025-07-28,"WFI3200",NA,NA,NA,"Total Nitrate/Nitrite-N","Nitrate+Nitrite","N","SM21 4500NO3-F",0.0507,"J",0.075,"LOD","mg/L",1,5,5,0.05,101,NA,NA,NA,NA,NA,NA,3,NA,".","Waters Department",20,11,0.1,0.075,0.025,"1253728",NA,16:56:00,2025-07-28,09:36:00,NA,"4500-NO3(F)","APHA",NA,NA
NA,"LLQC for HBN 1915233 [MXX/3774","1",NA,"1835106","LLQC",2025-07-25,"MMS12783","MXX37744","E200.2","07/25/2025 08:46","Calcium","7440-70-2","N","200.8",369,"J",375,"LOD","ug/L",1,20,50,500,73.9,NA,NA,NA,NA,NA,NA,3,NA,".","Metals by ICP/MS",15,8,500,375,150,"1253728",NA,12:23:00,2025-07-28,14:07:00,"Unfiltered","200.8","USEPA",NA,NA
NA,"LLQC for HBN 1915233 [MXX/3774","1",NA,"1835106","LLQC",2025-07-25,"MMS12783","MXX37744","E200.2","07/25/2025 08:46","Iron","7439-89-6","N","200.8",224,"J",188,"LOD","ug/L",1,20,50,250,89.7,NA,NA,NA,NA,NA,NA,3,NA,".","Metals by ICP/MS",15,12,250,188,78,"1253728",NA,12:23:00,2025-07-28,14:07:00,"Unfiltered","200.8","USEPA",NA,NA
NA,"LLQC for HBN 1915233 [MXX/3774","1",NA,"1835106","LLQC",2025-07-25,"MMS12783","MXX37744","E200.2","07/25/2025 08:46","Magnesium","7439-95-4","N","200.8",48.5,"J",37.5,"LOD","ug/L",1,20,50,50,97,NA,NA,NA,NA,NA,NA,3,NA,".","Metals by ICP/MS",15,14,50,37.5,15,"1253728",NA,12:23:00,2025-07-28,14:07:00,"Unfiltered","200.8","USEPA",NA,NA
NA,"LLQC for HBN 1915485 [WFI/3201","1",NA,"1836311","LLQC",2025-07-31,"WFI3201",NA,NA,NA,NA,"Nitrite","N","SM21 4500NO3-F",0.0267,"J",0.075,"LOD","mg/L",1,5,5,0.025,107,NA,NA,NA,NA,NA,NA,3,NA,".","Waters Department",20,10,0.1,0.075,0.025,"1253728",NA,15:20:00,2025-07-31,12:02:00,NA,"4500-NO3(F)","APHA",NA,NA
NA,"LLQC for HBN 1915485 [WFI/3201","1",NA,"1836311","LLQC",2025-07-31,"WFI3201",NA,NA,NA,"Total Nitrate/Nitrite-N","Nitrate+Nitrite","N","SM21 4500NO3-F",0.0516,"J",0.075,"LOD","mg/L",1,5,5,0.05,103,NA,NA,NA,NA,NA,NA,3,NA,".","Waters Department",20,11,0.1,0.075,0.025,"1253728",NA,15:20:00,2025-07-31,12:02:00,NA,"4500-NO3(F)","APHA",NA,NA
NA,"MB for HBN 1915323 (WFI/3200)","1",NA,"1835559","MB",2025-07-29,"WFI3200",NA,NA,NA,"Total Nitrate/Nitrite-N","Nitrate+Nitrite","N","SM21 4500NO3-F",0.0512,"J",0.15,"LOD","mg/L",2,5,5,NA,NA,NA,NA,NA,NA,NA,NA,3,NA,".","Waters Department",20,11,0.2,0.15,0.05,"1253728",NA,09:08:00,2025-07-28,09:54:00,NA,"4500-NO3(F)","APHA",NA,NA
NA,"LABREFQC","9",2025-07-22,"1835102","OS",2025-07-25,"MMS12783","MXX37743","E200.2","07/25/2025 08:46","Calcium","7440-70-2","N","200.8",12700,"=",375,"LOD","ug/L",1,20,50,NA,NA,NA,NA,NA,NA,NA,NA,3,NA,".","Metals by ICP/MS",15,8,500,375,150,"1253728",08:00:00,12:22:00,2025-07-28,11:10:00,"Unfiltered","200.8","USEPA",NA,NA
NA,"LABREFQC","9",2025-07-22,"1835102","OS",2025-07-25,"MMS12783","MXX37743","E200.2","07/25/2025 08:46","Iron","7439-89-6","N","200.8",784,"=",188,"LOD","ug/L",1,20,50,NA,NA,NA,NA,NA,NA,NA,NA,3,NA,".","Metals by ICP/MS",15,12,250,188,78,"1253728",08:00:00,12:22:00,2025-07-28,11:10:00,"Unfiltered","200.8","USEPA",NA,NA
NA,"LABREFQC","9",2025-07-22,"1835102","OS",2025-07-25,"MMS12783","MXX37743","E200.2","07/25/2025 08:46","Magnesium","7439-95-4","N","200.8",3690,"=",37.5,"LOD","ug/L",1,20,50,NA,NA,NA,NA,NA,NA,NA,NA,3,NA,".","Metals by ICP/MS",15,14,50,37.5,15,"1253728",08:00:00,12:22:00,2025-07-28,11:10:00,"Unfiltered","200.8","USEPA",NA,NA
NA,"LCS for HBN 1915323 (WFI/3200)","1",NA,"1835550","LCS",2025-07-29,"WFI3200",NA,NA,NA,NA,"Nitrate","N","SM21 4500NO3-F",2.64,"=",0.15,"LOD","mg/L",2,5,5,2.5,106,70,130,NA,NA,NA,NA,3,NA,".","Waters Department",20,9,0.2,0.15,0.05,"1253728",NA,09:08:00,2025-07-28,11:56:00,NA,"4500-NO3(F)","APHA",NA,NA
NA,"LCS for HBN 1915485 (WFI/3201)","1",NA,"1836324","LCS",2025-07-31,"WFI3201",NA,NA,NA,NA,"Nitrate","N","SM21 4500NO3-F",2.49,"=",0.15,"LOD","mg/L",2,5,5,2.5,99.8,70,130,NA,NA,NA,NA,3,NA,".","Waters Department",20,9,0.2,0.15,0.05,"1253728",NA,15:25:00,2025-07-31,12:18:00,NA,"4500-NO3(F)","APHA",NA,NA
NA,"LCS for HBN 1915485 (WFI/3201)","1",NA,"1836324","LCS",2025-07-31,"WFI3201",NA,NA,NA,NA,"Nitrite","N","SM21 4500NO3-F",2.43,"=",0.15,"LOD","mg/L",2,5,5,2.5,97.2,90,110,NA,NA,NA,NA,3,NA,".","Waters Department",20,10,0.2,0.15,0.05,"1253728",NA,15:25:00,2025-07-31,12:18:00,NA,"4500-NO3(F)","APHA",NA,NA
NA,"LCS for HBN 1915485 (WFI/3201)","1",NA,"1836324","LCS",2025-07-31,"WFI3201",NA,NA,NA,"Total Nitrate/Nitrite-N","Nitrate+Nitrite","N","SM21 4500NO3-F",4.92,"=",0.15,"LOD","mg/L",2,5,5,5,98.5,90,110,NA,NA,NA,NA,3,NA,".","Waters Department",20,11,0.2,0.15,0.05,"1253728",NA,15:25:00,2025-07-31,12:18:00,NA,"4500-NO3(F)","APHA",NA,NA
NA,"LCS for HBN 1915323 (WFI/3200)","1",NA,"1835550","LCS",2025-07-29,"WFI3200",NA,NA,NA,NA,"Nitrite","N","SM21 4500NO3-F",2.54,"=",0.15,"LOD","mg/L",2,5,5,2.5,101,90,110,NA,NA,NA,NA,3,NA,".","Waters Department",20,10,0.2,0.15,0.05,"1253728",NA,09:08:00,2025-07-28,11:56:00,NA,"4500-NO3(F)","APHA",NA,NA
NA,"LCS for HBN 1915323 (WFI/3200)","1",NA,"1835550","LCS",2025-07-29,"WFI3200",NA,NA,NA,"Total Nitrate/Nitrite-N","Nitrate+Nitrite","N","SM21 4500NO3-F",5.17,"=",0.15,"LOD","mg/L",2,5,5,5,103,90,110,NA,NA,NA,NA,3,NA,".","Waters Department",20,11,0.2,0.15,0.05,"1253728",NA,09:08:00,2025-07-28,11:56:00,NA,"4500-NO3(F)","APHA",NA,NA
NA,"LCS for HBN 1915323 (WFI/3200)","1",NA,"1835561","LCS",2025-07-29,"WFI3200",NA,NA,NA,NA,"Nitrate","N","SM21 4500NO3-F",2.63,"=",0.15,"LOD","mg/L",2,5,5,2.5,105,70,130,NA,NA,NA,NA,3,NA,".","Waters Department",20,9,0.2,0.15,0.05,"1253728",NA,09:08:00,2025-07-28,09:52:00,NA,"4500-NO3(F)","APHA",NA,NA
NA,"LCS for HBN 1915323 (WFI/3200)","1",NA,"1835561","LCS",2025-07-29,"WFI3200",NA,NA,NA,NA,"Nitrite","N","SM21 4500NO3-F",2.47,"=",0.15,"LOD","mg/L",2,5,5,2.5,98.6,90,110,NA,NA,NA,NA,3,NA,".","Waters Department",20,10,0.2,0.15,0.05,"1253728",NA,09:08:00,2025-07-28,09:52:00,NA,"4500-NO3(F)","APHA",NA,NA
NA,"LCS for HBN 1915323 (WFI/3200)","1",NA,"1835561","LCS",2025-07-29,"WFI3200",NA,NA,NA,"Total Nitrate/Nitrite-N","Nitrate+Nitrite","N","SM21 4500NO3-F",5.1,"=",0.15,"LOD","mg/L",2,5,5,5,102,90,110,NA,NA,NA,NA,3,NA,".","Waters Department",20,11,0.2,0.15,0.05,"1253728",NA,09:08:00,2025-07-28,09:52:00,NA,"4500-NO3(F)","APHA",NA,NA
NA,"CCV for HBN 1915238 (VMS/24599","1",NA,"1835133","CCV",2025-07-25,"VMS24599",NA,NA,NA,"1,2-Dichloroethane-D4 (surr)","17060-07-0","S","SW8260D",106,"=",0,"LOD","%",1,5,5,30,106,80,120,NA,NA,NA,NA,3,NA,".","Volatile GC/MS",90,62,0,0,0,"1253728",NA,13:05:00,2025-07-24,16:26:00,NA,"8260D","USEPA",NA,NA
NA,"CCV for HBN 1915238 (VMS/24599","1",NA,"1835133","CCV",2025-07-25,"VMS24599",NA,NA,NA,"4-Bromofluorobenzene (surr)","460-00-4","S","SW8260D",102,"=",0,"LOD","%",1,5,5,30,102,80,120,NA,NA,NA,NA,3,NA,".","Volatile GC/MS",90,69,0,0,0,"1253728",NA,13:05:00,2025-07-24,16:26:00,NA,"8260D","USEPA",NA,NA
NA,"CCV for HBN 1915238 (VMS/24599","1",NA,"1835133","CCV",2025-07-25,"VMS24599",NA,NA,NA,"Toluene-d8 (surr)","2037-26-5","S","SW8260D",101,"=",0,"LOD","%",1,5,5,30,101,80,120,NA,NA,NA,NA,3,NA,".","Volatile GC/MS",90,68,0,0,0,"1253728",NA,13:05:00,2025-07-24,16:26:00,NA,"8260D","USEPA",NA,NA
NA,"CVC for HBN 1915238 (VMS/24599","1",NA,"1835132","CVC",2025-07-25,"VMS24599",NA,NA,NA,"1,2-Dichloroethane-D4 (surr)","17060-07-0","S","SW8260D",108,"=",0,"LOD","%",1,5,5,30,108,50,150,NA,NA,NA,NA,3,NA,".","Volatile GC/MS",90,62,0,0,0,"1253728",NA,13:04:00,2025-07-25,01:33:00,NA,"8260D","USEPA",NA,NA
NA,"CVC for HBN 1915238 (VMS/24599","1",NA,"1835132","CVC",2025-07-25,"VMS24599",NA,NA,NA,"4-Bromofluorobenzene (surr)","460-00-4","S","SW8260D",102,"=",0,"LOD","%",1,5,5,30,102,50,150,NA,NA,NA,NA,3,NA,".","Volatile GC/MS",90,69,0,0,0,"1253728",NA,13:04:00,2025-07-25,01:33:00,NA,"8260D","USEPA",NA,NA
NA,"CVC for HBN 1915238 (VMS/24599","1",NA,"1835132","CVC",2025-07-25,"VMS24599",NA,NA,NA,"Toluene-d8 (surr)","2037-26-5","S","SW8260D",103,"=",0,"LOD","%",1,5,5,30,103,50,150,NA,NA,NA,NA,3,NA,".","Volatile GC/MS",90,68,0,0,0,"1253728",NA,13:04:00,2025-07-25,01:33:00,NA,"8260D","USEPA",NA,NA
NA,"IB for HBN 1915238 (VMS/24599)","1",NA,"1835134","IB",2025-07-25,"VMS24599",NA,NA,NA,"1,2-Dichloroethane-D4 (surr)","17060-07-0","S","SW8260D",114,"=",0,"LOD","%",1,5,5,30,114,81,118,NA,NA,NA,NA,3,NA,".","Volatile GC/MS",90,62,0,0,0,"1253728",NA,13:05:00,2025-07-24,16:11:00,NA,"8260D","USEPA",NA,NA
NA,"LCS for HBN 1915236 [VXX/43275","1",NA,"1835115","LCS",2025-07-25,"VMS24599","VXX43275","SW5030B","07/24/2025 06:00","1,2-Dichloroethane-D4 (surr)","17060-07-0","S","SW8260D",106,"=",0,"LOD","%",1,5,5,30,106,81,118,NA,NA,NA,NA,3,NA,".","Volatile GC/MS",90,62,0,0,0,"1253728",NA,12:28:00,2025-07-24,16:26:00,NA,"8260D","USEPA",NA,NA
NA,"LCS for HBN 1915236 [VXX/43275","1",NA,"1835115","LCS",2025-07-25,"VMS24599","VXX43275","SW5030B","07/24/2025 06:00","4-Bromofluorobenzene (surr)","460-00-4","S","SW8260D",102,"=",0,"LOD","%",1,5,5,30,102,85,114,NA,NA,NA,NA,3,NA,".","Volatile GC/MS",90,69,0,0,0,"1253728",NA,12:28:00,2025-07-24,16:26:00,NA,"8260D","USEPA",NA,NA
NA,"IB for HBN 1915238 (VMS/24599)","1",NA,"1835134","IB",2025-07-25,"VMS24599",NA,NA,NA,"4-Bromofluorobenzene (surr)","460-00-4","S","SW8260D",100,"=",0,"LOD","%",1,5,5,30,100,85,114,NA,NA,NA,NA,3,NA,".","Volatile GC/MS",90,69,0,0,0,"1253728",NA,13:05:00,2025-07-24,16:11:00,NA,"8260D","USEPA",NA,NA
NA,"IB for HBN 1915238 (VMS/24599)","1",NA,"1835134","IB",2025-07-25,"VMS24599",NA,NA,NA,"Toluene-d8 (surr)","2037-26-5","S","SW8260D",98.1,"=",0,"LOD","%",1,5,5,30,98.1,89,112,NA,NA,NA,NA,3,NA,".","Volatile GC/MS",90,68,0,0,0,"1253728",NA,13:05:00,2025-07-24,16:11:00,NA,"8260D","USEPA",NA,NA
NA,"LCS for HBN 1915236 [VXX/43275","1",NA,"1835115","LCS",2025-07-25,"VMS24599","VXX43275","SW5030B","07/24/2025 06:00","Toluene-d8 (surr)","2037-26-5","S","SW8260D",101,"=",0,"LOD","%",1,5,5,30,101,89,112,NA,NA,NA,NA,3,NA,".","Volatile GC/MS",90,68,0,0,0,"1253728",NA,12:28:00,2025-07-24,16:26:00,NA,"8260D","USEPA",NA,NA
NA,"MB for HBN 1915236 [VXX/43275]","1",NA,"1835114","MB",2025-07-25,"VMS24599","VXX43275","SW5030B","07/24/2025 06:00","1,2-Dichloroethane-D4 (surr)","17060-07-0","S","SW8260D",114,"=",0,"LOD","%",1,5,5,30,114,81,118,NA,NA,NA,NA,3,NA,".","Volatile GC/MS",90,62,0,0,0,"1253728",NA,12:28:00,2025-07-24,16:11:00,NA,"8260D","USEPA",NA,NA
NA,"MB for HBN 1915236 [VXX/43275]","1",NA,"1835114","MB",2025-07-25,"VMS24599","VXX43275","SW5030B","07/24/2025 06:00","4-Bromofluorobenzene (surr)","460-00-4","S","SW8260D",100,"=",0,"LOD","%",1,5,5,30,100,85,114,NA,NA,NA,NA,3,NA,".","Volatile GC/MS",90,69,0,0,0,"1253728",NA,12:28:00,2025-07-24,16:11:00,NA,"8260D","USEPA",NA,NA
NA,"MB for HBN 1915236 [VXX/43275]","1",NA,"1835114","MB",2025-07-25,"VMS24599","VXX43275","SW5030B","07/24/2025 06:00","Toluene-d8 (surr)","2037-26-5","S","SW8260D",98.1,"=",0,"LOD","%",1,5,5,30,98.1,89,112,NA,NA,NA,NA,3,NA,".","Volatile GC/MS",90,68,0,0,0,"1253728",NA,12:28:00,2025-07-24,16:11:00,NA,"8260D","USEPA",NA,NA
NA,"CB for HBN 1915323 (WFI/3200)","1",NA,"1835545","CB",2025-07-29,"WFI3200",NA,NA,NA,"Total Nitrate/Nitrite-N","Nitrate+Nitrite","N","SM21 4500NO3-F",0.239,"=",0.075,"LOD","mg/L",1,5,5,NA,NA,NA,NA,NA,NA,NA,NA,3,NA,".","Waters Department",20,11,0.1,0.075,0.025,"1253728",NA,09:08:00,2025-07-28,13:06:00,NA,"4500-NO3(F)","APHA",NA,NA
NA,"CCV for HBN 1915238 (VMS/24599","1",NA,"1835133","CCV",2025-07-25,"VMS24599",NA,NA,NA,"Benzene","71-43-2","N","SW8260D",27.7,"=",0.3,"LOD","ug/L",1,5,5,30,92.2,80,120,NA,NA,NA,NA,3,NA,".","Volatile GC/MS",90,1,0.4,0.3,0.12,"1253728",NA,13:05:00,2025-07-24,16:26:00,NA,"8260D","USEPA",NA,NA
NA,"CCV for HBN 1915238 (VMS/24599","1",NA,"1835133","CCV",2025-07-25,"VMS24599",NA,NA,NA,"Ethylbenzene","100-41-4","N","SW8260D",28.2,"=",0.75,"LOD","ug/L",1,5,5,30,93.9,80,120,NA,NA,NA,NA,3,NA,".","Volatile GC/MS",90,3,1,0.75,0.31,"1253728",NA,13:05:00,2025-07-24,16:26:00,NA,"8260D","USEPA",NA,NA
NA,"CCV for HBN 1915238 (VMS/24599","1",NA,"1835133","CCV",2025-07-25,"VMS24599",NA,NA,NA,"o-Xylene","95-47-6","N","SW8260D",28.2,"=",0.75,"LOD","ug/L",1,5,5,30,93.9,80,120,NA,NA,NA,NA,3,NA,".","Volatile GC/MS",90,58,1,0.75,0.31,"1253728",NA,13:05:00,2025-07-24,16:26:00,NA,"8260D","USEPA",NA,NA
NA,"CCV for HBN 1915238 (VMS/24599","1",NA,"1835133","CCV",2025-07-25,"VMS24599",NA,NA,NA,"P & M -Xylene","P & M -Xylene","N","SW8260D",56.7,"=",1.5,"LOD","ug/L",1,5,5,60,94.6,80,120,NA,NA,NA,NA,3,NA,".","Volatile GC/MS",90,55,2,1.5,0.62,"1253728",NA,13:05:00,2025-07-24,16:26:00,NA,"8260D","USEPA",NA,NA
NA,"CCV for HBN 1915238 (VMS/24599","1",NA,"1835133","CCV",2025-07-25,"VMS24599",NA,NA,NA,"Toluene","108-88-3","N","SW8260D",27.3,"=",0.75,"LOD","ug/L",1,5,5,30,91,80,120,NA,NA,NA,NA,3,NA,".","Volatile GC/MS",90,2,1,0.75,0.31,"1253728",NA,13:05:00,2025-07-24,16:26:00,NA,"8260D","USEPA",NA,NA
NA,"CCV for HBN 1915238 (VMS/24599","1",NA,"1835133","CCV",2025-07-25,"VMS24599",NA,NA,NA,"Xylenes (total)","1330-20-7","N","SW8260D",84.9,"=",2.25,"LOD","ug/L",1,5,5,90,94.4,80,120,NA,NA,NA,NA,3,NA,".","Volatile GC/MS",90,63,3,2.25,1,"1253728",NA,13:05:00,2025-07-24,16:26:00,NA,"8260D","USEPA",NA,NA
NA,"CCV for HBN 1915323 (WFI/3200)","1",NA,"1835542","CCV",2025-07-29,"WFI3200",NA,NA,NA,NA,"Nitrate","N","SM21 4500NO3-F",1.31,"=",0.075,"LOD","mg/L",1,5,5,1.25,105,70,130,NA,NA,NA,NA,3,NA,".","Waters Department",20,9,0.1,0.075,0.025,"1253728",NA,09:08:00,2025-07-28,13:50:00,NA,"4500-NO3(F)","APHA",NA,NA
NA,"CCV for HBN 1915323 (WFI/3200)","1",NA,"1835542","CCV",2025-07-29,"WFI3200",NA,NA,NA,NA,"Nitrite","N","SM21 4500NO3-F",1.29,"=",0.075,"LOD","mg/L",1,5,5,1.25,103,90,110,NA,NA,NA,NA,3,NA,".","Waters Department",20,10,0.1,0.075,0.025,"1253728",NA,09:08:00,2025-07-28,13:50:00,NA,"4500-NO3(F)","APHA",NA,NA
NA,"CCV for HBN 1915323 (WFI/3200)","1",NA,"1835542","CCV",2025-07-29,"WFI3200",NA,NA,NA,"Total Nitrate/Nitrite-N","Nitrate+Nitrite","N","SM21 4500NO3-F",2.6,"=",0.075,"LOD","mg/L",1,5,5,2.5,104,90,110,NA,NA,NA,NA,3,NA,".","Waters Department",20,11,0.1,0.075,0.025,"1253728",NA,09:08:00,2025-07-28,13:50:00,NA,"4500-NO3(F)","APHA",NA,NA
NA,"CCV for HBN 1915323 (WFI/3200)","1",NA,"1835544","CCV",2025-07-29,"WFI3200",NA,NA,NA,NA,"Nitrate","N","SM21 4500NO3-F",1.33,"=",0.075,"LOD","mg/L",1,5,5,1.25,106,70,130,NA,NA,NA,NA,3,NA,".","Waters Department",20,9,0.1,0.075,0.025,"1253728",NA,09:08:00,2025-07-28,13:27:00,NA,"4500-NO3(F)","APHA",NA,NA
NA,"CCV for HBN 1915323 (WFI/3200)","1",NA,"1835544","CCV",2025-07-29,"WFI3200",NA,NA,NA,NA,"Nitrite","N","SM21 4500NO3-F",1.26,"=",0.075,"LOD","mg/L",1,5,5,1.25,101,90,110,NA,NA,NA,NA,3,NA,".","Waters Department",20,10,0.1,0.075,0.025,"1253728",NA,09:08:00,2025-07-28,13:27:00,NA,"4500-NO3(F)","APHA",NA,NA
NA,"CCV for HBN 1915323 (WFI/3200)","1",NA,"1835544","CCV",2025-07-29,"WFI3200",NA,NA,NA,"Total Nitrate/Nitrite-N","Nitrate+Nitrite","N","SM21 4500NO3-F",2.59,"=",0.075,"LOD","mg/L",1,5,5,2.5,103,90,110,NA,NA,NA,NA,3,NA,".","Waters Department",20,11,0.1,0.075,0.025,"1253728",NA,09:08:00,2025-07-28,13:27:00,NA,"4500-NO3(F)","APHA",NA,NA
NA,"CCV for HBN 1915323 (WFI/3200)","1",NA,"1835546","CCV",2025-07-29,"WFI3200",NA,NA,NA,NA,"Nitrate","N","SM21 4500NO3-F",1.3,"=",0.075,"LOD","mg/L",1,5,5,1.25,104,70,130,NA,NA,NA,NA,3,NA,".","Waters Department",20,9,0.1,0.075,0.025,"1253728",NA,09:08:00,2025-07-28,13:05:00,NA,"4500-NO3(F)","APHA",NA,NA
NA,"CCV for HBN 1915323 (WFI/3200)","1",NA,"1835546","CCV",2025-07-29,"WFI3200",NA,NA,NA,NA,"Nitrite","N","SM21 4500NO3-F",1.27,"=",0.075,"LOD","mg/L",1,5,5,1.25,101,90,110,NA,NA,NA,NA,3,NA,".","Waters Department",20,10,0.1,0.075,0.025,"1253728",NA,09:08:00,2025-07-28,13:05:00,NA,"4500-NO3(F)","APHA",NA,NA
NA,"CCV for HBN 1915323 (WFI/3200)","1",NA,"1835546","CCV",2025-07-29,"WFI3200",NA,NA,NA,"Total Nitrate/Nitrite-N","Nitrate+Nitrite","N","SM21 4500NO3-F",2.57,"=",0.075,"LOD","mg/L",1,5,5,2.5,103,90,110,NA,NA,NA,NA,3,NA,".","Waters Department",20,11,0.1,0.075,0.025,"1253728",NA,09:08:00,2025-07-28,13:05:00,NA,"4500-NO3(F)","APHA",NA,NA
NA,"CCV for HBN 1915323 (WFI/3200)","1",NA,"1835554","CCV",2025-07-29,"WFI3200",NA,NA,NA,NA,"Nitrate","N","SM21 4500NO3-F",1.32,"=",0.075,"LOD","mg/L",1,5,5,1.25,106,70,130,NA,NA,NA,NA,3,NA,".","Waters Department",20,9,0.1,0.075,0.025,"1253728",NA,09:08:00,2025-07-28,10:39:00,NA,"4500-NO3(F)","APHA",NA,NA
NA,"CCV for HBN 1915323 (WFI/3200)","1",NA,"1835554","CCV",2025-07-29,"WFI3200",NA,NA,NA,NA,"Nitrite","N","SM21 4500NO3-F",1.25,"=",0.075,"LOD","mg/L",1,5,5,1.25,99.7,90,110,NA,NA,NA,NA,3,NA,".","Waters Department",20,10,0.1,0.075,0.025,"1253728",NA,09:08:00,2025-07-28,10:39:00,NA,"4500-NO3(F)","APHA",NA,NA
NA,"CCV for HBN 1915323 (WFI/3200)","1",NA,"1835554","CCV",2025-07-29,"WFI3200",NA,NA,NA,"Total Nitrate/Nitrite-N","Nitrate+Nitrite","N","SM21 4500NO3-F",2.57,"=",0.075,"LOD","mg/L",1,5,5,2.5,103,90,110,NA,NA,NA,NA,3,NA,".","Waters Department",20,11,0.1,0.075,0.025,"1253728",NA,09:08:00,2025-07-28,10:39:00,NA,"4500-NO3(F)","APHA",NA,NA
NA,"CCV for HBN 1915323 (WFI/3200)","1",NA,"1835556","CCV",2025-07-29,"WFI3200",NA,NA,NA,NA,"Nitrate","N","SM21 4500NO3-F",1.34,"=",0.075,"LOD","mg/L",1,5,5,1.25,107,70,130,NA,NA,NA,NA,3,NA,".","Waters Department",20,9,0.1,0.075,0.025,"1253728",NA,09:08:00,2025-07-28,10:17:00,NA,"4500-NO3(F)","APHA",NA,NA
NA,"CCV for HBN 1915323 (WFI/3200)","1",NA,"1835556","CCV",2025-07-29,"WFI3200",NA,NA,NA,NA,"Nitrite","N","SM21 4500NO3-F",1.23,"=",0.075,"LOD","mg/L",1,5,5,1.25,98.1,90,110,NA,NA,NA,NA,3,NA,".","Waters Department",20,10,0.1,0.075,0.025,"1253728",NA,09:08:00,2025-07-28,10:17:00,NA,"4500-NO3(F)","APHA",NA,NA
NA,"CCV for HBN 1915323 (WFI/3200)","1",NA,"1835556","CCV",2025-07-29,"WFI3200",NA,NA,NA,"Total Nitrate/Nitrite-N","Nitrate+Nitrite","N","SM21 4500NO3-F",2.56,"=",0.075,"LOD","mg/L",1,5,5,2.5,103,90,110,NA,NA,NA,NA,3,NA,".","Waters Department",20,11,0.1,0.075,0.025,"1253728",NA,09:08:00,2025-07-28,10:17:00,NA,"4500-NO3(F)","APHA",NA,NA
NA,"CCV for HBN 1915349 (MMS/12783","1",NA,"1835609","CCV",2025-07-29,"MMS12783",NA,NA,NA,"Calcium","7440-70-2","N","200.8",2390,"=",150,"LOD","ug/L",1,100,100,2500,95.7,85,115,NA,NA,NA,NA,3,NA,".","Metals by ICP/MS",15,8,200,150,60,"1253728",NA,11:51:00,2025-07-28,10:40:00,"Unfiltered","200.8","USEPA",NA,NA
NA,"CCV for HBN 1915349 (MMS/12783","1",NA,"1835609","CCV",2025-07-29,"MMS12783",NA,NA,NA,"Copper","7440-50-8","N","200.8",48.2,"=",0.9,"LOD","ug/L",1,100,100,50,96.5,85,115,NA,NA,NA,NA,3,NA,".","Metals by ICP/MS",15,11,1.2,0.9,0.4,"1253728",NA,11:51:00,2025-07-28,10:40:00,"Unfiltered","200.8","USEPA",NA,NA
NA,"CCV for HBN 1915349 (MMS/12783","1",NA,"1835609","CCV",2025-07-29,"MMS12783",NA,NA,NA,"Iron","7439-89-6","N","200.8",2370,"=",75,"LOD","ug/L",1,100,100,2500,94.8,85,115,NA,NA,NA,NA,3,NA,".","Metals by ICP/MS",15,12,100,75,31.2,"1253728",NA,11:51:00,2025-07-28,10:40:00,"Unfiltered","200.8","USEPA",NA,NA
NA,"CCV for HBN 1915349 (MMS/12783","1",NA,"1835609","CCV",2025-07-29,"MMS12783",NA,NA,NA,"Magnesium","7439-95-4","N","200.8",2390,"=",15,"LOD","ug/L",1,100,100,2500,95.8,85,115,NA,NA,NA,NA,3,NA,".","Metals by ICP/MS",15,14,20,15,6,"1253728",NA,11:51:00,2025-07-28,10:40:00,"Unfiltered","200.8","USEPA",NA,NA
NA,"CCV for HBN 1915349 (MMS/12783","1",NA,"1835609","CCV",2025-07-29,"MMS12783",NA,NA,NA,"Zinc","7440-66-6","N","200.8",49.8,"=",3,"LOD","ug/L",1,100,100,50,99.6,85,115,NA,NA,NA,NA,3,NA,".","Metals by ICP/MS",15,32,4,3,1.24,"1253728",NA,11:51:00,2025-07-28,10:40:00,"Unfiltered","200.8","USEPA",NA,NA
NA,"CCV for HBN 1915349 (MMS/12783","1",NA,"1835624","CCV",2025-07-29,"MMS12783",NA,NA,NA,"Calcium","7440-70-2","N","200.8",2420,"=",150,"LOD","ug/L",1,100,100,2500,96.9,85,115,NA,NA,NA,NA,3,NA,".","Metals by ICP/MS",15,8,200,150,60,"1253728",NA,12:00:00,2025-07-28,11:25:00,"Unfiltered","200.8","USEPA",NA,NA
NA,"CCV for HBN 1915349 (MMS/12783","1",NA,"1835624","CCV",2025-07-29,"MMS12783",NA,NA,NA,"Copper","7440-50-8","N","200.8",49.3,"=",0.9,"LOD","ug/L",1,100,100,50,98.5,85,115,NA,NA,NA,NA,3,NA,".","Metals by ICP/MS",15,11,1.2,0.9,0.4,"1253728",NA,12:00:00,2025-07-28,11:25:00,"Unfiltered","200.8","USEPA",NA,NA
NA,"CCV for HBN 1915349 (MMS/12783","1",NA,"1835624","CCV",2025-07-29,"MMS12783",NA,NA,NA,"Iron","7439-89-6","N","200.8",2410,"=",75,"LOD","ug/L",1,100,100,2500,96.3,85,115,NA,NA,NA,NA,3,NA,".","Metals by ICP/MS",15,12,100,75,31.2,"1253728",NA,12:00:00,2025-07-28,11:25:00,"Unfiltered","200.8","USEPA",NA,NA
NA,"CCV for HBN 1915349 (MMS/12783","1",NA,"1835624","CCV",2025-07-29,"MMS12783",NA,NA,NA,"Magnesium","7439-95-4","N","200.8",2420,"=",15,"LOD","ug/L",1,100,100,2500,96.9,85,115,NA,NA,NA,NA,3,NA,".","Metals by ICP/MS",15,14,20,15,6,"1253728",NA,12:00:00,2025-07-28,11:25:00,"Unfiltered","200.8","USEPA",NA,NA
NA,"CCV for HBN 1915349 (MMS/12783","1",NA,"1835624","CCV",2025-07-29,"MMS12783",NA,NA,NA,"Zinc","7440-66-6","N","200.8",52.8,"=",3,"LOD","ug/L",1,100,100,50,106,85,115,NA,NA,NA,NA,3,NA,".","Metals by ICP/MS",15,32,4,3,1.24,"1253728",NA,12:00:00,2025-07-28,11:25:00,"Unfiltered","200.8","USEPA",NA,NA
NA,"CCV for HBN 1915349 (MMS/12783","1",NA,"1835626","CCV",2025-07-29,"MMS12783",NA,NA,NA,"Calcium","7440-70-2","N","200.8",2390,"=",150,"LOD","ug/L",1,100,100,2500,95.6,85,115,NA,NA,NA,NA,3,NA,".","Metals by ICP/MS",15,8,200,150,60,"1253728",NA,12:00:00,2025-07-28,12:00:00,"Unfiltered","200.8","USEPA",NA,NA
NA,"CCV for HBN 1915349 (MMS/12783","1",NA,"1835626","CCV",2025-07-29,"MMS12783",NA,NA,NA,"Copper","7440-50-8","N","200.8",48.7,"=",0.9,"LOD","ug/L",1,100,100,50,97.4,85,115,NA,NA,NA,NA,3,NA,".","Metals by ICP/MS",15,11,1.2,0.9,0.4,"1253728",NA,12:00:00,2025-07-28,12:00:00,"Unfiltered","200.8","USEPA",NA,NA
NA,"CCV for HBN 1915349 (MMS/12783","1",NA,"1835626","CCV",2025-07-29,"MMS12783",NA,NA,NA,"Iron","7439-89-6","N","200.8",2400,"=",75,"LOD","ug/L",1,100,100,2500,96.1,85,115,NA,NA,NA,NA,3,NA,".","Metals by ICP/MS",15,12,100,75,31.2,"1253728",NA,12:00:00,2025-07-28,12:00:00,"Unfiltered","200.8","USEPA",NA,NA
NA,"CCV for HBN 1915349 (MMS/12783","1",NA,"1835626","CCV",2025-07-29,"MMS12783",NA,NA,NA,"Magnesium","7439-95-4","N","200.8",2400,"=",15,"LOD","ug/L",1,100,100,2500,95.9,85,115,NA,NA,NA,NA,3,NA,".","Metals by ICP/MS",15,14,20,15,6,"1253728",NA,12:00:00,2025-07-28,12:00:00,"Unfiltered","200.8","USEPA",NA,NA
NA,"CCV for HBN 1915349 (MMS/12783","1",NA,"1835626","CCV",2025-07-29,"MMS12783",NA,NA,NA,"Zinc","7440-66-6","N","200.8",50.4,"=",3,"LOD","ug/L",1,100,100,50,101,85,115,NA,NA,NA,NA,3,NA,".","Metals by ICP/MS",15,32,4,3,1.24,"1253728",NA,12:00:00,2025-07-28,12:00:00,"Unfiltered","200.8","USEPA",NA,NA
NA,"CCV for HBN 1915349 (MMS/12783","1",NA,"1835628","CCV",2025-07-29,"MMS12783",NA,NA,NA,"Calcium","7440-70-2","N","200.8",2390,"=",150,"LOD","ug/L",1,100,100,2500,95.7,85,115,NA,NA,NA,NA,3,NA,".","Metals by ICP/MS",15,8,200,150,60,"1253728",NA,12:00:00,2025-07-28,12:27:00,"Unfiltered","200.8","USEPA",NA,NA
NA,"CCV for HBN 1915349 (MMS/12783","1",NA,"1835628","CCV",2025-07-29,"MMS12783",NA,NA,NA,"Copper","7440-50-8","N","200.8",48.5,"=",0.9,"LOD","ug/L",1,100,100,50,97,85,115,NA,NA,NA,NA,3,NA,".","Metals by ICP/MS",15,11,1.2,0.9,0.4,"1253728",NA,12:00:00,2025-07-28,12:27:00,"Unfiltered","200.8","USEPA",NA,NA
NA,"CCV for HBN 1915349 (MMS/12783","1",NA,"1835628","CCV",2025-07-29,"MMS12783",NA,NA,NA,"Iron","7439-89-6","N","200.8",2400,"=",75,"LOD","ug/L",1,100,100,2500,95.9,85,115,NA,NA,NA,NA,3,NA,".","Metals by ICP/MS",15,12,100,75,31.2,"1253728",NA,12:00:00,2025-07-28,12:27:00,"Unfiltered","200.8","USEPA",NA,NA
NA,"CCV for HBN 1915349 (MMS/12783","1",NA,"1835628","CCV",2025-07-29,"MMS12783",NA,NA,NA,"Magnesium","7439-95-4","N","200.8",2390,"=",15,"LOD","ug/L",1,100,100,2500,95.5,85,115,NA,NA,NA,NA,3,NA,".","Metals by ICP/MS",15,14,20,15,6,"1253728",NA,12:00:00,2025-07-28,12:27:00,"Unfiltered","200.8","USEPA",NA,NA
NA,"CCV for HBN 1915349 (MMS/12783","1",NA,"1835628","CCV",2025-07-29,"MMS12783",NA,NA,NA,"Zinc","7440-66-6","N","200.8",50.2,"=",3,"LOD","ug/L",1,100,100,50,100,85,115,NA,NA,NA,NA,3,NA,".","Metals by ICP/MS",15,32,4,3,1.24,"1253728",NA,12:00:00,2025-07-28,12:27:00,"Unfiltered","200.8","USEPA",NA,NA
NA,"CCV for HBN 1915349 (MMS/12783","1",NA,"1835631","CCV",2025-07-29,"MMS12783",NA,NA,NA,"Calcium","7440-70-2","N","200.8",2390,"=",150,"LOD","ug/L",1,100,100,2500,95.5,85,115,NA,NA,NA,NA,3,NA,".","Metals by ICP/MS",15,8,200,150,60,"1253728",NA,12:06:00,2025-07-28,13:57:00,"Unfiltered","200.8","USEPA",NA,NA
NA,"CCV for HBN 1915349 (MMS/12783","1",NA,"1835631","CCV",2025-07-29,"MMS12783",NA,NA,NA,"Copper","7440-50-8","N","200.8",47.6,"=",0.9,"LOD","ug/L",1,100,100,50,95.3,85,115,NA,NA,NA,NA,3,NA,".","Metals by ICP/MS",15,11,1.2,0.9,0.4,"1253728",NA,12:06:00,2025-07-28,13:57:00,"Unfiltered","200.8","USEPA",NA,NA
NA,"CCV for HBN 1915349 (MMS/12783","1",NA,"1835631","CCV",2025-07-29,"MMS12783",NA,NA,NA,"Iron","7439-89-6","N","200.8",2360,"=",75,"LOD","ug/L",1,100,100,2500,94.2,85,115,NA,NA,NA,NA,3,NA,".","Metals by ICP/MS",15,12,100,75,31.2,"1253728",NA,12:06:00,2025-07-28,13:57:00,"Unfiltered","200.8","USEPA",NA,NA
NA,"CCV for HBN 1915349 (MMS/12783","1",NA,"1835631","CCV",2025-07-29,"MMS12783",NA,NA,NA,"Magnesium","7439-95-4","N","200.8",2360,"=",15,"LOD","ug/L",1,100,100,2500,94.5,85,115,NA,NA,NA,NA,3,NA,".","Metals by ICP/MS",15,14,20,15,6,"1253728",NA,12:06:00,2025-07-28,13:57:00,"Unfiltered","200.8","USEPA",NA,NA
NA,"CCV for HBN 1915349 (MMS/12783","1",NA,"1835631","CCV",2025-07-29,"MMS12783",NA,NA,NA,"Zinc","7440-66-6","N","200.8",49.7,"=",3,"LOD","ug/L",1,100,100,50,99.3,85,115,NA,NA,NA,NA,3,NA,".","Metals by ICP/MS",15,32,4,3,1.24,"1253728",NA,12:06:00,2025-07-28,13:57:00,"Unfiltered","200.8","USEPA",NA,NA
NA,"CCV for HBN 1915349 (MMS/12783","1",NA,"1835632","CCV",2025-07-29,"MMS12783",NA,NA,NA,"Calcium","7440-70-2","N","200.8",2350,"=",150,"LOD","ug/L",1,100,100,2500,94,85,115,NA,NA,NA,NA,3,NA,".","Metals by ICP/MS",15,8,200,150,60,"1253728",NA,12:18:00,2025-07-28,14:31:00,"Unfiltered","200.8","USEPA",NA,NA
NA,"CCV for HBN 1915349 (MMS/12783","1",NA,"1835632","CCV",2025-07-29,"MMS12783",NA,NA,NA,"Copper","7440-50-8","N","200.8",47.8,"=",0.9,"LOD","ug/L",1,100,100,50,95.6,85,115,NA,NA,NA,NA,3,NA,".","Metals by ICP/MS",15,11,1.2,0.9,0.4,"1253728",NA,12:18:00,2025-07-28,14:31:00,"Unfiltered","200.8","USEPA",NA,NA
NA,"CCV for HBN 1915349 (MMS/12783","1",NA,"1835632","CCV",2025-07-29,"MMS12783",NA,NA,NA,"Iron","7439-89-6","N","200.8",2360,"=",75,"LOD","ug/L",1,100,100,2500,94.3,85,115,NA,NA,NA,NA,3,NA,".","Metals by ICP/MS",15,12,100,75,31.2,"1253728",NA,12:18:00,2025-07-28,14:31:00,"Unfiltered","200.8","USEPA",NA,NA
NA,"CCV for HBN 1915349 (MMS/12783","1",NA,"1835632","CCV",2025-07-29,"MMS12783",NA,NA,NA,"Magnesium","7439-95-4","N","200.8",2360,"=",15,"LOD","ug/L",1,100,100,2500,94.4,85,115,NA,NA,NA,NA,3,NA,".","Metals by ICP/MS",15,14,20,15,6,"1253728",NA,12:18:00,2025-07-28,14:31:00,"Unfiltered","200.8","USEPA",NA,NA
NA,"CCV for HBN 1915349 (MMS/12783","1",NA,"1835632","CCV",2025-07-29,"MMS12783",NA,NA,NA,"Zinc","7440-66-6","N","200.8",49.5,"=",3,"LOD","ug/L",1,100,100,50,99.1,85,115,NA,NA,NA,NA,3,NA,".","Metals by ICP/MS",15,32,4,3,1.24,"1253728",NA,12:18:00,2025-07-28,14:31:00,"Unfiltered","200.8","USEPA",NA,NA
NA,"CCV for HBN 1915349 (MMS/12783","1",NA,"1835634","CCV",2025-07-29,"MMS12783",NA,NA,NA,"Calcium","7440-70-2","N","200.8",2330,"=",150,"LOD","ug/L",1,100,100,2500,93.1,85,115,NA,NA,NA,NA,3,NA,".","Metals by ICP/MS",15,8,200,150,60,"1253728",NA,12:18:00,2025-07-28,14:52:00,"Unfiltered","200.8","USEPA",NA,NA
NA,"CCV for HBN 1915349 (MMS/12783","1",NA,"1835634","CCV",2025-07-29,"MMS12783",NA,NA,NA,"Copper","7440-50-8","N","200.8",47.1,"=",0.9,"LOD","ug/L",1,100,100,50,94.3,85,115,NA,NA,NA,NA,3,NA,".","Metals by ICP/MS",15,11,1.2,0.9,0.4,"1253728",NA,12:18:00,2025-07-28,14:52:00,"Unfiltered","200.8","USEPA",NA,NA
NA,"CCV for HBN 1915349 (MMS/12783","1",NA,"1835634","CCV",2025-07-29,"MMS12783",NA,NA,NA,"Iron","7439-89-6","N","200.8",2330,"=",75,"LOD","ug/L",1,100,100,2500,93.2,85,115,NA,NA,NA,NA,3,NA,".","Metals by ICP/MS",15,12,100,75,31.2,"1253728",NA,12:18:00,2025-07-28,14:52:00,"Unfiltered","200.8","USEPA",NA,NA
NA,"CCV for HBN 1915349 (MMS/12783","1",NA,"1835634","CCV",2025-07-29,"MMS12783",NA,NA,NA,"Magnesium","7439-95-4","N","200.8",2330,"=",15,"LOD","ug/L",1,100,100,2500,93.1,85,115,NA,NA,NA,NA,3,NA,".","Metals by ICP/MS",15,14,20,15,6,"1253728",NA,12:18:00,2025-07-28,14:52:00,"Unfiltered","200.8","USEPA",NA,NA
NA,"CCV for HBN 1915349 (MMS/12783","1",NA,"1835634","CCV",2025-07-29,"MMS12783",NA,NA,NA,"Zinc","7440-66-6","N","200.8",49,"=",3,"LOD","ug/L",1,100,100,50,98,85,115,NA,NA,NA,NA,3,NA,".","Metals by ICP/MS",15,32,4,3,1.24,"1253728",NA,12:18:00,2025-07-28,14:52:00,"Unfiltered","200.8","USEPA",NA,NA
NA,"CCV for HBN 1915349 (MMS/12783","1",NA,"1835636","CCV",2025-07-29,"MMS12783",NA,NA,NA,"Calcium","7440-70-2","N","200.8",2330,"=",150,"LOD","ug/L",1,100,100,2500,93,85,115,NA,NA,NA,NA,3,NA,".","Metals by ICP/MS",15,8,200,150,60,"1253728",NA,12:19:00,2025-07-28,15:35:00,"Unfiltered","200.8","USEPA",NA,NA
NA,"CCV for HBN 1915349 (MMS/12783","1",NA,"1835636","CCV",2025-07-29,"MMS12783",NA,NA,NA,"Copper","7440-50-8","N","200.8",46.9,"=",0.9,"LOD","ug/L",1,100,100,50,93.9,85,115,NA,NA,NA,NA,3,NA,".","Metals by ICP/MS",15,11,1.2,0.9,0.4,"1253728",NA,12:19:00,2025-07-28,15:35:00,"Unfiltered","200.8","USEPA",NA,NA
NA,"CCV for HBN 1915349 (MMS/12783","1",NA,"1835636","CCV",2025-07-29,"MMS12783",NA,NA,NA,"Iron","7439-89-6","N","200.8",2330,"=",75,"LOD","ug/L",1,100,100,2500,93.4,85,115,NA,NA,NA,NA,3,NA,".","Metals by ICP/MS",15,12,100,75,31.2,"1253728",NA,12:19:00,2025-07-28,15:35:00,"Unfiltered","200.8","USEPA",NA,NA
NA,"CCV for HBN 1915349 (MMS/12783","1",NA,"1835636","CCV",2025-07-29,"MMS12783",NA,NA,NA,"Magnesium","7439-95-4","N","200.8",2330,"=",15,"LOD","ug/L",1,100,100,2500,93.2,85,115,NA,NA,NA,NA,3,NA,".","Metals by ICP/MS",15,14,20,15,6,"1253728",NA,12:19:00,2025-07-28,15:35:00,"Unfiltered","200.8","USEPA",NA,NA
NA,"CCV for HBN 1915349 (MMS/12783","1",NA,"1835636","CCV",2025-07-29,"MMS12783",NA,NA,NA,"Zinc","7440-66-6","N","200.8",48.8,"=",3,"LOD","ug/L",1,100,100,50,97.7,85,115,NA,NA,NA,NA,3,NA,".","Metals by ICP/MS",15,32,4,3,1.24,"1253728",NA,12:19:00,2025-07-28,15:35:00,"Unfiltered","200.8","USEPA",NA,NA
NA,"CCV for HBN 1915412 (MMS/12785","1",NA,"1835961","CCV",2025-07-30,"MMS12785",NA,NA,NA,"Arsenic","7440-38-2","N","200.8",49.9,"=",1.5,"LOD","ug/L",1,100,100,50,99.8,85,115,NA,NA,NA,NA,3,NA,".","Metals by ICP/MS",15,3,2,1.5,0.6,"1253728",NA,12:52:00,2025-07-29,13:05:00,"Unfiltered","200.8","USEPA",NA,NA
NA,"CCV for HBN 1915412 (MMS/12785","1",NA,"1835961","CCV",2025-07-30,"MMS12785",NA,NA,NA,"Cadmium","7440-43-9","N","200.8",25,"=",0.15,"LOD","ug/L",1,100,100,25,99.9,85,115,NA,NA,NA,NA,3,NA,".","Metals by ICP/MS",15,7,0.2,0.15,0.06,"1253728",NA,12:52:00,2025-07-29,13:05:00,"Unfiltered","200.8","USEPA",NA,NA
NA,"CCV for HBN 1915412 (MMS/12785","1",NA,"1835961","CCV",2025-07-30,"MMS12785",NA,NA,NA,"Chromium","7440-47-3","N","200.8",51.4,"=",1.5,"LOD","ug/L",1,100,100,50,103,85,115,NA,NA,NA,NA,3,NA,".","Metals by ICP/MS",15,9,2,1.5,1,"1253728",NA,12:52:00,2025-07-29,13:05:00,"Unfiltered","200.8","USEPA",NA,NA
NA,"CCV for HBN 1915412 (MMS/12785","1",NA,"1835961","CCV",2025-07-30,"MMS12785",NA,NA,NA,"Copper","7440-50-8","N","200.8",50.9,"=",0.9,"LOD","ug/L",1,100,100,50,102,85,115,NA,NA,NA,NA,3,NA,".","Metals by ICP/MS",15,11,1.2,0.9,0.4,"1253728",NA,12:52:00,2025-07-29,13:05:00,"Unfiltered","200.8","USEPA",NA,NA
NA,"CCV for HBN 1915412 (MMS/12785","1",NA,"1835961","CCV",2025-07-30,"MMS12785",NA,NA,NA,"Lead","7439-92-1","N","200.8",10.2,"=",0.6,"LOD","ug/L",1,100,100,10,102,85,115,NA,NA,NA,NA,3,NA,".","Metals by ICP/MS",15,13,0.8,0.6,0.2,"1253728",NA,12:52:00,2025-07-29,13:05:00,"Unfiltered","200.8","USEPA",NA,NA
NA,"CCV for HBN 1915412 (MMS/12785","1",NA,"1835961","CCV",2025-07-30,"MMS12785",NA,NA,NA,"Zinc","7440-66-6","N","200.8",49.4,"=",3,"LOD","ug/L",1,100,100,50,98.7,85,115,NA,NA,NA,NA,3,NA,".","Metals by ICP/MS",15,32,4,3,1.24,"1253728",NA,12:52:00,2025-07-29,13:05:00,"Unfiltered","200.8","USEPA",NA,NA
NA,"CCV for HBN 1915412 (MMS/12785","1",NA,"1835965","CCV",2025-07-30,"MMS12785",NA,NA,NA,"Arsenic","7440-38-2","N","200.8",48.2,"=",1.5,"LOD","ug/L",1,100,100,50,96.3,85,115,NA,NA,NA,NA,3,NA,".","Metals by ICP/MS",15,3,2,1.5,0.6,"1253728",NA,13:48:00,2025-07-29,13:51:00,"Unfiltered","200.8","USEPA",NA,NA
NA,"CCV for HBN 1915412 (MMS/12785","1",NA,"1835965","CCV",2025-07-30,"MMS12785",NA,NA,NA,"Cadmium","7440-43-9","N","200.8",24.1,"=",0.15,"LOD","ug/L",1,100,100,25,96.2,85,115,NA,NA,NA,NA,3,NA,".","Metals by ICP/MS",15,7,0.2,0.15,0.06,"1253728",NA,13:48:00,2025-07-29,13:51:00,"Unfiltered","200.8","USEPA",NA,NA
NA,"CCV for HBN 1915412 (MMS/12785","1",NA,"1835965","CCV",2025-07-30,"MMS12785",NA,NA,NA,"Chromium","7440-47-3","N","200.8",49,"=",1.5,"LOD","ug/L",1,100,100,50,98.1,85,115,NA,NA,NA,NA,3,NA,".","Metals by ICP/MS",15,9,2,1.5,1,"1253728",NA,13:48:00,2025-07-29,13:51:00,"Unfiltered","200.8","USEPA",NA,NA
NA,"CCV for HBN 1915412 (MMS/12785","1",NA,"1835965","CCV",2025-07-30,"MMS12785",NA,NA,NA,"Copper","7440-50-8","N","200.8",48.7,"=",0.9,"LOD","ug/L",1,100,100,50,97.5,85,115,NA,NA,NA,NA,3,NA,".","Metals by ICP/MS",15,11,1.2,0.9,0.4,"1253728",NA,13:48:00,2025-07-29,13:51:00,"Unfiltered","200.8","USEPA",NA,NA
NA,"CCV for HBN 1915412 (MMS/12785","1",NA,"1835965","CCV",2025-07-30,"MMS12785",NA,NA,NA,"Lead","7439-92-1","N","200.8",9.67,"=",0.6,"LOD","ug/L",1,100,100,10,96.7,85,115,NA,NA,NA,NA,3,NA,".","Metals by ICP/MS",15,13,0.8,0.6,0.2,"1253728",NA,13:48:00,2025-07-29,13:51:00,"Unfiltered","200.8","USEPA",NA,NA
NA,"CCV for HBN 1915412 (MMS/12785","1",NA,"1835965","CCV",2025-07-30,"MMS12785",NA,NA,NA,"Zinc","7440-66-6","N","200.8",47.3,"=",3,"LOD","ug/L",1,100,100,50,94.6,85,115,NA,NA,NA,NA,3,NA,".","Metals by ICP/MS",15,32,4,3,1.24,"1253728",NA,13:48:00,2025-07-29,13:51:00,"Unfiltered","200.8","USEPA",NA,NA
NA,"CCV for HBN 1915412 (MMS/12785","1",NA,"1835967","CCV",2025-07-30,"MMS12785",NA,NA,NA,"Arsenic","7440-38-2","N","200.8",47.8,"=",1.5,"LOD","ug/L",1,100,100,50,95.7,85,115,NA,NA,NA,NA,3,NA,".","Metals by ICP/MS",15,3,2,1.5,0.6,"1253728",NA,13:48:00,2025-07-29,14:27:00,"Unfiltered","200.8","USEPA",NA,NA
NA,"CCV for HBN 1915412 (MMS/12785","1",NA,"1835967","CCV",2025-07-30,"MMS12785",NA,NA,NA,"Cadmium","7440-43-9","N","200.8",24.1,"=",0.15,"LOD","ug/L",1,100,100,25,96.2,85,115,NA,NA,NA,NA,3,NA,".","Metals by ICP/MS",15,7,0.2,0.15,0.06,"1253728",NA,13:48:00,2025-07-29,14:27:00,"Unfiltered","200.8","USEPA",NA,NA
NA,"CCV for HBN 1915412 (MMS/12785","1",NA,"1835967","CCV",2025-07-30,"MMS12785",NA,NA,NA,"Chromium","7440-47-3","N","200.8",49.2,"=",1.5,"LOD","ug/L",1,100,100,50,98.4,85,115,NA,NA,NA,NA,3,NA,".","Metals by ICP/MS",15,9,2,1.5,1,"1253728",NA,13:48:00,2025-07-29,14:27:00,"Unfiltered","200.8","USEPA",NA,NA
NA,"CCV for HBN 1915412 (MMS/12785","1",NA,"1835967","CCV",2025-07-30,"MMS12785",NA,NA,NA,"Copper","7440-50-8","N","200.8",48.4,"=",0.9,"LOD","ug/L",1,100,100,50,96.9,85,115,NA,NA,NA,NA,3,NA,".","Metals by ICP/MS",15,11,1.2,0.9,0.4,"1253728",NA,13:48:00,2025-07-29,14:27:00,"Unfiltered","200.8","USEPA",NA,NA
NA,"CCV for HBN 1915412 (MMS/12785","1",NA,"1835967","CCV",2025-07-30,"MMS12785",NA,NA,NA,"Lead","7439-92-1","N","200.8",9.68,"=",0.6,"LOD","ug/L",1,100,100,10,96.8,85,115,NA,NA,NA,NA,3,NA,".","Metals by ICP/MS",15,13,0.8,0.6,0.2,"1253728",NA,13:48:00,2025-07-29,14:27:00,"Unfiltered","200.8","USEPA",NA,NA
NA,"CCV for HBN 1915412 (MMS/12785","1",NA,"1835967","CCV",2025-07-30,"MMS12785",NA,NA,NA,"Zinc","7440-66-6","N","200.8",46.9,"=",3,"LOD","ug/L",1,100,100,50,93.8,85,115,NA,NA,NA,NA,3,NA,".","Metals by ICP/MS",15,32,4,3,1.24,"1253728",NA,13:48:00,2025-07-29,14:27:00,"Unfiltered","200.8","USEPA",NA,NA
NA,"CCV for HBN 1915412 (MMS/12785","1",NA,"1835969","CCV",2025-07-30,"MMS12785",NA,NA,NA,"Arsenic","7440-38-2","N","200.8",47.9,"=",1.5,"LOD","ug/L",1,100,100,50,95.9,85,115,NA,NA,NA,NA,3,NA,".","Metals by ICP/MS",15,3,2,1.5,0.6,"1253728",NA,13:48:00,2025-07-29,14:54:00,"Unfiltered","200.8","USEPA",NA,NA
NA,"CCV for HBN 1915412 (MMS/12785","1",NA,"1835969","CCV",2025-07-30,"MMS12785",NA,NA,NA,"Cadmium","7440-43-9","N","200.8",24,"=",0.15,"LOD","ug/L",1,100,100,25,96,85,115,NA,NA,NA,NA,3,NA,".","Metals by ICP/MS",15,7,0.2,0.15,0.06,"1253728",NA,13:48:00,2025-07-29,14:54:00,"Unfiltered","200.8","USEPA",NA,NA
NA,"CCV for HBN 1915412 (MMS/12785","1",NA,"1835969","CCV",2025-07-30,"MMS12785",NA,NA,NA,"Chromium","7440-47-3","N","200.8",49.2,"=",1.5,"LOD","ug/L",1,100,100,50,98.5,85,115,NA,NA,NA,NA,3,NA,".","Metals by ICP/MS",15,9,2,1.5,1,"1253728",NA,13:48:00,2025-07-29,14:54:00,"Unfiltered","200.8","USEPA",NA,NA
NA,"CCV for HBN 1915412 (MMS/12785","1",NA,"1835969","CCV",2025-07-30,"MMS12785",NA,NA,NA,"Copper","7440-50-8","N","200.8",48.4,"=",0.9,"LOD","ug/L",1,100,100,50,96.8,85,115,NA,NA,NA,NA,3,NA,".","Metals by ICP/MS",15,11,1.2,0.9,0.4,"1253728",NA,13:48:00,2025-07-29,14:54:00,"Unfiltered","200.8","USEPA",NA,NA
NA,"CCV for HBN 1915412 (MMS/12785","1",NA,"1835969","CCV",2025-07-30,"MMS12785",NA,NA,NA,"Lead","7439-92-1","N","200.8",9.71,"=",0.6,"LOD","ug/L",1,100,100,10,97.1,85,115,NA,NA,NA,NA,3,NA,".","Metals by ICP/MS",15,13,0.8,0.6,0.2,"1253728",NA,13:48:00,2025-07-29,14:54:00,"Unfiltered","200.8","USEPA",NA,NA
NA,"CCV for HBN 1915412 (MMS/12785","1",NA,"1835969","CCV",2025-07-30,"MMS12785",NA,NA,NA,"Zinc","7440-66-6","N","200.8",47.1,"=",3,"LOD","ug/L",1,100,100,50,94.2,85,115,NA,NA,NA,NA,3,NA,".","Metals by ICP/MS",15,32,4,3,1.24,"1253728",NA,13:48:00,2025-07-29,14:54:00,"Unfiltered","200.8","USEPA",NA,NA
NA,"CCV for HBN 1915412 (MMS/12785","1",NA,"1835971","CCV",2025-07-30,"MMS12785",NA,NA,NA,"Arsenic","7440-38-2","N","200.8",47.3,"=",1.5,"LOD","ug/L",1,100,100,50,94.7,85,115,NA,NA,NA,NA,3,NA,".","Metals by ICP/MS",15,3,2,1.5,0.6,"1253728",NA,13:50:00,2025-07-29,15:11:00,"Unfiltered","200.8","USEPA",NA,NA
NA,"CCV for HBN 1915412 (MMS/12785","1",NA,"1835971","CCV",2025-07-30,"MMS12785",NA,NA,NA,"Cadmium","7440-43-9","N","200.8",23.9,"=",0.15,"LOD","ug/L",1,100,100,25,95.5,85,115,NA,NA,NA,NA,3,NA,".","Metals by ICP/MS",15,7,0.2,0.15,0.06,"1253728",NA,13:50:00,2025-07-29,15:11:00,"Unfiltered","200.8","USEPA",NA,NA
NA,"CCV for HBN 1915412 (MMS/12785","1",NA,"1835971","CCV",2025-07-30,"MMS12785",NA,NA,NA,"Chromium","7440-47-3","N","200.8",48.6,"=",1.5,"LOD","ug/L",1,100,100,50,97.3,85,115,NA,NA,NA,NA,3,NA,".","Metals by ICP/MS",15,9,2,1.5,1,"1253728",NA,13:50:00,2025-07-29,15:11:00,"Unfiltered","200.8","USEPA",NA,NA
NA,"CCV for HBN 1915412 (MMS/12785","1",NA,"1835971","CCV",2025-07-30,"MMS12785",NA,NA,NA,"Copper","7440-50-8","N","200.8",47.8,"=",0.9,"LOD","ug/L",1,100,100,50,95.7,85,115,NA,NA,NA,NA,3,NA,".","Metals by ICP/MS",15,11,1.2,0.9,0.4,"1253728",NA,13:50:00,2025-07-29,15:11:00,"Unfiltered","200.8","USEPA",NA,NA
NA,"CCV for HBN 1915412 (MMS/12785","1",NA,"1835971","CCV",2025-07-30,"MMS12785",NA,NA,NA,"Lead","7439-92-1","N","200.8",9.65,"=",0.6,"LOD","ug/L",1,100,100,10,96.5,85,115,NA,NA,NA,NA,3,NA,".","Metals by ICP/MS",15,13,0.8,0.6,0.2,"1253728",NA,13:50:00,2025-07-29,15:11:00,"Unfiltered","200.8","USEPA",NA,NA
NA,"CCV for HBN 1915412 (MMS/12785","1",NA,"1835971","CCV",2025-07-30,"MMS12785",NA,NA,NA,"Zinc","7440-66-6","N","200.8",46.4,"=",3,"LOD","ug/L",1,100,100,50,92.7,85,115,NA,NA,NA,NA,3,NA,".","Metals by ICP/MS",15,32,4,3,1.24,"1253728",NA,13:50:00,2025-07-29,15:11:00,"Unfiltered","200.8","USEPA",NA,NA
NA,"CCV for HBN 1915485 (WFI/3201)","1",NA,"1836317","CCV",2025-07-31,"WFI3201",NA,NA,NA,NA,"Nitrate","N","SM21 4500NO3-F",1.2,"=",0.075,"LOD","mg/L",1,5,5,1.25,96.2,70,130,NA,NA,NA,NA,3,NA,".","Waters Department",20,9,0.1,0.075,0.025,"1253728",NA,15:23:00,2025-07-31,13:05:00,NA,"4500-NO3(F)","APHA",NA,NA
NA,"CCV for HBN 1915485 (WFI/3201)","1",NA,"1836317","CCV",2025-07-31,"WFI3201",NA,NA,NA,NA,"Nitrite","N","SM21 4500NO3-F",1.23,"=",0.075,"LOD","mg/L",1,5,5,1.25,98.4,90,110,NA,NA,NA,NA,3,NA,".","Waters Department",20,10,0.1,0.075,0.025,"1253728",NA,15:23:00,2025-07-31,13:05:00,NA,"4500-NO3(F)","APHA",NA,NA
NA,"CCV for HBN 1915485 (WFI/3201)","1",NA,"1836317","CCV",2025-07-31,"WFI3201",NA,NA,NA,"Total Nitrate/Nitrite-N","Nitrate+Nitrite","N","SM21 4500NO3-F",2.43,"=",0.075,"LOD","mg/L",1,5,5,2.5,97.3,90,110,NA,NA,NA,NA,3,NA,".","Waters Department",20,11,0.1,0.075,0.025,"1253728",NA,15:23:00,2025-07-31,13:05:00,NA,"4500-NO3(F)","APHA",NA,NA
NA,"CCV for HBN 1915485 (WFI/3201)","1",NA,"1836319","CCV",2025-07-31,"WFI3201",NA,NA,NA,NA,"Nitrate","N","SM21 4500NO3-F",1.29,"=",0.075,"LOD","mg/L",1,5,5,1.25,103,70,130,NA,NA,NA,NA,3,NA,".","Waters Department",20,9,0.1,0.075,0.025,"1253728",NA,15:23:00,2025-07-31,12:43:00,NA,"4500-NO3(F)","APHA",NA,NA
NA,"CCV for HBN 1915485 (WFI/3201)","1",NA,"1836319","CCV",2025-07-31,"WFI3201",NA,NA,NA,NA,"Nitrite","N","SM21 4500NO3-F",1.24,"=",0.075,"LOD","mg/L",1,5,5,1.25,98.8,90,110,NA,NA,NA,NA,3,NA,".","Waters Department",20,10,0.1,0.075,0.025,"1253728",NA,15:23:00,2025-07-31,12:43:00,NA,"4500-NO3(F)","APHA",NA,NA
NA,"CCV for HBN 1915485 (WFI/3201)","1",NA,"1836319","CCV",2025-07-31,"WFI3201",NA,NA,NA,"Total Nitrate/Nitrite-N","Nitrate+Nitrite","N","SM21 4500NO3-F",2.52,"=",0.075,"LOD","mg/L",1,5,5,2.5,101,90,110,NA,NA,NA,NA,3,NA,".","Waters Department",20,11,0.1,0.075,0.025,"1253728",NA,15:23:00,2025-07-31,12:43:00,NA,"4500-NO3(F)","APHA",NA,NA
NA,"CVC for HBN 1915238 (VMS/24599","1",NA,"1835132","CVC",2025-07-25,"VMS24599",NA,NA,NA,"Benzene","71-43-2","N","SW8260D",23.9,"=",0.3,"LOD","ug/L",1,5,5,30,79.5,50,150,NA,NA,NA,NA,3,NA,".","Volatile GC/MS",90,1,0.4,0.3,0.12,"1253728",NA,13:04:00,2025-07-25,01:33:00,NA,"8260D","USEPA",NA,NA
NA,"CVC for HBN 1915238 (VMS/24599","1",NA,"1835132","CVC",2025-07-25,"VMS24599",NA,NA,NA,"Ethylbenzene","100-41-4","N","SW8260D",24.6,"=",0.75,"LOD","ug/L",1,5,5,30,82,50,150,NA,NA,NA,NA,3,NA,".","Volatile GC/MS",90,3,1,0.75,0.31,"1253728",NA,13:04:00,2025-07-25,01:33:00,NA,"8260D","USEPA",NA,NA
NA,"CVC for HBN 1915238 (VMS/24599","1",NA,"1835132","CVC",2025-07-25,"VMS24599",NA,NA,NA,"o-Xylene","95-47-6","N","SW8260D",24.9,"=",0.75,"LOD","ug/L",1,5,5,30,83.1,50,150,NA,NA,NA,NA,3,NA,".","Volatile GC/MS",90,58,1,0.75,0.31,"1253728",NA,13:04:00,2025-07-25,01:33:00,NA,"8260D","USEPA",NA,NA
NA,"CVC for HBN 1915238 (VMS/24599","1",NA,"1835132","CVC",2025-07-25,"VMS24599",NA,NA,NA,"P & M -Xylene","P & M -Xylene","N","SW8260D",49.4,"=",1.5,"LOD","ug/L",1,5,5,60,82.3,50,150,NA,NA,NA,NA,3,NA,".","Volatile GC/MS",90,55,2,1.5,0.62,"1253728",NA,13:04:00,2025-07-25,01:33:00,NA,"8260D","USEPA",NA,NA
NA,"CVC for HBN 1915238 (VMS/24599","1",NA,"1835132","CVC",2025-07-25,"VMS24599",NA,NA,NA,"Toluene","108-88-3","N","SW8260D",24.2,"=",0.75,"LOD","ug/L",1,5,5,30,80.8,50,150,NA,NA,NA,NA,3,NA,".","Volatile GC/MS",90,2,1,0.75,0.31,"1253728",NA,13:04:00,2025-07-25,01:33:00,NA,"8260D","USEPA",NA,NA
NA,"CVC for HBN 1915238 (VMS/24599","1",NA,"1835132","CVC",2025-07-25,"VMS24599",NA,NA,NA,"Xylenes (total)","1330-20-7","N","SW8260D",74.3,"=",2.25,"LOD","ug/L",1,5,5,90,82.6,50,150,NA,NA,NA,NA,3,NA,".","Volatile GC/MS",90,63,3,2.25,1,"1253728",NA,13:04:00,2025-07-25,01:33:00,NA,"8260D","USEPA",NA,NA
NA,"ICV for HBN 1915349 (MMS/12783","1",NA,"1835606","ICV",2025-07-29,"MMS12783",NA,NA,NA,"Zinc","7440-66-6","N","200.8",51.8,"=",3,"LOD","ug/L",1,100,100,50,104,90,110,NA,NA,NA,NA,3,NA,".","Metals by ICP/MS",15,32,4,3,1.24,"1253728",NA,11:51:00,2025-07-28,10:01:00,"Unfiltered","200.8","USEPA",NA,NA
NA,"ICV for HBN 1915412 (MMS/12785","1",NA,"1835952","ICV",2025-07-30,"MMS12785",NA,NA,NA,"Arsenic","7440-38-2","N","200.8",49.9,"=",1.5,"LOD","ug/L",1,100,100,50,99.8,90,110,NA,NA,NA,NA,3,NA,".","Metals by ICP/MS",15,3,2,1.5,0.6,"1253728",NA,12:47:00,2025-07-29,09:47:00,"Unfiltered","200.8","USEPA",NA,NA
NA,"ICV for HBN 1915412 (MMS/12785","1",NA,"1835952","ICV",2025-07-30,"MMS12785",NA,NA,NA,"Cadmium","7440-43-9","N","200.8",25,"=",0.15,"LOD","ug/L",1,100,100,25,99.8,90,110,NA,NA,NA,NA,3,NA,".","Metals by ICP/MS",15,7,0.2,0.15,0.06,"1253728",NA,12:47:00,2025-07-29,09:47:00,"Unfiltered","200.8","USEPA",NA,NA
NA,"ICV for HBN 1915412 (MMS/12785","1",NA,"1835952","ICV",2025-07-30,"MMS12785",NA,NA,NA,"Chromium","7440-47-3","N","200.8",50.2,"=",1.5,"LOD","ug/L",1,100,100,50,100,90,110,NA,NA,NA,NA,3,NA,".","Metals by ICP/MS",15,9,2,1.5,1,"1253728",NA,12:47:00,2025-07-29,09:47:00,"Unfiltered","200.8","USEPA",NA,NA
NA,"ICV for HBN 1915412 (MMS/12785","1",NA,"1835952","ICV",2025-07-30,"MMS12785",NA,NA,NA,"Copper","7440-50-8","N","200.8",50.8,"=",0.9,"LOD","ug/L",1,100,100,50,102,90,110,NA,NA,NA,NA,3,NA,".","Metals by ICP/MS",15,11,1.2,0.9,0.4,"1253728",NA,12:47:00,2025-07-29,09:47:00,"Unfiltered","200.8","USEPA",NA,NA
NA,"ICV for HBN 1915412 (MMS/12785","1",NA,"1835952","ICV",2025-07-30,"MMS12785",NA,NA,NA,"Lead","7439-92-1","N","200.8",10.2,"=",0.6,"LOD","ug/L",1,100,100,10,102,90,110,NA,NA,NA,NA,3,NA,".","Metals by ICP/MS",15,13,0.8,0.6,0.2,"1253728",NA,12:47:00,2025-07-29,09:47:00,"Unfiltered","200.8","USEPA",NA,NA
NA,"ICV for HBN 1915412 (MMS/12785","1",NA,"1835952","ICV",2025-07-30,"MMS12785",NA,NA,NA,"Zinc","7440-66-6","N","200.8",48.4,"=",3,"LOD","ug/L",1,100,100,50,96.7,90,110,NA,NA,NA,NA,3,NA,".","Metals by ICP/MS",15,32,4,3,1.24,"1253728",NA,12:47:00,2025-07-29,09:47:00,"Unfiltered","200.8","USEPA",NA,NA
NA,"LABREFQC","1",2025-07-23,"1835107","OS",2025-07-25,"MMS12783","MXX37744","E200.2","07/25/2025 08:46","Iron","7439-89-6","N","200.8",327,"=",188,"LOD","ug/L",1,20,50,NA,NA,NA,NA,NA,NA,NA,NA,3,NA,".","Metals by ICP/MS",15,12,250,188,78,"1253728",09:50:00,12:23:00,2025-07-28,14:10:00,"Unfiltered","200.8","USEPA",NA,NA
NA,"LABREFQC","1",2025-07-23,"1835107","OS",2025-07-25,"MMS12783","MXX37744","E200.2","07/25/2025 08:46","Magnesium","7439-95-4","N","200.8",1030,"=",37.5,"LOD","ug/L",1,20,50,NA,NA,NA,NA,NA,NA,NA,NA,3,NA,".","Metals by ICP/MS",15,14,50,37.5,15,"1253728",09:50:00,12:23:00,2025-07-28,14:10:00,"Unfiltered","200.8","USEPA",NA,NA
NA,"LCS for HBN 1915233 [MXX/37744","1",NA,"1835105","LCS",2025-07-25,"MMS12783","MXX37744","E200.2","07/25/2025 08:46","Calcium","7440-70-2","N","200.8",9420,"=",375,"LOD","ug/L",1,20,50,10000,94.2,85,115,NA,NA,NA,NA,3,NA,".","Metals by ICP/MS",15,8,500,375,150,"1253728",NA,12:23:00,2025-07-28,14:04:00,"Unfiltered","200.8","USEPA",NA,NA
NA,"LCS for HBN 1915233 [MXX/37744","1",NA,"1835105","LCS",2025-07-25,"MMS12783","MXX37744","E200.2","07/25/2025 08:46","Iron","7439-89-6","N","200.8",4910,"=",188,"LOD","ug/L",1,20,50,5000,98.1,85,115,NA,NA,NA,NA,3,NA,".","Metals by ICP/MS",15,12,250,188,78,"1253728",NA,12:23:00,2025-07-28,14:04:00,"Unfiltered","200.8","USEPA",NA,NA
NA,"LCS for HBN 1915233 [MXX/37744","1",NA,"1835105","LCS",2025-07-25,"MMS12783","MXX37744","E200.2","07/25/2025 08:46","Magnesium","7439-95-4","N","200.8",9480,"=",37.5,"LOD","ug/L",1,20,50,10000,94.8,85,115,NA,NA,NA,NA,3,NA,".","Metals by ICP/MS",15,14,50,37.5,15,"1253728",NA,12:23:00,2025-07-28,14:04:00,"Unfiltered","200.8","USEPA",NA,NA
NA,"ICV for HBN 1915323 (WFI/3200)","1",NA,"1835560","ICV",2025-07-29,"WFI3200",NA,NA,NA,NA,"Nitrate","N","SM21 4500NO3-F",1.32,"=",0.075,"LOD","mg/L",1,5,5,1.25,105,70,130,NA,NA,NA,NA,3,NA,".","Waters Department",20,9,0.1,0.075,0.025,"1253728",NA,09:08:00,2025-07-28,09:52:00,NA,"4500-NO3(F)","APHA",NA,NA
NA,"ICV for HBN 1915323 (WFI/3200)","1",NA,"1835560","ICV",2025-07-29,"WFI3200",NA,NA,NA,NA,"Nitrite","N","SM21 4500NO3-F",1.23,"=",0.075,"LOD","mg/L",1,5,5,1.25,98.6,90,110,NA,NA,NA,NA,3,NA,".","Waters Department",20,10,0.1,0.075,0.025,"1253728",NA,09:08:00,2025-07-28,09:52:00,NA,"4500-NO3(F)","APHA",NA,NA
NA,"ICV for HBN 1915323 (WFI/3200)","1",NA,"1835560","ICV",2025-07-29,"WFI3200",NA,NA,NA,"Total Nitrate/Nitrite-N","Nitrate+Nitrite","N","SM21 4500NO3-F",2.55,"=",0.075,"LOD","mg/L",1,5,5,2.5,102,90,110,NA,NA,NA,NA,3,NA,".","Waters Department",20,11,0.1,0.075,0.025,"1253728",NA,09:08:00,2025-07-28,09:52:00,NA,"4500-NO3(F)","APHA",NA,NA
NA,"ICV for HBN 1915349 (MMS/12783","1",NA,"1835606","ICV",2025-07-29,"MMS12783",NA,NA,NA,"Calcium","7440-70-2","N","200.8",2480,"=",150,"LOD","ug/L",1,100,100,2500,99.3,90,110,NA,NA,NA,NA,3,NA,".","Metals by ICP/MS",15,8,200,150,60,"1253728",NA,11:51:00,2025-07-28,10:01:00,"Unfiltered","200.8","USEPA",NA,NA
NA,"ICV for HBN 1915349 (MMS/12783","1",NA,"1835606","ICV",2025-07-29,"MMS12783",NA,NA,NA,"Copper","7440-50-8","N","200.8",50.1,"=",0.9,"LOD","ug/L",1,100,100,50,100,90,110,NA,NA,NA,NA,3,NA,".","Metals by ICP/MS",15,11,1.2,0.9,0.4,"1253728",NA,11:51:00,2025-07-28,10:01:00,"Unfiltered","200.8","USEPA",NA,NA
NA,"ICV for HBN 1915349 (MMS/12783","1",NA,"1835606","ICV",2025-07-29,"MMS12783",NA,NA,NA,"Iron","7439-89-6","N","200.8",2460,"=",75,"LOD","ug/L",1,100,100,2500,98.3,90,110,NA,NA,NA,NA,3,NA,".","Metals by ICP/MS",15,12,100,75,31.2,"1253728",NA,11:51:00,2025-07-28,10:01:00,"Unfiltered","200.8","USEPA",NA,NA
NA,"ICV for HBN 1915349 (MMS/12783","1",NA,"1835606","ICV",2025-07-29,"MMS12783",NA,NA,NA,"Magnesium","7439-95-4","N","200.8",2460,"=",15,"LOD","ug/L",1,100,100,2500,98.5,90,110,NA,NA,NA,NA,3,NA,".","Metals by ICP/MS",15,14,20,15,6,"1253728",NA,11:51:00,2025-07-28,10:01:00,"Unfiltered","200.8","USEPA",NA,NA
NA,"ICV for HBN 1915485 (WFI/3201)","1",NA,"1836322","ICV",2025-07-31,"WFI3201",NA,NA,NA,NA,"Nitrate","N","SM21 4500NO3-F",1.25,"=",0.075,"LOD","mg/L",1,5,5,1.25,99.8,70,130,NA,NA,NA,NA,3,NA,".","Waters Department",20,9,0.1,0.075,0.025,"1253728",NA,15:23:00,2025-07-31,12:18:00,NA,"4500-NO3(F)","APHA",NA,NA
NA,"ICV for HBN 1915485 (WFI/3201)","1",NA,"1836322","ICV",2025-07-31,"WFI3201",NA,NA,NA,NA,"Nitrite","N","SM21 4500NO3-F",1.22,"=",0.075,"LOD","mg/L",1,5,5,1.25,97.2,90,110,NA,NA,NA,NA,3,NA,".","Waters Department",20,10,0.1,0.075,0.025,"1253728",NA,15:23:00,2025-07-31,12:18:00,NA,"4500-NO3(F)","APHA",NA,NA
NA,"ICV for HBN 1915485 (WFI/3201)","1",NA,"1836322","ICV",2025-07-31,"WFI3201",NA,NA,NA,"Total Nitrate/Nitrite-N","Nitrate+Nitrite","N","SM21 4500NO3-F",2.46,"=",0.075,"LOD","mg/L",1,5,5,2.5,98.5,90,110,NA,NA,NA,NA,3,NA,".","Waters Department",20,11,0.1,0.075,0.025,"1253728",NA,15:23:00,2025-07-31,12:18:00,NA,"4500-NO3(F)","APHA",NA,NA
NA,"LABREFQC","1",2025-07-23,"1835107","OS",2025-07-25,"MMS12783","MXX37744","E200.2","07/25/2025 08:46","Calcium","7440-70-2","N","200.8",13700,"=",375,"LOD","ug/L",1,20,50,NA,NA,NA,NA,NA,NA,NA,NA,3,NA,".","Metals by ICP/MS",15,8,500,375,150,"1253728",09:50:00,12:23:00,2025-07-28,14:10:00,"Unfiltered","200.8","USEPA",NA,NA
NA,"LCS for HBN 1915230 [MXX/37743","1",NA,"1835090","LCS",2025-07-25,"MMS12783","MXX37743","E200.2","07/25/2025 08:46","Calcium","7440-70-2","N","200.8",9820,"=",375,"LOD","ug/L",1,20,50,10000,98.2,85,115,NA,NA,NA,NA,3,NA,".","Metals by ICP/MS",15,8,500,375,150,"1253728",NA,12:00:00,2025-07-28,10:58:00,"Unfiltered","200.8","USEPA",NA,NA
NA,"LCS for HBN 1915230 [MXX/37743","1",NA,"1835090","LCS",2025-07-25,"MMS12783","MXX37743","E200.2","07/25/2025 08:46","Iron","7439-89-6","N","200.8",5150,"=",188,"LOD","ug/L",1,20,50,5000,103,85,115,NA,NA,NA,NA,3,NA,".","Metals by ICP/MS",15,12,250,188,78,"1253728",NA,12:00:00,2025-07-28,10:58:00,"Unfiltered","200.8","USEPA",NA,NA
NA,"LCS for HBN 1915230 [MXX/37743","1",NA,"1835090","LCS",2025-07-25,"MMS12783","MXX37743","E200.2","07/25/2025 08:46","Magnesium","7439-95-4","N","200.8",9940,"=",37.5,"LOD","ug/L",1,20,50,10000,99.4,85,115,NA,NA,NA,NA,3,NA,".","Metals by ICP/MS",15,14,50,37.5,15,"1253728",NA,12:00:00,2025-07-28,10:58:00,"Unfiltered","200.8","USEPA",NA,NA
NA,"LCS for HBN 1915236 [VXX/43275","1",NA,"1835115","LCS",2025-07-25,"VMS24599","VXX43275","SW5030B","07/24/2025 06:00","Benzene","71-43-2","N","SW8260D",27.7,"=",0.3,"LOD","ug/L",1,5,5,30,92.2,79,120,NA,NA,NA,NA,3,NA,".","Volatile GC/MS",90,1,0.4,0.3,0.12,"1253728",NA,12:28:00,2025-07-24,16:26:00,NA,"8260D","USEPA",NA,NA
NA,"LCS for HBN 1915236 [VXX/43275","1",NA,"1835115","LCS",2025-07-25,"VMS24599","VXX43275","SW5030B","07/24/2025 06:00","Ethylbenzene","100-41-4","N","SW8260D",28.2,"=",0.75,"LOD","ug/L",1,5,5,30,93.9,79,121,NA,NA,NA,NA,3,NA,".","Volatile GC/MS",90,3,1,0.75,0.31,"1253728",NA,12:28:00,2025-07-24,16:26:00,NA,"8260D","USEPA",NA,NA
NA,"LCS for HBN 1915236 [VXX/43275","1",NA,"1835115","LCS",2025-07-25,"VMS24599","VXX43275","SW5030B","07/24/2025 06:00","o-Xylene","95-47-6","N","SW8260D",28.2,"=",0.75,"LOD","ug/L",1,5,5,30,93.9,78,122,NA,NA,NA,NA,3,NA,".","Volatile GC/MS",90,58,1,0.75,0.31,"1253728",NA,12:28:00,2025-07-24,16:26:00,NA,"8260D","USEPA",NA,NA
NA,"LCS for HBN 1915236 [VXX/43275","1",NA,"1835115","LCS",2025-07-25,"VMS24599","VXX43275","SW5030B","07/24/2025 06:00","P & M -Xylene","P & M -Xylene","N","SW8260D",56.7,"=",1.5,"LOD","ug/L",1,5,5,60,94.6,80,121,NA,NA,NA,NA,3,NA,".","Volatile GC/MS",90,55,2,1.5,0.62,"1253728",NA,12:28:00,2025-07-24,16:26:00,NA,"8260D","USEPA",NA,NA
NA,"LCS for HBN 1915236 [VXX/43275","1",NA,"1835115","LCS",2025-07-25,"VMS24599","VXX43275","SW5030B","07/24/2025 06:00","Toluene","108-88-3","N","SW8260D",27.3,"=",0.75,"LOD","ug/L",1,5,5,30,91,80,121,NA,NA,NA,NA,3,NA,".","Volatile GC/MS",90,2,1,0.75,0.31,"1253728",NA,12:28:00,2025-07-24,16:26:00,NA,"8260D","USEPA",NA,NA
NA,"LCS for HBN 1915236 [VXX/43275","1",NA,"1835115","LCS",2025-07-25,"VMS24599","VXX43275","SW5030B","07/24/2025 06:00","Xylenes (total)","1330-20-7","N","SW8260D",84.9,"=",2.25,"LOD","ug/L",1,5,5,90,94.4,79,121,NA,NA,NA,NA,3,NA,".","Volatile GC/MS",90,63,3,2.25,1,"1253728",NA,12:28:00,2025-07-24,16:26:00,NA,"8260D","USEPA",NA,NA
NA,"QCS for HBN 1915323 (WFI/3200)","1",NA,"1835557","QCS",2025-07-29,"WFI3200",NA,NA,NA,NA,"Nitrate","N","SM21 4500NO3-F",0.268,"=",0.075,"LOD","mg/L",1,5,5,0.25,107,70,130,NA,NA,NA,NA,3,NA,".","Waters Department",20,9,0.1,0.075,0.025,"1253728",NA,09:08:00,2025-07-28,09:56:00,NA,"4500-NO3(F)","APHA",NA,NA
NA,"QCS for HBN 1915323 (WFI/3200)","1",NA,"1835557","QCS",2025-07-29,"WFI3200",NA,NA,NA,NA,"Nitrite","N","SM21 4500NO3-F",0.255,"=",0.075,"LOD","mg/L",1,5,5,0.25,102,90,110,NA,NA,NA,NA,3,NA,".","Waters Department",20,10,0.1,0.075,0.025,"1253728",NA,09:08:00,2025-07-28,09:56:00,NA,"4500-NO3(F)","APHA",NA,NA
NA,"QCS for HBN 1915412 (MMS/12785","1",NA,"1835953","QCS",2025-07-30,"MMS12785",NA,NA,NA,"Chromium","7440-47-3","N","200.8",127,"=",1.5,"LOD","ug/L",1,100,100,125,101,90,110,NA,NA,NA,NA,3,NA,".","Metals by ICP/MS",15,9,2,1.5,1,"1253728",NA,12:47:00,2025-07-29,09:49:00,"Unfiltered","200.8","USEPA",NA,NA
NA,"QCS for HBN 1915412 (MMS/12785","1",NA,"1835953","QCS",2025-07-30,"MMS12785",NA,NA,NA,"Copper","7440-50-8","N","200.8",128,"=",0.9,"LOD","ug/L",1,100,100,125,103,90,110,NA,NA,NA,NA,3,NA,".","Metals by ICP/MS",15,11,1.2,0.9,0.4,"1253728",NA,12:47:00,2025-07-29,09:49:00,"Unfiltered","200.8","USEPA",NA,NA
NA,"QCS for HBN 1915412 (MMS/12785","1",NA,"1835953","QCS",2025-07-30,"MMS12785",NA,NA,NA,"Lead","7439-92-1","N","200.8",26.1,"=",0.6,"LOD","ug/L",1,100,100,25,104,90,110,NA,NA,NA,NA,3,NA,".","Metals by ICP/MS",15,13,0.8,0.6,0.2,"1253728",NA,12:47:00,2025-07-29,09:49:00,"Unfiltered","200.8","USEPA",NA,NA
NA,"QCS for HBN 1915412 (MMS/12785","1",NA,"1835953","QCS",2025-07-30,"MMS12785",NA,NA,NA,"Zinc","7440-66-6","N","200.8",127,"=",3,"LOD","ug/L",1,100,100,125,101,90,110,NA,NA,NA,NA,3,NA,".","Metals by ICP/MS",15,32,4,3,1.24,"1253728",NA,12:47:00,2025-07-29,09:49:00,"Unfiltered","200.8","USEPA",NA,NA
NA,"QCS for HBN 1915485 (WFI/3201)","1",NA,"1836320","QCS",2025-07-31,"WFI3201",NA,NA,NA,NA,"Nitrate","N","SM21 4500NO3-F",0.246,"=",0.075,"LOD","mg/L",1,5,5,0.25,98.5,70,130,NA,NA,NA,NA,3,NA,".","Waters Department",20,9,0.1,0.075,0.025,"1253728",NA,15:23:00,2025-07-31,12:22:00,NA,"4500-NO3(F)","APHA",NA,NA
NA,"QCS for HBN 1915485 (WFI/3201)","1",NA,"1836320","QCS",2025-07-31,"WFI3201",NA,NA,NA,NA,"Nitrite","N","SM21 4500NO3-F",0.254,"=",0.075,"LOD","mg/L",1,5,5,0.25,101,90,110,NA,NA,NA,NA,3,NA,".","Waters Department",20,10,0.1,0.075,0.025,"1253728",NA,15:23:00,2025-07-31,12:22:00,NA,"4500-NO3(F)","APHA",NA,NA
NA,"QCS for HBN 1915485 (WFI/3201)","1",NA,"1836320","QCS",2025-07-31,"WFI3201",NA,NA,NA,"Total Nitrate/Nitrite-N","Nitrate+Nitrite","N","SM21 4500NO3-F",0.5,"=",0.075,"LOD","mg/L",1,5,5,0.5,100,90,110,NA,NA,NA,NA,3,NA,".","Waters Department",20,11,0.1,0.075,0.025,"1253728",NA,15:23:00,2025-07-31,12:22:00,NA,"4500-NO3(F)","APHA",NA,NA
NA,"QCS for HBN 1915323 (WFI/3200)","1",NA,"1835557","QCS",2025-07-29,"WFI3200",NA,NA,NA,"Total Nitrate/Nitrite-N","Nitrate+Nitrite","N","SM21 4500NO3-F",0.523,"=",0.075,"LOD","mg/L",1,5,5,0.5,105,90,110,NA,NA,NA,NA,3,NA,".","Waters Department",20,11,0.1,0.075,0.025,"1253728",NA,09:08:00,2025-07-28,09:56:00,NA,"4500-NO3(F)","APHA",NA,NA
NA,"QCS for HBN 1915349 (MMS/12783","1",NA,"1835607","QCS",2025-07-29,"MMS12783",NA,NA,NA,"Calcium","7440-70-2","N","200.8",6150,"=",150,"LOD","ug/L",1,100,100,6250,98.4,90,110,NA,NA,NA,NA,3,NA,".","Metals by ICP/MS",15,8,200,150,60,"1253728",NA,11:51:00,2025-07-28,10:04:00,"Unfiltered","200.8","USEPA",NA,NA
NA,"QCS for HBN 1915349 (MMS/12783","1",NA,"1835607","QCS",2025-07-29,"MMS12783",NA,NA,NA,"Copper","7440-50-8","N","200.8",124,"=",0.9,"LOD","ug/L",1,100,100,125,99.1,90,110,NA,NA,NA,NA,3,NA,".","Metals by ICP/MS",15,11,1.2,0.9,0.4,"1253728",NA,11:51:00,2025-07-28,10:04:00,"Unfiltered","200.8","USEPA",NA,NA
NA,"QCS for HBN 1915349 (MMS/12783","1",NA,"1835607","QCS",2025-07-29,"MMS12783",NA,NA,NA,"Iron","7439-89-6","N","200.8",6170,"=",75,"LOD","ug/L",1,100,100,6250,98.7,90,110,NA,NA,NA,NA,3,NA,".","Metals by ICP/MS",15,12,100,75,31.2,"1253728",NA,11:51:00,2025-07-28,10:04:00,"Unfiltered","200.8","USEPA",NA,NA
NA,"QCS for HBN 1915349 (MMS/12783","1",NA,"1835607","QCS",2025-07-29,"MMS12783",NA,NA,NA,"Magnesium","7439-95-4","N","200.8",5970,"=",15,"LOD","ug/L",1,100,100,6250,95.5,90,110,NA,NA,NA,NA,3,NA,".","Metals by ICP/MS",15,14,20,15,6,"1253728",NA,11:51:00,2025-07-28,10:04:00,"Unfiltered","200.8","USEPA",NA,NA
NA,"QCS for HBN 1915349 (MMS/12783","1",NA,"1835607","QCS",2025-07-29,"MMS12783",NA,NA,NA,"Zinc","7440-66-6","N","200.8",123,"=",3,"LOD","ug/L",1,100,100,125,98.7,90,110,NA,NA,NA,NA,3,NA,".","Metals by ICP/MS",15,32,4,3,1.24,"1253728",NA,11:51:00,2025-07-28,10:04:00,"Unfiltered","200.8","USEPA",NA,NA
NA,"QCS for HBN 1915412 (MMS/12785","1",NA,"1835953","QCS",2025-07-30,"MMS12785",NA,NA,NA,"Arsenic","7440-38-2","N","200.8",125,"=",1.5,"LOD","ug/L",1,100,100,125,99.6,90,110,NA,NA,NA,NA,3,NA,".","Metals by ICP/MS",15,3,2,1.5,0.6,"1253728",NA,12:47:00,2025-07-29,09:49:00,"Unfiltered","200.8","USEPA",NA,NA
NA,"QCS for HBN 1915412 (MMS/12785","1",NA,"1835953","QCS",2025-07-30,"MMS12785",NA,NA,NA,"Cadmium","7440-43-9","N","200.8",64.6,"=",0.15,"LOD","ug/L",1,100,100,62.5,103,90,110,NA,NA,NA,NA,3,NA,".","Metals by ICP/MS",15,7,0.2,0.15,0.06,"1253728",NA,12:47:00,2025-07-29,09:49:00,"Unfiltered","200.8","USEPA",NA,NA
