"Monitoring Location ID","Activity Media Name","Activity Media Subdivision Name","Activity ID","Activity Start Date","Activity Start Time","Activity End Date","Activity End Time","Activity Latitude","Activity Longitude","Activity Source Map Scale","Activity Type","Activity Depth/Height Measure","Activity Depth/Height Unit","Activity Top Depth/Height Measure","Activity Top Depth/Height Unit","Activity Bottom Depth/Height Measure","Activity Bottom Depth/Height Unit","Activity Relative Depth Name","Activity Comment","Characteristic Name","Result Analytical Method ID","Result Analytical Method Context","Method Speciation","Result Value","Result Unit","Result Qualifier","Result Weight Basis","Statistical Base Code","Result Sample Fraction","Result Value Type","Result Comment","Sample Collection Method ID","Equipment ID","Result Detection Condition","Result Detection Limit Type 1","Result Detection Limit Value 1","Result Detection Limit Unit 1","Result Detection Limit Type 2","Result Detection Limit Value 2","Result Detection Limit Unit 2","Laboratory Accreditation Indicator","Laboratory Name","Laboratory Sample ID","Analysis Start Date","Analysis Start Time","Biological Intent","Subject Taxonomic Name","Thermal Preservative","Sample Container Type","Sample Container Color","Chemical Preservative"
"10000020","Water","Surface Water","10000020-2025-04-30-Cd",2025-04-30,09:58:00.000000,"","",60.48175453,-151.1306816,"","Field Msr/Obs",15,"cm","","","","","","1251731","Cadmium","200.8","USEPA","",0,"ug/L","U","Sampled",NA,"Dissolved","Actual","","","Water Bottle","Not Detected","Limit of Quantitation",0.5,"ug/L","Method Detection Level",0.375,"ug/L","","SGS","1251731031",2025-05-02,19:46:00,"","","Cold packs","Plastic Bottle","Opaque",NA
"10000020","Water","Surface Water","10000020-2025-04-30-Cr",2025-04-30,09:58:00.000000,"","",60.48175453,-151.1306816,"","Field Msr/Obs",15,"cm","","","","","","1251731","Chromium","200.8","USEPA","",0,"ug/L","U","Sampled",NA,"Dissolved","Actual","","","Water Bottle","Not Detected","Limit of Quantitation",5,"ug/L","Method Detection Level",3.75,"ug/L","","SGS","1251731031",2025-05-02,19:46:00,"","","Cold packs","Plastic Bottle","Opaque",NA
"10000020","Water","Surface Water","10000020-2025-04-30-Cu",2025-04-30,09:58:00.000000,"","",60.48175453,-151.1306816,"","Field Msr/Obs",15,"cm","","","","","","1251731","Copper","200.8","USEPA","",0,"ug/L","U","Sampled",NA,"Unfiltered","Actual","","","Water Bottle","Not Detected","Limit of Quantitation",3,"ug/L","Method Detection Level",2.25,"ug/L","","SGS","1251731007",2025-05-02,15:36:00,"","","Cold packs","Plastic Bottle","Opaque",NA
"10000020","Water","Surface Water","10000020-2025-04-30-Cu",2025-04-30,09:58:00.000000,"","",60.48175453,-151.1306816,"","Field Msr/Obs",15,"cm","","","","","","1251731","Copper","200.8","USEPA","",0,"ug/L","U","Sampled",NA,"Dissolved","Actual","","","Water Bottle","Not Detected","Limit of Quantitation",3,"ug/L","Method Detection Level",2.25,"ug/L","","SGS","1251731031",2025-05-02,19:46:00,"","","Cold packs","Plastic Bottle","Opaque",NA
"10000020","Water","Surface Water","10000020-2025-04-30-Pb",2025-04-30,09:58:00.000000,"","",60.48175453,-151.1306816,"","Field Msr/Obs",15,"cm","","","","","","1251731","Lead","200.8","USEPA","",0,"ug/L","U","Sampled",NA,"Dissolved","Actual","","","Water Bottle","Not Detected","Limit of Quantitation",2,"ug/L","Method Detection Level",1.5,"ug/L","","SGS","1251731031",2025-05-02,19:46:00,"","","Cold packs","Plastic Bottle","Opaque",NA
"10000022","Water","Surface Water","10000022-2025-04-30-Cu-DUP",2025-04-30,10:42:00.000000,"","",60.483364,-151.057656,"","Quality Control Field Replicate Msr/Obs",15,"cm","","","","","","1251731","Copper","200.8","USEPA","",0,"ug/L","U","Sampled",NA,"Unfiltered","Actual","","","Water Bottle","Not Detected","Limit of Quantitation",3,"ug/L","Method Detection Level",2.25,"ug/L","","SGS","1251731010",2025-05-02,15:54:00,"","","Cold packs","Plastic Bottle","Opaque",NA
"10000008","Water","Surface Water","10000008-2025-04-30-Cd",2025-04-30,09:48:00.000000,"","",60.550888,-151.268417,"","Field Msr/Obs",15,"cm","","","","","","1251731","Cadmium","200.8","USEPA","",0,"ug/L","U","Sampled",NA,"Dissolved","Actual","","","Water Bottle","Not Detected","Limit of Quantitation",0.5,"ug/L","Method Detection Level",0.375,"ug/L","","SGS","1251731025",2025-05-02,19:28:00,"","","Cold packs","Plastic Bottle","Opaque",NA
"10000008","Water","Surface Water","10000008-2025-04-30-Cr",2025-04-30,09:48:00.000000,"","",60.550888,-151.268417,"","Field Msr/Obs",15,"cm","","","","","","1251731","Chromium","200.8","USEPA","",0,"ug/L","U","Sampled",NA,"Dissolved","Actual","","","Water Bottle","Not Detected","Limit of Quantitation",5,"ug/L","Method Detection Level",3.75,"ug/L","","SGS","1251731025",2025-05-02,19:28:00,"","","Cold packs","Plastic Bottle","Opaque",NA
"10000008","Water","Surface Water","10000008-2025-04-30-Cu",2025-04-30,09:48:00.000000,"","",60.550888,-151.268417,"","Field Msr/Obs",15,"cm","","","","","","1251731","Copper","200.8","USEPA","",0,"ug/L","U","Sampled",NA,"Dissolved","Actual","","","Water Bottle","Not Detected","Limit of Quantitation",3,"ug/L","Method Detection Level",2.25,"ug/L","","SGS","1251731025",2025-05-02,19:28:00,"","","Cold packs","Plastic Bottle","Opaque",NA
"10000008","Water","Surface Water","10000008-2025-04-30-Pb",2025-04-30,09:48:00.000000,"","",60.550888,-151.268417,"","Field Msr/Obs",15,"cm","","","","","","1251731","Lead","200.8","USEPA","",0,"ug/L","U","Sampled",NA,"Dissolved","Actual","","","Water Bottle","Not Detected","Limit of Quantitation",2,"ug/L","Method Detection Level",1.5,"ug/L","","SGS","1251731025",2025-05-02,19:28:00,"","","Cold packs","Plastic Bottle","Opaque",NA
"10000002","Water","Surface Water","10000002-2025-04-30-Cd",2025-04-30,10:26:00.000000,"","",60.54368,-151.22294,"","Field Msr/Obs",15,"cm","","","","","","1251731","Cadmium","200.8","USEPA","",0,"ug/L","U","Sampled",NA,"Dissolved","Actual","","","Water Bottle","Not Detected","Limit of Quantitation",0.5,"ug/L","Method Detection Level",0.375,"ug/L","","SGS","1251731026",2025-05-02,19:31:00,"","","Cold packs","Plastic Bottle","Opaque",NA
"10000002","Water","Surface Water","10000002-2025-04-30-Cr",2025-04-30,10:26:00.000000,"","",60.54368,-151.22294,"","Field Msr/Obs",15,"cm","","","","","","1251731","Chromium","200.8","USEPA","",0,"ug/L","U","Sampled",NA,"Dissolved","Actual","","","Water Bottle","Not Detected","Limit of Quantitation",5,"ug/L","Method Detection Level",3.75,"ug/L","","SGS","1251731026",2025-05-02,19:31:00,"","","Cold packs","Plastic Bottle","Opaque",NA
"10000002","Water","Surface Water","10000002-2025-04-30-Pb",2025-04-30,10:26:00.000000,"","",60.54368,-151.22294,"","Field Msr/Obs",15,"cm","","","","","","1251731","Lead","200.8","USEPA","",0,"ug/L","U","Sampled",NA,"Dissolved","Actual","","","Water Bottle","Not Detected","Limit of Quantitation",2,"ug/L","Method Detection Level",1.5,"ug/L","","SGS","1251731026",2025-05-02,19:31:00,"","","Cold packs","Plastic Bottle","Opaque",NA
"10000002","Water","Surface Water","10000002-2025-04-30-Cd-NA",2025-04-30,10:23:00.000000,"","",60.54368,-151.22294,"","Field Msr/Obs",15,"cm","","","","","","1251731","Cadmium","200.8","USEPA","",0,"ug/L","U","Sampled",NA,"Dissolved","Actual","","","Water Bottle","Not Detected","Limit of Quantitation",0.5,"ug/L","Method Detection Level",0.375,"ug/L","","SGS","1251731038",2025-05-08,11:05:00,"","","Cold packs","Plastic Bottle","Opaque",NA
"10000002","Water","Surface Water","10000002-2025-04-30-Cr-NA",2025-04-30,10:23:00.000000,"","",60.54368,-151.22294,"","Field Msr/Obs",15,"cm","","","","","","1251731","Chromium","200.8","USEPA","",0,"ug/L","U","Sampled",NA,"Dissolved","Actual","","","Water Bottle","Not Detected","Limit of Quantitation",5,"ug/L","Method Detection Level",3.75,"ug/L","","SGS","1251731038",2025-05-08,11:05:00,"","","Cold packs","Plastic Bottle","Opaque",NA
"10000002","Water","Surface Water","10000002-2025-04-30-Cu-NA",2025-04-30,10:23:00.000000,"","",60.54368,-151.22294,"","Field Msr/Obs",15,"cm","","","","","","1251731","Copper","200.8","USEPA","",0,"ug/L","U","Sampled",NA,"Dissolved","Actual","","","Water Bottle","Not Detected","Limit of Quantitation",3,"ug/L","Method Detection Level",2.25,"ug/L","","SGS","1251731038",2025-05-08,11:05:00,"","","Cold packs","Plastic Bottle","Opaque",NA
"10000002","Water","Surface Water","10000002-2025-04-30-Pb-NA",2025-04-30,10:23:00.000000,"","",60.54368,-151.22294,"","Field Msr/Obs",15,"cm","","","","","","1251731","Lead","200.8","USEPA","",0,"ug/L","U","Sampled",NA,"Dissolved","Actual","","","Water Bottle","Not Detected","Limit of Quantitation",2,"ug/L","Method Detection Level",1.5,"ug/L","","SGS","1251731038",2025-05-08,11:05:00,"","","Cold packs","Plastic Bottle","Opaque",NA
"10000015","Water","Surface Water","10000015-2025-04-30-Cd",2025-04-30,09:50:00.000000,"","",60.548029,-151.14324,"","Field Msr/Obs",15,"cm","","","","","","1251731","Cadmium","200.8","USEPA","",0,"ug/L","U","Sampled",NA,"Dissolved","Actual","","","Water Bottle","Not Detected","Limit of Quantitation",0.5,"ug/L","Method Detection Level",0.375,"ug/L","","SGS","1251731027",2025-05-02,19:34:00,"","","Cold packs","Plastic Bottle","Opaque",NA
"10000015","Water","Surface Water","10000015-2025-04-30-Cr",2025-04-30,09:50:00.000000,"","",60.548029,-151.14324,"","Field Msr/Obs",15,"cm","","","","","","1251731","Chromium","200.8","USEPA","",0,"ug/L","U","Sampled",NA,"Dissolved","Actual","","","Water Bottle","Not Detected","Limit of Quantitation",5,"ug/L","Method Detection Level",3.75,"ug/L","","SGS","1251731027",2025-05-02,19:34:00,"","","Cold packs","Plastic Bottle","Opaque",NA
"10000015","Water","Surface Water","10000015-2025-04-30-Cu",2025-04-30,09:50:00.000000,"","",60.548029,-151.14324,"","Field Msr/Obs",15,"cm","","","","","","1251731","Copper","200.8","USEPA","",0,"ug/L","U","Sampled",NA,"Dissolved","Actual","","","Water Bottle","Not Detected","Limit of Quantitation",3,"ug/L","Method Detection Level",2.25,"ug/L","","SGS","1251731027",2025-05-02,19:34:00,"","","Cold packs","Plastic Bottle","Opaque",NA
"10000015","Water","Surface Water","10000015-2025-04-30-Pb",2025-04-30,09:50:00.000000,"","",60.548029,-151.14324,"","Field Msr/Obs",15,"cm","","","","","","1251731","Lead","200.8","USEPA","",0,"ug/L","U","Sampled",NA,"Dissolved","Actual","","","Water Bottle","Not Detected","Limit of Quantitation",2,"ug/L","Method Detection Level",1.5,"ug/L","","SGS","1251731027",2025-05-02,19:34:00,"","","Cold packs","Plastic Bottle","Opaque",NA
"10000018","Water","Surface Water","10000018-2025-04-30-As",2025-04-30,10:47:00.000000,"","",60.502005,-151.106973,"","Field Msr/Obs",15,"cm","","","","","","1251731","Arsenic","200.8","USEPA","",0,"ug/L","U","Sampled",NA,"Dissolved","Actual","","","Water Bottle","Not Detected","Limit of Quantitation",5,"ug/L","Method Detection Level",3.75,"ug/L","","SGS","1251731029",2025-05-02,19:40:00,"","","Cold packs","Plastic Bottle","Opaque",NA
"10000018","Water","Surface Water","10000018-2025-04-30-Cd",2025-04-30,10:47:00.000000,"","",60.502005,-151.106973,"","Field Msr/Obs",15,"cm","","","","","","1251731","Cadmium","200.8","USEPA","",0,"ug/L","U","Sampled",NA,"Dissolved","Actual","","","Water Bottle","Not Detected","Limit of Quantitation",0.5,"ug/L","Method Detection Level",0.375,"ug/L","","SGS","1251731029",2025-05-02,19:40:00,"","","Cold packs","Plastic Bottle","Opaque",NA
"10000018","Water","Surface Water","10000018-2025-04-30-Cr",2025-04-30,10:47:00.000000,"","",60.502005,-151.106973,"","Field Msr/Obs",15,"cm","","","","","","1251731","Chromium","200.8","USEPA","",0,"ug/L","U","Sampled",NA,"Dissolved","Actual","","","Water Bottle","Not Detected","Limit of Quantitation",5,"ug/L","Method Detection Level",3.75,"ug/L","","SGS","1251731029",2025-05-02,19:40:00,"","","Cold packs","Plastic Bottle","Opaque",NA
"10000018","Water","Surface Water","10000018-2025-04-30-Cu",2025-04-30,10:47:00.000000,"","",60.502005,-151.106973,"","Field Msr/Obs",15,"cm","","","","","","1251731","Copper","200.8","USEPA","",0,"ug/L","U","Sampled",NA,"Dissolved","Actual","","","Water Bottle","Not Detected","Limit of Quantitation",3,"ug/L","Method Detection Level",2.25,"ug/L","","SGS","1251731029",2025-05-02,19:40:00,"","","Cold packs","Plastic Bottle","Opaque",NA
"10000018","Water","Surface Water","10000018-2025-04-30-Pb",2025-04-30,10:47:00.000000,"","",60.502005,-151.106973,"","Field Msr/Obs",15,"cm","","","","","","1251731","Lead","200.8","USEPA","",0,"ug/L","U","Sampled",NA,"Dissolved","Actual","","","Water Bottle","Not Detected","Limit of Quantitation",2,"ug/L","Method Detection Level",1.5,"ug/L","","SGS","1251731029",2025-05-02,19:40:00,"","","Cold packs","Plastic Bottle","Opaque",NA
"10000018","Water","Surface Water","10000018-2025-04-30-As-DUP",2025-04-30,10:47:00.000000,"","",60.502005,-151.106973,"","Quality Control Field Replicate Msr/Obs",15,"cm","","","","","","1251731","Arsenic","200.8","USEPA","",0,"ug/L","U","Sampled",NA,"Dissolved","Actual","","","Water Bottle","Not Detected","Limit of Quantitation",5,"ug/L","Method Detection Level",3.75,"ug/L","","SGS","1251731030",2025-05-02,19:43:00,"","","Cold packs","Plastic Bottle","Opaque",NA
"10000018","Water","Surface Water","10000018-2025-04-30-Cd-DUP",2025-04-30,10:47:00.000000,"","",60.502005,-151.106973,"","Quality Control Field Replicate Msr/Obs",15,"cm","","","","","","1251731","Cadmium","200.8","USEPA","",0,"ug/L","U","Sampled",NA,"Dissolved","Actual","","","Water Bottle","Not Detected","Limit of Quantitation",0.5,"ug/L","Method Detection Level",0.375,"ug/L","","SGS","1251731030",2025-05-02,19:43:00,"","","Cold packs","Plastic Bottle","Opaque",NA
"10000018","Water","Surface Water","10000018-2025-04-30-Cr-DUP",2025-04-30,10:47:00.000000,"","",60.502005,-151.106973,"","Quality Control Field Replicate Msr/Obs",15,"cm","","","","","","1251731","Chromium","200.8","USEPA","",0,"ug/L","U","Sampled",NA,"Dissolved","Actual","","","Water Bottle","Not Detected","Limit of Quantitation",5,"ug/L","Method Detection Level",3.75,"ug/L","","SGS","1251731030",2025-05-02,19:43:00,"","","Cold packs","Plastic Bottle","Opaque",NA
"10000018","Water","Surface Water","10000018-2025-04-30-Cu-DUP",2025-04-30,10:47:00.000000,"","",60.502005,-151.106973,"","Quality Control Field Replicate Msr/Obs",15,"cm","","","","","","1251731","Copper","200.8","USEPA","",0,"ug/L","U","Sampled",NA,"Dissolved","Actual","","","Water Bottle","Not Detected","Limit of Quantitation",3,"ug/L","Method Detection Level",2.25,"ug/L","","SGS","1251731030",2025-05-02,19:43:00,"","","Cold packs","Plastic Bottle","Opaque",NA
"10000020","Water","Surface Water","10000020-2025-04-30-As-NA",2025-04-30,09:58:00.000000,"","",60.48175453,-151.1306816,"","Field Msr/Obs",15,"cm","","","","","","1251731","Arsenic","200.8","USEPA","",0,"ug/L","U","Sampled",NA,"Dissolved","Actual","","","Water Bottle","Not Detected","Limit of Quantitation",5,"ug/L","Method Detection Level",3.75,"ug/L","","SGS","1251731039",2025-05-08,11:08:00,"","","Cold packs","Plastic Bottle","Opaque",NA
"10000020","Water","Surface Water","10000020-2025-04-30-Cd-NA",2025-04-30,09:58:00.000000,"","",60.48175453,-151.1306816,"","Field Msr/Obs",15,"cm","","","","","","1251731","Cadmium","200.8","USEPA","",0,"ug/L","U","Sampled",NA,"Dissolved","Actual","","","Water Bottle","Not Detected","Limit of Quantitation",0.5,"ug/L","Method Detection Level",0.375,"ug/L","","SGS","1251731039",2025-05-08,11:08:00,"","","Cold packs","Plastic Bottle","Opaque",NA
"10000020","Water","Surface Water","10000020-2025-04-30-Cr-NA",2025-04-30,09:58:00.000000,"","",60.48175453,-151.1306816,"","Field Msr/Obs",15,"cm","","","","","","1251731","Chromium","200.8","USEPA","",0,"ug/L","U","Sampled",NA,"Dissolved","Actual","","","Water Bottle","Not Detected","Limit of Quantitation",5,"ug/L","Method Detection Level",3.75,"ug/L","","SGS","1251731039",2025-05-08,11:08:00,"","","Cold packs","Plastic Bottle","Opaque",NA
"10000020","Water","Surface Water","10000020-2025-04-30-Cu-NA",2025-04-30,09:58:00.000000,"","",60.48175453,-151.1306816,"","Field Msr/Obs",15,"cm","","","","","","1251731","Copper","200.8","USEPA","",0,"ug/L","U","Sampled",NA,"Dissolved","Actual","","","Water Bottle","Not Detected","Limit of Quantitation",3,"ug/L","Method Detection Level",2.25,"ug/L","","SGS","1251731039",2025-05-08,11:08:00,"","","Cold packs","Plastic Bottle","Opaque",NA
"10000020","Water","Surface Water","10000020-2025-04-30-Pb-NA",2025-04-30,09:58:00.000000,"","",60.48175453,-151.1306816,"","Field Msr/Obs",15,"cm","","","","","","1251731","Lead","200.8","USEPA","",0,"ug/L","U","Sampled",NA,"Dissolved","Actual","","","Water Bottle","Not Detected","Limit of Quantitation",2,"ug/L","Method Detection Level",1.5,"ug/L","","SGS","1251731039",2025-05-08,11:08:00,"","","Cold packs","Plastic Bottle","Opaque",NA
"10000008","Water","Surface Water","10000008-2025-04-30-As",2025-04-30,09:48:00.000000,"","",60.550888,-151.268417,"","Field Msr/Obs",15,"cm","","","","","","1251731","Arsenic","200.8","USEPA","",0,"ug/L","U","Sampled",NA,"Dissolved","Actual","","","Water Bottle","Not Detected","Limit of Quantitation",5,"ug/L","Method Detection Level",3.75,"ug/L","","SGS","1251731025",2025-05-02,19:28:00,"","","Cold packs","Plastic Bottle","Opaque",NA
"10000002","Water","Surface Water","10000002-2025-04-30-Ca-NA",2025-04-30,10:23:00.000000,"","",60.54368,-151.22294,"","Field Msr/Obs",15,"cm","","","","","","1251731","Calcium","200.8","USEPA","",0,"ug/L","U","Sampled",NA,"Unfiltered","Actual","","","Water Bottle","Not Detected","Limit of Quantitation",500,"ug/L","Method Detection Level",375,"ug/L","","SGS","1251731023",2025-05-02,19:22:00,"","","Cold packs","Plastic Bottle","Opaque",NA
"10000002","Water","Surface Water","10000002-2025-04-30-Cu-NA",2025-04-30,10:23:00.000000,"","",60.54368,-151.22294,"","Field Msr/Obs",15,"cm","","","","","","1251731","Copper","200.8","USEPA","",0,"ug/L","U","Sampled",NA,"Unfiltered","Actual","","","Water Bottle","Not Detected","Limit of Quantitation",3,"ug/L","Method Detection Level",2.25,"ug/L","","SGS","1251731023",2025-05-02,19:22:00,"","","Cold packs","Plastic Bottle","Opaque",NA
"10000002","Water","Surface Water","10000002-2025-04-30-Fe-NA",2025-04-30,10:23:00.000000,"","",60.54368,-151.22294,"","Field Msr/Obs",15,"cm","","","","","","1251731","Iron","200.8","USEPA","",0,"ug/L","U","Sampled",NA,"Unfiltered","Actual","","","Water Bottle","Not Detected","Limit of Quantitation",250,"ug/L","Method Detection Level",188,"ug/L","","SGS","1251731023",2025-05-02,19:22:00,"","","Cold packs","Plastic Bottle","Opaque",NA
"10000002","Water","Surface Water","10000002-2025-04-30-Mg-NA",2025-04-30,10:23:00.000000,"","",60.54368,-151.22294,"","Field Msr/Obs",15,"cm","","","","","","1251731","Magnesium","200.8","USEPA","",0,"ug/L","U","Sampled",NA,"Unfiltered","Actual","","","Water Bottle","Not Detected","Limit of Quantitation",50,"ug/L","Method Detection Level",37.5,"ug/L","","SGS","1251731023",2025-05-02,19:22:00,"","","Cold packs","Plastic Bottle","Opaque",NA
"10000002","Water","Surface Water","10000002-2025-04-30-Zn-NA",2025-04-30,10:23:00.000000,"","",60.54368,-151.22294,"","Field Msr/Obs",15,"cm","","","","","","1251731","Zinc","200.8","USEPA","",0,"ug/L","U","Sampled",NA,"Unfiltered","Actual","","","Water Bottle","Not Detected","Limit of Quantitation",10,"ug/L","Method Detection Level",7.5,"ug/L","","SGS","1251731023",2025-05-02,19:22:00,"","","Cold packs","Plastic Bottle","Opaque",NA
"10000002","Water","Surface Water","10000002-2025-04-30-As-NA",2025-04-30,10:23:00.000000,"","",60.54368,-151.22294,"","Field Msr/Obs",15,"cm","","","","","","1251731","Arsenic","200.8","USEPA","",0,"ug/L","U","Sampled",NA,"Dissolved","Actual","","","Water Bottle","Not Detected","Limit of Quantitation",5,"ug/L","Method Detection Level",3.75,"ug/L","","SGS","1251731038",2025-05-08,11:05:00,"","","Cold packs","Plastic Bottle","Opaque",NA
"10000018","Water","Surface Water","10000018-2025-04-30-Cu",2025-04-30,10:47:00.000000,"","",60.502005,-151.106973,"","Field Msr/Obs",15,"cm","","","","","","1251731","Copper","200.8","USEPA","",0,"ug/L","U","Sampled",NA,"Unfiltered","Actual","","","Water Bottle","Not Detected","Limit of Quantitation",3,"ug/L","Method Detection Level",2.25,"ug/L","","SGS","1251731005",2025-05-02,15:30:00,"","","Cold packs","Plastic Bottle","Opaque",NA
"10000018","Water","Surface Water","10000018-2025-04-30-Zn",2025-04-30,10:47:00.000000,"","",60.502005,-151.106973,"","Field Msr/Obs",15,"cm","","","","","","1251731","Zinc","200.8","USEPA","",0,"ug/L","U","Sampled",NA,"Unfiltered","Actual","","","Water Bottle","Not Detected","Limit of Quantitation",10,"ug/L","Method Detection Level",7.5,"ug/L","","SGS","1251731005",2025-05-02,15:30:00,"","","Cold packs","Plastic Bottle","Opaque",NA
"10000018","Water","Surface Water","10000018-2025-04-30-Total P",2025-04-30,10:47:00.000000,"","",60.502005,-151.106973,"","Field Msr/Obs",15,"cm","","","","","","1251731","Total Phosphorus","4500-P-E","APHA","",0,"mg/L","U","Sampled",NA,"Total","Actual","","","Water Bottle","Not Detected","Limit of Quantitation",0.04,"mg/L","Method Detection Level",0.03,"mg/L","","SGS","1251731005",2025-05-07,09:36:00,"","","Cold packs","Plastic Bottle","Opaque","H2SO4"
"10000018","Water","Surface Water","10000018-2025-04-30-Cu-DUP",2025-04-30,10:47:00.000000,"","",60.502005,-151.106973,"","Quality Control Field Replicate Msr/Obs",15,"cm","","","","","","1251731","Copper","200.8","USEPA","",0,"ug/L","U","Sampled",NA,"Unfiltered","Actual","","","Water Bottle","Not Detected","Limit of Quantitation",3,"ug/L","Method Detection Level",2.25,"ug/L","","SGS","1251731006",2025-05-02,15:33:00,"","","Cold packs","Plastic Bottle","Opaque",NA
"10000018","Water","Surface Water","10000018-2025-04-30-Pb-DUP",2025-04-30,10:47:00.000000,"","",60.502005,-151.106973,"","Quality Control Field Replicate Msr/Obs",15,"cm","","","","","","1251731","Lead","200.8","USEPA","",0,"ug/L","U","Sampled",NA,"Dissolved","Actual","","","Water Bottle","Not Detected","Limit of Quantitation",2,"ug/L","Method Detection Level",1.5,"ug/L","","SGS","1251731030",2025-05-02,19:43:00,"","","Cold packs","Plastic Bottle","Opaque",NA
"10000020","Water","Surface Water","10000020-2025-04-30-Ca-NA",2025-04-30,09:58:00.000000,"","",60.48175453,-151.1306816,"","Field Msr/Obs",15,"cm","","","","","","1251731","Calcium","200.8","USEPA","",0,"ug/L","U","Sampled",NA,"Unfiltered","Actual","","","Water Bottle","Not Detected","Limit of Quantitation",500,"ug/L","Method Detection Level",375,"ug/L","","SGS","1251731024",2025-05-02,19:25:00,"","","Cold packs","Plastic Bottle","Opaque",NA
"10000020","Water","Surface Water","10000020-2025-04-30-Cu-NA",2025-04-30,09:58:00.000000,"","",60.48175453,-151.1306816,"","Field Msr/Obs",15,"cm","","","","","","1251731","Copper","200.8","USEPA","",0,"ug/L","U","Sampled",NA,"Unfiltered","Actual","","","Water Bottle","Not Detected","Limit of Quantitation",3,"ug/L","Method Detection Level",2.25,"ug/L","","SGS","1251731024",2025-05-02,19:25:00,"","","Cold packs","Plastic Bottle","Opaque",NA
"10000020","Water","Surface Water","10000020-2025-04-30-Fe-NA",2025-04-30,09:58:00.000000,"","",60.48175453,-151.1306816,"","Field Msr/Obs",15,"cm","","","","","","1251731","Iron","200.8","USEPA","",0,"ug/L","U","Sampled",NA,"Unfiltered","Actual","","","Water Bottle","Not Detected","Limit of Quantitation",250,"ug/L","Method Detection Level",188,"ug/L","","SGS","1251731024",2025-05-02,19:25:00,"","","Cold packs","Plastic Bottle","Opaque",NA
"10000020","Water","Surface Water","10000020-2025-04-30-Mg-NA",2025-04-30,09:58:00.000000,"","",60.48175453,-151.1306816,"","Field Msr/Obs",15,"cm","","","","","","1251731","Magnesium","200.8","USEPA","",0,"ug/L","U","Sampled",NA,"Unfiltered","Actual","","","Water Bottle","Not Detected","Limit of Quantitation",50,"ug/L","Method Detection Level",37.5,"ug/L","","SGS","1251731024",2025-05-02,19:25:00,"","","Cold packs","Plastic Bottle","Opaque",NA
"10000021","Water","Surface Water","10000021-2025-04-30-Cu",2025-04-30,09:32:00.000000,"","",60.476634,-151.082099,"","Field Msr/Obs",15,"cm","","","","","","1251731","Copper","200.8","USEPA","",0,"ug/L","U","Sampled",NA,"Unfiltered","Actual","","","Water Bottle","Not Detected","Limit of Quantitation",3,"ug/L","Method Detection Level",2.25,"ug/L","","SGS","1251731008",2025-05-02,15:39:00,"","","Cold packs","Plastic Bottle","Opaque",NA
"10000021","Water","Surface Water","10000021-2025-04-30-Zn",2025-04-30,09:32:00.000000,"","",60.476634,-151.082099,"","Field Msr/Obs",15,"cm","","","","","","1251731","Zinc","200.8","USEPA","",0,"ug/L","U","Sampled",NA,"Unfiltered","Actual","","","Water Bottle","Not Detected","Limit of Quantitation",10,"ug/L","Method Detection Level",7.5,"ug/L","","SGS","1251731008",2025-05-02,15:39:00,"","","Cold packs","Plastic Bottle","Opaque",NA
"10000021","Water","Surface Water","10000021-2025-04-30-Total P",2025-04-30,09:32:00.000000,"","",60.476634,-151.082099,"","Field Msr/Obs",15,"cm","","","","","","1251731","Total Phosphorus","4500-P-E","APHA","",0,"mg/L","U","Sampled",NA,"Total","Actual","","","Water Bottle","Not Detected","Limit of Quantitation",0.04,"mg/L","Method Detection Level",0.03,"mg/L","","SGS","1251731008",2025-05-07,09:41:00,"","","Cold packs","Plastic Bottle","Opaque","H2SO4"
"10000021","Water","Surface Water","10000021-2025-04-30-As",2025-04-30,09:32:00.000000,"","",60.476634,-151.082099,"","Field Msr/Obs",15,"cm","","","","","","1251731","Arsenic","200.8","USEPA","",0,"ug/L","U","Sampled",NA,"Dissolved","Actual","","","Water Bottle","Not Detected","Limit of Quantitation",5,"ug/L","Method Detection Level",3.75,"ug/L","","SGS","1251731032",2025-05-02,19:58:00,"","","Cold packs","Plastic Bottle","Opaque",NA
"10000021","Water","Surface Water","10000021-2025-04-30-Cd",2025-04-30,09:32:00.000000,"","",60.476634,-151.082099,"","Field Msr/Obs",15,"cm","","","","","","1251731","Cadmium","200.8","USEPA","",0,"ug/L","U","Sampled",NA,"Dissolved","Actual","","","Water Bottle","Not Detected","Limit of Quantitation",0.5,"ug/L","Method Detection Level",0.375,"ug/L","","SGS","1251731032",2025-05-02,19:58:00,"","","Cold packs","Plastic Bottle","Opaque",NA
"10000021","Water","Surface Water","10000021-2025-04-30-Cr",2025-04-30,09:32:00.000000,"","",60.476634,-151.082099,"","Field Msr/Obs",15,"cm","","","","","","1251731","Chromium","200.8","USEPA","",0,"ug/L","U","Sampled",NA,"Dissolved","Actual","","","Water Bottle","Not Detected","Limit of Quantitation",5,"ug/L","Method Detection Level",3.75,"ug/L","","SGS","1251731032",2025-05-02,19:58:00,"","","Cold packs","Plastic Bottle","Opaque",NA
"10000021","Water","Surface Water","10000021-2025-04-30-Cu",2025-04-30,09:32:00.000000,"","",60.476634,-151.082099,"","Field Msr/Obs",15,"cm","","","","","","1251731","Copper","200.8","USEPA","",0,"ug/L","U","Sampled",NA,"Dissolved","Actual","","","Water Bottle","Not Detected","Limit of Quantitation",3,"ug/L","Method Detection Level",2.25,"ug/L","","SGS","1251731032",2025-05-02,19:58:00,"","","Cold packs","Plastic Bottle","Opaque",NA
"10000022","Water","Surface Water","10000022-2025-04-30-Zn",2025-04-30,10:30:00.000000,"","",60.483364,-151.057656,"","Field Msr/Obs",15,"cm","","","","","","1251731","Zinc","200.8","USEPA","",0,"ug/L","U","Sampled",NA,"Unfiltered","Actual","","","Water Bottle","Not Detected","Limit of Quantitation",10,"ug/L","Method Detection Level",7.5,"ug/L","","SGS","1251731009",2025-05-02,15:51:00,"","","Cold packs","Plastic Bottle","Opaque",NA
"10000022","Water","Surface Water","10000022-2025-04-30-Cd",2025-04-30,10:30:00.000000,"","",60.483364,-151.057656,"","Field Msr/Obs",15,"cm","","","","","","1251731","Cadmium","200.8","USEPA","",0,"ug/L","U","Sampled",NA,"Dissolved","Actual","","","Water Bottle","Not Detected","Limit of Quantitation",0.5,"ug/L","Method Detection Level",0.375,"ug/L","","SGS","1251731033",2025-05-02,20:01:00,"","","Cold packs","Plastic Bottle","Opaque",NA
"10000022","Water","Surface Water","10000022-2025-04-30-Cr",2025-04-30,10:30:00.000000,"","",60.483364,-151.057656,"","Field Msr/Obs",15,"cm","","","","","","1251731","Chromium","200.8","USEPA","",0,"ug/L","U","Sampled",NA,"Dissolved","Actual","","","Water Bottle","Not Detected","Limit of Quantitation",5,"ug/L","Method Detection Level",3.75,"ug/L","","SGS","1251731033",2025-05-02,20:01:00,"","","Cold packs","Plastic Bottle","Opaque",NA
"10000022","Water","Surface Water","10000022-2025-04-30-Cu-DUP",2025-04-30,10:42:00.000000,"","",60.483364,-151.057656,"","Quality Control Field Replicate Msr/Obs",15,"cm","","","","","","1251731","Copper","200.8","USEPA","",0,"ug/L","U","Sampled",NA,"Dissolved","Actual","","","Water Bottle","Not Detected","Limit of Quantitation",3,"ug/L","Method Detection Level",2.25,"ug/L","","SGS","1251731034",2025-05-02,20:04:00,"","","Cold packs","Plastic Bottle","Opaque",NA
"10000022","Water","Surface Water","10000022-2025-04-30-Pb-DUP",2025-04-30,10:42:00.000000,"","",60.483364,-151.057656,"","Quality Control Field Replicate Msr/Obs",15,"cm","","","","","","1251731","Lead","200.8","USEPA","",0,"ug/L","U","Sampled",NA,"Dissolved","Actual","","","Water Bottle","Not Detected","Limit of Quantitation",2,"ug/L","Method Detection Level",1.5,"ug/L","","SGS","1251731034",2025-05-02,20:04:00,"","","Cold packs","Plastic Bottle","Opaque",NA
"10000023","Water","Surface Water","10000023-2025-04-30-Cu",2025-04-30,09:06:00.000000,"","",60.480338,-151.030847,"","Field Msr/Obs",15,"cm","","","","","","1251731","Copper","200.8","USEPA","",0,"ug/L","U","Sampled",NA,"Unfiltered","Actual","","","Water Bottle","Not Detected","Limit of Quantitation",3,"ug/L","Method Detection Level",2.25,"ug/L","","SGS","1251731011",2025-05-02,15:57:00,"","","Cold packs","Plastic Bottle","Opaque",NA
"10000023","Water","Surface Water","10000023-2025-04-30-Cr",2025-04-30,09:06:00.000000,"","",60.480338,-151.030847,"","Field Msr/Obs",15,"cm","","","","","","1251731","Chromium","200.8","USEPA","",0,"ug/L","U","Sampled",NA,"Dissolved","Actual","","","Water Bottle","Not Detected","Limit of Quantitation",5,"ug/L","Method Detection Level",3.75,"ug/L","","SGS","1251731035",2025-05-08,10:56:00,"","","Cold packs","Plastic Bottle","Opaque",NA
"10000023","Water","Surface Water","10000023-2025-04-30-Cu",2025-04-30,09:06:00.000000,"","",60.480338,-151.030847,"","Field Msr/Obs",15,"cm","","","","","","1251731","Copper","200.8","USEPA","",0,"ug/L","U","Sampled",NA,"Dissolved","Actual","","","Water Bottle","Not Detected","Limit of Quantitation",3,"ug/L","Method Detection Level",2.25,"ug/L","","SGS","1251731035",2025-05-08,10:56:00,"","","Cold packs","Plastic Bottle","Opaque",NA
"10000023","Water","Surface Water","10000023-2025-04-30-Pb",2025-04-30,09:06:00.000000,"","",60.480338,-151.030847,"","Field Msr/Obs",15,"cm","","","","","","1251731","Lead","200.8","USEPA","",0,"ug/L","U","Sampled",NA,"Dissolved","Actual","","","Water Bottle","Not Detected","Limit of Quantitation",2,"ug/L","Method Detection Level",1.5,"ug/L","","SGS","1251731035",2025-05-08,10:56:00,"","","Cold packs","Plastic Bottle","Opaque",NA
"10000024","Water","Surface Water","10000024-2025-04-30-Cu",2025-04-30,10:26:00.000000,"","",60.489963,-150.860982,"","Field Msr/Obs",15,"cm","","","","","","1251731","Copper","200.8","USEPA","",0,"ug/L","U","Sampled",NA,"Unfiltered","Actual","","","Water Bottle","Not Detected","Limit of Quantitation",3,"ug/L","Method Detection Level",2.25,"ug/L","","SGS","1251731012",2025-05-02,16:00:00,"","","Cold packs","Plastic Bottle","Opaque",NA
"10000024","Water","Surface Water","10000024-2025-04-30-Cd",2025-04-30,10:26:00.000000,"","",60.489963,-150.860982,"","Field Msr/Obs",15,"cm","","","","","","1251731","Cadmium","200.8","USEPA","",0,"ug/L","U","Sampled",NA,"Dissolved","Actual","","","Water Bottle","Not Detected","Limit of Quantitation",0.5,"ug/L","Method Detection Level",0.375,"ug/L","","SGS","1251731036",2025-05-08,10:59:00,"","","Cold packs","Plastic Bottle","Opaque",NA
"10000024","Water","Surface Water","10000024-2025-04-30-Cr",2025-04-30,10:26:00.000000,"","",60.489963,-150.860982,"","Field Msr/Obs",15,"cm","","","","","","1251731","Chromium","200.8","USEPA","",0,"ug/L","U","Sampled",NA,"Dissolved","Actual","","","Water Bottle","Not Detected","Limit of Quantitation",5,"ug/L","Method Detection Level",3.75,"ug/L","","SGS","1251731036",2025-05-08,10:59:00,"","","Cold packs","Plastic Bottle","Opaque",NA
"10000024","Water","Surface Water","10000024-2025-04-30-Cu",2025-04-30,10:26:00.000000,"","",60.489963,-150.860982,"","Field Msr/Obs",15,"cm","","","","","","1251731","Copper","200.8","USEPA","",0,"ug/L","U","Sampled",NA,"Dissolved","Actual","","","Water Bottle","Not Detected","Limit of Quantitation",3,"ug/L","Method Detection Level",2.25,"ug/L","","SGS","1251731036",2025-05-08,10:59:00,"","","Cold packs","Plastic Bottle","Opaque",NA
"10000024","Water","Surface Water","10000024-2025-04-30-Pb",2025-04-30,10:26:00.000000,"","",60.489963,-150.860982,"","Field Msr/Obs",15,"cm","","","","","","1251731","Lead","200.8","USEPA","",0,"ug/L","U","Sampled",NA,"Dissolved","Actual","","","Water Bottle","Not Detected","Limit of Quantitation",2,"ug/L","Method Detection Level",1.5,"ug/L","","SGS","1251731036",2025-05-08,10:59:00,"","","Cold packs","Plastic Bottle","Opaque",NA
"10000025","Water","Surface Water","10000025-2025-04-30-Cd",2025-04-30,10:26:00.000000,"","",60.498284,-150.863121,"","Field Msr/Obs",15,"cm","","","","","","1251731","Cadmium","200.8","USEPA","",0,"ug/L","U","Sampled",NA,"Dissolved","Actual","","","Water Bottle","Not Detected","Limit of Quantitation",0.5,"ug/L","Method Detection Level",0.375,"ug/L","","SGS","1251731037",2025-05-08,11:02:00,"","","Cold packs","Plastic Bottle","Opaque",NA
"10000025","Water","Surface Water","10000025-2025-04-30-Cr",2025-04-30,10:26:00.000000,"","",60.498284,-150.863121,"","Field Msr/Obs",15,"cm","","","","","","1251731","Chromium","200.8","USEPA","",0,"ug/L","U","Sampled",NA,"Dissolved","Actual","","","Water Bottle","Not Detected","Limit of Quantitation",5,"ug/L","Method Detection Level",3.75,"ug/L","","SGS","1251731037",2025-05-08,11:02:00,"","","Cold packs","Plastic Bottle","Opaque",NA
"10000025","Water","Surface Water","10000025-2025-04-30-Cu",2025-04-30,10:26:00.000000,"","",60.498284,-150.863121,"","Field Msr/Obs",15,"cm","","","","","","1251731","Copper","200.8","USEPA","",0,"ug/L","U","Sampled",NA,"Dissolved","Actual","","","Water Bottle","Not Detected","Limit of Quantitation",3,"ug/L","Method Detection Level",2.25,"ug/L","","SGS","1251731037",2025-05-08,11:02:00,"","","Cold packs","Plastic Bottle","Opaque",NA
"10000025","Water","Surface Water","10000025-2025-04-30-Pb",2025-04-30,10:26:00.000000,"","",60.498284,-150.863121,"","Field Msr/Obs",15,"cm","","","","","","1251731","Lead","200.8","USEPA","",0,"ug/L","U","Sampled",NA,"Dissolved","Actual","","","Water Bottle","Not Detected","Limit of Quantitation",2,"ug/L","Method Detection Level",1.5,"ug/L","","SGS","1251731037",2025-05-08,11:02:00,"","","Cold packs","Plastic Bottle","Opaque",NA
"10000027","Water","Surface Water","10000027-2025-04-30-Total P",2025-04-30,09:26:00.000000,"","",60.515441,-150.702069,"","Field Msr/Obs",15,"cm","","","","","","1251731","Total Phosphorus","4500-P-E","APHA","",0,"mg/L","U","Sampled",NA,"Total","Actual","","","Water Bottle","Not Detected","Limit of Quantitation",0.04,"mg/L","Method Detection Level",0.03,"mg/L","","SGS","1251731015",2025-05-07,09:55:00,"","","Cold packs","Plastic Bottle","Opaque","H2SO4"
"10000029","Water","Surface Water","10000029-2025-04-30-Total P",2025-04-30,09:12:00.000000,"","",60.481518,-150.632498,"","Field Msr/Obs",15,"cm","","","","","","1251731","Total Phosphorus","4500-P-E","APHA","",0,"mg/L","U","Sampled",NA,"Total","Actual","","","Water Bottle","Not Detected","Limit of Quantitation",0.04,"mg/L","Method Detection Level",0.03,"mg/L","","SGS","1251731017",2025-05-07,09:57:00,"","","Cold packs","Plastic Bottle","Opaque","H2SO4"
"10000030","Water","Surface Water","10000030-2025-04-30-Total P",2025-04-30,09:25:00.000000,"","",60.467517,-150.507789,"","Field Msr/Obs",15,"cm","","","","","","1251731","Total Phosphorus","4500-P-E","APHA","",0,"mg/L","U","Sampled",NA,"Total","Actual","","","Water Bottle","Not Detected","Limit of Quantitation",0.04,"mg/L","Method Detection Level",0.03,"mg/L","","SGS","1251731018",2025-05-07,09:58:00,"","","Cold packs","Plastic Bottle","Opaque","H2SO4"
"10000021","Water","Surface Water","10000021-2025-04-30-Pb",2025-04-30,09:32:00.000000,"","",60.476634,-151.082099,"","Field Msr/Obs",15,"cm","","","","","","1251731","Lead","200.8","USEPA","",0,"ug/L","U","Sampled",NA,"Dissolved","Actual","","","Water Bottle","Not Detected","Limit of Quantitation",2,"ug/L","Method Detection Level",1.5,"ug/L","","SGS","1251731032",2025-05-02,19:58:00,"","","Cold packs","Plastic Bottle","Opaque",NA
"10000022","Water","Surface Water","10000022-2025-04-30-Cu",2025-04-30,10:30:00.000000,"","",60.483364,-151.057656,"","Field Msr/Obs",15,"cm","","","","","","1251731","Copper","200.8","USEPA","",0,"ug/L","U","Sampled",NA,"Unfiltered","Actual","","","Water Bottle","Not Detected","Limit of Quantitation",3,"ug/L","Method Detection Level",2.25,"ug/L","","SGS","1251731009",2025-05-02,15:51:00,"","","Cold packs","Plastic Bottle","Opaque",NA
"10000022","Water","Surface Water","10000022-2025-04-30-Cu",2025-04-30,10:30:00.000000,"","",60.483364,-151.057656,"","Field Msr/Obs",15,"cm","","","","","","1251731","Copper","200.8","USEPA","",0,"ug/L","U","Sampled",NA,"Dissolved","Actual","","","Water Bottle","Not Detected","Limit of Quantitation",3,"ug/L","Method Detection Level",2.25,"ug/L","","SGS","1251731033",2025-05-02,20:01:00,"","","Cold packs","Plastic Bottle","Opaque",NA
"10000022","Water","Surface Water","10000022-2025-04-30-Pb",2025-04-30,10:30:00.000000,"","",60.483364,-151.057656,"","Field Msr/Obs",15,"cm","","","","","","1251731","Lead","200.8","USEPA","",0,"ug/L","U","Sampled",NA,"Dissolved","Actual","","","Water Bottle","Not Detected","Limit of Quantitation",2,"ug/L","Method Detection Level",1.5,"ug/L","","SGS","1251731033",2025-05-02,20:01:00,"","","Cold packs","Plastic Bottle","Opaque",NA
"10000022","Water","Surface Water","10000022-2025-04-30-Cd-DUP",2025-04-30,10:42:00.000000,"","",60.483364,-151.057656,"","Quality Control Field Replicate Msr/Obs",15,"cm","","","","","","1251731","Cadmium","200.8","USEPA","",0,"ug/L","U","Sampled",NA,"Dissolved","Actual","","","Water Bottle","Not Detected","Limit of Quantitation",0.5,"ug/L","Method Detection Level",0.375,"ug/L","","SGS","1251731034",2025-05-02,20:04:00,"","","Cold packs","Plastic Bottle","Opaque",NA
"10000022","Water","Surface Water","10000022-2025-04-30-Cr-DUP",2025-04-30,10:42:00.000000,"","",60.483364,-151.057656,"","Quality Control Field Replicate Msr/Obs",15,"cm","","","","","","1251731","Chromium","200.8","USEPA","",0,"ug/L","U","Sampled",NA,"Dissolved","Actual","","","Water Bottle","Not Detected","Limit of Quantitation",5,"ug/L","Method Detection Level",3.75,"ug/L","","SGS","1251731034",2025-05-02,20:04:00,"","","Cold packs","Plastic Bottle","Opaque",NA
"10000023","Water","Surface Water","10000023-2025-04-30-Zn",2025-04-30,09:06:00.000000,"","",60.480338,-151.030847,"","Field Msr/Obs",15,"cm","","","","","","1251731","Zinc","200.8","USEPA","",0,"ug/L","U","Sampled",NA,"Unfiltered","Actual","","","Water Bottle","Not Detected","Limit of Quantitation",10,"ug/L","Method Detection Level",7.5,"ug/L","","SGS","1251731011",2025-05-02,15:57:00,"","","Cold packs","Plastic Bottle","Opaque",NA
"10000023","Water","Surface Water","10000023-2025-04-30-Total P",2025-04-30,09:06:00.000000,"","",60.480338,-151.030847,"","Field Msr/Obs",15,"cm","","","","","","1251731","Total Phosphorus","4500-P-E","APHA","",0,"mg/L","U","Sampled",NA,"Total","Actual","","","Water Bottle","Not Detected","Limit of Quantitation",0.04,"mg/L","Method Detection Level",0.03,"mg/L","","SGS","1251731011",2025-05-07,09:44:00,"","","Cold packs","Plastic Bottle","Opaque","H2SO4"
"10000023","Water","Surface Water","10000023-2025-04-30-As",2025-04-30,09:06:00.000000,"","",60.480338,-151.030847,"","Field Msr/Obs",15,"cm","","","","","","1251731","Arsenic","200.8","USEPA","",0,"ug/L","U","Sampled",NA,"Dissolved","Actual","","","Water Bottle","Not Detected","Limit of Quantitation",5,"ug/L","Method Detection Level",3.75,"ug/L","","SGS","1251731035",2025-05-08,10:56:00,"","","Cold packs","Plastic Bottle","Opaque",NA
"10000023","Water","Surface Water","10000023-2025-04-30-Cd",2025-04-30,09:06:00.000000,"","",60.480338,-151.030847,"","Field Msr/Obs",15,"cm","","","","","","1251731","Cadmium","200.8","USEPA","",0,"ug/L","U","Sampled",NA,"Dissolved","Actual","","","Water Bottle","Not Detected","Limit of Quantitation",0.5,"ug/L","Method Detection Level",0.375,"ug/L","","SGS","1251731035",2025-05-08,10:56:00,"","","Cold packs","Plastic Bottle","Opaque",NA
"10000025","Water","Surface Water","10000025-2025-04-30-Cu",2025-04-30,10:26:00.000000,"","",60.498284,-150.863121,"","Field Msr/Obs",15,"cm","","","","","","1251731","Copper","200.8","USEPA","",0,"ug/L","U","Sampled",NA,"Unfiltered","Actual","","","Water Bottle","Not Detected","Limit of Quantitation",3,"ug/L","Method Detection Level",2.25,"ug/L","","SGS","1251731013",2025-05-02,16:03:00,"","","Cold packs","Plastic Bottle","Opaque",NA
"10000028","Water","Surface Water","10000028-2025-04-30-Total P",2025-04-30,09:48:00.000000,"","",60.489844,-150.636905,"","Field Msr/Obs",15,"cm","","","","","","1251731","Total Phosphorus","4500-P-E","APHA","",0,"mg/L","U","Sampled",NA,"Total","Actual","","","Water Bottle","Not Detected","Limit of Quantitation",0.04,"mg/L","Method Detection Level",0.03,"mg/L","","SGS","1251731016",2025-05-07,09:56:00,"","","Cold packs","Plastic Bottle","Opaque","H2SO4"
"10000031","Water","Surface Water","10000031-2025-04-30-Fe",2025-04-30,10:45:00.000000,"","",60.481392,-150.11502,"","Field Msr/Obs",15,"cm","","","","","","1251731","Iron","200.8","USEPA","",0,"ug/L","U","Sampled",NA,"Unfiltered","Actual","","","Water Bottle","Not Detected","Limit of Quantitation",250,"ug/L","Method Detection Level",188,"ug/L","","SGS","1251731019",2025-05-02,19:04:00,"","","Cold packs","Plastic Bottle","Opaque",NA
"10000031","Water","Surface Water","10000031-2025-04-30-Total P",2025-04-30,10:45:00.000000,"","",60.481392,-150.11502,"","Field Msr/Obs",15,"cm","","","","","","1251731","Total Phosphorus","4500-P-E","APHA","",0,"mg/L","U","Sampled",NA,"Total","Actual","","","Water Bottle","Not Detected","Limit of Quantitation",0.04,"mg/L","Method Detection Level",0.03,"mg/L","","SGS","1251731019",2025-05-07,09:59:00,"","","Cold packs","Plastic Bottle","Opaque","H2SO4"
"10000032","Water","Surface Water","10000032-2025-04-30-Fe",2025-04-30,10:05:00.000000,"","",60.484622,-149.993955,"","Field Msr/Obs",15,"cm","","","","","","1251731","Iron","200.8","USEPA","",0,"ug/L","U","Sampled",NA,"Unfiltered","Actual","","","Water Bottle","Not Detected","Limit of Quantitation",250,"ug/L","Method Detection Level",188,"ug/L","","SGS","1251731020",2025-05-02,19:07:00,"","","Cold packs","Plastic Bottle","Opaque",NA
"10000032","Water","Surface Water","10000032-2025-04-30-Total P",2025-04-30,10:05:00.000000,"","",60.484622,-149.993955,"","Field Msr/Obs",15,"cm","","","","","","1251731","Total Phosphorus","4500-P-E","APHA","",0,"mg/L","U","Sampled",NA,"Total","Actual","","","Water Bottle","Not Detected","Limit of Quantitation",0.04,"mg/L","Method Detection Level",0.03,"mg/L","","SGS","1251731020",2025-05-07,09:59:00,"","","Cold packs","Plastic Bottle","Opaque","H2SO4"
"10000017","Water","Surface Water","10000017-2025-04-30-Cu",2025-04-30,10:15:00.000000,"","",60.533743,-151.099258,"","Field Msr/Obs",15,"cm","","","","","","1251731","Copper","200.8","USEPA","",0,"ug/L","U","Sampled",NA,"Unfiltered","Actual","","","Water Bottle","Not Detected","Limit of Quantitation",3,"ug/L","Method Detection Level",2.25,"ug/L","","SGS","1251731004",2025-05-02,15:27:00,"","","Cold packs","Plastic Bottle","Opaque",NA
"10000017","Water","Surface Water","10000017-2025-04-30-Total P",2025-04-30,10:15:00.000000,"","",60.533743,-151.099258,"","Field Msr/Obs",15,"cm","","","","","","1251731","Total Phosphorus","4500-P-E","APHA","",0,"mg/L","U","Sampled",NA,"Total","Actual","","","Water Bottle","Not Detected","Limit of Quantitation",0.04,"mg/L","Method Detection Level",0.03,"mg/L","","SGS","1251731004",2025-05-07,09:35:00,"","","Cold packs","Plastic Bottle","Opaque","H2SO4"
"10000424","Water","Surface Water","10000424-2025-04-30-Fe",2025-04-30,09:05:00.000000,"","",60.489,-149.877,"","Field Msr/Obs",15,"cm","","","","","","1251731","Iron","200.8","USEPA","",0,"ug/L","U","Sampled",NA,"Unfiltered","Actual","","","Water Bottle","Not Detected","Limit of Quantitation",250,"ug/L","Method Detection Level",188,"ug/L","","SGS","1251731022",2025-05-02,19:10:00,"","","Cold packs","Plastic Bottle","Opaque",NA
"10000424","Water","Surface Water","10000424-2025-04-30-Total P",2025-04-30,09:05:00.000000,"","",60.489,-149.877,"","Field Msr/Obs",15,"cm","","","","","","1251731","Total Phosphorus","4500-P-E","APHA","",0,"mg/L","U","Sampled",NA,"Total","Actual","","","Water Bottle","Not Detected","Limit of Quantitation",0.04,"mg/L","Method Detection Level",0.03,"mg/L","","SGS","1251731022",2025-05-07,10:01:00,"","","Cold packs","Plastic Bottle","Opaque","H2SO4"
"10000425","Water","Surface Water","10000425-2025-04-30-Total P",2025-04-30,08:15:00.000000,"","",60.492007,-149.810844,"","Field Msr/Obs",15,"cm","","","","","","1251731","Total Phosphorus","4500-P-E","APHA","",0,"mg/L","U","Sampled",NA,"Total","Actual","","","Water Bottle","Not Detected","Limit of Quantitation",0.04,"mg/L","Method Detection Level",0.03,"mg/L","","SGS","1251731021",2025-05-07,10:00:00,"","","Cold packs","Plastic Bottle","Opaque","H2SO4"
"10000017","Water","Surface Water","10000017-2025-04-30-As",2025-04-30,10:15:00.000000,"","",60.533743,-151.099258,"","Field Msr/Obs",15,"cm","","","","","","1251731","Arsenic","200.8","USEPA","",0,"ug/L","U","Sampled",NA,"Dissolved","Actual","","","Water Bottle","Not Detected","Limit of Quantitation",5,"ug/L","Method Detection Level",3.75,"ug/L","","SGS","1251731028",2025-05-02,19:37:00,"","","Cold packs","Plastic Bottle","Opaque",NA
"10000017","Water","Surface Water","10000017-2025-04-30-Cd",2025-04-30,10:15:00.000000,"","",60.533743,-151.099258,"","Field Msr/Obs",15,"cm","","","","","","1251731","Cadmium","200.8","USEPA","",0,"ug/L","U","Sampled",NA,"Dissolved","Actual","","","Water Bottle","Not Detected","Limit of Quantitation",0.5,"ug/L","Method Detection Level",0.375,"ug/L","","SGS","1251731028",2025-05-02,19:37:00,"","","Cold packs","Plastic Bottle","Opaque",NA
"10000017","Water","Surface Water","10000017-2025-04-30-Cr",2025-04-30,10:15:00.000000,"","",60.533743,-151.099258,"","Field Msr/Obs",15,"cm","","","","","","1251731","Chromium","200.8","USEPA","",0,"ug/L","U","Sampled",NA,"Dissolved","Actual","","","Water Bottle","Not Detected","Limit of Quantitation",5,"ug/L","Method Detection Level",3.75,"ug/L","","SGS","1251731028",2025-05-02,19:37:00,"","","Cold packs","Plastic Bottle","Opaque",NA
"10000017","Water","Surface Water","10000017-2025-04-30-Cu",2025-04-30,10:15:00.000000,"","",60.533743,-151.099258,"","Field Msr/Obs",15,"cm","","","","","","1251731","Copper","200.8","USEPA","",0,"ug/L","U","Sampled",NA,"Dissolved","Actual","","","Water Bottle","Not Detected","Limit of Quantitation",3,"ug/L","Method Detection Level",2.25,"ug/L","","SGS","1251731028",2025-05-02,19:37:00,"","","Cold packs","Plastic Bottle","Opaque",NA
"10000017","Water","Surface Water","10000017-2025-04-30-Pb",2025-04-30,10:15:00.000000,"","",60.533743,-151.099258,"","Field Msr/Obs",15,"cm","","","","","","1251731","Lead","200.8","USEPA","",0,"ug/L","U","Sampled",NA,"Dissolved","Actual","","","Water Bottle","Not Detected","Limit of Quantitation",2,"ug/L","Method Detection Level",1.5,"ug/L","","SGS","1251731028",2025-05-02,19:37:00,"","","Cold packs","Plastic Bottle","Opaque",NA
"10000020","Water","Surface Water","10000020-2025-04-30-Total P",2025-04-30,09:58:00.000000,"","",60.48175453,-151.1306816,"","Field Msr/Obs",15,"cm","","","","","","1251731","Total Phosphorus","4500-P-E","APHA","",0.029,"mg/L","J","Sampled",NA,"Total","Actual","","","Water Bottle","Present Below Quantification Limit","Limit of Quantitation",0.04,"mg/L","Method Detection Level",0.03,"mg/L","","SGS","1251731007",2025-05-07,09:38:00,"","","Cold packs","Plastic Bottle","Opaque","H2SO4"
"10000020","Water","Surface Water","10000020-2025-04-30-As",2025-04-30,09:58:00.000000,"","",60.48175453,-151.1306816,"","Field Msr/Obs",15,"cm","","","","","","1251731","Arsenic","200.8","USEPA","",1.63,"ug/L","J","Sampled",NA,"Dissolved","Actual","","","Water Bottle","Present Below Quantification Limit","Limit of Quantitation",5,"ug/L","Method Detection Level",3.75,"ug/L","","SGS","1251731031",2025-05-02,19:46:00,"","","Cold packs","Plastic Bottle","Opaque",NA
"10000020","Water","Surface Water","10000020-2025-04-30-Zn",2025-04-30,09:58:00.000000,"","",60.48175453,-151.1306816,"","Field Msr/Obs",15,"cm","","","","","","1251731","Zinc","200.8","USEPA","",22.9,"ug/L","=","Sampled",NA,"Dissolved","Actual","","","Water Bottle",NA,"Limit of Quantitation",10,"ug/L","Method Detection Level",7.5,"ug/L","","SGS","1251731031",2025-05-02,19:46:00,"","","Cold packs","Plastic Bottle","Opaque",NA
"10000022","Water","Surface Water","10000022-2025-04-30-Total P-DUP",2025-04-30,10:42:00.000000,"","",60.483364,-151.057656,"","Quality Control Field Replicate Msr/Obs",15,"cm","","","","","","1251731","Total Phosphorus","4500-P-E","APHA","",0.0733,"mg/L","=","Sampled",NA,"Total","Actual","","","Water Bottle",NA,"Limit of Quantitation",0.04,"mg/L","Method Detection Level",0.03,"mg/L","","SGS","1251731010",2025-05-07,09:43:00,"","","Cold packs","Plastic Bottle","Opaque","H2SO4"
"10000008","Water","Surface Water","10000008-2025-04-30-Zn",2025-04-30,09:48:00.000000,"","",60.550888,-151.268417,"","Field Msr/Obs",15,"cm","","","","","","1251731","Zinc","200.8","USEPA","",13.2,"ug/L","=","Sampled",NA,"Dissolved","Actual","","","Water Bottle",NA,"Limit of Quantitation",10,"ug/L","Method Detection Level",7.5,"ug/L","","SGS","1251731025",2025-05-02,19:28:00,"","","Cold packs","Plastic Bottle","Opaque",NA
"10000002","Water","Surface Water","10000002-2025-04-30-As",2025-04-30,10:26:00.000000,"","",60.54368,-151.22294,"","Field Msr/Obs",15,"cm","","","","","","1251731","Arsenic","200.8","USEPA","",2.51,"ug/L","J","Sampled",NA,"Dissolved","Actual","","","Water Bottle","Present Below Quantification Limit","Limit of Quantitation",5,"ug/L","Method Detection Level",3.75,"ug/L","","SGS","1251731026",2025-05-02,19:31:00,"","","Cold packs","Plastic Bottle","Opaque",NA
"10000002","Water","Surface Water","10000002-2025-04-30-Cu",2025-04-30,10:26:00.000000,"","",60.54368,-151.22294,"","Field Msr/Obs",15,"cm","","","","","","1251731","Copper","200.8","USEPA","",19,"ug/L","=","Sampled",NA,"Dissolved","Actual","","","Water Bottle",NA,"Limit of Quantitation",3,"ug/L","Method Detection Level",2.25,"ug/L","","SGS","1251731026",2025-05-02,19:31:00,"","","Cold packs","Plastic Bottle","Opaque",NA
"10000002","Water","Surface Water","10000002-2025-04-30-Zn",2025-04-30,10:26:00.000000,"","",60.54368,-151.22294,"","Field Msr/Obs",15,"cm","","","","","","1251731","Zinc","200.8","USEPA","",6.38,"ug/L","J","Sampled",NA,"Dissolved","Actual","","","Water Bottle","Present Below Quantification Limit","Limit of Quantitation",10,"ug/L","Method Detection Level",7.5,"ug/L","","SGS","1251731026",2025-05-02,19:31:00,"","","Cold packs","Plastic Bottle","Opaque",NA
"10000002","Water","Surface Water","10000002-2025-04-30-Zn-NA",2025-04-30,10:23:00.000000,"","",60.54368,-151.22294,"","Field Msr/Obs",15,"cm","","","","","","1251731","Zinc","200.8","USEPA","",9.2,"ug/L","J","Sampled",NA,"Dissolved","Actual","","","Water Bottle","Present Below Quantification Limit","Limit of Quantitation",10,"ug/L","Method Detection Level",7.5,"ug/L","","SGS","1251731038",2025-05-08,11:05:00,"","","Cold packs","Plastic Bottle","Opaque",NA
"10000015","Water","Surface Water","10000015-2025-04-30-As",2025-04-30,09:50:00.000000,"","",60.548029,-151.14324,"","Field Msr/Obs",15,"cm","","","","","","1251731","Arsenic","200.8","USEPA","",2.93,"ug/L","J","Sampled",NA,"Dissolved","Actual","","","Water Bottle","Present Below Quantification Limit","Limit of Quantitation",5,"ug/L","Method Detection Level",3.75,"ug/L","","SGS","1251731027",2025-05-02,19:34:00,"","","Cold packs","Plastic Bottle","Opaque",NA
"10000015","Water","Surface Water","10000015-2025-04-30-Zn",2025-04-30,09:50:00.000000,"","",60.548029,-151.14324,"","Field Msr/Obs",15,"cm","","","","","","1251731","Zinc","200.8","USEPA","",9.99,"ug/L","J","Sampled",NA,"Dissolved","Actual","","","Water Bottle","Present Below Quantification Limit","Limit of Quantitation",10,"ug/L","Method Detection Level",7.5,"ug/L","","SGS","1251731027",2025-05-02,19:34:00,"","","Cold packs","Plastic Bottle","Opaque",NA
"10000018","Water","Surface Water","10000018-2025-04-30-Total P-DUP",2025-04-30,10:47:00.000000,"","",60.502005,-151.106973,"","Quality Control Field Replicate Msr/Obs",15,"cm","","","","","","1251731","Total Phosphorus","4500-P-E","APHA","",0.0127,"mg/L","J","Sampled",NA,"Total","Actual","","","Water Bottle","Present Below Quantification Limit","Limit of Quantitation",0.04,"mg/L","Method Detection Level",0.03,"mg/L","","SGS","1251731006",2025-05-07,09:37:00,"","","Cold packs","Plastic Bottle","Opaque","H2SO4"
"10000008","Water","Surface Water","10000008-2025-04-30-Total P",2025-04-30,09:48:00.000000,"","",60.550888,-151.268417,"","Field Msr/Obs",15,"cm","","","","","","1251731","Total Phosphorus","4500-P-E","APHA","",0.0268,"mg/L","J","Sampled",NA,"Total","Actual","","","Water Bottle","Present Below Quantification Limit","Limit of Quantitation",0.04,"mg/L","Method Detection Level",0.03,"mg/L","","SGS","1251731001",2025-05-07,09:31:00,"","","Cold packs","Plastic Bottle","Opaque","H2SO4"
"10000002","Water","Surface Water","10000002-2025-04-30-Total P",2025-04-30,10:23:00.000000,"","",60.54368,-151.22294,"","Field Msr/Obs",15,"cm","","","","","","1251731","Total Phosphorus","4500-P-E","APHA","",0.473,"mg/L","=","Sampled",NA,"Total","Actual","","","Water Bottle",NA,"Limit of Quantitation",0.2,"mg/L","Method Detection Level",0.15,"mg/L","","SGS","1251731002",2025-05-13,10:54:00,"","","Cold packs","Plastic Bottle","Opaque","H2SO4"
"10000015","Water","Surface Water","10000015-2025-04-30-Total P",2025-04-30,09:50:00.000000,"","",60.548029,-151.14324,"","Field Msr/Obs",15,"cm","","","","","","1251731","Total Phosphorus","4500-P-E","APHA","",0.0886,"mg/L","=","Sampled",NA,"Total","Actual","","","Water Bottle",NA,"Limit of Quantitation",0.04,"mg/L","Method Detection Level",0.03,"mg/L","","SGS","1251731003",2025-05-07,09:34:00,"","","Cold packs","Plastic Bottle","Opaque","H2SO4"
"10000018","Water","Surface Water","10000018-2025-04-30-Zn",2025-04-30,10:47:00.000000,"","",60.502005,-151.106973,"","Field Msr/Obs",15,"cm","","","","","","1251731","Zinc","200.8","USEPA","",13.1,"ug/L","=","Sampled",NA,"Dissolved","Actual","","","Water Bottle",NA,"Limit of Quantitation",10,"ug/L","Method Detection Level",7.5,"ug/L","","SGS","1251731029",2025-05-02,19:40:00,"","","Cold packs","Plastic Bottle","Opaque",NA
"10000018","Water","Surface Water","10000018-2025-04-30-Zn-DUP",2025-04-30,10:47:00.000000,"","",60.502005,-151.106973,"","Quality Control Field Replicate Msr/Obs",15,"cm","","","","","","1251731","Zinc","200.8","USEPA","",11.9,"ug/L","=","Sampled",NA,"Dissolved","Actual","","","Water Bottle",NA,"Limit of Quantitation",10,"ug/L","Method Detection Level",7.5,"ug/L","","SGS","1251731030",2025-05-02,19:43:00,"","","Cold packs","Plastic Bottle","Opaque",NA
"10000020","Water","Surface Water","10000020-2025-04-30-Zn-NA",2025-04-30,09:58:00.000000,"","",60.48175453,-151.1306816,"","Field Msr/Obs",15,"cm","","","","","","1251731","Zinc","200.8","USEPA","",6.74,"ug/L","J","Sampled",NA,"Dissolved","Actual","","","Water Bottle","Present Below Quantification Limit","Limit of Quantitation",10,"ug/L","Method Detection Level",7.5,"ug/L","","SGS","1251731039",2025-05-08,11:08:00,"","","Cold packs","Plastic Bottle","Opaque",NA
"10000022","Water","Surface Water","10000022-2025-04-30-Total P",2025-04-30,10:30:00.000000,"","",60.483364,-151.057656,"","Field Msr/Obs",15,"cm","","","","","","1251731","Total Phosphorus","4500-P-E","APHA","",0.0702,"mg/L","=","Sampled",NA,"Total","Actual","","","Water Bottle",NA,"Limit of Quantitation",0.04,"mg/L","Method Detection Level",0.03,"mg/L","","SGS","1251731009",2025-05-07,09:42:00,"","","Cold packs","Plastic Bottle","Opaque","H2SO4"
"10000022","Water","Surface Water","10000022-2025-04-30-As",2025-04-30,10:30:00.000000,"","",60.483364,-151.057656,"","Field Msr/Obs",15,"cm","","","","","","1251731","Arsenic","200.8","USEPA","",5.24,"ug/L","=","Sampled",NA,"Dissolved","Actual","","","Water Bottle",NA,"Limit of Quantitation",5,"ug/L","Method Detection Level",3.75,"ug/L","","SGS","1251731033",2025-05-02,20:01:00,"","","Cold packs","Plastic Bottle","Opaque",NA
"10000022","Water","Surface Water","10000022-2025-04-30-Zn-DUP",2025-04-30,10:42:00.000000,"","",60.483364,-151.057656,"","Quality Control Field Replicate Msr/Obs",15,"cm","","","","","","1251731","Zinc","200.8","USEPA","",10.3,"ug/L","=","Sampled",NA,"Dissolved","Actual","","","Water Bottle",NA,"Limit of Quantitation",10,"ug/L","Method Detection Level",7.5,"ug/L","","SGS","1251731034",2025-05-02,20:04:00,"","","Cold packs","Plastic Bottle","Opaque",NA
"10000023","Water","Surface Water","10000023-2025-04-30-Zn",2025-04-30,09:06:00.000000,"","",60.480338,-151.030847,"","Field Msr/Obs",15,"cm","","","","","","1251731","Zinc","200.8","USEPA","",6.33,"ug/L","J","Sampled",NA,"Dissolved","Actual","","","Water Bottle","Present Below Quantification Limit","Limit of Quantitation",10,"ug/L","Method Detection Level",7.5,"ug/L","","SGS","1251731035",2025-05-08,10:56:00,"","","Cold packs","Plastic Bottle","Opaque",NA
"10000024","Water","Surface Water","10000024-2025-04-30-Zn",2025-04-30,10:26:00.000000,"","",60.489963,-150.860982,"","Field Msr/Obs",15,"cm","","","","","","1251731","Zinc","200.8","USEPA","",5.2,"ug/L","J","Sampled",NA,"Dissolved","Actual","","","Water Bottle","Present Below Quantification Limit","Limit of Quantitation",10,"ug/L","Method Detection Level",7.5,"ug/L","","SGS","1251731036",2025-05-08,10:59:00,"","","Cold packs","Plastic Bottle","Opaque",NA
"10000025","Water","Surface Water","10000025-2025-04-30-As",2025-04-30,10:26:00.000000,"","",60.498284,-150.863121,"","Field Msr/Obs",15,"cm","","","","","","1251731","Arsenic","200.8","USEPA","",1.54,"ug/L","J","Sampled",NA,"Dissolved","Actual","","","Water Bottle","Present Below Quantification Limit","Limit of Quantitation",5,"ug/L","Method Detection Level",3.75,"ug/L","","SGS","1251731037",2025-05-08,11:02:00,"","","Cold packs","Plastic Bottle","Opaque",NA
"10000025","Water","Surface Water","10000025-2025-04-30-Zn",2025-04-30,10:26:00.000000,"","",60.498284,-150.863121,"","Field Msr/Obs",15,"cm","","","","","","1251731","Zinc","200.8","USEPA","",7.33,"ug/L","J","Sampled",NA,"Dissolved","Actual","","","Water Bottle","Present Below Quantification Limit","Limit of Quantitation",10,"ug/L","Method Detection Level",7.5,"ug/L","","SGS","1251731037",2025-05-08,11:02:00,"","","Cold packs","Plastic Bottle","Opaque",NA
"10000021","Water","Surface Water","10000021-2025-04-30-Zn",2025-04-30,09:32:00.000000,"","",60.476634,-151.082099,"","Field Msr/Obs",15,"cm","","","","","","1251731","Zinc","200.8","USEPA","",6.62,"ug/L","J","Sampled",NA,"Dissolved","Actual","","","Water Bottle","Present Below Quantification Limit","Limit of Quantitation",10,"ug/L","Method Detection Level",7.5,"ug/L","","SGS","1251731032",2025-05-02,19:58:00,"","","Cold packs","Plastic Bottle","Opaque",NA
"10000022","Water","Surface Water","10000022-2025-04-30-Zn",2025-04-30,10:30:00.000000,"","",60.483364,-151.057656,"","Field Msr/Obs",15,"cm","","","","","","1251731","Zinc","200.8","USEPA","",9.71,"ug/L","J","Sampled",NA,"Dissolved","Actual","","","Water Bottle","Present Below Quantification Limit","Limit of Quantitation",10,"ug/L","Method Detection Level",7.5,"ug/L","","SGS","1251731033",2025-05-02,20:01:00,"","","Cold packs","Plastic Bottle","Opaque",NA
"10000022","Water","Surface Water","10000022-2025-04-30-As-DUP",2025-04-30,10:42:00.000000,"","",60.483364,-151.057656,"","Quality Control Field Replicate Msr/Obs",15,"cm","","","","","","1251731","Arsenic","200.8","USEPA","",5.51,"ug/L","=","Sampled",NA,"Dissolved","Actual","","","Water Bottle",NA,"Limit of Quantitation",5,"ug/L","Method Detection Level",3.75,"ug/L","","SGS","1251731034",2025-05-02,20:04:00,"","","Cold packs","Plastic Bottle","Opaque",NA
"10000024","Water","Surface Water","10000024-2025-04-30-Total P",2025-04-30,10:26:00.000000,"","",60.489963,-150.860982,"","Field Msr/Obs",15,"cm","","","","","","1251731","Total Phosphorus","4500-P-E","APHA","",0.0438,"mg/L","=","Sampled",NA,"Total","Actual","","","Water Bottle",NA,"Limit of Quantitation",0.04,"mg/L","Method Detection Level",0.03,"mg/L","","SGS","1251731012",2025-05-07,09:45:00,"","","Cold packs","Plastic Bottle","Opaque","H2SO4"
"10000024","Water","Surface Water","10000024-2025-04-30-As",2025-04-30,10:26:00.000000,"","",60.489963,-150.860982,"","Field Msr/Obs",15,"cm","","","","","","1251731","Arsenic","200.8","USEPA","",1.78,"ug/L","J","Sampled",NA,"Dissolved","Actual","","","Water Bottle","Present Below Quantification Limit","Limit of Quantitation",5,"ug/L","Method Detection Level",3.75,"ug/L","","SGS","1251731036",2025-05-08,10:59:00,"","","Cold packs","Plastic Bottle","Opaque",NA
"10000025","Water","Surface Water","10000025-2025-04-30-Total P",2025-04-30,10:26:00.000000,"","",60.498284,-150.863121,"","Field Msr/Obs",15,"cm","","","","","","1251731","Total Phosphorus","4500-P-E","APHA","",0.0151,"mg/L","J","Sampled",NA,"Total","Actual","","","Water Bottle","Present Below Quantification Limit","Limit of Quantitation",0.04,"mg/L","Method Detection Level",0.03,"mg/L","","SGS","1251731013",2025-05-07,09:46:00,"","","Cold packs","Plastic Bottle","Opaque","H2SO4"
"10000026","Water","Surface Water","10000026-2025-04-30-Total P",2025-04-30,11:05:00.000000,"","",60.53687,-150.754724,"","Field Msr/Obs",15,"cm","","","","","","1251731","Total Phosphorus","4500-P-E","APHA","",0.0377,"mg/L","J","Sampled",NA,"Total","Actual","","","Water Bottle","Present Below Quantification Limit","Limit of Quantitation",0.04,"mg/L","Method Detection Level",0.03,"mg/L","","SGS","1251731014",2025-05-07,09:50:00,"","","Cold packs","Plastic Bottle","Opaque","H2SO4"
"10000017","Water","Surface Water","10000017-2025-04-30-Zn",2025-04-30,10:15:00.000000,"","",60.533743,-151.099258,"","Field Msr/Obs",15,"cm","","","","","","1251731","Zinc","200.8","USEPA","",18.6,"ug/L","=","Sampled",NA,"Dissolved","Actual","","","Water Bottle",NA,"Limit of Quantitation",10,"ug/L","Method Detection Level",7.5,"ug/L","","SGS","1251731028",2025-05-02,19:37:00,"","","Cold packs","Plastic Bottle","Opaque",NA
"10000020","Water","Surface Water","10000020-2025-04-30-Zn",2025-04-30,09:58:00.000000,"","",60.48175453,-151.1306816,"","Field Msr/Obs",15,"cm","","","","","","1251731","Zinc","200.8","USEPA","",3.84,"ug/L","J","Sampled",NA,"Unfiltered","Actual","","","Water Bottle","Present Below Quantification Limit","Limit of Quantitation",10,"ug/L","Method Detection Level",7.5,"ug/L","","SGS","1251731007",2025-05-02,15:36:00,"","","Cold packs","Plastic Bottle","Opaque",NA
"10000020","Water","Surface Water","10000020-2025-04-30-Total Nitrate/Nitrite-N",2025-04-30,09:58:00.000000,"","",60.48175453,-151.1306816,"","Field Msr/Obs",15,"cm","","","","","","1251731","Total Nitrate/Nitrite-N","4500-NO3(F)","APHA","",0.1,"mg/L","J","Sampled",NA,"Total","Actual","","","Water Bottle","Present Below Quantification Limit","Limit of Quantitation",0.2,"mg/L","Method Detection Level",0.15,"mg/L","","SGS","1251731007",2025-05-14,14:51:00,"","","Cold packs","Plastic Bottle","Opaque","H2SO4"
"10000020","Water","Surface Water","10000020-2025-04-30-Ca",2025-04-30,09:58:00.000000,"","",60.48175453,-151.1306816,"","Field Msr/Obs",15,"cm","","","","","","1251731","Calcium","200.8","USEPA","",10700,"ug/L","=","Sampled",NA,"Unfiltered","Actual","","","Water Bottle",NA,"Limit of Quantitation",500,"ug/L","Method Detection Level",375,"ug/L","","SGS","1251731007",2025-05-02,15:36:00,"","","Cold packs","Plastic Bottle","Opaque",NA
"10000020","Water","Surface Water","10000020-2025-04-30-Fe",2025-04-30,09:58:00.000000,"","",60.48175453,-151.1306816,"","Field Msr/Obs",15,"cm","","","","","","1251731","Iron","200.8","USEPA","",1470,"ug/L","=","Sampled",NA,"Unfiltered","Actual","","","Water Bottle",NA,"Limit of Quantitation",250,"ug/L","Method Detection Level",188,"ug/L","","SGS","1251731007",2025-05-02,15:36:00,"","","Cold packs","Plastic Bottle","Opaque",NA
"10000020","Water","Surface Water","10000020-2025-04-30-Mg",2025-04-30,09:58:00.000000,"","",60.48175453,-151.1306816,"","Field Msr/Obs",15,"cm","","","","","","1251731","Magnesium","200.8","USEPA","",2770,"ug/L","=","Sampled",NA,"Unfiltered","Actual","","","Water Bottle",NA,"Limit of Quantitation",50,"ug/L","Method Detection Level",37.5,"ug/L","","SGS","1251731007",2025-05-02,15:36:00,"","","Cold packs","Plastic Bottle","Opaque",NA
"10000022","Water","Surface Water","10000022-2025-04-30-Ca-DUP",2025-04-30,10:42:00.000000,"","",60.483364,-151.057656,"","Quality Control Field Replicate Msr/Obs",15,"cm","","","","","","1251731","Calcium","200.8","USEPA","",16400,"ug/L","=","Sampled",NA,"Unfiltered","Actual","","","Water Bottle",NA,"Limit of Quantitation",500,"ug/L","Method Detection Level",375,"ug/L","","SGS","1251731010",2025-05-02,15:54:00,"","","Cold packs","Plastic Bottle","Opaque",NA
"10000022","Water","Surface Water","10000022-2025-04-30-Fe-DUP",2025-04-30,10:42:00.000000,"","",60.483364,-151.057656,"","Quality Control Field Replicate Msr/Obs",15,"cm","","","","","","1251731","Iron","200.8","USEPA","",1090,"ug/L","=","Sampled",NA,"Unfiltered","Actual","","","Water Bottle",NA,"Limit of Quantitation",250,"ug/L","Method Detection Level",188,"ug/L","","SGS","1251731010",2025-05-02,15:54:00,"","","Cold packs","Plastic Bottle","Opaque",NA
"10000022","Water","Surface Water","10000022-2025-04-30-Mg-DUP",2025-04-30,10:42:00.000000,"","",60.483364,-151.057656,"","Quality Control Field Replicate Msr/Obs",15,"cm","","","","","","1251731","Magnesium","200.8","USEPA","",4080,"ug/L","=","Sampled",NA,"Unfiltered","Actual","","","Water Bottle",NA,"Limit of Quantitation",50,"ug/L","Method Detection Level",37.5,"ug/L","","SGS","1251731010",2025-05-02,15:54:00,"","","Cold packs","Plastic Bottle","Opaque",NA
"10000022","Water","Surface Water","10000022-2025-04-30-Zn-DUP",2025-04-30,10:42:00.000000,"","",60.483364,-151.057656,"","Quality Control Field Replicate Msr/Obs",15,"cm","","","","","","1251731","Zinc","200.8","USEPA","",6.24,"ug/L","J","Sampled",NA,"Unfiltered","Actual","","","Water Bottle","Present Below Quantification Limit","Limit of Quantitation",10,"ug/L","Method Detection Level",7.5,"ug/L","","SGS","1251731010",2025-05-02,15:54:00,"","","Cold packs","Plastic Bottle","Opaque",NA
"10000022","Water","Surface Water","10000022-2025-04-30-Total Nitrate/Nitrite-N-DUP",2025-04-30,10:42:00.000000,"","",60.483364,-151.057656,"","Quality Control Field Replicate Msr/Obs",15,"cm","","","","","","1251731","Total Nitrate/Nitrite-N","4500-NO3(F)","APHA","",0.077,"mg/L","J","Sampled",NA,"Total","Actual","","","Water Bottle","Present Below Quantification Limit","Limit of Quantitation",0.2,"mg/L","Method Detection Level",0.15,"mg/L","","SGS","1251731010",2025-05-14,14:56:00,"","","Cold packs","Plastic Bottle","Opaque","H2SO4"
"10000008","Water","Surface Water","10000008-2025-04-30-Ca",2025-04-30,09:48:00.000000,"","",60.550888,-151.268417,"","Field Msr/Obs",15,"cm","","","","","","1251731","Calcium","200.8","USEPA","",9360,"ug/L","=","Sampled",NA,"Unfiltered","Actual","","","Water Bottle",NA,"Limit of Quantitation",500,"ug/L","Method Detection Level",375,"ug/L","","SGS","1251731001",2025-05-02,15:18:00,"","","Cold packs","Plastic Bottle","Opaque",NA
"10000008","Water","Surface Water","10000008-2025-04-30-Cu",2025-04-30,09:48:00.000000,"","",60.550888,-151.268417,"","Field Msr/Obs",15,"cm","","","","","","1251731","Copper","200.8","USEPA","",1.42,"ug/L","J","Sampled",NA,"Unfiltered","Actual","","","Water Bottle","Present Below Quantification Limit","Limit of Quantitation",3,"ug/L","Method Detection Level",2.25,"ug/L","","SGS","1251731001",2025-05-02,15:18:00,"","","Cold packs","Plastic Bottle","Opaque",NA
"10000002","Water","Surface Water","10000002-2025-04-30-Cu",2025-04-30,10:23:00.000000,"","",60.54368,-151.22294,"","Field Msr/Obs",15,"cm","","","","","","1251731","Copper","200.8","USEPA","",48.1,"ug/L","=","Sampled",NA,"Unfiltered","Actual","","","Water Bottle",NA,"Limit of Quantitation",3,"ug/L","Method Detection Level",2.25,"ug/L","","SGS","1251731002",2025-05-02,15:21:00,"","","Cold packs","Plastic Bottle","Opaque",NA
"10000015","Water","Surface Water","10000015-2025-04-30-Ca",2025-04-30,09:50:00.000000,"","",60.548029,-151.14324,"","Field Msr/Obs",15,"cm","","","","","","1251731","Calcium","200.8","USEPA","",12000,"ug/L","=","Sampled",NA,"Unfiltered","Actual","","","Water Bottle",NA,"Limit of Quantitation",500,"ug/L","Method Detection Level",375,"ug/L","","SGS","1251731003",2025-05-02,15:24:00,"","","Cold packs","Plastic Bottle","Opaque",NA
"10000018","Water","Surface Water","10000018-2025-04-30-Total Nitrate/Nitrite-N",2025-04-30,10:47:00.000000,"","",60.502005,-151.106973,"","Field Msr/Obs",15,"cm","","","","","","1251731","Total Nitrate/Nitrite-N","4500-NO3(F)","APHA","",0.262,"mg/L","=","Sampled",NA,"Total","Actual","","","Water Bottle",NA,"Limit of Quantitation",0.2,"mg/L","Method Detection Level",0.15,"mg/L","","SGS","1251731005",2025-05-14,14:39:00,"","","Cold packs","Plastic Bottle","Opaque","H2SO4"
"10000018","Water","Surface Water","10000018-2025-04-30-Total Nitrate/Nitrite-N-DUP",2025-04-30,10:47:00.000000,"","",60.502005,-151.106973,"","Quality Control Field Replicate Msr/Obs",15,"cm","","","","","","1251731","Total Nitrate/Nitrite-N","4500-NO3(F)","APHA","",0.222,"mg/L","=","Sampled",NA,"Total","Actual","","","Water Bottle",NA,"Limit of Quantitation",0.2,"mg/L","Method Detection Level",0.15,"mg/L","","SGS","1251731006",2025-05-14,14:46:00,"","","Cold packs","Plastic Bottle","Opaque","H2SO4"
"10000020","Water","Surface Water","10000020-2025-04-30-Zn-NA",2025-04-30,09:58:00.000000,"","",60.48175453,-151.1306816,"","Field Msr/Obs",15,"cm","","","","","","1251731","Zinc","200.8","USEPA","",5.43,"ug/L","J","Sampled",NA,"Unfiltered","Actual","","","Water Bottle","Present Below Quantification Limit","Limit of Quantitation",10,"ug/L","Method Detection Level",7.5,"ug/L","","SGS","1251731024",2025-05-02,19:25:00,"","","Cold packs","Plastic Bottle","Opaque",NA
"10000008","Water","Surface Water","10000008-2025-04-30-Fe",2025-04-30,09:48:00.000000,"","",60.550888,-151.268417,"","Field Msr/Obs",15,"cm","","","","","","1251731","Iron","200.8","USEPA","",4470,"ug/L","=","Sampled",NA,"Unfiltered","Actual","","","Water Bottle",NA,"Limit of Quantitation",250,"ug/L","Method Detection Level",188,"ug/L","","SGS","1251731001",2025-05-02,15:18:00,"","","Cold packs","Plastic Bottle","Opaque",NA
"10000008","Water","Surface Water","10000008-2025-04-30-Mg",2025-04-30,09:48:00.000000,"","",60.550888,-151.268417,"","Field Msr/Obs",15,"cm","","","","","","1251731","Magnesium","200.8","USEPA","",7230,"ug/L","=","Sampled",NA,"Unfiltered","Actual","","","Water Bottle",NA,"Limit of Quantitation",50,"ug/L","Method Detection Level",37.5,"ug/L","","SGS","1251731001",2025-05-02,15:18:00,"","","Cold packs","Plastic Bottle","Opaque",NA
"10000008","Water","Surface Water","10000008-2025-04-30-Zn",2025-04-30,09:48:00.000000,"","",60.550888,-151.268417,"","Field Msr/Obs",15,"cm","","","","","","1251731","Zinc","200.8","USEPA","",9,"ug/L","J","Sampled",NA,"Unfiltered","Actual","","","Water Bottle","Present Below Quantification Limit","Limit of Quantitation",10,"ug/L","Method Detection Level",7.5,"ug/L","","SGS","1251731001",2025-05-02,15:18:00,"","","Cold packs","Plastic Bottle","Opaque",NA
"10000008","Water","Surface Water","10000008-2025-04-30-Total Nitrate/Nitrite-N",2025-04-30,09:48:00.000000,"","",60.550888,-151.268417,"","Field Msr/Obs",15,"cm","","","","","","1251731","Total Nitrate/Nitrite-N","4500-NO3(F)","APHA","",0.066,"mg/L","J","Sampled",NA,"Total","Actual","","","Water Bottle","Present Below Quantification Limit","Limit of Quantitation",0.2,"mg/L","Method Detection Level",0.15,"mg/L","","SGS","1251731001",2025-05-14,14:27:00,"","","Cold packs","Plastic Bottle","Opaque","H2SO4"
"10000002","Water","Surface Water","10000002-2025-04-30-Fe",2025-04-30,10:23:00.000000,"","",60.54368,-151.22294,"","Field Msr/Obs",15,"cm","","","","","","1251731","Iron","200.8","USEPA","",17800,"ug/L","=","Sampled",NA,"Unfiltered","Actual","","","Water Bottle",NA,"Limit of Quantitation",250,"ug/L","Method Detection Level",188,"ug/L","","SGS","1251731002",2025-05-02,15:21:00,"","","Cold packs","Plastic Bottle","Opaque",NA
"10000002","Water","Surface Water","10000002-2025-04-30-Zn",2025-04-30,10:23:00.000000,"","",60.54368,-151.22294,"","Field Msr/Obs",15,"cm","","","","","","1251731","Zinc","200.8","USEPA","",54.6,"ug/L","=","Sampled",NA,"Unfiltered","Actual","","","Water Bottle",NA,"Limit of Quantitation",10,"ug/L","Method Detection Level",7.5,"ug/L","","SGS","1251731002",2025-05-02,15:21:00,"","","Cold packs","Plastic Bottle","Opaque",NA
"10000002","Water","Surface Water","10000002-2025-04-30-Ca",2025-04-30,10:23:00.000000,"","",60.54368,-151.22294,"","Field Msr/Obs",15,"cm","","","","","","1251731","Calcium","200.8","USEPA","",158000,"ug/L","=","Sampled",NA,"Unfiltered","Actual","","","Water Bottle",NA,"Limit of Quantitation",25000,"ug/L","Method Detection Level",18750,"ug/L","","SGS","1251731002",2025-05-02,16:42:00,"","","Cold packs","Plastic Bottle","Opaque",NA
"10000002","Water","Surface Water","10000002-2025-04-30-Mg",2025-04-30,10:23:00.000000,"","",60.54368,-151.22294,"","Field Msr/Obs",15,"cm","","","","","","1251731","Magnesium","200.8","USEPA","",396000,"ug/L","=","Sampled",NA,"Unfiltered","Actual","","","Water Bottle",NA,"Limit of Quantitation",2500,"ug/L","Method Detection Level",1875,"ug/L","","SGS","1251731002",2025-05-02,16:42:00,"","","Cold packs","Plastic Bottle","Opaque",NA
"10000002","Water","Surface Water","10000002-2025-04-30-Total Nitrate/Nitrite-N",2025-04-30,10:23:00.000000,"","",60.54368,-151.22294,"","Field Msr/Obs",15,"cm","","","","","","1251731","Total Nitrate/Nitrite-N","4500-NO3(F)","APHA","",0.21,"mg/L","=","Sampled",NA,"Total","Actual","","","Water Bottle",NA,"Limit of Quantitation",0.2,"mg/L","Method Detection Level",0.15,"mg/L","","SGS","1251731002",2025-05-14,14:28:00,"","","Cold packs","Plastic Bottle","Opaque","H2SO4"
"10000015","Water","Surface Water","10000015-2025-04-30-Cu",2025-04-30,09:50:00.000000,"","",60.548029,-151.14324,"","Field Msr/Obs",15,"cm","","","","","","1251731","Copper","200.8","USEPA","",2.66,"ug/L","J","Sampled",NA,"Unfiltered","Actual","","","Water Bottle","Present Below Quantification Limit","Limit of Quantitation",3,"ug/L","Method Detection Level",2.25,"ug/L","","SGS","1251731003",2025-05-02,15:24:00,"","","Cold packs","Plastic Bottle","Opaque",NA
"10000015","Water","Surface Water","10000015-2025-04-30-Fe",2025-04-30,09:50:00.000000,"","",60.548029,-151.14324,"","Field Msr/Obs",15,"cm","","","","","","1251731","Iron","200.8","USEPA","",3460,"ug/L","=","Sampled",NA,"Unfiltered","Actual","","","Water Bottle",NA,"Limit of Quantitation",250,"ug/L","Method Detection Level",188,"ug/L","","SGS","1251731003",2025-05-02,15:24:00,"","","Cold packs","Plastic Bottle","Opaque",NA
"10000015","Water","Surface Water","10000015-2025-04-30-Mg",2025-04-30,09:50:00.000000,"","",60.548029,-151.14324,"","Field Msr/Obs",15,"cm","","","","","","1251731","Magnesium","200.8","USEPA","",2990,"ug/L","=","Sampled",NA,"Unfiltered","Actual","","","Water Bottle",NA,"Limit of Quantitation",50,"ug/L","Method Detection Level",37.5,"ug/L","","SGS","1251731003",2025-05-02,15:24:00,"","","Cold packs","Plastic Bottle","Opaque",NA
"10000015","Water","Surface Water","10000015-2025-04-30-Zn",2025-04-30,09:50:00.000000,"","",60.548029,-151.14324,"","Field Msr/Obs",15,"cm","","","","","","1251731","Zinc","200.8","USEPA","",8.41,"ug/L","J","Sampled",NA,"Unfiltered","Actual","","","Water Bottle","Present Below Quantification Limit","Limit of Quantitation",10,"ug/L","Method Detection Level",7.5,"ug/L","","SGS","1251731003",2025-05-02,15:24:00,"","","Cold packs","Plastic Bottle","Opaque",NA
"10000015","Water","Surface Water","10000015-2025-04-30-Total Nitrate/Nitrite-N",2025-04-30,09:50:00.000000,"","",60.548029,-151.14324,"","Field Msr/Obs",15,"cm","","","","","","1251731","Total Nitrate/Nitrite-N","4500-NO3(F)","APHA","",0.122,"mg/L","J","Sampled",NA,"Total","Actual","","","Water Bottle","Present Below Quantification Limit","Limit of Quantitation",0.2,"mg/L","Method Detection Level",0.15,"mg/L","","SGS","1251731003",2025-05-14,14:35:00,"","","Cold packs","Plastic Bottle","Opaque","H2SO4"
"10000018","Water","Surface Water","10000018-2025-04-30-Ca",2025-04-30,10:47:00.000000,"","",60.502005,-151.106973,"","Field Msr/Obs",15,"cm","","","","","","1251731","Calcium","200.8","USEPA","",15500,"ug/L","=","Sampled",NA,"Unfiltered","Actual","","","Water Bottle",NA,"Limit of Quantitation",500,"ug/L","Method Detection Level",375,"ug/L","","SGS","1251731005",2025-05-02,15:30:00,"","","Cold packs","Plastic Bottle","Opaque",NA
"10000018","Water","Surface Water","10000018-2025-04-30-Fe",2025-04-30,10:47:00.000000,"","",60.502005,-151.106973,"","Field Msr/Obs",15,"cm","","","","","","1251731","Iron","200.8","USEPA","",248,"ug/L","J","Sampled",NA,"Unfiltered","Actual","","","Water Bottle","Present Below Quantification Limit","Limit of Quantitation",250,"ug/L","Method Detection Level",188,"ug/L","","SGS","1251731005",2025-05-02,15:30:00,"","","Cold packs","Plastic Bottle","Opaque",NA
"10000018","Water","Surface Water","10000018-2025-04-30-Mg",2025-04-30,10:47:00.000000,"","",60.502005,-151.106973,"","Field Msr/Obs",15,"cm","","","","","","1251731","Magnesium","200.8","USEPA","",1800,"ug/L","=","Sampled",NA,"Unfiltered","Actual","","","Water Bottle",NA,"Limit of Quantitation",50,"ug/L","Method Detection Level",37.5,"ug/L","","SGS","1251731005",2025-05-02,15:30:00,"","","Cold packs","Plastic Bottle","Opaque",NA
"10000018","Water","Surface Water","10000018-2025-04-30-Ca-DUP",2025-04-30,10:47:00.000000,"","",60.502005,-151.106973,"","Quality Control Field Replicate Msr/Obs",15,"cm","","","","","","1251731","Calcium","200.8","USEPA","",15400,"ug/L","=","Sampled",NA,"Unfiltered","Actual","","","Water Bottle",NA,"Limit of Quantitation",500,"ug/L","Method Detection Level",375,"ug/L","","SGS","1251731006",2025-05-02,15:33:00,"","","Cold packs","Plastic Bottle","Opaque",NA
"10000018","Water","Surface Water","10000018-2025-04-30-Fe-DUP",2025-04-30,10:47:00.000000,"","",60.502005,-151.106973,"","Quality Control Field Replicate Msr/Obs",15,"cm","","","","","","1251731","Iron","200.8","USEPA","",260,"ug/L","=","Sampled",NA,"Unfiltered","Actual","","","Water Bottle",NA,"Limit of Quantitation",250,"ug/L","Method Detection Level",188,"ug/L","","SGS","1251731006",2025-05-02,15:33:00,"","","Cold packs","Plastic Bottle","Opaque",NA
"10000018","Water","Surface Water","10000018-2025-04-30-Mg-DUP",2025-04-30,10:47:00.000000,"","",60.502005,-151.106973,"","Quality Control Field Replicate Msr/Obs",15,"cm","","","","","","1251731","Magnesium","200.8","USEPA","",1840,"ug/L","=","Sampled",NA,"Unfiltered","Actual","","","Water Bottle",NA,"Limit of Quantitation",50,"ug/L","Method Detection Level",37.5,"ug/L","","SGS","1251731006",2025-05-02,15:33:00,"","","Cold packs","Plastic Bottle","Opaque",NA
"10000018","Water","Surface Water","10000018-2025-04-30-Zn-DUP",2025-04-30,10:47:00.000000,"","",60.502005,-151.106973,"","Quality Control Field Replicate Msr/Obs",15,"cm","","","","","","1251731","Zinc","200.8","USEPA","",3.17,"ug/L","J","Sampled",NA,"Unfiltered","Actual","","","Water Bottle","Present Below Quantification Limit","Limit of Quantitation",10,"ug/L","Method Detection Level",7.5,"ug/L","","SGS","1251731006",2025-05-02,15:33:00,"","","Cold packs","Plastic Bottle","Opaque",NA
"10000021","Water","Surface Water","10000021-2025-04-30-Ca",2025-04-30,09:32:00.000000,"","",60.476634,-151.082099,"","Field Msr/Obs",15,"cm","","","","","","1251731","Calcium","200.8","USEPA","",13700,"ug/L","=","Sampled",NA,"Unfiltered","Actual","","","Water Bottle",NA,"Limit of Quantitation",500,"ug/L","Method Detection Level",375,"ug/L","","SGS","1251731008",2025-05-02,15:39:00,"","","Cold packs","Plastic Bottle","Opaque",NA
"10000021","Water","Surface Water","10000021-2025-04-30-Fe",2025-04-30,09:32:00.000000,"","",60.476634,-151.082099,"","Field Msr/Obs",15,"cm","","","","","","1251731","Iron","200.8","USEPA","",270,"ug/L","=","Sampled",NA,"Unfiltered","Actual","","","Water Bottle",NA,"Limit of Quantitation",250,"ug/L","Method Detection Level",188,"ug/L","","SGS","1251731008",2025-05-02,15:39:00,"","","Cold packs","Plastic Bottle","Opaque",NA
"10000021","Water","Surface Water","10000021-2025-04-30-Mg",2025-04-30,09:32:00.000000,"","",60.476634,-151.082099,"","Field Msr/Obs",15,"cm","","","","","","1251731","Magnesium","200.8","USEPA","",1510,"ug/L","=","Sampled",NA,"Unfiltered","Actual","","","Water Bottle",NA,"Limit of Quantitation",50,"ug/L","Method Detection Level",37.5,"ug/L","","SGS","1251731008",2025-05-02,15:39:00,"","","Cold packs","Plastic Bottle","Opaque",NA
"10000021","Water","Surface Water","10000021-2025-04-30-Total Nitrate/Nitrite-N",2025-04-30,09:32:00.000000,"","",60.476634,-151.082099,"","Field Msr/Obs",15,"cm","","","","","","1251731","Total Nitrate/Nitrite-N","4500-NO3(F)","APHA","",0.201,"mg/L","=","Sampled",NA,"Total","Actual","","","Water Bottle",NA,"Limit of Quantitation",0.2,"mg/L","Method Detection Level",0.15,"mg/L","","SGS","1251731008",2025-05-14,14:53:00,"","","Cold packs","Plastic Bottle","Opaque","H2SO4"
"10000022","Water","Surface Water","10000022-2025-04-30-Total Nitrate/Nitrite-N",2025-04-30,10:30:00.000000,"","",60.483364,-151.057656,"","Field Msr/Obs",15,"cm","","","","","","1251731","Total Nitrate/Nitrite-N","4500-NO3(F)","APHA","",0.0566,"mg/L","J","Sampled",NA,"Total","Actual","","","Water Bottle","Present Below Quantification Limit","Limit of Quantitation",0.2,"mg/L","Method Detection Level",0.15,"mg/L","","SGS","1251731009",2025-05-14,14:55:00,"","","Cold packs","Plastic Bottle","Opaque","H2SO4"
"10000023","Water","Surface Water","10000023-2025-04-30-Ca",2025-04-30,09:06:00.000000,"","",60.480338,-151.030847,"","Field Msr/Obs",15,"cm","","","","","","1251731","Calcium","200.8","USEPA","",14900,"ug/L","=","Sampled",NA,"Unfiltered","Actual","","","Water Bottle",NA,"Limit of Quantitation",500,"ug/L","Method Detection Level",375,"ug/L","","SGS","1251731011",2025-05-02,15:57:00,"","","Cold packs","Plastic Bottle","Opaque",NA
"10000023","Water","Surface Water","10000023-2025-04-30-Fe",2025-04-30,09:06:00.000000,"","",60.480338,-151.030847,"","Field Msr/Obs",15,"cm","","","","","","1251731","Iron","200.8","USEPA","",259,"ug/L","=","Sampled",NA,"Unfiltered","Actual","","","Water Bottle",NA,"Limit of Quantitation",250,"ug/L","Method Detection Level",188,"ug/L","","SGS","1251731011",2025-05-02,15:57:00,"","","Cold packs","Plastic Bottle","Opaque",NA
"10000024","Water","Surface Water","10000024-2025-04-30-Ca",2025-04-30,10:26:00.000000,"","",60.489963,-150.860982,"","Field Msr/Obs",15,"cm","","","","","","1251731","Calcium","200.8","USEPA","",9050,"ug/L","=","Sampled",NA,"Unfiltered","Actual","","","Water Bottle",NA,"Limit of Quantitation",500,"ug/L","Method Detection Level",375,"ug/L","","SGS","1251731012",2025-05-02,16:00:00,"","","Cold packs","Plastic Bottle","Opaque",NA
"10000025","Water","Surface Water","10000025-2025-04-30-Ca",2025-04-30,10:26:00.000000,"","",60.498284,-150.863121,"","Field Msr/Obs",15,"cm","","","","","","1251731","Calcium","200.8","USEPA","",14600,"ug/L","=","Sampled",NA,"Unfiltered","Actual","","","Water Bottle",NA,"Limit of Quantitation",500,"ug/L","Method Detection Level",375,"ug/L","","SGS","1251731013",2025-05-02,16:03:00,"","","Cold packs","Plastic Bottle","Opaque",NA
"10000027","Water","Surface Water","10000027-2025-04-30-Fe",2025-04-30,09:26:00.000000,"","",60.515441,-150.702069,"","Field Msr/Obs",15,"cm","","","","","","1251731","Iron","200.8","USEPA","",128,"ug/L","J","Sampled",NA,"Unfiltered","Actual","","","Water Bottle","Present Below Quantification Limit","Limit of Quantitation",250,"ug/L","Method Detection Level",188,"ug/L","","SGS","1251731015",2025-05-02,18:47:00,"","","Cold packs","Plastic Bottle","Opaque",NA
"10000027","Water","Surface Water","10000027-2025-04-30-Mg",2025-04-30,09:26:00.000000,"","",60.515441,-150.702069,"","Field Msr/Obs",15,"cm","","","","","","1251731","Magnesium","200.8","USEPA","",1110,"ug/L","=","Sampled",NA,"Unfiltered","Actual","","","Water Bottle",NA,"Limit of Quantitation",50,"ug/L","Method Detection Level",37.5,"ug/L","","SGS","1251731015",2025-05-02,18:47:00,"","","Cold packs","Plastic Bottle","Opaque",NA
"10000027","Water","Surface Water","10000027-2025-04-30-Total Nitrate/Nitrite-N",2025-04-30,09:26:00.000000,"","",60.515441,-150.702069,"","Field Msr/Obs",15,"cm","","","","","","1251731","Total Nitrate/Nitrite-N","4500-NO3(F)","APHA","",0.383,"mg/L","=","Sampled",NA,"Total","Actual","","","Water Bottle",NA,"Limit of Quantitation",0.2,"mg/L","Method Detection Level",0.15,"mg/L","","SGS","1251731015",2025-05-14,15:10:00,"","","Cold packs","Plastic Bottle","Opaque","H2SO4"
"10000028","Water","Surface Water","10000028-2025-04-30-Ca",2025-04-30,09:48:00.000000,"","",60.489844,-150.636905,"","Field Msr/Obs",15,"cm","","","","","","1251731","Calcium","200.8","USEPA","",13800,"ug/L","=","Sampled",NA,"Unfiltered","Actual","","","Water Bottle",NA,"Limit of Quantitation",500,"ug/L","Method Detection Level",375,"ug/L","","SGS","1251731016",2025-05-02,18:53:00,"","","Cold packs","Plastic Bottle","Opaque",NA
"10000028","Water","Surface Water","10000028-2025-04-30-Fe",2025-04-30,09:48:00.000000,"","",60.489844,-150.636905,"","Field Msr/Obs",15,"cm","","","","","","1251731","Iron","200.8","USEPA","",119,"ug/L","J","Sampled",NA,"Unfiltered","Actual","","","Water Bottle","Present Below Quantification Limit","Limit of Quantitation",250,"ug/L","Method Detection Level",188,"ug/L","","SGS","1251731016",2025-05-02,18:53:00,"","","Cold packs","Plastic Bottle","Opaque",NA
"10000029","Water","Surface Water","10000029-2025-04-30-Total Nitrate/Nitrite-N",2025-04-30,09:12:00.000000,"","",60.481518,-150.632498,"","Field Msr/Obs",15,"cm","","","","","","1251731","Total Nitrate/Nitrite-N","4500-NO3(F)","APHA","",0.431,"mg/L","=","Sampled",NA,"Total","Actual","","","Water Bottle",NA,"Limit of Quantitation",0.2,"mg/L","Method Detection Level",0.15,"mg/L","","SGS","1251731017",2025-05-14,15:14:00,"","","Cold packs","Plastic Bottle","Opaque","H2SO4"
"10000030","Water","Surface Water","10000030-2025-04-30-Ca",2025-04-30,09:25:00.000000,"","",60.467517,-150.507789,"","Field Msr/Obs",15,"cm","","","","","","1251731","Calcium","200.8","USEPA","",14600,"ug/L","=","Sampled",NA,"Unfiltered","Actual","","","Water Bottle",NA,"Limit of Quantitation",500,"ug/L","Method Detection Level",375,"ug/L","","SGS","1251731018",2025-05-02,19:01:00,"","","Cold packs","Plastic Bottle","Opaque",NA
"10000030","Water","Surface Water","10000030-2025-04-30-Fe",2025-04-30,09:25:00.000000,"","",60.467517,-150.507789,"","Field Msr/Obs",15,"cm","","","","","","1251731","Iron","200.8","USEPA","",84.5,"ug/L","J","Sampled",NA,"Unfiltered","Actual","","","Water Bottle","Present Below Quantification Limit","Limit of Quantitation",250,"ug/L","Method Detection Level",188,"ug/L","","SGS","1251731018",2025-05-02,19:01:00,"","","Cold packs","Plastic Bottle","Opaque",NA
"10000030","Water","Surface Water","10000030-2025-04-30-Mg",2025-04-30,09:25:00.000000,"","",60.467517,-150.507789,"","Field Msr/Obs",15,"cm","","","","","","1251731","Magnesium","200.8","USEPA","",1010,"ug/L","=","Sampled",NA,"Unfiltered","Actual","","","Water Bottle",NA,"Limit of Quantitation",50,"ug/L","Method Detection Level",37.5,"ug/L","","SGS","1251731018",2025-05-02,19:01:00,"","","Cold packs","Plastic Bottle","Opaque",NA
"10000022","Water","Surface Water","10000022-2025-04-30-Ca",2025-04-30,10:30:00.000000,"","",60.483364,-151.057656,"","Field Msr/Obs",15,"cm","","","","","","1251731","Calcium","200.8","USEPA","",16200,"ug/L","=","Sampled",NA,"Unfiltered","Actual","","","Water Bottle",NA,"Limit of Quantitation",500,"ug/L","Method Detection Level",375,"ug/L","","SGS","1251731009",2025-05-02,15:51:00,"","","Cold packs","Plastic Bottle","Opaque",NA
"10000022","Water","Surface Water","10000022-2025-04-30-Fe",2025-04-30,10:30:00.000000,"","",60.483364,-151.057656,"","Field Msr/Obs",15,"cm","","","","","","1251731","Iron","200.8","USEPA","",1130,"ug/L","=","Sampled",NA,"Unfiltered","Actual","","","Water Bottle",NA,"Limit of Quantitation",250,"ug/L","Method Detection Level",188,"ug/L","","SGS","1251731009",2025-05-02,15:51:00,"","","Cold packs","Plastic Bottle","Opaque",NA
"10000022","Water","Surface Water","10000022-2025-04-30-Mg",2025-04-30,10:30:00.000000,"","",60.483364,-151.057656,"","Field Msr/Obs",15,"cm","","","","","","1251731","Magnesium","200.8","USEPA","",4080,"ug/L","=","Sampled",NA,"Unfiltered","Actual","","","Water Bottle",NA,"Limit of Quantitation",50,"ug/L","Method Detection Level",37.5,"ug/L","","SGS","1251731009",2025-05-02,15:51:00,"","","Cold packs","Plastic Bottle","Opaque",NA
"10000023","Water","Surface Water","10000023-2025-04-30-Mg",2025-04-30,09:06:00.000000,"","",60.480338,-151.030847,"","Field Msr/Obs",15,"cm","","","","","","1251731","Magnesium","200.8","USEPA","",1620,"ug/L","=","Sampled",NA,"Unfiltered","Actual","","","Water Bottle",NA,"Limit of Quantitation",50,"ug/L","Method Detection Level",37.5,"ug/L","","SGS","1251731011",2025-05-02,15:57:00,"","","Cold packs","Plastic Bottle","Opaque",NA
"10000023","Water","Surface Water","10000023-2025-04-30-Total Nitrate/Nitrite-N",2025-04-30,09:06:00.000000,"","",60.480338,-151.030847,"","Field Msr/Obs",15,"cm","","","","","","1251731","Total Nitrate/Nitrite-N","4500-NO3(F)","APHA","",0.239,"mg/L","=","Sampled",NA,"Total","Actual","","","Water Bottle",NA,"Limit of Quantitation",0.2,"mg/L","Method Detection Level",0.15,"mg/L","","SGS","1251731011",2025-05-14,14:58:00,"","","Cold packs","Plastic Bottle","Opaque","H2SO4"
"10000024","Water","Surface Water","10000024-2025-04-30-Fe",2025-04-30,10:26:00.000000,"","",60.489963,-150.860982,"","Field Msr/Obs",15,"cm","","","","","","1251731","Iron","200.8","USEPA","",1040,"ug/L","=","Sampled",NA,"Unfiltered","Actual","","","Water Bottle",NA,"Limit of Quantitation",250,"ug/L","Method Detection Level",188,"ug/L","","SGS","1251731012",2025-05-02,16:00:00,"","","Cold packs","Plastic Bottle","Opaque",NA
"10000024","Water","Surface Water","10000024-2025-04-30-Mg",2025-04-30,10:26:00.000000,"","",60.489963,-150.860982,"","Field Msr/Obs",15,"cm","","","","","","1251731","Magnesium","200.8","USEPA","",2640,"ug/L","=","Sampled",NA,"Unfiltered","Actual","","","Water Bottle",NA,"Limit of Quantitation",50,"ug/L","Method Detection Level",37.5,"ug/L","","SGS","1251731012",2025-05-02,16:00:00,"","","Cold packs","Plastic Bottle","Opaque",NA
"10000024","Water","Surface Water","10000024-2025-04-30-Zn",2025-04-30,10:26:00.000000,"","",60.489963,-150.860982,"","Field Msr/Obs",15,"cm","","","","","","1251731","Zinc","200.8","USEPA","",7.96,"ug/L","J","Sampled",NA,"Unfiltered","Actual","","","Water Bottle","Present Below Quantification Limit","Limit of Quantitation",10,"ug/L","Method Detection Level",7.5,"ug/L","","SGS","1251731012",2025-05-02,16:00:00,"","","Cold packs","Plastic Bottle","Opaque",NA
"10000024","Water","Surface Water","10000024-2025-04-30-Total Nitrate/Nitrite-N",2025-04-30,10:26:00.000000,"","",60.489963,-150.860982,"","Field Msr/Obs",15,"cm","","","","","","1251731","Total Nitrate/Nitrite-N","4500-NO3(F)","APHA","",0.123,"mg/L","J","Sampled",NA,"Total","Actual","","","Water Bottle","Present Below Quantification Limit","Limit of Quantitation",0.2,"mg/L","Method Detection Level",0.15,"mg/L","","SGS","1251731012",2025-05-14,15:00:00,"","","Cold packs","Plastic Bottle","Opaque","H2SO4"
"10000025","Water","Surface Water","10000025-2025-04-30-Fe",2025-04-30,10:26:00.000000,"","",60.498284,-150.863121,"","Field Msr/Obs",15,"cm","","","","","","1251731","Iron","200.8","USEPA","",334,"ug/L","=","Sampled",NA,"Unfiltered","Actual","","","Water Bottle",NA,"Limit of Quantitation",250,"ug/L","Method Detection Level",188,"ug/L","","SGS","1251731013",2025-05-02,16:03:00,"","","Cold packs","Plastic Bottle","Opaque",NA
"10000025","Water","Surface Water","10000025-2025-04-30-Mg",2025-04-30,10:26:00.000000,"","",60.498284,-150.863121,"","Field Msr/Obs",15,"cm","","","","","","1251731","Magnesium","200.8","USEPA","",1510,"ug/L","=","Sampled",NA,"Unfiltered","Actual","","","Water Bottle",NA,"Limit of Quantitation",50,"ug/L","Method Detection Level",37.5,"ug/L","","SGS","1251731013",2025-05-02,16:03:00,"","","Cold packs","Plastic Bottle","Opaque",NA
"10000025","Water","Surface Water","10000025-2025-04-30-Zn",2025-04-30,10:26:00.000000,"","",60.498284,-150.863121,"","Field Msr/Obs",15,"cm","","","","","","1251731","Zinc","200.8","USEPA","",5.52,"ug/L","J","Sampled",NA,"Unfiltered","Actual","","","Water Bottle","Present Below Quantification Limit","Limit of Quantitation",10,"ug/L","Method Detection Level",7.5,"ug/L","","SGS","1251731013",2025-05-02,16:03:00,"","","Cold packs","Plastic Bottle","Opaque",NA
"10000025","Water","Surface Water","10000025-2025-04-30-Total Nitrate/Nitrite-N",2025-04-30,10:26:00.000000,"","",60.498284,-150.863121,"","Field Msr/Obs",15,"cm","","","","","","1251731","Total Nitrate/Nitrite-N","4500-NO3(F)","APHA","",0.192,"mg/L","J","Sampled",NA,"Total","Actual","","","Water Bottle","Present Below Quantification Limit","Limit of Quantitation",0.2,"mg/L","Method Detection Level",0.15,"mg/L","","SGS","1251731013",2025-05-14,15:02:00,"","","Cold packs","Plastic Bottle","Opaque","H2SO4"
"10000026","Water","Surface Water","10000026-2025-04-30-Ca",2025-04-30,11:05:00.000000,"","",60.53687,-150.754724,"","Field Msr/Obs",15,"cm","","","","","","1251731","Calcium","200.8","USEPA","",17200,"ug/L","=","Sampled",NA,"Unfiltered","Actual","","","Water Bottle",NA,"Limit of Quantitation",500,"ug/L","Method Detection Level",375,"ug/L","","SGS","1251731014",2025-05-02,16:05:00,"","","Cold packs","Plastic Bottle","Opaque",NA
"10000026","Water","Surface Water","10000026-2025-04-30-Fe",2025-04-30,11:05:00.000000,"","",60.53687,-150.754724,"","Field Msr/Obs",15,"cm","","","","","","1251731","Iron","200.8","USEPA","",968,"ug/L","=","Sampled",NA,"Unfiltered","Actual","","","Water Bottle",NA,"Limit of Quantitation",250,"ug/L","Method Detection Level",188,"ug/L","","SGS","1251731014",2025-05-02,16:05:00,"","","Cold packs","Plastic Bottle","Opaque",NA
"10000026","Water","Surface Water","10000026-2025-04-30-Mg",2025-04-30,11:05:00.000000,"","",60.53687,-150.754724,"","Field Msr/Obs",15,"cm","","","","","","1251731","Magnesium","200.8","USEPA","",2450,"ug/L","=","Sampled",NA,"Unfiltered","Actual","","","Water Bottle",NA,"Limit of Quantitation",50,"ug/L","Method Detection Level",37.5,"ug/L","","SGS","1251731014",2025-05-02,16:05:00,"","","Cold packs","Plastic Bottle","Opaque",NA
"10000026","Water","Surface Water","10000026-2025-04-30-Total Nitrate/Nitrite-N",2025-04-30,11:05:00.000000,"","",60.53687,-150.754724,"","Field Msr/Obs",15,"cm","","","","","","1251731","Total Nitrate/Nitrite-N","4500-NO3(F)","APHA","",0.095,"mg/L","J","Sampled",NA,"Total","Actual","","","Water Bottle","Present Below Quantification Limit","Limit of Quantitation",0.2,"mg/L","Method Detection Level",0.15,"mg/L","","SGS","1251731014",2025-05-14,15:09:00,"","","Cold packs","Plastic Bottle","Opaque","H2SO4"
"10000027","Water","Surface Water","10000027-2025-04-30-Ca",2025-04-30,09:26:00.000000,"","",60.515441,-150.702069,"","Field Msr/Obs",15,"cm","","","","","","1251731","Calcium","200.8","USEPA","",14400,"ug/L","=","Sampled",NA,"Unfiltered","Actual","","","Water Bottle",NA,"Limit of Quantitation",500,"ug/L","Method Detection Level",375,"ug/L","","SGS","1251731015",2025-05-02,18:47:00,"","","Cold packs","Plastic Bottle","Opaque",NA
"10000028","Water","Surface Water","10000028-2025-04-30-Mg",2025-04-30,09:48:00.000000,"","",60.489844,-150.636905,"","Field Msr/Obs",15,"cm","","","","","","1251731","Magnesium","200.8","USEPA","",1060,"ug/L","=","Sampled",NA,"Unfiltered","Actual","","","Water Bottle",NA,"Limit of Quantitation",50,"ug/L","Method Detection Level",37.5,"ug/L","","SGS","1251731016",2025-05-02,18:53:00,"","","Cold packs","Plastic Bottle","Opaque",NA
"10000028","Water","Surface Water","10000028-2025-04-30-Total Nitrate/Nitrite-N",2025-04-30,09:48:00.000000,"","",60.489844,-150.636905,"","Field Msr/Obs",15,"cm","","","","","","1251731","Total Nitrate/Nitrite-N","4500-NO3(F)","APHA","",0.329,"mg/L","=","Sampled",NA,"Total","Actual","","","Water Bottle",NA,"Limit of Quantitation",0.2,"mg/L","Method Detection Level",0.15,"mg/L","","SGS","1251731016",2025-05-14,15:12:00,"","","Cold packs","Plastic Bottle","Opaque","H2SO4"
"10000029","Water","Surface Water","10000029-2025-04-30-Ca",2025-04-30,09:12:00.000000,"","",60.481518,-150.632498,"","Field Msr/Obs",15,"cm","","","","","","1251731","Calcium","200.8","USEPA","",10300,"ug/L","=","Sampled",NA,"Unfiltered","Actual","","","Water Bottle",NA,"Limit of Quantitation",500,"ug/L","Method Detection Level",375,"ug/L","","SGS","1251731017",2025-05-02,18:59:00,"","","Cold packs","Plastic Bottle","Opaque",NA
"10000029","Water","Surface Water","10000029-2025-04-30-Fe",2025-04-30,09:12:00.000000,"","",60.481518,-150.632498,"","Field Msr/Obs",15,"cm","","","","","","1251731","Iron","200.8","USEPA","",447,"ug/L","=","Sampled",NA,"Unfiltered","Actual","","","Water Bottle",NA,"Limit of Quantitation",250,"ug/L","Method Detection Level",188,"ug/L","","SGS","1251731017",2025-05-02,18:59:00,"","","Cold packs","Plastic Bottle","Opaque",NA
"10000029","Water","Surface Water","10000029-2025-04-30-Mg",2025-04-30,09:12:00.000000,"","",60.481518,-150.632498,"","Field Msr/Obs",15,"cm","","","","","","1251731","Magnesium","200.8","USEPA","",1590,"ug/L","=","Sampled",NA,"Unfiltered","Actual","","","Water Bottle",NA,"Limit of Quantitation",50,"ug/L","Method Detection Level",37.5,"ug/L","","SGS","1251731017",2025-05-02,18:59:00,"","","Cold packs","Plastic Bottle","Opaque",NA
"10000030","Water","Surface Water","10000030-2025-04-30-Total Nitrate/Nitrite-N",2025-04-30,09:25:00.000000,"","",60.467517,-150.507789,"","Field Msr/Obs",15,"cm","","","","","","1251731","Total Nitrate/Nitrite-N","4500-NO3(F)","APHA","",0.282,"mg/L","=","Sampled",NA,"Total","Actual","","","Water Bottle",NA,"Limit of Quantitation",0.2,"mg/L","Method Detection Level",0.15,"mg/L","","SGS","1251731018",2025-05-14,15:16:00,"","","Cold packs","Plastic Bottle","Opaque","H2SO4"
"10000031","Water","Surface Water","10000031-2025-04-30-Ca",2025-04-30,10:45:00.000000,"","",60.481392,-150.11502,"","Field Msr/Obs",15,"cm","","","","","","1251731","Calcium","200.8","USEPA","",18000,"ug/L","=","Sampled",NA,"Unfiltered","Actual","","","Water Bottle",NA,"Limit of Quantitation",500,"ug/L","Method Detection Level",375,"ug/L","","SGS","1251731019",2025-05-02,19:04:00,"","","Cold packs","Plastic Bottle","Opaque",NA
"10000031","Water","Surface Water","10000031-2025-04-30-Mg",2025-04-30,10:45:00.000000,"","",60.481392,-150.11502,"","Field Msr/Obs",15,"cm","","","","","","1251731","Magnesium","200.8","USEPA","",1160,"ug/L","=","Sampled",NA,"Unfiltered","Actual","","","Water Bottle",NA,"Limit of Quantitation",50,"ug/L","Method Detection Level",37.5,"ug/L","","SGS","1251731019",2025-05-02,19:04:00,"","","Cold packs","Plastic Bottle","Opaque",NA
"10000031","Water","Surface Water","10000031-2025-04-30-Total Nitrate/Nitrite-N",2025-04-30,10:45:00.000000,"","",60.481392,-150.11502,"","Field Msr/Obs",15,"cm","","","","","","1251731","Total Nitrate/Nitrite-N","4500-NO3(F)","APHA","",0.578,"mg/L","=","Sampled",NA,"Total","Actual","","","Water Bottle",NA,"Limit of Quantitation",0.2,"mg/L","Method Detection Level",0.15,"mg/L","","SGS","1251731019",2025-05-14,15:17:00,"","","Cold packs","Plastic Bottle","Opaque","H2SO4"
"10000032","Water","Surface Water","10000032-2025-04-30-Ca",2025-04-30,10:05:00.000000,"","",60.484622,-149.993955,"","Field Msr/Obs",15,"cm","","","","","","1251731","Calcium","200.8","USEPA","",18700,"ug/L","=","Sampled",NA,"Unfiltered","Actual","","","Water Bottle",NA,"Limit of Quantitation",500,"ug/L","Method Detection Level",375,"ug/L","","SGS","1251731020",2025-05-02,19:07:00,"","","Cold packs","Plastic Bottle","Opaque",NA
"10000032","Water","Surface Water","10000032-2025-04-30-Mg",2025-04-30,10:05:00.000000,"","",60.484622,-149.993955,"","Field Msr/Obs",15,"cm","","","","","","1251731","Magnesium","200.8","USEPA","",1000,"ug/L","=","Sampled",NA,"Unfiltered","Actual","","","Water Bottle",NA,"Limit of Quantitation",50,"ug/L","Method Detection Level",37.5,"ug/L","","SGS","1251731020",2025-05-02,19:07:00,"","","Cold packs","Plastic Bottle","Opaque",NA
"10000032","Water","Surface Water","10000032-2025-04-30-Total Nitrate/Nitrite-N",2025-04-30,10:05:00.000000,"","",60.484622,-149.993955,"","Field Msr/Obs",15,"cm","","","","","","1251731","Total Nitrate/Nitrite-N","4500-NO3(F)","APHA","",1.11,"mg/L","=","Sampled",NA,"Total","Actual","","","Water Bottle",NA,"Limit of Quantitation",0.2,"mg/L","Method Detection Level",0.15,"mg/L","","SGS","1251731020",2025-05-14,15:19:00,"","","Cold packs","Plastic Bottle","Opaque","H2SO4"
"10000424","Water","Surface Water","10000424-2025-04-30-Ca",2025-04-30,09:05:00.000000,"","",60.489,-149.877,"","Field Msr/Obs",15,"cm","","","","","","1251731","Calcium","200.8","USEPA","",21300,"ug/L","=","Sampled",NA,"Unfiltered","Actual","","","Water Bottle",NA,"Limit of Quantitation",500,"ug/L","Method Detection Level",375,"ug/L","","SGS","1251731022",2025-05-02,19:10:00,"","","Cold packs","Plastic Bottle","Opaque",NA
"10000017","Water","Surface Water","10000017-2025-04-30-Ca",2025-04-30,10:15:00.000000,"","",60.533743,-151.099258,"","Field Msr/Obs",15,"cm","","","","","","1251731","Calcium","200.8","USEPA","",13900,"ug/L","=","Sampled",NA,"Unfiltered","Actual","","","Water Bottle",NA,"Limit of Quantitation",500,"ug/L","Method Detection Level",375,"ug/L","","SGS","1251731004",2025-05-02,15:27:00,"","","Cold packs","Plastic Bottle","Opaque",NA
"10000017","Water","Surface Water","10000017-2025-04-30-Fe",2025-04-30,10:15:00.000000,"","",60.533743,-151.099258,"","Field Msr/Obs",15,"cm","","","","","","1251731","Iron","200.8","USEPA","",262,"ug/L","=","Sampled",NA,"Unfiltered","Actual","","","Water Bottle",NA,"Limit of Quantitation",250,"ug/L","Method Detection Level",188,"ug/L","","SGS","1251731004",2025-05-02,15:27:00,"","","Cold packs","Plastic Bottle","Opaque",NA
"10000017","Water","Surface Water","10000017-2025-04-30-Mg",2025-04-30,10:15:00.000000,"","",60.533743,-151.099258,"","Field Msr/Obs",15,"cm","","","","","","1251731","Magnesium","200.8","USEPA","",1640,"ug/L","=","Sampled",NA,"Unfiltered","Actual","","","Water Bottle",NA,"Limit of Quantitation",50,"ug/L","Method Detection Level",37.5,"ug/L","","SGS","1251731004",2025-05-02,15:27:00,"","","Cold packs","Plastic Bottle","Opaque",NA
"10000017","Water","Surface Water","10000017-2025-04-30-Zn",2025-04-30,10:15:00.000000,"","",60.533743,-151.099258,"","Field Msr/Obs",15,"cm","","","","","","1251731","Zinc","200.8","USEPA","",4.68,"ug/L","J","Sampled",NA,"Unfiltered","Actual","","","Water Bottle","Present Below Quantification Limit","Limit of Quantitation",10,"ug/L","Method Detection Level",7.5,"ug/L","","SGS","1251731004",2025-05-02,15:27:00,"","","Cold packs","Plastic Bottle","Opaque",NA
"10000424","Water","Surface Water","10000424-2025-04-30-Mg",2025-04-30,09:05:00.000000,"","",60.489,-149.877,"","Field Msr/Obs",15,"cm","","","","","","1251731","Magnesium","200.8","USEPA","",1380,"ug/L","=","Sampled",NA,"Unfiltered","Actual","","","Water Bottle",NA,"Limit of Quantitation",50,"ug/L","Method Detection Level",37.5,"ug/L","","SGS","1251731022",2025-05-02,19:10:00,"","","Cold packs","Plastic Bottle","Opaque",NA
"10000424","Water","Surface Water","10000424-2025-04-30-Total Nitrate/Nitrite-N",2025-04-30,09:05:00.000000,"","",60.489,-149.877,"","Field Msr/Obs",15,"cm","","","","","","1251731","Total Nitrate/Nitrite-N","4500-NO3(F)","APHA","",0.802,"mg/L","=","Sampled",NA,"Total","Actual","","","Water Bottle",NA,"Limit of Quantitation",0.2,"mg/L","Method Detection Level",0.15,"mg/L","","SGS","1251731022",2025-05-14,15:23:00,"","","Cold packs","Plastic Bottle","Opaque","H2SO4"
"10000425","Water","Surface Water","10000425-2025-04-30-Total Nitrate/Nitrite-N",2025-04-30,08:15:00.000000,"","",60.492007,-149.810844,"","Field Msr/Obs",15,"cm","","","","","","1251731","Total Nitrate/Nitrite-N","4500-NO3(F)","APHA","",0.48,"mg/L","=","Sampled",NA,"Total","Actual","","","Water Bottle",NA,"Limit of Quantitation",0.2,"mg/L","Method Detection Level",0.15,"mg/L","","SGS","1251731021",2025-05-14,15:21:00,"","","Cold packs","Plastic Bottle","Opaque","H2SO4"
"10000017","Water","Surface Water","10000017-2025-04-30-Total Nitrate/Nitrite-N",2025-04-30,10:15:00.000000,"","",60.533743,-151.099258,"","Field Msr/Obs",15,"cm","","","","","","1251731","Total Nitrate/Nitrite-N","4500-NO3(F)","APHA","",0.258,"mg/L","=","Sampled",NA,"Total","Actual","","","Water Bottle",NA,"Limit of Quantitation",0.2,"mg/L","Method Detection Level",0.15,"mg/L","","SGS","1251731004",2025-05-14,14:37:00,"","","Cold packs","Plastic Bottle","Opaque","H2SO4"
"10000008","Water","Surface Water","10000008-2025-07-23-Cd",2025-07-23,10:57:00.000000,"","",60.550888,-151.268417,"","Field Msr/Obs",15,"cm","","","","","","1253728","Cadmium","200.8","USEPA","",0,"ug/L","U","Sampled",NA,"Dissolved","Actual","","","Water Bottle","Not Detected","Limit of Quantitation",0.5,"ug/L","Method Detection Level",0.375,"ug/L","","SGS","1253728029",2025-07-29,13:31:00,"","","Cold packs","Plastic Bottle","Opaque",NA
"10000008","Water","Surface Water","10000008-2025-07-23-Cr",2025-07-23,10:57:00.000000,"","",60.550888,-151.268417,"","Field Msr/Obs",15,"cm","","","","","","1253728","Chromium","200.8","USEPA","",0,"ug/L","U","Sampled",NA,"Dissolved","Actual","","","Water Bottle","Not Detected","Limit of Quantitation",5,"ug/L","Method Detection Level",3.75,"ug/L","","SGS","1253728029",2025-07-29,13:31:00,"","","Cold packs","Plastic Bottle","Opaque",NA
"10000008","Water","Surface Water","10000008-2025-07-23-Cu",2025-07-23,10:57:00.000000,"","",60.550888,-151.268417,"","Field Msr/Obs",15,"cm","","","","","","1253728","Copper","200.8","USEPA","",0,"ug/L","U","Sampled",NA,"Dissolved","Actual","","","Water Bottle","Not Detected","Limit of Quantitation",3,"ug/L","Method Detection Level",2.25,"ug/L","","SGS","1253728029",2025-07-29,13:31:00,"","","Cold packs","Plastic Bottle","Opaque",NA
"10000008","Water","Surface Water","10000008-2025-07-23-Pb",2025-07-23,10:57:00.000000,"","",60.550888,-151.268417,"","Field Msr/Obs",15,"cm","","","","","","1253728","Lead","200.8","USEPA","",0,"ug/L","U","Sampled",NA,"Dissolved","Actual","","","Water Bottle","Not Detected","Limit of Quantitation",2,"ug/L","Method Detection Level",1.5,"ug/L","","SGS","1253728029",2025-07-29,13:31:00,"","","Cold packs","Plastic Bottle","Opaque",NA
"10000008","Water","Surface Water","10000008-2025-07-23-Zn",2025-07-23,10:57:00.000000,"","",60.550888,-151.268417,"","Field Msr/Obs",15,"cm","","","","","","1253728","Zinc","200.8","USEPA","",0,"ug/L","U","Sampled",NA,"Dissolved","Actual","","","Water Bottle","Not Detected","Limit of Quantitation",10,"ug/L","Method Detection Level",7.5,"ug/L","","SGS","1253728029",2025-07-29,13:31:00,"","","Cold packs","Plastic Bottle","Opaque",NA
"10000002","Water","Surface Water","10000002-2025-07-23-Benzene",2025-07-23,10:00:00.000000,"","",60.54368,-151.22294,"","Field Msr/Obs",15,"cm","","","","","","1253728","Benzene","8260D","USEPA","",0,"ug/L","U","Sampled",NA,NA,"Actual","","","Water Bottle","Not Detected","Limit of Quantitation",0.4,"ug/L","Method Detection Level",0.3,"ug/L","","SGS","1253728002",2025-07-25,00:02:00,"","","Cold packs",NA,NA,NA
"10000002","Water","Surface Water","10000002-2025-07-23-Ethylbenzene",2025-07-23,10:00:00.000000,"","",60.54368,-151.22294,"","Field Msr/Obs",15,"cm","","","","","","1253728","Ethylbenzene","8260D","USEPA","",0,"ug/L","U","Sampled",NA,NA,"Actual","","","Water Bottle","Not Detected","Limit of Quantitation",1,"ug/L","Method Detection Level",0.75,"ug/L","","SGS","1253728002",2025-07-25,00:02:00,"","","Cold packs",NA,NA,NA
"10000002","Water","Surface Water","10000002-2025-07-23-o-Xylene",2025-07-23,10:00:00.000000,"","",60.54368,-151.22294,"","Field Msr/Obs",15,"cm","","","","","","1253728","o-Xylene","8260D","USEPA","",0,"ug/L","U","Sampled",NA,NA,"Actual","","","Water Bottle","Not Detected","Limit of Quantitation",1,"ug/L","Method Detection Level",0.75,"ug/L","","SGS","1253728002",2025-07-25,00:02:00,"","","Cold packs",NA,NA,NA
"10000002","Water","Surface Water","10000002-2025-07-23-P & M -Xylene",2025-07-23,10:00:00.000000,"","",60.54368,-151.22294,"","Field Msr/Obs",15,"cm","","","","","","1253728","P & M -Xylene","8260D","USEPA","",0,"ug/L","U","Sampled",NA,NA,"Actual","","","Water Bottle","Not Detected","Limit of Quantitation",2,"ug/L","Method Detection Level",1.5,"ug/L","","SGS","1253728002",2025-07-25,00:02:00,"","","Cold packs",NA,NA,NA
"10000002","Water","Surface Water","10000002-2025-07-23-Toluene",2025-07-23,10:00:00.000000,"","",60.54368,-151.22294,"","Field Msr/Obs",15,"cm","","","","","","1253728","Toluene","8260D","USEPA","",0,"ug/L","U","Sampled",NA,NA,"Actual","","","Water Bottle","Not Detected","Limit of Quantitation",1,"ug/L","Method Detection Level",0.75,"ug/L","","SGS","1253728002",2025-07-25,00:02:00,"","","Cold packs",NA,NA,NA
"10000002","Water","Surface Water","10000002-2025-07-23-Xylenes (total)",2025-07-23,10:00:00.000000,"","",60.54368,-151.22294,"","Field Msr/Obs",15,"cm","","","","","","1253728","Xylenes (total)","8260D","USEPA","",0,"ug/L","U","Sampled",NA,NA,"Actual","","","Water Bottle","Not Detected","Limit of Quantitation",3,"ug/L","Method Detection Level",2.25,"ug/L","","SGS","1253728002",2025-07-25,00:02:00,"","","Cold packs",NA,NA,NA
"10000002","Water","Surface Water","10000002-2025-07-23-Cu",2025-07-23,10:00:00.000000,"","",60.54368,-151.22294,"","Field Msr/Obs",15,"cm","","","","","","1253728","Copper","200.8","USEPA","",0,"ug/L","U","Sampled",NA,"Dissolved","Actual","","","Water Bottle","Not Detected","Limit of Quantitation",3,"ug/L","Method Detection Level",2.25,"ug/L","","SGS","1253728030",2025-07-29,13:37:00,"","","Cold packs","Plastic Bottle","Opaque",NA
"10000002","Water","Surface Water","10000002-2025-07-23-Pb",2025-07-23,10:00:00.000000,"","",60.54368,-151.22294,"","Field Msr/Obs",15,"cm","","","","","","1253728","Lead","200.8","USEPA","",0,"ug/L","U","Sampled",NA,"Dissolved","Actual","","","Water Bottle","Not Detected","Limit of Quantitation",2,"ug/L","Method Detection Level",1.5,"ug/L","","SGS","1253728030",2025-07-29,13:37:00,"","","Cold packs","Plastic Bottle","Opaque",NA
"10000002","Water","Surface Water","10000002-2025-07-23-Zn",2025-07-23,10:00:00.000000,"","",60.54368,-151.22294,"","Field Msr/Obs",15,"cm","","","","","","1253728","Zinc","200.8","USEPA","",0,"ug/L","U","Sampled",NA,"Dissolved","Actual","","","Water Bottle","Not Detected","Limit of Quantitation",10,"ug/L","Method Detection Level",7.5,"ug/L","","SGS","1253728030",2025-07-29,13:37:00,"","","Cold packs","Plastic Bottle","Opaque",NA
"10000016","Water","Surface Water","10000016-2025-07-23-Cu",2025-07-23,10:05:00.000000,"","",60.539279,-151.142263,"","Field Msr/Obs",15,"cm","","","","","","1253728","Copper","200.8","USEPA","",0,"ug/L","U","Sampled",NA,"Unfiltered","Actual","","","Water Bottle","Not Detected","Limit of Quantitation",3,"ug/L","Method Detection Level",2.25,"ug/L","","SGS","1253728006",2025-07-28,11:40:00,"","","Cold packs","Plastic Bottle","Opaque",NA
"10000016","Water","Surface Water","10000016-2025-07-23-Cr",2025-07-23,10:05:00.000000,"","",60.539279,-151.142263,"","Field Msr/Obs",15,"cm","","","","","","1253728","Chromium","200.8","USEPA","",0,"ug/L","U","Sampled",NA,"Dissolved","Actual","","","Water Bottle","Not Detected","Limit of Quantitation",5,"ug/L","Method Detection Level",3.75,"ug/L","","SGS","1253728034",2025-07-29,14:00:00,"","","Cold packs","Plastic Bottle","Opaque",NA
"10000016","Water","Surface Water","10000016-2025-07-23-Cu",2025-07-23,10:05:00.000000,"","",60.539279,-151.142263,"","Field Msr/Obs",15,"cm","","","","","","1253728","Copper","200.8","USEPA","",0,"ug/L","U","Sampled",NA,"Dissolved","Actual","","","Water Bottle","Not Detected","Limit of Quantitation",3,"ug/L","Method Detection Level",2.25,"ug/L","","SGS","1253728034",2025-07-29,14:00:00,"","","Cold packs","Plastic Bottle","Opaque",NA
"10000016","Water","Surface Water","10000016-2025-07-23-Pb",2025-07-23,10:05:00.000000,"","",60.539279,-151.142263,"","Field Msr/Obs",15,"cm","","","","","","1253728","Lead","200.8","USEPA","",0,"ug/L","U","Sampled",NA,"Dissolved","Actual","","","Water Bottle","Not Detected","Limit of Quantitation",2,"ug/L","Method Detection Level",1.5,"ug/L","","SGS","1253728034",2025-07-29,14:00:00,"","","Cold packs","Plastic Bottle","Opaque",NA
"10000016","Water","Surface Water","10000016-2025-07-23-Zn",2025-07-23,10:05:00.000000,"","",60.539279,-151.142263,"","Field Msr/Obs",15,"cm","","","","","","1253728","Zinc","200.8","USEPA","",0,"ug/L","U","Sampled",NA,"Dissolved","Actual","","","Water Bottle","Not Detected","Limit of Quantitation",10,"ug/L","Method Detection Level",7.5,"ug/L","","SGS","1253728034",2025-07-29,14:00:00,"","","Cold packs","Plastic Bottle","Opaque",NA
"10000015","Water","Surface Water","10000015-2025-07-23-Cu",2025-07-23,09:28:00.000000,"","",60.548029,-151.14324,"","Field Msr/Obs",15,"cm","","","","","","1253728","Copper","200.8","USEPA","",0,"ug/L","U","Sampled",NA,"Unfiltered","Actual","","","Water Bottle","Not Detected","Limit of Quantitation",3,"ug/L","Method Detection Level",2.25,"ug/L","","SGS","1253728004",2025-07-28,11:34:00,"","","Cold packs","Plastic Bottle","Opaque",NA
"10000015","Water","Surface Water","10000015-2025-07-23-Cd",2025-07-23,09:28:00.000000,"","",60.548029,-151.14324,"","Field Msr/Obs",15,"cm","","","","","","1253728","Cadmium","200.8","USEPA","",0,"ug/L","U","Sampled",NA,"Dissolved","Actual","","","Water Bottle","Not Detected","Limit of Quantitation",0.5,"ug/L","Method Detection Level",0.375,"ug/L","","SGS","1253728032",2025-07-29,13:46:00,"","","Cold packs","Plastic Bottle","Opaque",NA
"10000015","Water","Surface Water","10000015-2025-07-23-Cr",2025-07-23,09:28:00.000000,"","",60.548029,-151.14324,"","Field Msr/Obs",15,"cm","","","","","","1253728","Chromium","200.8","USEPA","",0,"ug/L","U","Sampled",NA,"Dissolved","Actual","","","Water Bottle","Not Detected","Limit of Quantitation",5,"ug/L","Method Detection Level",3.75,"ug/L","","SGS","1253728032",2025-07-29,13:46:00,"","","Cold packs","Plastic Bottle","Opaque",NA
"10000015","Water","Surface Water","10000015-2025-07-23-Cu",2025-07-23,09:28:00.000000,"","",60.548029,-151.14324,"","Field Msr/Obs",15,"cm","","","","","","1253728","Copper","200.8","USEPA","",0,"ug/L","U","Sampled",NA,"Dissolved","Actual","","","Water Bottle","Not Detected","Limit of Quantitation",3,"ug/L","Method Detection Level",2.25,"ug/L","","SGS","1253728032",2025-07-29,13:46:00,"","","Cold packs","Plastic Bottle","Opaque",NA
"10000015","Water","Surface Water","10000015-2025-07-23-Zn",2025-07-23,09:28:00.000000,"","",60.548029,-151.14324,"","Field Msr/Obs",15,"cm","","","","","","1253728","Zinc","200.8","USEPA","",0,"ug/L","U","Sampled",NA,"Dissolved","Actual","","","Water Bottle","Not Detected","Limit of Quantitation",10,"ug/L","Method Detection Level",7.5,"ug/L","","SGS","1253728032",2025-07-29,13:46:00,"","","Cold packs","Plastic Bottle","Opaque",NA
"10000015","Water","Surface Water","10000015-2025-07-23-Cd-DUP",2025-07-23,09:40:00.000000,"","",60.548029,-151.14324,"","Quality Control Field Replicate Msr/Obs",15,"cm","","","","","","1253728","Cadmium","200.8","USEPA","",0,"ug/L","U","Sampled",NA,"Dissolved","Actual","","","Water Bottle","Not Detected","Limit of Quantitation",0.5,"ug/L","Method Detection Level",0.375,"ug/L","","SGS","1253728033",2025-07-29,13:57:00,"","","Cold packs","Plastic Bottle","Opaque",NA
"10000015","Water","Surface Water","10000015-2025-07-23-Cr-DUP",2025-07-23,09:40:00.000000,"","",60.548029,-151.14324,"","Quality Control Field Replicate Msr/Obs",15,"cm","","","","","","1253728","Chromium","200.8","USEPA","",0,"ug/L","U","Sampled",NA,"Dissolved","Actual","","","Water Bottle","Not Detected","Limit of Quantitation",5,"ug/L","Method Detection Level",3.75,"ug/L","","SGS","1253728033",2025-07-29,13:57:00,"","","Cold packs","Plastic Bottle","Opaque",NA
"10000015","Water","Surface Water","10000015-2025-07-23-Cu-DUP",2025-07-23,09:40:00.000000,"","",60.548029,-151.14324,"","Quality Control Field Replicate Msr/Obs",15,"cm","","","","","","1253728","Copper","200.8","USEPA","",0,"ug/L","U","Sampled",NA,"Dissolved","Actual","","","Water Bottle","Not Detected","Limit of Quantitation",3,"ug/L","Method Detection Level",2.25,"ug/L","","SGS","1253728033",2025-07-29,13:57:00,"","","Cold packs","Plastic Bottle","Opaque",NA
"10000015","Water","Surface Water","10000015-2025-07-23-Pb-DUP",2025-07-23,09:40:00.000000,"","",60.548029,-151.14324,"","Quality Control Field Replicate Msr/Obs",15,"cm","","","","","","1253728","Lead","200.8","USEPA","",0,"ug/L","U","Sampled",NA,"Dissolved","Actual","","","Water Bottle","Not Detected","Limit of Quantitation",2,"ug/L","Method Detection Level",1.5,"ug/L","","SGS","1253728033",2025-07-29,13:57:00,"","","Cold packs","Plastic Bottle","Opaque",NA
"10000015","Water","Surface Water","10000015-2025-07-23-Zn-DUP",2025-07-23,09:40:00.000000,"","",60.548029,-151.14324,"","Quality Control Field Replicate Msr/Obs",15,"cm","","","","","","1253728","Zinc","200.8","USEPA","",0,"ug/L","U","Sampled",NA,"Dissolved","Actual","","","Water Bottle","Not Detected","Limit of Quantitation",10,"ug/L","Method Detection Level",7.5,"ug/L","","SGS","1253728033",2025-07-29,13:57:00,"","","Cold packs","Plastic Bottle","Opaque",NA
"10000017","Water","Surface Water","10000017-2025-07-23-As",2025-07-23,10:25:00.000000,"","",60.533743,-151.099258,"","Field Msr/Obs",15,"cm","","","","","","1253728","Arsenic","200.8","USEPA","",0,"ug/L","U","Sampled",NA,"Dissolved","Actual","","","Water Bottle","Not Detected","Limit of Quantitation",5,"ug/L","Method Detection Level",3.75,"ug/L","","SGS","1253728035",2025-07-29,14:03:00,"","","Cold packs","Plastic Bottle","Opaque",NA
"10000017","Water","Surface Water","10000017-2025-07-23-Cd",2025-07-23,10:25:00.000000,"","",60.533743,-151.099258,"","Field Msr/Obs",15,"cm","","","","","","1253728","Cadmium","200.8","USEPA","",0,"ug/L","U","Sampled",NA,"Dissolved","Actual","","","Water Bottle","Not Detected","Limit of Quantitation",0.5,"ug/L","Method Detection Level",0.375,"ug/L","","SGS","1253728035",2025-07-29,14:03:00,"","","Cold packs","Plastic Bottle","Opaque",NA
"10000017","Water","Surface Water","10000017-2025-07-23-Cr",2025-07-23,10:25:00.000000,"","",60.533743,-151.099258,"","Field Msr/Obs",15,"cm","","","","","","1253728","Chromium","200.8","USEPA","",0,"ug/L","U","Sampled",NA,"Dissolved","Actual","","","Water Bottle","Not Detected","Limit of Quantitation",5,"ug/L","Method Detection Level",3.75,"ug/L","","SGS","1253728035",2025-07-29,14:03:00,"","","Cold packs","Plastic Bottle","Opaque",NA
"10000017","Water","Surface Water","10000017-2025-07-23-Cu",2025-07-23,10:25:00.000000,"","",60.533743,-151.099258,"","Field Msr/Obs",15,"cm","","","","","","1253728","Copper","200.8","USEPA","",0,"ug/L","U","Sampled",NA,"Dissolved","Actual","","","Water Bottle","Not Detected","Limit of Quantitation",3,"ug/L","Method Detection Level",2.25,"ug/L","","SGS","1253728035",2025-07-29,14:03:00,"","","Cold packs","Plastic Bottle","Opaque",NA
"10000017","Water","Surface Water","10000017-2025-07-23-Pb",2025-07-23,10:25:00.000000,"","",60.533743,-151.099258,"","Field Msr/Obs",15,"cm","","","","","","1253728","Lead","200.8","USEPA","",0,"ug/L","U","Sampled",NA,"Dissolved","Actual","","","Water Bottle","Not Detected","Limit of Quantitation",2,"ug/L","Method Detection Level",1.5,"ug/L","","SGS","1253728035",2025-07-29,14:03:00,"","","Cold packs","Plastic Bottle","Opaque",NA
"10000018","Water","Surface Water","10000018-2025-07-23-As",2025-07-23,10:57:00.000000,"","",60.502005,-151.106973,"","Field Msr/Obs",15,"cm","","","","","","1253728","Arsenic","200.8","USEPA","",0,"ug/L","U","Sampled",NA,"Dissolved","Actual","","","Water Bottle","Not Detected","Limit of Quantitation",5,"ug/L","Method Detection Level",3.75,"ug/L","","SGS","1253728036",2025-07-29,14:06:00,"","","Cold packs","Plastic Bottle","Opaque",NA
"10000018","Water","Surface Water","10000018-2025-07-23-Cd",2025-07-23,10:57:00.000000,"","",60.502005,-151.106973,"","Field Msr/Obs",15,"cm","","","","","","1253728","Cadmium","200.8","USEPA","",0,"ug/L","U","Sampled",NA,"Dissolved","Actual","","","Water Bottle","Not Detected","Limit of Quantitation",0.5,"ug/L","Method Detection Level",0.375,"ug/L","","SGS","1253728036",2025-07-29,14:06:00,"","","Cold packs","Plastic Bottle","Opaque",NA
"10000018","Water","Surface Water","10000018-2025-07-23-Cr",2025-07-23,10:57:00.000000,"","",60.502005,-151.106973,"","Field Msr/Obs",15,"cm","","","","","","1253728","Chromium","200.8","USEPA","",0,"ug/L","U","Sampled",NA,"Dissolved","Actual","","","Water Bottle","Not Detected","Limit of Quantitation",5,"ug/L","Method Detection Level",3.75,"ug/L","","SGS","1253728036",2025-07-29,14:06:00,"","","Cold packs","Plastic Bottle","Opaque",NA
"10000018","Water","Surface Water","10000018-2025-07-23-Cu",2025-07-23,10:57:00.000000,"","",60.502005,-151.106973,"","Field Msr/Obs",15,"cm","","","","","","1253728","Copper","200.8","USEPA","",0,"ug/L","U","Sampled",NA,"Dissolved","Actual","","","Water Bottle","Not Detected","Limit of Quantitation",3,"ug/L","Method Detection Level",2.25,"ug/L","","SGS","1253728036",2025-07-29,14:06:00,"","","Cold packs","Plastic Bottle","Opaque",NA
"10000020","Water","Surface Water","10000020-2025-07-23-Zn",2025-07-23,10:11:00.000000,"","",60.48175453,-151.1306816,"","Field Msr/Obs",15,"cm","","","","","","1253728","Zinc","200.8","USEPA","",0,"ug/L","U","Sampled",NA,"Unfiltered","Actual","","","Water Bottle","Not Detected","Limit of Quantitation",10,"ug/L","Method Detection Level",7.5,"ug/L","","SGS","1253728009",2025-07-28,11:49:00,"","","Cold packs","Plastic Bottle","Opaque",NA
"10000020","Water","Surface Water","10000020-2025-07-23-Cd",2025-07-23,10:11:00.000000,"","",60.48175453,-151.1306816,"","Field Msr/Obs",15,"cm","","","","","","1253728","Cadmium","200.8","USEPA","",0,"ug/L","U","Sampled",NA,"Dissolved","Actual","","","Water Bottle","Not Detected","Limit of Quantitation",0.5,"ug/L","Method Detection Level",0.375,"ug/L","","SGS","1253728037",2025-07-29,14:09:00,"","","Cold packs","Plastic Bottle","Opaque",NA
"10000020","Water","Surface Water","10000020-2025-07-23-Cr",2025-07-23,10:11:00.000000,"","",60.48175453,-151.1306816,"","Field Msr/Obs",15,"cm","","","","","","1253728","Chromium","200.8","USEPA","",0,"ug/L","U","Sampled",NA,"Dissolved","Actual","","","Water Bottle","Not Detected","Limit of Quantitation",5,"ug/L","Method Detection Level",3.75,"ug/L","","SGS","1253728037",2025-07-29,14:09:00,"","","Cold packs","Plastic Bottle","Opaque",NA
"10000002","Water","Surface Water","10000002-2025-07-23-Cd",2025-07-23,10:00:00.000000,"","",60.54368,-151.22294,"","Field Msr/Obs",15,"cm","","","","","","1253728","Cadmium","200.8","USEPA","",0,"ug/L","U","Sampled",NA,"Dissolved","Actual","","","Water Bottle","Not Detected","Limit of Quantitation",0.5,"ug/L","Method Detection Level",0.375,"ug/L","","SGS","1253728030",2025-07-29,13:37:00,"","","Cold packs","Plastic Bottle","Opaque",NA
"10000002","Water","Surface Water","10000002-2025-07-23-Cr",2025-07-23,10:00:00.000000,"","",60.54368,-151.22294,"","Field Msr/Obs",15,"cm","","","","","","1253728","Chromium","200.8","USEPA","",0,"ug/L","U","Sampled",NA,"Dissolved","Actual","","","Water Bottle","Not Detected","Limit of Quantitation",5,"ug/L","Method Detection Level",3.75,"ug/L","","SGS","1253728030",2025-07-29,13:37:00,"","","Cold packs","Plastic Bottle","Opaque",NA
"10000016","Water","Surface Water","10000016-2025-07-23-As",2025-07-23,10:05:00.000000,"","",60.539279,-151.142263,"","Field Msr/Obs",15,"cm","","","","","","1253728","Arsenic","200.8","USEPA","",0,"ug/L","U","Sampled",NA,"Dissolved","Actual","","","Water Bottle","Not Detected","Limit of Quantitation",5,"ug/L","Method Detection Level",3.75,"ug/L","","SGS","1253728034",2025-07-29,14:00:00,"","","Cold packs","Plastic Bottle","Opaque",NA
"10000016","Water","Surface Water","10000016-2025-07-23-Cd",2025-07-23,10:05:00.000000,"","",60.539279,-151.142263,"","Field Msr/Obs",15,"cm","","","","","","1253728","Cadmium","200.8","USEPA","",0,"ug/L","U","Sampled",NA,"Dissolved","Actual","","","Water Bottle","Not Detected","Limit of Quantitation",0.5,"ug/L","Method Detection Level",0.375,"ug/L","","SGS","1253728034",2025-07-29,14:00:00,"","","Cold packs","Plastic Bottle","Opaque",NA
"10000015","Water","Surface Water","10000015-2025-07-23-Zn",2025-07-23,09:28:00.000000,"","",60.548029,-151.14324,"","Field Msr/Obs",15,"cm","","","","","","1253728","Zinc","200.8","USEPA","",0,"ug/L","U","Sampled",NA,"Unfiltered","Actual","","","Water Bottle","Not Detected","Limit of Quantitation",10,"ug/L","Method Detection Level",7.5,"ug/L","","SGS","1253728004",2025-07-28,11:34:00,"","","Cold packs","Plastic Bottle","Opaque",NA
"10000015","Water","Surface Water","10000015-2025-07-23-Cu-DUP",2025-07-23,09:40:00.000000,"","",60.548029,-151.14324,"","Quality Control Field Replicate Msr/Obs",15,"cm","","","","","","1253728","Copper","200.8","USEPA","",0,"ug/L","U","Sampled",NA,"Unfiltered","Actual","","","Water Bottle","Not Detected","Limit of Quantitation",3,"ug/L","Method Detection Level",2.25,"ug/L","","SGS","1253728005",2025-07-28,11:37:00,"","","Cold packs","Plastic Bottle","Opaque",NA
"10000017","Water","Surface Water","10000017-2025-07-23-Cu",2025-07-23,10:25:00.000000,"","",60.533743,-151.099258,"","Field Msr/Obs",15,"cm","","","","","","1253728","Copper","200.8","USEPA","",0,"ug/L","U","Sampled",NA,"Unfiltered","Actual","","","Water Bottle","Not Detected","Limit of Quantitation",3,"ug/L","Method Detection Level",2.25,"ug/L","","SGS","1253728007",2025-07-28,11:43:00,"","","Cold packs","Plastic Bottle","Opaque",NA
"10000017","Water","Surface Water","10000017-2025-07-23-Zn",2025-07-23,10:25:00.000000,"","",60.533743,-151.099258,"","Field Msr/Obs",15,"cm","","","","","","1253728","Zinc","200.8","USEPA","",0,"ug/L","U","Sampled",NA,"Unfiltered","Actual","","","Water Bottle","Not Detected","Limit of Quantitation",10,"ug/L","Method Detection Level",7.5,"ug/L","","SGS","1253728007",2025-07-28,11:43:00,"","","Cold packs","Plastic Bottle","Opaque",NA
"10000017","Water","Surface Water","10000017-2025-07-23-Zn",2025-07-23,10:25:00.000000,"","",60.533743,-151.099258,"","Field Msr/Obs",15,"cm","","","","","","1253728","Zinc","200.8","USEPA","",0,"ug/L","U","Sampled",NA,"Dissolved","Actual","","","Water Bottle","Not Detected","Limit of Quantitation",10,"ug/L","Method Detection Level",7.5,"ug/L","","SGS","1253728035",2025-07-29,14:03:00,"","","Cold packs","Plastic Bottle","Opaque",NA
"10000018","Water","Surface Water","10000018-2025-07-23-Cu",2025-07-23,10:57:00.000000,"","",60.502005,-151.106973,"","Field Msr/Obs",15,"cm","","","","","","1253728","Copper","200.8","USEPA","",0,"ug/L","U","Sampled",NA,"Unfiltered","Actual","","","Water Bottle","Not Detected","Limit of Quantitation",3,"ug/L","Method Detection Level",2.25,"ug/L","","SGS","1253728008",2025-07-28,11:46:00,"","","Cold packs","Plastic Bottle","Opaque",NA
"10000018","Water","Surface Water","10000018-2025-07-23-Pb",2025-07-23,10:57:00.000000,"","",60.502005,-151.106973,"","Field Msr/Obs",15,"cm","","","","","","1253728","Lead","200.8","USEPA","",0,"ug/L","U","Sampled",NA,"Dissolved","Actual","","","Water Bottle","Not Detected","Limit of Quantitation",2,"ug/L","Method Detection Level",1.5,"ug/L","","SGS","1253728036",2025-07-29,14:06:00,"","","Cold packs","Plastic Bottle","Opaque",NA
"10000018","Water","Surface Water","10000018-2025-07-23-Zn",2025-07-23,10:57:00.000000,"","",60.502005,-151.106973,"","Field Msr/Obs",15,"cm","","","","","","1253728","Zinc","200.8","USEPA","",0,"ug/L","U","Sampled",NA,"Dissolved","Actual","","","Water Bottle","Not Detected","Limit of Quantitation",10,"ug/L","Method Detection Level",7.5,"ug/L","","SGS","1253728036",2025-07-29,14:06:00,"","","Cold packs","Plastic Bottle","Opaque",NA
"10000020","Water","Surface Water","10000020-2025-07-23-Cu",2025-07-23,10:11:00.000000,"","",60.48175453,-151.1306816,"","Field Msr/Obs",15,"cm","","","","","","1253728","Copper","200.8","USEPA","",0,"ug/L","U","Sampled",NA,"Unfiltered","Actual","","","Water Bottle","Not Detected","Limit of Quantitation",3,"ug/L","Method Detection Level",2.25,"ug/L","","SGS","1253728009",2025-07-28,11:49:00,"","","Cold packs","Plastic Bottle","Opaque",NA
"10000020","Water","Surface Water","10000020-2025-07-23-Cu",2025-07-23,10:11:00.000000,"","",60.48175453,-151.1306816,"","Field Msr/Obs",15,"cm","","","","","","1253728","Copper","200.8","USEPA","",0,"ug/L","U","Sampled",NA,"Dissolved","Actual","","","Water Bottle","Not Detected","Limit of Quantitation",3,"ug/L","Method Detection Level",2.25,"ug/L","","SGS","1253728037",2025-07-29,14:09:00,"","","Cold packs","Plastic Bottle","Opaque",NA
"10000020","Water","Surface Water","10000020-2025-07-23-Pb",2025-07-23,10:11:00.000000,"","",60.48175453,-151.1306816,"","Field Msr/Obs",15,"cm","","","","","","1253728","Lead","200.8","USEPA","",0,"ug/L","U","Sampled",NA,"Dissolved","Actual","","","Water Bottle","Not Detected","Limit of Quantitation",2,"ug/L","Method Detection Level",1.5,"ug/L","","SGS","1253728037",2025-07-29,14:09:00,"","","Cold packs","Plastic Bottle","Opaque",NA
"10000021","Water","Surface Water","10000021-2025-07-23-Cu",2025-07-23,09:42:00.000000,"","",60.476634,-151.082099,"","Field Msr/Obs",15,"cm","","","","","","1253728","Copper","200.8","USEPA","",0,"ug/L","U","Sampled",NA,"Unfiltered","Actual","","","Water Bottle","Not Detected","Limit of Quantitation",3,"ug/L","Method Detection Level",2.25,"ug/L","","SGS","1253728010",2025-07-28,11:52:00,"","","Cold packs","Plastic Bottle","Opaque",NA
"10000021","Water","Surface Water","10000021-2025-07-23-As",2025-07-23,09:42:00.000000,"","",60.476634,-151.082099,"","Field Msr/Obs",15,"cm","","","","","","1253728","Arsenic","200.8","USEPA","",0,"ug/L","U","Sampled",NA,"Dissolved","Actual","","","Water Bottle","Not Detected","Limit of Quantitation",5,"ug/L","Method Detection Level",3.75,"ug/L","","SGS","1253728038",2025-07-29,14:12:00,"","","Cold packs","Plastic Bottle","Opaque",NA
"10000021","Water","Surface Water","10000021-2025-07-23-Cd",2025-07-23,09:42:00.000000,"","",60.476634,-151.082099,"","Field Msr/Obs",15,"cm","","","","","","1253728","Cadmium","200.8","USEPA","",0,"ug/L","U","Sampled",NA,"Dissolved","Actual","","","Water Bottle","Not Detected","Limit of Quantitation",0.5,"ug/L","Method Detection Level",0.375,"ug/L","","SGS","1253728038",2025-07-29,14:12:00,"","","Cold packs","Plastic Bottle","Opaque",NA
"10000022","Water","Surface Water","10000022-2025-07-23-Zn",2025-07-23,08:17:00.000000,"","",60.483364,-151.057656,"","Field Msr/Obs",15,"cm","","","","","","1253728","Zinc","200.8","USEPA","",0,"ug/L","U","Sampled",NA,"Unfiltered","Actual","","","Water Bottle","Not Detected","Limit of Quantitation",10,"ug/L","Method Detection Level",7.5,"ug/L","","SGS","1253728011",2025-07-28,11:55:00,"","","Cold packs","Plastic Bottle","Opaque",NA
"10000022","Water","Surface Water","10000022-2025-07-23-Cu-NA",2025-07-23,08:17:00.000000,"","",60.483364,-151.057656,"","Field Msr/Obs",15,"cm","","","","","","1253728","Copper","200.8","USEPA","",0,"ug/L","U","Sampled",NA,"Unfiltered","Actual","","","Water Bottle","Not Detected","Limit of Quantitation",3,"ug/L","Method Detection Level",2.25,"ug/L","","SGS","1253728026",2025-07-28,14:46:00,"","","Cold packs","Plastic Bottle","Opaque",NA
"10000022","Water","Surface Water","10000022-2025-07-23-Fe-NA",2025-07-23,08:17:00.000000,"","",60.483364,-151.057656,"","Field Msr/Obs",15,"cm","","","","","","1253728","Iron","200.8","USEPA","",0,"ug/L","U","Sampled",NA,"Unfiltered","Actual","","","Water Bottle","Not Detected","Limit of Quantitation",250,"ug/L","Method Detection Level",188,"ug/L","","SGS","1253728026",2025-07-28,14:46:00,"","","Cold packs","Plastic Bottle","Opaque",NA
"10000022","Water","Surface Water","10000022-2025-07-23-Mg-NA",2025-07-23,08:17:00.000000,"","",60.483364,-151.057656,"","Field Msr/Obs",15,"cm","","","","","","1253728","Magnesium","200.8","USEPA","",0,"ug/L","U","Sampled",NA,"Unfiltered","Actual","","","Water Bottle","Not Detected","Limit of Quantitation",50,"ug/L","Method Detection Level",37.5,"ug/L","","SGS","1253728026",2025-07-28,14:46:00,"","","Cold packs","Plastic Bottle","Opaque",NA
"10000022","Water","Surface Water","10000022-2025-07-23-Zn-NA",2025-07-23,08:17:00.000000,"","",60.483364,-151.057656,"","Field Msr/Obs",15,"cm","","","","","","1253728","Zinc","200.8","USEPA","",0,"ug/L","U","Sampled",NA,"Unfiltered","Actual","","","Water Bottle","Not Detected","Limit of Quantitation",10,"ug/L","Method Detection Level",7.5,"ug/L","","SGS","1253728026",2025-07-28,14:46:00,"","","Cold packs","Plastic Bottle","Opaque",NA
"10000022","Water","Surface Water","10000022-2025-07-23-As-NA",2025-07-23,08:17:00.000000,"","",60.483364,-151.057656,"","Field Msr/Obs",15,"cm","","","","","","1253728","Arsenic","200.8","USEPA","",0,"ug/L","U","Sampled",NA,"Dissolved","Actual","","","Water Bottle","Not Detected","Limit of Quantitation",5,"ug/L","Method Detection Level",3.75,"ug/L","","SGS","1253728045",2025-07-29,14:42:00,"","","Cold packs","Plastic Bottle","Opaque",NA
"10000022","Water","Surface Water","10000022-2025-07-23-Cd-NA",2025-07-23,08:17:00.000000,"","",60.483364,-151.057656,"","Field Msr/Obs",15,"cm","","","","","","1253728","Cadmium","200.8","USEPA","",0,"ug/L","U","Sampled",NA,"Dissolved","Actual","","","Water Bottle","Not Detected","Limit of Quantitation",0.5,"ug/L","Method Detection Level",0.375,"ug/L","","SGS","1253728045",2025-07-29,14:42:00,"","","Cold packs","Plastic Bottle","Opaque",NA
"10000023","Water","Surface Water","10000023-2025-07-23-As",2025-07-23,09:00:00.000000,"","",60.480338,-151.030847,"","Field Msr/Obs",15,"cm","","","","","","1253728","Arsenic","200.8","USEPA","",0,"ug/L","U","Sampled",NA,"Dissolved","Actual","","","Water Bottle","Not Detected","Limit of Quantitation",5,"ug/L","Method Detection Level",3.75,"ug/L","","SGS","1253728040",2025-07-29,14:18:00,"","","Cold packs","Plastic Bottle","Opaque",NA
"10000023","Water","Surface Water","10000023-2025-07-23-Cu-DUP",2025-07-23,09:13:00.000000,"","",60.480338,-151.030847,"","Quality Control Field Replicate Msr/Obs",15,"cm","","","","","","1253728","Copper","200.8","USEPA","",0,"ug/L","U","Sampled",NA,"Unfiltered","Actual","","","Water Bottle","Not Detected","Limit of Quantitation",3,"ug/L","Method Detection Level",2.25,"ug/L","","SGS","1253728013",2025-07-28,12:09:00,"","","Cold packs","Plastic Bottle","Opaque",NA
"10000023","Water","Surface Water","10000023-2025-07-23-Zn-DUP",2025-07-23,09:13:00.000000,"","",60.480338,-151.030847,"","Quality Control Field Replicate Msr/Obs",15,"cm","","","","","","1253728","Zinc","200.8","USEPA","",0,"ug/L","U","Sampled",NA,"Unfiltered","Actual","","","Water Bottle","Not Detected","Limit of Quantitation",10,"ug/L","Method Detection Level",7.5,"ug/L","","SGS","1253728013",2025-07-28,12:09:00,"","","Cold packs","Plastic Bottle","Opaque",NA
"10000024","Water","Surface Water","10000024-2025-07-23-Cu",2025-07-23,08:55:00.000000,"","",60.489963,-150.860982,"","Field Msr/Obs",15,"cm","","","","","","1253728","Copper","200.8","USEPA","",0,"ug/L","U","Sampled",NA,"Unfiltered","Actual","","","Water Bottle","Not Detected","Limit of Quantitation",3,"ug/L","Method Detection Level",2.25,"ug/L","","SGS","1253728014",2025-07-28,12:12:00,"","","Cold packs","Plastic Bottle","Opaque",NA
"10000024","Water","Surface Water","10000024-2025-07-23-Zn",2025-07-23,08:55:00.000000,"","",60.489963,-150.860982,"","Field Msr/Obs",15,"cm","","","","","","1253728","Zinc","200.8","USEPA","",0,"ug/L","U","Sampled",NA,"Unfiltered","Actual","","","Water Bottle","Not Detected","Limit of Quantitation",10,"ug/L","Method Detection Level",7.5,"ug/L","","SGS","1253728014",2025-07-28,12:12:00,"","","Cold packs","Plastic Bottle","Opaque",NA
"10000024","Water","Surface Water","10000024-2025-07-23-Zn",2025-07-23,08:55:00.000000,"","",60.489963,-150.860982,"","Field Msr/Obs",15,"cm","","","","","","1253728","Zinc","200.8","USEPA","",0,"ug/L","U","Sampled",NA,"Dissolved","Actual","","","Water Bottle","Not Detected","Limit of Quantitation",10,"ug/L","Method Detection Level",7.5,"ug/L","","SGS","1253728042",2025-07-29,14:33:00,"","","Cold packs","Plastic Bottle","Opaque",NA
"10000025","Water","Surface Water","10000025-2025-07-23-Cu",2025-07-23,10:30:00.000000,"","",60.498284,-150.863121,"","Field Msr/Obs",15,"cm","","","","","","1253728","Copper","200.8","USEPA","",0,"ug/L","U","Sampled",NA,"Unfiltered","Actual","","","Water Bottle","Not Detected","Limit of Quantitation",3,"ug/L","Method Detection Level",2.25,"ug/L","","SGS","1253728015",2025-07-28,12:15:00,"","","Cold packs","Plastic Bottle","Opaque",NA
"10000025","Water","Surface Water","10000025-2025-07-23-Pb",2025-07-23,10:30:00.000000,"","",60.498284,-150.863121,"","Field Msr/Obs",15,"cm","","","","","","1253728","Lead","200.8","USEPA","",0,"ug/L","U","Sampled",NA,"Dissolved","Actual","","","Water Bottle","Not Detected","Limit of Quantitation",2,"ug/L","Method Detection Level",1.5,"ug/L","","SGS","1253728043",2025-07-29,14:36:00,"","","Cold packs","Plastic Bottle","Opaque",NA
"10000025","Water","Surface Water","10000025-2025-07-23-Zn",2025-07-23,10:30:00.000000,"","",60.498284,-150.863121,"","Field Msr/Obs",15,"cm","","","","","","1253728","Zinc","200.8","USEPA","",0,"ug/L","U","Sampled",NA,"Dissolved","Actual","","","Water Bottle","Not Detected","Limit of Quantitation",10,"ug/L","Method Detection Level",7.5,"ug/L","","SGS","1253728043",2025-07-29,14:36:00,"","","Cold packs","Plastic Bottle","Opaque",NA
"10000021","Water","Surface Water","10000021-2025-07-23-Cr",2025-07-23,09:42:00.000000,"","",60.476634,-151.082099,"","Field Msr/Obs",15,"cm","","","","","","1253728","Chromium","200.8","USEPA","",0,"ug/L","U","Sampled",NA,"Dissolved","Actual","","","Water Bottle","Not Detected","Limit of Quantitation",5,"ug/L","Method Detection Level",3.75,"ug/L","","SGS","1253728038",2025-07-29,14:12:00,"","","Cold packs","Plastic Bottle","Opaque",NA
"10000021","Water","Surface Water","10000021-2025-07-23-Cu",2025-07-23,09:42:00.000000,"","",60.476634,-151.082099,"","Field Msr/Obs",15,"cm","","","","","","1253728","Copper","200.8","USEPA","",0,"ug/L","U","Sampled",NA,"Dissolved","Actual","","","Water Bottle","Not Detected","Limit of Quantitation",3,"ug/L","Method Detection Level",2.25,"ug/L","","SGS","1253728038",2025-07-29,14:12:00,"","","Cold packs","Plastic Bottle","Opaque",NA
"10000021","Water","Surface Water","10000021-2025-07-23-Pb",2025-07-23,09:42:00.000000,"","",60.476634,-151.082099,"","Field Msr/Obs",15,"cm","","","","","","1253728","Lead","200.8","USEPA","",0,"ug/L","U","Sampled",NA,"Dissolved","Actual","","","Water Bottle","Not Detected","Limit of Quantitation",2,"ug/L","Method Detection Level",1.5,"ug/L","","SGS","1253728038",2025-07-29,14:12:00,"","","Cold packs","Plastic Bottle","Opaque",NA
"10000021","Water","Surface Water","10000021-2025-07-23-Zn",2025-07-23,09:42:00.000000,"","",60.476634,-151.082099,"","Field Msr/Obs",15,"cm","","","","","","1253728","Zinc","200.8","USEPA","",0,"ug/L","U","Sampled",NA,"Dissolved","Actual","","","Water Bottle","Not Detected","Limit of Quantitation",10,"ug/L","Method Detection Level",7.5,"ug/L","","SGS","1253728038",2025-07-29,14:12:00,"","","Cold packs","Plastic Bottle","Opaque",NA
"10000022","Water","Surface Water","10000022-2025-07-23-Cu",2025-07-23,08:17:00.000000,"","",60.483364,-151.057656,"","Field Msr/Obs",15,"cm","","","","","","1253728","Copper","200.8","USEPA","",0,"ug/L","U","Sampled",NA,"Unfiltered","Actual","","","Water Bottle","Not Detected","Limit of Quantitation",3,"ug/L","Method Detection Level",2.25,"ug/L","","SGS","1253728011",2025-07-28,11:55:00,"","","Cold packs","Plastic Bottle","Opaque",NA
"10000022","Water","Surface Water","10000022-2025-07-23-Cd",2025-07-23,08:17:00.000000,"","",60.483364,-151.057656,"","Field Msr/Obs",15,"cm","","","","","","1253728","Cadmium","200.8","USEPA","",0,"ug/L","U","Sampled",NA,"Dissolved","Actual","","","Water Bottle","Not Detected","Limit of Quantitation",0.5,"ug/L","Method Detection Level",0.375,"ug/L","","SGS","1253728039",2025-07-29,14:15:00,"","","Cold packs","Plastic Bottle","Opaque",NA
"10000022","Water","Surface Water","10000022-2025-07-23-Cr",2025-07-23,08:17:00.000000,"","",60.483364,-151.057656,"","Field Msr/Obs",15,"cm","","","","","","1253728","Chromium","200.8","USEPA","",0,"ug/L","U","Sampled",NA,"Dissolved","Actual","","","Water Bottle","Not Detected","Limit of Quantitation",5,"ug/L","Method Detection Level",3.75,"ug/L","","SGS","1253728039",2025-07-29,14:15:00,"","","Cold packs","Plastic Bottle","Opaque",NA
"10000022","Water","Surface Water","10000022-2025-07-23-Cu",2025-07-23,08:17:00.000000,"","",60.483364,-151.057656,"","Field Msr/Obs",15,"cm","","","","","","1253728","Copper","200.8","USEPA","",0,"ug/L","U","Sampled",NA,"Dissolved","Actual","","","Water Bottle","Not Detected","Limit of Quantitation",3,"ug/L","Method Detection Level",2.25,"ug/L","","SGS","1253728039",2025-07-29,14:15:00,"","","Cold packs","Plastic Bottle","Opaque",NA
"10000022","Water","Surface Water","10000022-2025-07-23-Pb",2025-07-23,08:17:00.000000,"","",60.483364,-151.057656,"","Field Msr/Obs",15,"cm","","","","","","1253728","Lead","200.8","USEPA","",0,"ug/L","U","Sampled",NA,"Dissolved","Actual","","","Water Bottle","Not Detected","Limit of Quantitation",2,"ug/L","Method Detection Level",1.5,"ug/L","","SGS","1253728039",2025-07-29,14:15:00,"","","Cold packs","Plastic Bottle","Opaque",NA
"10000022","Water","Surface Water","10000022-2025-07-23-Zn",2025-07-23,08:17:00.000000,"","",60.483364,-151.057656,"","Field Msr/Obs",15,"cm","","","","","","1253728","Zinc","200.8","USEPA","",0,"ug/L","U","Sampled",NA,"Dissolved","Actual","","","Water Bottle","Not Detected","Limit of Quantitation",10,"ug/L","Method Detection Level",7.5,"ug/L","","SGS","1253728039",2025-07-29,14:15:00,"","","Cold packs","Plastic Bottle","Opaque",NA
"10000022","Water","Surface Water","10000022-2025-07-23-Ca-NA",2025-07-23,08:17:00.000000,"","",60.483364,-151.057656,"","Field Msr/Obs",15,"cm","","","","","","1253728","Calcium","200.8","USEPA","",0,"ug/L","U","Sampled",NA,"Unfiltered","Actual","","","Water Bottle","Not Detected","Limit of Quantitation",500,"ug/L","Method Detection Level",375,"ug/L","","SGS","1253728026",2025-07-28,14:46:00,"","","Cold packs","Plastic Bottle","Opaque",NA
"10000022","Water","Surface Water","10000022-2025-07-23-Cr-NA",2025-07-23,08:17:00.000000,"","",60.483364,-151.057656,"","Field Msr/Obs",15,"cm","","","","","","1253728","Chromium","200.8","USEPA","",0,"ug/L","U","Sampled",NA,"Dissolved","Actual","","","Water Bottle","Not Detected","Limit of Quantitation",5,"ug/L","Method Detection Level",3.75,"ug/L","","SGS","1253728045",2025-07-29,14:42:00,"","","Cold packs","Plastic Bottle","Opaque",NA
"10000022","Water","Surface Water","10000022-2025-07-23-Cu-NA",2025-07-23,08:17:00.000000,"","",60.483364,-151.057656,"","Field Msr/Obs",15,"cm","","","","","","1253728","Copper","200.8","USEPA","",0,"ug/L","U","Sampled",NA,"Dissolved","Actual","","","Water Bottle","Not Detected","Limit of Quantitation",3,"ug/L","Method Detection Level",2.25,"ug/L","","SGS","1253728045",2025-07-29,14:42:00,"","","Cold packs","Plastic Bottle","Opaque",NA
"10000022","Water","Surface Water","10000022-2025-07-23-Pb-NA",2025-07-23,08:17:00.000000,"","",60.483364,-151.057656,"","Field Msr/Obs",15,"cm","","","","","","1253728","Lead","200.8","USEPA","",0,"ug/L","U","Sampled",NA,"Dissolved","Actual","","","Water Bottle","Not Detected","Limit of Quantitation",2,"ug/L","Method Detection Level",1.5,"ug/L","","SGS","1253728045",2025-07-29,14:42:00,"","","Cold packs","Plastic Bottle","Opaque",NA
"10000023","Water","Surface Water","10000023-2025-07-23-Cu",2025-07-23,09:00:00.000000,"","",60.480338,-151.030847,"","Field Msr/Obs",15,"cm","","","","","","1253728","Copper","200.8","USEPA","",0,"ug/L","U","Sampled",NA,"Unfiltered","Actual","","","Water Bottle","Not Detected","Limit of Quantitation",3,"ug/L","Method Detection Level",2.25,"ug/L","","SGS","1253728012",2025-07-28,12:06:00,"","","Cold packs","Plastic Bottle","Opaque",NA
"10000023","Water","Surface Water","10000023-2025-07-23-Cd",2025-07-23,09:00:00.000000,"","",60.480338,-151.030847,"","Field Msr/Obs",15,"cm","","","","","","1253728","Cadmium","200.8","USEPA","",0,"ug/L","U","Sampled",NA,"Dissolved","Actual","","","Water Bottle","Not Detected","Limit of Quantitation",0.5,"ug/L","Method Detection Level",0.375,"ug/L","","SGS","1253728040",2025-07-29,14:18:00,"","","Cold packs","Plastic Bottle","Opaque",NA
"10000023","Water","Surface Water","10000023-2025-07-23-Cr",2025-07-23,09:00:00.000000,"","",60.480338,-151.030847,"","Field Msr/Obs",15,"cm","","","","","","1253728","Chromium","200.8","USEPA","",0,"ug/L","U","Sampled",NA,"Dissolved","Actual","","","Water Bottle","Not Detected","Limit of Quantitation",5,"ug/L","Method Detection Level",3.75,"ug/L","","SGS","1253728040",2025-07-29,14:18:00,"","","Cold packs","Plastic Bottle","Opaque",NA
"10000023","Water","Surface Water","10000023-2025-07-23-Cu",2025-07-23,09:00:00.000000,"","",60.480338,-151.030847,"","Field Msr/Obs",15,"cm","","","","","","1253728","Copper","200.8","USEPA","",0,"ug/L","U","Sampled",NA,"Dissolved","Actual","","","Water Bottle","Not Detected","Limit of Quantitation",3,"ug/L","Method Detection Level",2.25,"ug/L","","SGS","1253728040",2025-07-29,14:18:00,"","","Cold packs","Plastic Bottle","Opaque",NA
"10000023","Water","Surface Water","10000023-2025-07-23-Pb",2025-07-23,09:00:00.000000,"","",60.480338,-151.030847,"","Field Msr/Obs",15,"cm","","","","","","1253728","Lead","200.8","USEPA","",0,"ug/L","U","Sampled",NA,"Dissolved","Actual","","","Water Bottle","Not Detected","Limit of Quantitation",2,"ug/L","Method Detection Level",1.5,"ug/L","","SGS","1253728040",2025-07-29,14:18:00,"","","Cold packs","Plastic Bottle","Opaque",NA
"10000023","Water","Surface Water","10000023-2025-07-23-Zn",2025-07-23,09:00:00.000000,"","",60.480338,-151.030847,"","Field Msr/Obs",15,"cm","","","","","","1253728","Zinc","200.8","USEPA","",0,"ug/L","U","Sampled",NA,"Dissolved","Actual","","","Water Bottle","Not Detected","Limit of Quantitation",10,"ug/L","Method Detection Level",7.5,"ug/L","","SGS","1253728040",2025-07-29,14:18:00,"","","Cold packs","Plastic Bottle","Opaque",NA
"10000023","Water","Surface Water","10000023-2025-07-23-As-DUP",2025-07-23,09:13:00.000000,"","",60.480338,-151.030847,"","Quality Control Field Replicate Msr/Obs",15,"cm","","","","","","1253728","Arsenic","200.8","USEPA","",0,"ug/L","U","Sampled",NA,"Dissolved","Actual","","","Water Bottle","Not Detected","Limit of Quantitation",5,"ug/L","Method Detection Level",3.75,"ug/L","","SGS","1253728041",2025-07-29,14:21:00,"","","Cold packs","Plastic Bottle","Opaque",NA
"10000023","Water","Surface Water","10000023-2025-07-23-Cd-DUP",2025-07-23,09:13:00.000000,"","",60.480338,-151.030847,"","Quality Control Field Replicate Msr/Obs",15,"cm","","","","","","1253728","Cadmium","200.8","USEPA","",0,"ug/L","U","Sampled",NA,"Dissolved","Actual","","","Water Bottle","Not Detected","Limit of Quantitation",0.5,"ug/L","Method Detection Level",0.375,"ug/L","","SGS","1253728041",2025-07-29,14:21:00,"","","Cold packs","Plastic Bottle","Opaque",NA
"10000023","Water","Surface Water","10000023-2025-07-23-Cr-DUP",2025-07-23,09:13:00.000000,"","",60.480338,-151.030847,"","Quality Control Field Replicate Msr/Obs",15,"cm","","","","","","1253728","Chromium","200.8","USEPA","",0,"ug/L","U","Sampled",NA,"Dissolved","Actual","","","Water Bottle","Not Detected","Limit of Quantitation",5,"ug/L","Method Detection Level",3.75,"ug/L","","SGS","1253728041",2025-07-29,14:21:00,"","","Cold packs","Plastic Bottle","Opaque",NA
"10000023","Water","Surface Water","10000023-2025-07-23-Cu-DUP",2025-07-23,09:13:00.000000,"","",60.480338,-151.030847,"","Quality Control Field Replicate Msr/Obs",15,"cm","","","","","","1253728","Copper","200.8","USEPA","",0,"ug/L","U","Sampled",NA,"Dissolved","Actual","","","Water Bottle","Not Detected","Limit of Quantitation",3,"ug/L","Method Detection Level",2.25,"ug/L","","SGS","1253728041",2025-07-29,14:21:00,"","","Cold packs","Plastic Bottle","Opaque",NA
"10000023","Water","Surface Water","10000023-2025-07-23-Pb-DUP",2025-07-23,09:13:00.000000,"","",60.480338,-151.030847,"","Quality Control Field Replicate Msr/Obs",15,"cm","","","","","","1253728","Lead","200.8","USEPA","",0,"ug/L","U","Sampled",NA,"Dissolved","Actual","","","Water Bottle","Not Detected","Limit of Quantitation",2,"ug/L","Method Detection Level",1.5,"ug/L","","SGS","1253728041",2025-07-29,14:21:00,"","","Cold packs","Plastic Bottle","Opaque",NA
"10000023","Water","Surface Water","10000023-2025-07-23-Zn-DUP",2025-07-23,09:13:00.000000,"","",60.480338,-151.030847,"","Quality Control Field Replicate Msr/Obs",15,"cm","","","","","","1253728","Zinc","200.8","USEPA","",0,"ug/L","U","Sampled",NA,"Dissolved","Actual","","","Water Bottle","Not Detected","Limit of Quantitation",10,"ug/L","Method Detection Level",7.5,"ug/L","","SGS","1253728041",2025-07-29,14:21:00,"","","Cold packs","Plastic Bottle","Opaque",NA
"10000024","Water","Surface Water","10000024-2025-07-23-Cd",2025-07-23,08:55:00.000000,"","",60.489963,-150.860982,"","Field Msr/Obs",15,"cm","","","","","","1253728","Cadmium","200.8","USEPA","",0,"ug/L","U","Sampled",NA,"Dissolved","Actual","","","Water Bottle","Not Detected","Limit of Quantitation",0.5,"ug/L","Method Detection Level",0.375,"ug/L","","SGS","1253728042",2025-07-29,14:33:00,"","","Cold packs","Plastic Bottle","Opaque",NA
"10000024","Water","Surface Water","10000024-2025-07-23-Cr",2025-07-23,08:55:00.000000,"","",60.489963,-150.860982,"","Field Msr/Obs",15,"cm","","","","","","1253728","Chromium","200.8","USEPA","",0,"ug/L","U","Sampled",NA,"Dissolved","Actual","","","Water Bottle","Not Detected","Limit of Quantitation",5,"ug/L","Method Detection Level",3.75,"ug/L","","SGS","1253728042",2025-07-29,14:33:00,"","","Cold packs","Plastic Bottle","Opaque",NA
"10000024","Water","Surface Water","10000024-2025-07-23-Cu",2025-07-23,08:55:00.000000,"","",60.489963,-150.860982,"","Field Msr/Obs",15,"cm","","","","","","1253728","Copper","200.8","USEPA","",0,"ug/L","U","Sampled",NA,"Dissolved","Actual","","","Water Bottle","Not Detected","Limit of Quantitation",3,"ug/L","Method Detection Level",2.25,"ug/L","","SGS","1253728042",2025-07-29,14:33:00,"","","Cold packs","Plastic Bottle","Opaque",NA
"10000024","Water","Surface Water","10000024-2025-07-23-Pb",2025-07-23,08:55:00.000000,"","",60.489963,-150.860982,"","Field Msr/Obs",15,"cm","","","","","","1253728","Lead","200.8","USEPA","",0,"ug/L","U","Sampled",NA,"Dissolved","Actual","","","Water Bottle","Not Detected","Limit of Quantitation",2,"ug/L","Method Detection Level",1.5,"ug/L","","SGS","1253728042",2025-07-29,14:33:00,"","","Cold packs","Plastic Bottle","Opaque",NA
"10000025","Water","Surface Water","10000025-2025-07-23-As",2025-07-23,10:30:00.000000,"","",60.498284,-150.863121,"","Field Msr/Obs",15,"cm","","","","","","1253728","Arsenic","200.8","USEPA","",0,"ug/L","U","Sampled",NA,"Dissolved","Actual","","","Water Bottle","Not Detected","Limit of Quantitation",5,"ug/L","Method Detection Level",3.75,"ug/L","","SGS","1253728043",2025-07-29,14:36:00,"","","Cold packs","Plastic Bottle","Opaque",NA
"10000025","Water","Surface Water","10000025-2025-07-23-Cd",2025-07-23,10:30:00.000000,"","",60.498284,-150.863121,"","Field Msr/Obs",15,"cm","","","","","","1253728","Cadmium","200.8","USEPA","",0,"ug/L","U","Sampled",NA,"Dissolved","Actual","","","Water Bottle","Not Detected","Limit of Quantitation",0.5,"ug/L","Method Detection Level",0.375,"ug/L","","SGS","1253728043",2025-07-29,14:36:00,"","","Cold packs","Plastic Bottle","Opaque",NA
"10000025","Water","Surface Water","10000025-2025-07-23-Cr",2025-07-23,10:30:00.000000,"","",60.498284,-150.863121,"","Field Msr/Obs",15,"cm","","","","","","1253728","Chromium","200.8","USEPA","",0,"ug/L","U","Sampled",NA,"Dissolved","Actual","","","Water Bottle","Not Detected","Limit of Quantitation",5,"ug/L","Method Detection Level",3.75,"ug/L","","SGS","1253728043",2025-07-29,14:36:00,"","","Cold packs","Plastic Bottle","Opaque",NA
"10000025","Water","Surface Water","10000025-2025-07-23-Cu",2025-07-23,10:30:00.000000,"","",60.498284,-150.863121,"","Field Msr/Obs",15,"cm","","","","","","1253728","Copper","200.8","USEPA","",0,"ug/L","U","Sampled",NA,"Dissolved","Actual","","","Water Bottle","Not Detected","Limit of Quantitation",3,"ug/L","Method Detection Level",2.25,"ug/L","","SGS","1253728043",2025-07-29,14:36:00,"","","Cold packs","Plastic Bottle","Opaque",NA
"10000027","Water","Surface Water","10000027-2025-07-23-Xylenes (total)",2025-07-23,07:50:00.000000,"","",60.515441,-150.702069,"","Field Msr/Obs",15,"cm","","","","","","1253728","Xylenes (total)","8260D","USEPA","",0,"ug/L","U","Sampled",NA,NA,"Actual","","","Water Bottle","Not Detected","Limit of Quantitation",3,"ug/L","Method Detection Level",2.25,"ug/L","","SGS","1253728017",2025-07-25,00:32:00,"","","Cold packs",NA,NA,NA
"10000028","Water","Surface Water","10000028-2025-07-23-Toluene",2025-07-23,09:50:00.000000,"","",60.489844,-150.636905,"","Field Msr/Obs",15,"cm","","","","","","1253728","Toluene","8260D","USEPA","",0,"ug/L","U","Sampled",NA,NA,"Actual","","","Water Bottle","Not Detected","Limit of Quantitation",1,"ug/L","Method Detection Level",0.75,"ug/L","","SGS","1253728018",2025-07-25,00:47:00,"","","Cold packs",NA,NA,NA
"10000028","Water","Surface Water","10000028-2025-07-23-Xylenes (total)",2025-07-23,09:50:00.000000,"","",60.489844,-150.636905,"","Field Msr/Obs",15,"cm","","","","","","1253728","Xylenes (total)","8260D","USEPA","",0,"ug/L","U","Sampled",NA,NA,"Actual","","","Water Bottle","Not Detected","Limit of Quantitation",3,"ug/L","Method Detection Level",2.25,"ug/L","","SGS","1253728018",2025-07-25,00:47:00,"","","Cold packs",NA,NA,NA
"10000030","Water","Surface Water","10000030-2025-07-23-Fe",2025-07-23,08:55:00.000000,"","",60.467517,-150.507789,"","Field Msr/Obs",15,"cm","","","","","","1253728","Iron","200.8","USEPA","",0,"ug/L","U","Sampled",NA,"Unfiltered","Actual","","","Water Bottle","Not Detected","Limit of Quantitation",250,"ug/L","Method Detection Level",188,"ug/L","","SGS","1253728020",2025-07-28,14:19:00,"","","Cold packs","Plastic Bottle","Opaque",NA
"10000005","Water","Surface Water","10000005-2025-07-23-Toluene",2025-07-23,09:07:00.000000,"","",60.54081,-151.18278,"","Field Msr/Obs",15,"cm","","","","","","1253728","Toluene","8260D","USEPA","",0,"ug/L","U","Sampled",NA,NA,"Actual","","","Water Bottle","Not Detected","Limit of Quantitation",1,"ug/L","Method Detection Level",0.75,"ug/L","","SGS","1253728003",2025-07-25,00:17:00,"","","Cold packs",NA,NA,NA
"10000005","Water","Surface Water","10000005-2025-07-23-Xylenes (total)",2025-07-23,09:07:00.000000,"","",60.54081,-151.18278,"","Field Msr/Obs",15,"cm","","","","","","1253728","Xylenes (total)","8260D","USEPA","",0,"ug/L","U","Sampled",NA,NA,"Actual","","","Water Bottle","Not Detected","Limit of Quantitation",3,"ug/L","Method Detection Level",2.25,"ug/L","","SGS","1253728003",2025-07-25,00:17:00,"","","Cold packs",NA,NA,NA
"10000005","Water","Surface Water","10000005-2025-07-23-Cr",2025-07-23,09:07:00.000000,"","",60.54081,-151.18278,"","Field Msr/Obs",15,"cm","","","","","","1253728","Chromium","200.8","USEPA","",0,"ug/L","U","Sampled",NA,"Dissolved","Actual","","","Water Bottle","Not Detected","Limit of Quantitation",5,"ug/L","Method Detection Level",3.75,"ug/L","","SGS","1253728031",2025-07-29,13:43:00,"","","Cold packs","Plastic Bottle","Opaque",NA
"10000005","Water","Surface Water","10000005-2025-07-23-Cu",2025-07-23,09:07:00.000000,"","",60.54081,-151.18278,"","Field Msr/Obs",15,"cm","","","","","","1253728","Copper","200.8","USEPA","",0,"ug/L","U","Sampled",NA,"Dissolved","Actual","","","Water Bottle","Not Detected","Limit of Quantitation",3,"ug/L","Method Detection Level",2.25,"ug/L","","SGS","1253728031",2025-07-29,13:43:00,"","","Cold packs","Plastic Bottle","Opaque",NA
"10000005","Water","Surface Water","10000005-2025-07-23-Pb",2025-07-23,09:07:00.000000,"","",60.54081,-151.18278,"","Field Msr/Obs",15,"cm","","","","","","1253728","Lead","200.8","USEPA","",0,"ug/L","U","Sampled",NA,"Dissolved","Actual","","","Water Bottle","Not Detected","Limit of Quantitation",2,"ug/L","Method Detection Level",1.5,"ug/L","","SGS","1253728031",2025-07-29,13:43:00,"","","Cold packs","Plastic Bottle","Opaque",NA
"10000005","Water","Surface Water","10000005-2025-07-23-Zn",2025-07-23,09:07:00.000000,"","",60.54081,-151.18278,"","Field Msr/Obs",15,"cm","","","","","","1253728","Zinc","200.8","USEPA","",0,"ug/L","U","Sampled",NA,"Dissolved","Actual","","","Water Bottle","Not Detected","Limit of Quantitation",10,"ug/L","Method Detection Level",7.5,"ug/L","","SGS","1253728031",2025-07-29,13:43:00,"","","Cold packs","Plastic Bottle","Opaque",NA
"10000005","Water","Surface Water","10000005-2025-07-23-Ca-NA",2025-07-23,09:07:00.000000,"","",60.54081,-151.18278,"","Field Msr/Obs",15,"cm","","","","","","1253728","Calcium","200.8","USEPA","",0,"ug/L","U","Sampled",NA,"Unfiltered","Actual","","","Water Bottle","Not Detected","Limit of Quantitation",500,"ug/L","Method Detection Level",375,"ug/L","","SGS","1253728025",2025-07-28,14:43:00,"","","Cold packs","Plastic Bottle","Opaque",NA
"10000005","Water","Surface Water","10000005-2025-07-23-Cu-NA",2025-07-23,09:07:00.000000,"","",60.54081,-151.18278,"","Field Msr/Obs",15,"cm","","","","","","1253728","Copper","200.8","USEPA","",0,"ug/L","U","Sampled",NA,"Unfiltered","Actual","","","Water Bottle","Not Detected","Limit of Quantitation",3,"ug/L","Method Detection Level",2.25,"ug/L","","SGS","1253728025",2025-07-28,14:43:00,"","","Cold packs","Plastic Bottle","Opaque",NA
"10000005","Water","Surface Water","10000005-2025-07-23-Cu-NA",2025-07-23,09:07:00.000000,"","",60.54081,-151.18278,"","Field Msr/Obs",15,"cm","","","","","","1253728","Copper","200.8","USEPA","",0,"ug/L","U","Sampled",NA,"Dissolved","Actual","","","Water Bottle","Not Detected","Limit of Quantitation",3,"ug/L","Method Detection Level",2.25,"ug/L","","SGS","1253728044",2025-07-29,14:39:00,"","","Cold packs","Plastic Bottle","Opaque",NA
"10000005","Water","Surface Water","10000005-2025-07-23-Pb-NA",2025-07-23,09:07:00.000000,"","",60.54081,-151.18278,"","Field Msr/Obs",15,"cm","","","","","","1253728","Lead","200.8","USEPA","",0,"ug/L","U","Sampled",NA,"Dissolved","Actual","","","Water Bottle","Not Detected","Limit of Quantitation",2,"ug/L","Method Detection Level",1.5,"ug/L","","SGS","1253728044",2025-07-29,14:39:00,"","","Cold packs","Plastic Bottle","Opaque",NA
"10000005","Water","Surface Water","10000005-2025-07-23-Zn-NA",2025-07-23,09:07:00.000000,"","",60.54081,-151.18278,"","Field Msr/Obs",15,"cm","","","","","","1253728","Zinc","200.8","USEPA","",0,"ug/L","U","Sampled",NA,"Dissolved","Actual","","","Water Bottle","Not Detected","Limit of Quantitation",10,"ug/L","Method Detection Level",7.5,"ug/L","","SGS","1253728044",2025-07-29,14:39:00,"","","Cold packs","Plastic Bottle","Opaque",NA
"10000031","Water","Surface Water","10000031-2025-07-23-Fe",2025-07-23,10:55:00.000000,"","",60.481392,-150.11502,"","Field Msr/Obs",15,"cm","","","","","","1253728","Iron","200.8","USEPA","",0,"ug/L","U","Sampled",NA,"Unfiltered","Actual","","","Water Bottle","Not Detected","Limit of Quantitation",250,"ug/L","Method Detection Level",188,"ug/L","","SGS","1253728021",2025-07-28,14:22:00,"","","Cold packs","Plastic Bottle","Opaque",NA
"10000424","Water","Surface Water","10000424-2025-07-23-Fe",2025-07-23,09:00:00.000000,"","",60.489,-149.877,"","Field Msr/Obs",15,"cm","","","","","","1253728","Iron","200.8","USEPA","",0,"ug/L","U","Sampled",NA,"Unfiltered","Actual","","","Water Bottle","Not Detected","Limit of Quantitation",250,"ug/L","Method Detection Level",188,"ug/L","","SGS","1253728024",2025-07-28,14:40:00,"","","Cold packs","Plastic Bottle","Opaque",NA
"10000027","Water","Surface Water","10000027-2025-07-23-Benzene",2025-07-23,07:50:00.000000,"","",60.515441,-150.702069,"","Field Msr/Obs",15,"cm","","","","","","1253728","Benzene","8260D","USEPA","",0,"ug/L","U","Sampled",NA,NA,"Actual","","","Water Bottle","Not Detected","Limit of Quantitation",0.4,"ug/L","Method Detection Level",0.3,"ug/L","","SGS","1253728017",2025-07-25,00:32:00,"","","Cold packs",NA,NA,NA
"10000027","Water","Surface Water","10000027-2025-07-23-Ethylbenzene",2025-07-23,07:50:00.000000,"","",60.515441,-150.702069,"","Field Msr/Obs",15,"cm","","","","","","1253728","Ethylbenzene","8260D","USEPA","",0,"ug/L","U","Sampled",NA,NA,"Actual","","","Water Bottle","Not Detected","Limit of Quantitation",1,"ug/L","Method Detection Level",0.75,"ug/L","","SGS","1253728017",2025-07-25,00:32:00,"","","Cold packs",NA,NA,NA
"10000027","Water","Surface Water","10000027-2025-07-23-o-Xylene",2025-07-23,07:50:00.000000,"","",60.515441,-150.702069,"","Field Msr/Obs",15,"cm","","","","","","1253728","o-Xylene","8260D","USEPA","",0,"ug/L","U","Sampled",NA,NA,"Actual","","","Water Bottle","Not Detected","Limit of Quantitation",1,"ug/L","Method Detection Level",0.75,"ug/L","","SGS","1253728017",2025-07-25,00:32:00,"","","Cold packs",NA,NA,NA
"10000027","Water","Surface Water","10000027-2025-07-23-P & M -Xylene",2025-07-23,07:50:00.000000,"","",60.515441,-150.702069,"","Field Msr/Obs",15,"cm","","","","","","1253728","P & M -Xylene","8260D","USEPA","",0,"ug/L","U","Sampled",NA,NA,"Actual","","","Water Bottle","Not Detected","Limit of Quantitation",2,"ug/L","Method Detection Level",1.5,"ug/L","","SGS","1253728017",2025-07-25,00:32:00,"","","Cold packs",NA,NA,NA
"10000027","Water","Surface Water","10000027-2025-07-23-Toluene",2025-07-23,07:50:00.000000,"","",60.515441,-150.702069,"","Field Msr/Obs",15,"cm","","","","","","1253728","Toluene","8260D","USEPA","",0,"ug/L","U","Sampled",NA,NA,"Actual","","","Water Bottle","Not Detected","Limit of Quantitation",1,"ug/L","Method Detection Level",0.75,"ug/L","","SGS","1253728017",2025-07-25,00:32:00,"","","Cold packs",NA,NA,NA
"10000028","Water","Surface Water","10000028-2025-07-23-Benzene",2025-07-23,09:50:00.000000,"","",60.489844,-150.636905,"","Field Msr/Obs",15,"cm","","","","","","1253728","Benzene","8260D","USEPA","",0,"ug/L","U","Sampled",NA,NA,"Actual","","","Water Bottle","Not Detected","Limit of Quantitation",0.4,"ug/L","Method Detection Level",0.3,"ug/L","","SGS","1253728018",2025-07-25,00:47:00,"","","Cold packs",NA,NA,NA
"10000028","Water","Surface Water","10000028-2025-07-23-Ethylbenzene",2025-07-23,09:50:00.000000,"","",60.489844,-150.636905,"","Field Msr/Obs",15,"cm","","","","","","1253728","Ethylbenzene","8260D","USEPA","",0,"ug/L","U","Sampled",NA,NA,"Actual","","","Water Bottle","Not Detected","Limit of Quantitation",1,"ug/L","Method Detection Level",0.75,"ug/L","","SGS","1253728018",2025-07-25,00:47:00,"","","Cold packs",NA,NA,NA
"10000028","Water","Surface Water","10000028-2025-07-23-o-Xylene",2025-07-23,09:50:00.000000,"","",60.489844,-150.636905,"","Field Msr/Obs",15,"cm","","","","","","1253728","o-Xylene","8260D","USEPA","",0,"ug/L","U","Sampled",NA,NA,"Actual","","","Water Bottle","Not Detected","Limit of Quantitation",1,"ug/L","Method Detection Level",0.75,"ug/L","","SGS","1253728018",2025-07-25,00:47:00,"","","Cold packs",NA,NA,NA
"10000028","Water","Surface Water","10000028-2025-07-23-P & M -Xylene",2025-07-23,09:50:00.000000,"","",60.489844,-150.636905,"","Field Msr/Obs",15,"cm","","","","","","1253728","P & M -Xylene","8260D","USEPA","",0,"ug/L","U","Sampled",NA,NA,"Actual","","","Water Bottle","Not Detected","Limit of Quantitation",2,"ug/L","Method Detection Level",1.5,"ug/L","","SGS","1253728018",2025-07-25,00:47:00,"","","Cold packs",NA,NA,NA
"10000005","Water","Surface Water","10000005-2025-07-23-Benzene",2025-07-23,09:07:00.000000,"","",60.54081,-151.18278,"","Field Msr/Obs",15,"cm","","","","","","1253728","Benzene","8260D","USEPA","",0,"ug/L","U","Sampled",NA,NA,"Actual","","","Water Bottle","Not Detected","Limit of Quantitation",0.4,"ug/L","Method Detection Level",0.3,"ug/L","","SGS","1253728003",2025-07-25,00:17:00,"","","Cold packs",NA,NA,NA
"10000005","Water","Surface Water","10000005-2025-07-23-Ethylbenzene",2025-07-23,09:07:00.000000,"","",60.54081,-151.18278,"","Field Msr/Obs",15,"cm","","","","","","1253728","Ethylbenzene","8260D","USEPA","",0,"ug/L","U","Sampled",NA,NA,"Actual","","","Water Bottle","Not Detected","Limit of Quantitation",1,"ug/L","Method Detection Level",0.75,"ug/L","","SGS","1253728003",2025-07-25,00:17:00,"","","Cold packs",NA,NA,NA
"10000005","Water","Surface Water","10000005-2025-07-23-o-Xylene",2025-07-23,09:07:00.000000,"","",60.54081,-151.18278,"","Field Msr/Obs",15,"cm","","","","","","1253728","o-Xylene","8260D","USEPA","",0,"ug/L","U","Sampled",NA,NA,"Actual","","","Water Bottle","Not Detected","Limit of Quantitation",1,"ug/L","Method Detection Level",0.75,"ug/L","","SGS","1253728003",2025-07-25,00:17:00,"","","Cold packs",NA,NA,NA
"10000005","Water","Surface Water","10000005-2025-07-23-P & M -Xylene",2025-07-23,09:07:00.000000,"","",60.54081,-151.18278,"","Field Msr/Obs",15,"cm","","","","","","1253728","P & M -Xylene","8260D","USEPA","",0,"ug/L","U","Sampled",NA,NA,"Actual","","","Water Bottle","Not Detected","Limit of Quantitation",2,"ug/L","Method Detection Level",1.5,"ug/L","","SGS","1253728003",2025-07-25,00:17:00,"","","Cold packs",NA,NA,NA
"10000005","Water","Surface Water","10000005-2025-07-23-As",2025-07-23,09:07:00.000000,"","",60.54081,-151.18278,"","Field Msr/Obs",15,"cm","","","","","","1253728","Arsenic","200.8","USEPA","",0,"ug/L","U","Sampled",NA,"Dissolved","Actual","","","Water Bottle","Not Detected","Limit of Quantitation",5,"ug/L","Method Detection Level",3.75,"ug/L","","SGS","1253728031",2025-07-29,13:43:00,"","","Cold packs","Plastic Bottle","Opaque",NA
"10000005","Water","Surface Water","10000005-2025-07-23-Cd",2025-07-23,09:07:00.000000,"","",60.54081,-151.18278,"","Field Msr/Obs",15,"cm","","","","","","1253728","Cadmium","200.8","USEPA","",0,"ug/L","U","Sampled",NA,"Dissolved","Actual","","","Water Bottle","Not Detected","Limit of Quantitation",0.5,"ug/L","Method Detection Level",0.375,"ug/L","","SGS","1253728031",2025-07-29,13:43:00,"","","Cold packs","Plastic Bottle","Opaque",NA
"10000005","Water","Surface Water","10000005-2025-07-23-Fe-NA",2025-07-23,09:07:00.000000,"","",60.54081,-151.18278,"","Field Msr/Obs",15,"cm","","","","","","1253728","Iron","200.8","USEPA","",0,"ug/L","U","Sampled",NA,"Unfiltered","Actual","","","Water Bottle","Not Detected","Limit of Quantitation",250,"ug/L","Method Detection Level",188,"ug/L","","SGS","1253728025",2025-07-28,14:43:00,"","","Cold packs","Plastic Bottle","Opaque",NA
"10000005","Water","Surface Water","10000005-2025-07-23-Mg-NA",2025-07-23,09:07:00.000000,"","",60.54081,-151.18278,"","Field Msr/Obs",15,"cm","","","","","","1253728","Magnesium","200.8","USEPA","",0,"ug/L","U","Sampled",NA,"Unfiltered","Actual","","","Water Bottle","Not Detected","Limit of Quantitation",50,"ug/L","Method Detection Level",37.5,"ug/L","","SGS","1253728025",2025-07-28,14:43:00,"","","Cold packs","Plastic Bottle","Opaque",NA
"10000005","Water","Surface Water","10000005-2025-07-23-Zn-NA",2025-07-23,09:07:00.000000,"","",60.54081,-151.18278,"","Field Msr/Obs",15,"cm","","","","","","1253728","Zinc","200.8","USEPA","",0,"ug/L","U","Sampled",NA,"Unfiltered","Actual","","","Water Bottle","Not Detected","Limit of Quantitation",10,"ug/L","Method Detection Level",7.5,"ug/L","","SGS","1253728025",2025-07-28,14:43:00,"","","Cold packs","Plastic Bottle","Opaque",NA
"10000005","Water","Surface Water","10000005-2025-07-23-As-NA",2025-07-23,09:07:00.000000,"","",60.54081,-151.18278,"","Field Msr/Obs",15,"cm","","","","","","1253728","Arsenic","200.8","USEPA","",0,"ug/L","U","Sampled",NA,"Dissolved","Actual","","","Water Bottle","Not Detected","Limit of Quantitation",5,"ug/L","Method Detection Level",3.75,"ug/L","","SGS","1253728044",2025-07-29,14:39:00,"","","Cold packs","Plastic Bottle","Opaque",NA
"10000005","Water","Surface Water","10000005-2025-07-23-Cd-NA",2025-07-23,09:07:00.000000,"","",60.54081,-151.18278,"","Field Msr/Obs",15,"cm","","","","","","1253728","Cadmium","200.8","USEPA","",0,"ug/L","U","Sampled",NA,"Dissolved","Actual","","","Water Bottle","Not Detected","Limit of Quantitation",0.5,"ug/L","Method Detection Level",0.375,"ug/L","","SGS","1253728044",2025-07-29,14:39:00,"","","Cold packs","Plastic Bottle","Opaque",NA
"10000005","Water","Surface Water","10000005-2025-07-23-Cr-NA",2025-07-23,09:07:00.000000,"","",60.54081,-151.18278,"","Field Msr/Obs",15,"cm","","","","","","1253728","Chromium","200.8","USEPA","",0,"ug/L","U","Sampled",NA,"Dissolved","Actual","","","Water Bottle","Not Detected","Limit of Quantitation",5,"ug/L","Method Detection Level",3.75,"ug/L","","SGS","1253728044",2025-07-29,14:39:00,"","","Cold packs","Plastic Bottle","Opaque",NA
"10000032","Water","Surface Water","10000032-2025-07-23-Fe",2025-07-23,10:05:00.000000,"","",60.484622,-149.993955,"","Field Msr/Obs",15,"cm","","","","","","1253728","Iron","200.8","USEPA","",0,"ug/L","U","Sampled",NA,"Unfiltered","Actual","","","Water Bottle","Not Detected","Limit of Quantitation",250,"ug/L","Method Detection Level",188,"ug/L","","SGS","1253728022",2025-07-28,14:25:00,"","","Cold packs","Plastic Bottle","Opaque",NA
"10000425","Water","Surface Water","10000425-2025-07-23-Fe",2025-07-23,08:15:00.000000,"","",60.492007,-149.810844,"","Field Msr/Obs",15,"cm","","","","","","1253728","Iron","200.8","USEPA","",0,"ug/L","U","Sampled",NA,"Unfiltered","Actual","","","Water Bottle","Not Detected","Limit of Quantitation",250,"ug/L","Method Detection Level",188,"ug/L","","SGS","1253728023",2025-07-28,14:37:00,"","","Cold packs","Plastic Bottle","Opaque",NA
"10000018","Water","Surface Water","10000018-2025-07-23-Total P",2025-07-23,10:57:00.000000,"","",60.502005,-151.106973,"","Field Msr/Obs",15,"cm","","","","","","1253728","Total Phosphorus","4500-P-E","APHA","",0,"mg/L","U","Sampled",NA,"Total","Actual","","","Water Bottle","Not Detected","Limit of Quantitation",0.04,"mg/L","Method Detection Level",0.03,"mg/L","","SGS","1253728008",2025-07-30,13:32:00,"","","Cold packs","Plastic Bottle","Opaque","H2SO4"
"10000016","Water","Surface Water","10000016-2025-07-23-Total P",2025-07-23,10:05:00.000000,"","",60.539279,-151.142263,"","Field Msr/Obs",15,"cm","","","","","","1253728","Total Phosphorus","4500-P-E","APHA","",0,"mg/L","U","Sampled",NA,"Total","Actual","","","Water Bottle","Not Detected","Limit of Quantitation",0.04,"mg/L","Method Detection Level",0.03,"mg/L","","SGS","1253728006",2025-07-30,13:30:00,"","","Cold packs","Plastic Bottle","Opaque","H2SO4"
"10000021","Water","Surface Water","10000021-2025-07-23-Total P",2025-07-23,09:42:00.000000,"","",60.476634,-151.082099,"","Field Msr/Obs",15,"cm","","","","","","1253728","Total Phosphorus","4500-P-E","APHA","",0,"mg/L","U","Sampled",NA,"Total","Actual","","","Water Bottle","Not Detected","Limit of Quantitation",0.04,"mg/L","Method Detection Level",0.03,"mg/L","","SGS","1253728010",2025-07-30,13:34:00,"","","Cold packs","Plastic Bottle","Opaque","H2SO4"
"10000023","Water","Surface Water","10000023-2025-07-23-Total P",2025-07-23,09:00:00.000000,"","",60.480338,-151.030847,"","Field Msr/Obs",15,"cm","","","","","","1253728","Total Phosphorus","4500-P-E","APHA","",0,"mg/L","U","Sampled",NA,"Total","Actual","","","Water Bottle","Not Detected","Limit of Quantitation",0.04,"mg/L","Method Detection Level",0.03,"mg/L","","SGS","1253728012",2025-07-30,13:41:00,"","","Cold packs","Plastic Bottle","Opaque","H2SO4"
"10000023","Water","Surface Water","10000023-2025-07-23-Total P-DUP",2025-07-23,09:13:00.000000,"","",60.480338,-151.030847,"","Quality Control Field Replicate Msr/Obs",15,"cm","","","","","","1253728","Total Phosphorus","4500-P-E","APHA","",0,"mg/L","U","Sampled",NA,"Total","Actual","","","Water Bottle","Not Detected","Limit of Quantitation",0.04,"mg/L","Method Detection Level",0.03,"mg/L","","SGS","1253728013",2025-07-30,13:44:00,"","","Cold packs","Plastic Bottle","Opaque","H2SO4"
"10000025","Water","Surface Water","10000025-2025-07-23-Total P",2025-07-23,10:30:00.000000,"","",60.498284,-150.863121,"","Field Msr/Obs",15,"cm","","","","","","1253728","Total Phosphorus","4500-P-E","APHA","",0,"mg/L","U","Sampled",NA,"Total","Actual","","","Water Bottle","Not Detected","Limit of Quantitation",0.04,"mg/L","Method Detection Level",0.03,"mg/L","","SGS","1253728015",2025-07-30,13:46:00,"","","Cold packs","Plastic Bottle","Opaque","H2SO4"
"10000027","Water","Surface Water","10000027-2025-07-23-Total P",2025-07-23,07:50:00.000000,"","",60.515441,-150.702069,"","Field Msr/Obs",15,"cm","","","","","","1253728","Total Phosphorus","4500-P-E","APHA","",0,"mg/L","U","Sampled",NA,"Total","Actual","","","Water Bottle","Not Detected","Limit of Quantitation",0.04,"mg/L","Method Detection Level",0.03,"mg/L","","SGS","1253728017",2025-07-30,13:48:00,"","","Cold packs","Plastic Bottle","Opaque","H2SO4"
"10000029","Water","Surface Water","10000029-2025-07-23-Total P",2025-07-23,09:30:00.000000,"","",60.481518,-150.632498,"","Field Msr/Obs",15,"cm","","","","","","1253728","Total Phosphorus","4500-P-E","APHA","",0,"mg/L","U","Sampled",NA,"Total","Actual","","","Water Bottle","Not Detected","Limit of Quantitation",0.04,"mg/L","Method Detection Level",0.03,"mg/L","","SGS","1253728019",2025-07-30,13:50:00,"","","Cold packs","Plastic Bottle","Opaque","H2SO4"
"10000030","Water","Surface Water","10000030-2025-07-23-Total P",2025-07-23,08:55:00.000000,"","",60.467517,-150.507789,"","Field Msr/Obs",15,"cm","","","","","","1253728","Total Phosphorus","4500-P-E","APHA","",0,"mg/L","U","Sampled",NA,"Total","Actual","","","Water Bottle","Not Detected","Limit of Quantitation",0.04,"mg/L","Method Detection Level",0.03,"mg/L","","SGS","1253728020",2025-07-30,13:52:00,"","","Cold packs","Plastic Bottle","Opaque","H2SO4"
"10000424","Water","Surface Water","10000424-2025-07-23-Total P",2025-07-23,09:00:00.000000,"","",60.489,-149.877,"","Field Msr/Obs",15,"cm","","","","","","1253728","Total Phosphorus","4500-P-E","APHA","",0,"mg/L","U","Sampled",NA,"Total","Actual","","","Water Bottle","Not Detected","Limit of Quantitation",0.04,"mg/L","Method Detection Level",0.03,"mg/L","","SGS","1253728024",2025-07-30,13:56:00,"","","Cold packs","Plastic Bottle","Opaque","H2SO4"
"10000028","Water","Surface Water","10000028-2025-07-23-Total P",2025-07-23,09:50:00.000000,"","",60.489844,-150.636905,"","Field Msr/Obs",15,"cm","","","","","","1253728","Total Phosphorus","4500-P-E","APHA","",0,"mg/L","U","Sampled",NA,"Total","Actual","","","Water Bottle","Not Detected","Limit of Quantitation",0.04,"mg/L","Method Detection Level",0.03,"mg/L","","SGS","1253728018",2025-07-30,13:49:00,"","","Cold packs","Plastic Bottle","Opaque","H2SO4"
"10000031","Water","Surface Water","10000031-2025-07-23-Total P",2025-07-23,10:55:00.000000,"","",60.481392,-150.11502,"","Field Msr/Obs",15,"cm","","","","","","1253728","Total Phosphorus","4500-P-E","APHA","",0,"mg/L","U","Sampled",NA,"Total","Actual","","","Water Bottle","Not Detected","Limit of Quantitation",0.04,"mg/L","Method Detection Level",0.03,"mg/L","","SGS","1253728021",2025-07-30,13:53:00,"","","Cold packs","Plastic Bottle","Opaque","H2SO4"
"10000032","Water","Surface Water","10000032-2025-07-23-Total P",2025-07-23,10:05:00.000000,"","",60.484622,-149.993955,"","Field Msr/Obs",15,"cm","","","","","","1253728","Total Phosphorus","4500-P-E","APHA","",0,"mg/L","U","Sampled",NA,"Total","Actual","","","Water Bottle","Not Detected","Limit of Quantitation",0.04,"mg/L","Method Detection Level",0.03,"mg/L","","SGS","1253728022",2025-07-30,13:54:00,"","","Cold packs","Plastic Bottle","Opaque","H2SO4"
"10000425","Water","Surface Water","10000425-2025-07-23-Total P",2025-07-23,08:15:00.000000,"","",60.492007,-149.810844,"","Field Msr/Obs",15,"cm","","","","","","1253728","Total Phosphorus","4500-P-E","APHA","",0,"mg/L","U","Sampled",NA,"Total","Actual","","","Water Bottle","Not Detected","Limit of Quantitation",0.04,"mg/L","Method Detection Level",0.03,"mg/L","","SGS","1253728023",2025-07-30,13:55:00,"","","Cold packs","Plastic Bottle","Opaque","H2SO4"
"10000008","Water","Surface Water","10000008-2025-07-23-Total P",2025-07-23,10:57:00.000000,"","",60.550888,-151.268417,"","Field Msr/Obs",15,"cm","","","","","","1253728","Total Phosphorus","4500-P-E","APHA","",0.0156,"mg/L","J","Sampled",NA,"Total","Actual","","","Water Bottle","Present Below Quantification Limit","Limit of Quantitation",0.04,"mg/L","Method Detection Level",0.03,"mg/L","","SGS","1253728001",2025-07-30,13:23:00,"","","Cold packs","Plastic Bottle","Opaque","H2SO4"
"10000008","Water","Surface Water","10000008-2025-07-23-As",2025-07-23,10:57:00.000000,"","",60.550888,-151.268417,"","Field Msr/Obs",15,"cm","","","","","","1253728","Arsenic","200.8","USEPA","",1.5,"ug/L","J","Sampled",NA,"Dissolved","Actual","","","Water Bottle","Present Below Quantification Limit","Limit of Quantitation",5,"ug/L","Method Detection Level",3.75,"ug/L","","SGS","1253728029",2025-07-29,13:31:00,"","","Cold packs","Plastic Bottle","Opaque",NA
"10000015","Water","Surface Water","10000015-2025-07-23-Pb",2025-07-23,09:28:00.000000,"","",60.548029,-151.14324,"","Field Msr/Obs",15,"cm","","","","","","1253728","Lead","200.8","USEPA","",7.36,"ug/L","=","Sampled",NA,"Dissolved","Actual","","","Water Bottle",NA,"Limit of Quantitation",2,"ug/L","Method Detection Level",1.5,"ug/L","","SGS","1253728032",2025-07-29,13:46:00,"","","Cold packs","Plastic Bottle","Opaque",NA
"10000015","Water","Surface Water","10000015-2025-07-23-As-DUP",2025-07-23,09:40:00.000000,"","",60.548029,-151.14324,"","Quality Control Field Replicate Msr/Obs",15,"cm","","","","","","1253728","Arsenic","200.8","USEPA","",6,"ug/L","=","Sampled",NA,"Dissolved","Actual","","","Water Bottle",NA,"Limit of Quantitation",5,"ug/L","Method Detection Level",3.75,"ug/L","","SGS","1253728033",2025-07-29,13:57:00,"","","Cold packs","Plastic Bottle","Opaque",NA
"10000020","Water","Surface Water","10000020-2025-07-23-Total P",2025-07-23,10:11:00.000000,"","",60.48175453,-151.1306816,"","Field Msr/Obs",15,"cm","","","","","","1253728","Total Phosphorus","4500-P-E","APHA","",0.0251,"mg/L","J","Sampled",NA,"Total","Actual","","","Water Bottle","Present Below Quantification Limit","Limit of Quantitation",0.04,"mg/L","Method Detection Level",0.03,"mg/L","","SGS","1253728009",2025-07-30,13:33:00,"","","Cold packs","Plastic Bottle","Opaque","H2SO4"
"10000020","Water","Surface Water","10000020-2025-07-23-As",2025-07-23,10:11:00.000000,"","",60.48175453,-151.1306816,"","Field Msr/Obs",15,"cm","","","","","","1253728","Arsenic","200.8","USEPA","",3.84,"ug/L","J","Sampled",NA,"Dissolved","Actual","","","Water Bottle","Present Below Quantification Limit","Limit of Quantitation",5,"ug/L","Method Detection Level",3.75,"ug/L","","SGS","1253728037",2025-07-29,14:09:00,"","","Cold packs","Plastic Bottle","Opaque",NA
"10000002","Water","Surface Water","10000002-2025-07-23-Total P",2025-07-23,10:00:00.000000,"","",60.54368,-151.22294,"","Field Msr/Obs",15,"cm","","","","","","1253728","Total Phosphorus","4500-P-E","APHA","",0.662,"mg/L","=","Sampled",NA,"Total","Actual","","","Water Bottle",NA,"Limit of Quantitation",0.4,"mg/L","Method Detection Level",0.3,"mg/L","","SGS","1253728002",2025-08-07,16:07:00,"","","Cold packs","Plastic Bottle","Opaque","H2SO4"
"10000002","Water","Surface Water","10000002-2025-07-23-As",2025-07-23,10:00:00.000000,"","",60.54368,-151.22294,"","Field Msr/Obs",15,"cm","","","","","","1253728","Arsenic","200.8","USEPA","",1.68,"ug/L","J","Sampled",NA,"Dissolved","Actual","","","Water Bottle","Present Below Quantification Limit","Limit of Quantitation",5,"ug/L","Method Detection Level",3.75,"ug/L","","SGS","1253728030",2025-07-29,13:37:00,"","","Cold packs","Plastic Bottle","Opaque",NA
"10000015","Water","Surface Water","10000015-2025-07-23-Total P",2025-07-23,09:28:00.000000,"","",60.548029,-151.14324,"","Field Msr/Obs",15,"cm","","","","","","1253728","Total Phosphorus","4500-P-E","APHA","",0.0656,"mg/L","=","Sampled",NA,"Total","Actual","","","Water Bottle",NA,"Limit of Quantitation",0.04,"mg/L","Method Detection Level",0.03,"mg/L","","SGS","1253728004",2025-07-30,13:26:00,"","","Cold packs","Plastic Bottle","Opaque","H2SO4"
"10000015","Water","Surface Water","10000015-2025-07-23-As",2025-07-23,09:28:00.000000,"","",60.548029,-151.14324,"","Field Msr/Obs",15,"cm","","","","","","1253728","Arsenic","200.8","USEPA","",6.35,"ug/L","=","Sampled",NA,"Dissolved","Actual","","","Water Bottle",NA,"Limit of Quantitation",5,"ug/L","Method Detection Level",3.75,"ug/L","","SGS","1253728032",2025-07-29,13:46:00,"","","Cold packs","Plastic Bottle","Opaque",NA
"10000015","Water","Surface Water","10000015-2025-07-23-Total P-DUP",2025-07-23,09:40:00.000000,"","",60.548029,-151.14324,"","Quality Control Field Replicate Msr/Obs",15,"cm","","","","","","1253728","Total Phosphorus","4500-P-E","APHA","",0.0643,"mg/L","=","Sampled",NA,"Total","Actual","","","Water Bottle",NA,"Limit of Quantitation",0.04,"mg/L","Method Detection Level",0.03,"mg/L","","SGS","1253728005",2025-07-30,13:29:00,"","","Cold packs","Plastic Bottle","Opaque","H2SO4"
"10000017","Water","Surface Water","10000017-2025-07-23-Total P",2025-07-23,10:25:00.000000,"","",60.533743,-151.099258,"","Field Msr/Obs",15,"cm","","","","","","1253728","Total Phosphorus","4500-P-E","APHA","",0.0478,"mg/L","=","Sampled",NA,"Total","Actual","","","Water Bottle",NA,"Limit of Quantitation",0.04,"mg/L","Method Detection Level",0.03,"mg/L","","SGS","1253728007",2025-07-30,13:31:00,"","","Cold packs","Plastic Bottle","Opaque","H2SO4"
"10000020","Water","Surface Water","10000020-2025-07-23-Zn",2025-07-23,10:11:00.000000,"","",60.48175453,-151.1306816,"","Field Msr/Obs",15,"cm","","","","","","1253728","Zinc","200.8","USEPA","",17.1,"ug/L","=","Sampled",NA,"Dissolved","Actual","","","Water Bottle",NA,"Limit of Quantitation",10,"ug/L","Method Detection Level",7.5,"ug/L","","SGS","1253728037",2025-07-29,14:09:00,"","","Cold packs","Plastic Bottle","Opaque",NA
"10000022","Water","Surface Water","10000022-2025-07-23-Total P",2025-07-23,08:17:00.000000,"","",60.483364,-151.057656,"","Field Msr/Obs",15,"cm","","","","","","1253728","Total Phosphorus","4500-P-E","APHA","",0.0682,"mg/L","=","Sampled",NA,"Total","Actual","","","Water Bottle",NA,"Limit of Quantitation",0.04,"mg/L","Method Detection Level",0.03,"mg/L","","SGS","1253728011",2025-07-30,13:35:00,"","","Cold packs","Plastic Bottle","Opaque","H2SO4"
"10000022","Water","Surface Water","10000022-2025-07-23-As",2025-07-23,08:17:00.000000,"","",60.483364,-151.057656,"","Field Msr/Obs",15,"cm","","","","","","1253728","Arsenic","200.8","USEPA","",7.57,"ug/L","=","Sampled",NA,"Dissolved","Actual","","","Water Bottle",NA,"Limit of Quantitation",5,"ug/L","Method Detection Level",3.75,"ug/L","","SGS","1253728039",2025-07-29,14:15:00,"","","Cold packs","Plastic Bottle","Opaque",NA
"10000022","Water","Surface Water","10000022-2025-07-23-Zn-NA",2025-07-23,08:17:00.000000,"","",60.483364,-151.057656,"","Field Msr/Obs",15,"cm","","","","","","1253728","Zinc","200.8","USEPA","",3.61,"ug/L","J","Sampled",NA,"Dissolved","Actual","","","Water Bottle","Present Below Quantification Limit","Limit of Quantitation",10,"ug/L","Method Detection Level",7.5,"ug/L","","SGS","1253728045",2025-07-29,14:42:00,"","","Cold packs","Plastic Bottle","Opaque",NA
"10000024","Water","Surface Water","10000024-2025-07-23-Total P",2025-07-23,08:55:00.000000,"","",60.489963,-150.860982,"","Field Msr/Obs",15,"cm","","","","","","1253728","Total Phosphorus","4500-P-E","APHA","",0.02,"mg/L","J","Sampled",NA,"Total","Actual","","","Water Bottle","Present Below Quantification Limit","Limit of Quantitation",0.04,"mg/L","Method Detection Level",0.03,"mg/L","","SGS","1253728014",2025-07-30,13:45:00,"","","Cold packs","Plastic Bottle","Opaque","H2SO4"
"10000024","Water","Surface Water","10000024-2025-07-23-As",2025-07-23,08:55:00.000000,"","",60.489963,-150.860982,"","Field Msr/Obs",15,"cm","","","","","","1253728","Arsenic","200.8","USEPA","",2.3,"ug/L","J","Sampled",NA,"Dissolved","Actual","","","Water Bottle","Present Below Quantification Limit","Limit of Quantitation",5,"ug/L","Method Detection Level",3.75,"ug/L","","SGS","1253728042",2025-07-29,14:33:00,"","","Cold packs","Plastic Bottle","Opaque",NA
"10000026","Water","Surface Water","10000026-2025-07-23-Total P",2025-07-23,09:50:00.000000,"","",60.53687,-150.754724,"","Field Msr/Obs",15,"cm","","","","","","1253728","Total Phosphorus","4500-P-E","APHA","",0.0219,"mg/L","J","Sampled",NA,"Total","Actual","","","Water Bottle","Present Below Quantification Limit","Limit of Quantitation",0.04,"mg/L","Method Detection Level",0.03,"mg/L","","SGS","1253728016",2025-07-30,13:47:00,"","","Cold packs","Plastic Bottle","Opaque","H2SO4"
"10000005","Water","Surface Water","10000005-2025-07-23-Total P",2025-07-23,09:07:00.000000,"","",60.54081,-151.18278,"","Field Msr/Obs",15,"cm","","","","","","1253728","Total Phosphorus","4500-P-E","APHA","",0.0287,"mg/L","J","Sampled",NA,"Total","Actual","","","Water Bottle","Present Below Quantification Limit","Limit of Quantitation",0.04,"mg/L","Method Detection Level",0.03,"mg/L","","SGS","1253728003",2025-07-30,13:25:00,"","","Cold packs","Plastic Bottle","Opaque","H2SO4"
"10000008","Water","Surface Water","10000008-2025-07-23-Zn",2025-07-23,10:57:00.000000,"","",60.550888,-151.268417,"","Field Msr/Obs",15,"cm","","","","","","1253728","Zinc","200.8","USEPA","",5.19,"ug/L","J","Sampled",NA,"Unfiltered","Actual","","","Water Bottle","Present Below Quantification Limit","Limit of Quantitation",10,"ug/L","Method Detection Level",7.5,"ug/L","","SGS","1253728001",2025-07-28,11:16:00,"","","Cold packs","Plastic Bottle","Opaque",NA
"10000008","Water","Surface Water","10000008-2025-07-23-Total Nitrate/Nitrite-N",2025-07-23,10:57:00.000000,"","",60.550888,-151.268417,"","Field Msr/Obs",15,"cm","","","","","","1253728","Total Nitrate/Nitrite-N","4500-NO3(F)","APHA","",0.198,"mg/L","J","Sampled",NA,"Total","Actual","","","Water Bottle","Present Below Quantification Limit","Limit of Quantitation",0.2,"mg/L","Method Detection Level",0.15,"mg/L","","SGS","1253728001",2025-07-28,10:34:00,"","","Cold packs","Plastic Bottle","Opaque","H2SO4"
"10000008","Water","Surface Water","10000008-2025-07-23-Cu",2025-07-23,10:57:00.000000,"","",60.550888,-151.268417,"","Field Msr/Obs",15,"cm","","","","","","1253728","Copper","200.8","USEPA","",1.25,"ug/L","J","Sampled",NA,"Unfiltered","Actual","","","Water Bottle","Present Below Quantification Limit","Limit of Quantitation",3,"ug/L","Method Detection Level",2.25,"ug/L","","SGS","1253728001",2025-07-28,11:16:00,"","","Cold packs","Plastic Bottle","Opaque",NA
"10000016","Water","Surface Water","10000016-2025-07-23-Zn",2025-07-23,10:05:00.000000,"","",60.539279,-151.142263,"","Field Msr/Obs",15,"cm","","","","","","1253728","Zinc","200.8","USEPA","",3.85,"ug/L","J","Sampled",NA,"Unfiltered","Actual","","","Water Bottle","Present Below Quantification Limit","Limit of Quantitation",10,"ug/L","Method Detection Level",7.5,"ug/L","","SGS","1253728006",2025-07-28,11:40:00,"","","Cold packs","Plastic Bottle","Opaque",NA
"10000015","Water","Surface Water","10000015-2025-07-23-Total Nitrate/Nitrite-N",2025-07-23,09:28:00.000000,"","",60.548029,-151.14324,"","Field Msr/Obs",15,"cm","","","","","","1253728","Total Nitrate/Nitrite-N","4500-NO3(F)","APHA","",0.0532,"mg/L","J","Sampled",NA,"Total","Actual","","","Water Bottle","Present Below Quantification Limit","Limit of Quantitation",0.2,"mg/L","Method Detection Level",0.15,"mg/L","","SGS","1253728004",2025-07-28,13:10:00,"","","Cold packs","Plastic Bottle","Opaque","H2SO4"
"10000015","Water","Surface Water","10000015-2025-07-23-Zn-DUP",2025-07-23,09:40:00.000000,"","",60.548029,-151.14324,"","Quality Control Field Replicate Msr/Obs",15,"cm","","","","","","1253728","Zinc","200.8","USEPA","",5.94,"ug/L","J","Sampled",NA,"Unfiltered","Actual","","","Water Bottle","Present Below Quantification Limit","Limit of Quantitation",10,"ug/L","Method Detection Level",7.5,"ug/L","","SGS","1253728005",2025-07-28,11:37:00,"","","Cold packs","Plastic Bottle","Opaque",NA
"10000015","Water","Surface Water","10000015-2025-07-23-Total Nitrate/Nitrite-N-DUP",2025-07-23,09:40:00.000000,"","",60.548029,-151.14324,"","Quality Control Field Replicate Msr/Obs",15,"cm","","","","","","1253728","Total Nitrate/Nitrite-N","4500-NO3(F)","APHA","",0.088,"mg/L","J","Sampled",NA,"Total","Actual","","","Water Bottle","Present Below Quantification Limit","Limit of Quantitation",0.2,"mg/L","Method Detection Level",0.15,"mg/L","","SGS","1253728005",2025-07-28,13:15:00,"","","Cold packs","Plastic Bottle","Opaque","H2SO4"
"10000017","Water","Surface Water","10000017-2025-07-23-Fe",2025-07-23,10:25:00.000000,"","",60.533743,-151.099258,"","Field Msr/Obs",15,"cm","","","","","","1253728","Iron","200.8","USEPA","",227,"ug/L","J","Sampled",NA,"Unfiltered","Actual","","","Water Bottle","Present Below Quantification Limit","Limit of Quantitation",250,"ug/L","Method Detection Level",188,"ug/L","","SGS","1253728007",2025-07-28,11:43:00,"","","Cold packs","Plastic Bottle","Opaque",NA
"10000018","Water","Surface Water","10000018-2025-07-23-Fe",2025-07-23,10:57:00.000000,"","",60.502005,-151.106973,"","Field Msr/Obs",15,"cm","","","","","","1253728","Iron","200.8","USEPA","",237,"ug/L","J","Sampled",NA,"Unfiltered","Actual","","","Water Bottle","Present Below Quantification Limit","Limit of Quantitation",250,"ug/L","Method Detection Level",188,"ug/L","","SGS","1253728008",2025-07-28,11:46:00,"","","Cold packs","Plastic Bottle","Opaque",NA
"10000018","Water","Surface Water","10000018-2025-07-23-Zn",2025-07-23,10:57:00.000000,"","",60.502005,-151.106973,"","Field Msr/Obs",15,"cm","","","","","","1253728","Zinc","200.8","USEPA","",6.64,"ug/L","J","Sampled",NA,"Unfiltered","Actual","","","Water Bottle","Present Below Quantification Limit","Limit of Quantitation",10,"ug/L","Method Detection Level",7.5,"ug/L","","SGS","1253728008",2025-07-28,11:46:00,"","","Cold packs","Plastic Bottle","Opaque",NA
"10000021","Water","Surface Water","10000021-2025-07-23-Fe",2025-07-23,09:42:00.000000,"","",60.476634,-151.082099,"","Field Msr/Obs",15,"cm","","","","","","1253728","Iron","200.8","USEPA","",244,"ug/L","J","Sampled",NA,"Unfiltered","Actual","","","Water Bottle","Present Below Quantification Limit","Limit of Quantitation",250,"ug/L","Method Detection Level",188,"ug/L","","SGS","1253728010",2025-07-28,11:52:00,"","","Cold packs","Plastic Bottle","Opaque",NA
"10000021","Water","Surface Water","10000021-2025-07-23-Zn",2025-07-23,09:42:00.000000,"","",60.476634,-151.082099,"","Field Msr/Obs",15,"cm","","","","","","1253728","Zinc","200.8","USEPA","",3.81,"ug/L","J","Sampled",NA,"Unfiltered","Actual","","","Water Bottle","Present Below Quantification Limit","Limit of Quantitation",10,"ug/L","Method Detection Level",7.5,"ug/L","","SGS","1253728010",2025-07-28,11:52:00,"","","Cold packs","Plastic Bottle","Opaque",NA
"10000022","Water","Surface Water","10000022-2025-07-23-Total Nitrate/Nitrite-N",2025-07-23,08:17:00.000000,"","",60.483364,-151.057656,"","Field Msr/Obs",15,"cm","","","","","","1253728","Total Nitrate/Nitrite-N","4500-NO3(F)","APHA","",0.112,"mg/L","J","Sampled",NA,"Total","Actual","","","Water Bottle","Present Below Quantification Limit","Limit of Quantitation",0.2,"mg/L","Method Detection Level",0.15,"mg/L","","SGS","1253728011",2025-07-28,13:26:00,"","","Cold packs","Plastic Bottle","Opaque","H2SO4"
"10000023","Water","Surface Water","10000023-2025-07-23-Fe",2025-07-23,09:00:00.000000,"","",60.480338,-151.030847,"","Field Msr/Obs",15,"cm","","","","","","1253728","Iron","200.8","USEPA","",215,"ug/L","J","Sampled",NA,"Unfiltered","Actual","","","Water Bottle","Present Below Quantification Limit","Limit of Quantitation",250,"ug/L","Method Detection Level",188,"ug/L","","SGS","1253728012",2025-07-28,12:06:00,"","","Cold packs","Plastic Bottle","Opaque",NA
"10000023","Water","Surface Water","10000023-2025-07-23-Zn",2025-07-23,09:00:00.000000,"","",60.480338,-151.030847,"","Field Msr/Obs",15,"cm","","","","","","1253728","Zinc","200.8","USEPA","",3.36,"ug/L","J","Sampled",NA,"Unfiltered","Actual","","","Water Bottle","Present Below Quantification Limit","Limit of Quantitation",10,"ug/L","Method Detection Level",7.5,"ug/L","","SGS","1253728012",2025-07-28,12:06:00,"","","Cold packs","Plastic Bottle","Opaque",NA
"10000023","Water","Surface Water","10000023-2025-07-23-Fe-DUP",2025-07-23,09:13:00.000000,"","",60.480338,-151.030847,"","Quality Control Field Replicate Msr/Obs",15,"cm","","","","","","1253728","Iron","200.8","USEPA","",248,"ug/L","J","Sampled",NA,"Unfiltered","Actual","","","Water Bottle","Present Below Quantification Limit","Limit of Quantitation",250,"ug/L","Method Detection Level",188,"ug/L","","SGS","1253728013",2025-07-28,12:09:00,"","","Cold packs","Plastic Bottle","Opaque",NA
"10000024","Water","Surface Water","10000024-2025-07-23-Total Nitrate/Nitrite-N",2025-07-23,08:55:00.000000,"","",60.489963,-150.860982,"","Field Msr/Obs",15,"cm","","","","","","1253728","Total Nitrate/Nitrite-N","4500-NO3(F)","APHA","",0.14,"mg/L","J","Sampled",NA,"Total","Actual","","","Water Bottle","Present Below Quantification Limit","Limit of Quantitation",0.2,"mg/L","Method Detection Level",0.15,"mg/L","","SGS","1253728014",2025-07-28,13:36:00,"","","Cold packs","Plastic Bottle","Opaque","H2SO4"
"10000025","Water","Surface Water","10000025-2025-07-23-Zn",2025-07-23,10:30:00.000000,"","",60.498284,-150.863121,"","Field Msr/Obs",15,"cm","","","","","","1253728","Zinc","200.8","USEPA","",3.91,"ug/L","J","Sampled",NA,"Unfiltered","Actual","","","Water Bottle","Present Below Quantification Limit","Limit of Quantitation",10,"ug/L","Method Detection Level",7.5,"ug/L","","SGS","1253728015",2025-07-28,12:15:00,"","","Cold packs","Plastic Bottle","Opaque",NA
"10000027","Water","Surface Water","10000027-2025-07-23-Fe",2025-07-23,07:50:00.000000,"","",60.515441,-150.702069,"","Field Msr/Obs",15,"cm","","","","","","1253728","Iron","200.8","USEPA","",222,"ug/L","J","Sampled",NA,"Unfiltered","Actual","","","Water Bottle","Present Below Quantification Limit","Limit of Quantitation",250,"ug/L","Method Detection Level",188,"ug/L","","SGS","1253728017",2025-07-28,12:21:00,"","","Cold packs","Plastic Bottle","Opaque",NA
"10000005","Water","Surface Water","10000005-2025-07-23-Cu",2025-07-23,09:07:00.000000,"","",60.54081,-151.18278,"","Field Msr/Obs",15,"cm","","","","","","1253728","Copper","200.8","USEPA","",1.45,"ug/L","J","Sampled",NA,"Unfiltered","Actual","","","Water Bottle","Present Below Quantification Limit","Limit of Quantitation",3,"ug/L","Method Detection Level",2.25,"ug/L","","SGS","1253728003",2025-07-28,11:31:00,"","","Cold packs","Plastic Bottle","Opaque",NA
"10000424","Water","Surface Water","10000424-2025-07-23-Total Nitrate/Nitrite-N",2025-07-23,09:00:00.000000,"","",60.489,-149.877,"","Field Msr/Obs",15,"cm","","","","","","1253728","Total Nitrate/Nitrite-N","4500-NO3(F)","APHA","",0.133,"mg/L","J","Sampled",NA,"Total","Actual","","","Water Bottle","Present Below Quantification Limit","Limit of Quantitation",0.2,"mg/L","Method Detection Level",0.15,"mg/L","","SGS","1253728024",2025-07-31,12:57:00,"","","Cold packs","Plastic Bottle","Opaque","H2SO4"
"10000005","Water","Surface Water","10000005-2025-07-23-Zn",2025-07-23,09:07:00.000000,"","",60.54081,-151.18278,"","Field Msr/Obs",15,"cm","","","","","","1253728","Zinc","200.8","USEPA","",5.97,"ug/L","J","Sampled",NA,"Unfiltered","Actual","","","Water Bottle","Present Below Quantification Limit","Limit of Quantitation",10,"ug/L","Method Detection Level",7.5,"ug/L","","SGS","1253728003",2025-07-28,11:31:00,"","","Cold packs","Plastic Bottle","Opaque",NA
"10000002","Water","Surface Water","10000002-2025-07-23-Total Nitrate/Nitrite-N",2025-07-23,10:00:00.000000,"","",60.54368,-151.22294,"","Field Msr/Obs",15,"cm","","","","","","1253728","Total Nitrate/Nitrite-N","4500-NO3(F)","APHA","",0.245,"mg/L","=","Sampled",NA,"Total","Actual","","","Water Bottle",NA,"Limit of Quantitation",0.2,"mg/L","Method Detection Level",0.15,"mg/L","","SGS","1253728002",2025-07-28,10:36:00,"","","Cold packs","Plastic Bottle","Opaque","H2SO4"
"10000017","Water","Surface Water","10000017-2025-07-23-Total Nitrate/Nitrite-N",2025-07-23,10:25:00.000000,"","",60.533743,-151.099258,"","Field Msr/Obs",15,"cm","","","","","","1253728","Total Nitrate/Nitrite-N","4500-NO3(F)","APHA","",0.517,"mg/L","=","Sampled",NA,"Total","Actual","","","Water Bottle",NA,"Limit of Quantitation",0.2,"mg/L","Method Detection Level",0.15,"mg/L","","SGS","1253728007",2025-07-31,12:41:00,"","","Cold packs","Plastic Bottle","Opaque","H2SO4"
"10000018","Water","Surface Water","10000018-2025-07-23-Total Nitrate/Nitrite-N",2025-07-23,10:57:00.000000,"","",60.502005,-151.106973,"","Field Msr/Obs",15,"cm","","","","","","1253728","Total Nitrate/Nitrite-N","4500-NO3(F)","APHA","",0.331,"mg/L","=","Sampled",NA,"Total","Actual","","","Water Bottle",NA,"Limit of Quantitation",0.2,"mg/L","Method Detection Level",0.15,"mg/L","","SGS","1253728008",2025-07-31,12:48:00,"","","Cold packs","Plastic Bottle","Opaque","H2SO4"
"10000020","Water","Surface Water","10000020-2025-07-23-Total Nitrate/Nitrite-N",2025-07-23,10:11:00.000000,"","",60.48175453,-151.1306816,"","Field Msr/Obs",15,"cm","","","","","","1253728","Total Nitrate/Nitrite-N","4500-NO3(F)","APHA","",0.258,"mg/L","=","Sampled",NA,"Total","Actual","","","Water Bottle",NA,"Limit of Quantitation",0.2,"mg/L","Method Detection Level",0.15,"mg/L","","SGS","1253728009",2025-07-31,12:50:00,"","","Cold packs","Plastic Bottle","Opaque","H2SO4"
"10000016","Water","Surface Water","10000016-2025-07-23-Total Nitrate/Nitrite-N",2025-07-23,10:05:00.000000,"","",60.539279,-151.142263,"","Field Msr/Obs",15,"cm","","","","","","1253728","Total Nitrate/Nitrite-N","4500-NO3(F)","APHA","",0.277,"mg/L","=","Sampled",NA,"Total","Actual","","","Water Bottle",NA,"Limit of Quantitation",0.2,"mg/L","Method Detection Level",0.15,"mg/L","","SGS","1253728006",2025-07-31,12:39:00,"","","Cold packs","Plastic Bottle","Opaque","H2SO4"
"10000021","Water","Surface Water","10000021-2025-07-23-Total Nitrate/Nitrite-N",2025-07-23,09:42:00.000000,"","",60.476634,-151.082099,"","Field Msr/Obs",15,"cm","","","","","","1253728","Total Nitrate/Nitrite-N","4500-NO3(F)","APHA","",1.02,"mg/L","=","Sampled",NA,"Total","Actual","","","Water Bottle",NA,"Limit of Quantitation",0.2,"mg/L","Method Detection Level",0.15,"mg/L","","SGS","1253728010",2025-07-31,12:51:00,"","","Cold packs","Plastic Bottle","Opaque","H2SO4"
"10000023","Water","Surface Water","10000023-2025-07-23-Total Nitrate/Nitrite-N",2025-07-23,09:00:00.000000,"","",60.480338,-151.030847,"","Field Msr/Obs",15,"cm","","","","","","1253728","Total Nitrate/Nitrite-N","4500-NO3(F)","APHA","",0.375,"mg/L","=","Sampled",NA,"Total","Actual","","","Water Bottle",NA,"Limit of Quantitation",0.2,"mg/L","Method Detection Level",0.15,"mg/L","","SGS","1253728012",2025-07-28,13:33:00,"","","Cold packs","Plastic Bottle","Opaque","H2SO4"
"10000023","Water","Surface Water","10000023-2025-07-23-Total Nitrate/Nitrite-N-DUP",2025-07-23,09:13:00.000000,"","",60.480338,-151.030847,"","Quality Control Field Replicate Msr/Obs",15,"cm","","","","","","1253728","Total Nitrate/Nitrite-N","4500-NO3(F)","APHA","",0.32,"mg/L","=","Sampled",NA,"Total","Actual","","","Water Bottle",NA,"Limit of Quantitation",0.2,"mg/L","Method Detection Level",0.15,"mg/L","","SGS","1253728013",2025-07-28,13:34:00,"","","Cold packs","Plastic Bottle","Opaque","H2SO4"
"10000026","Water","Surface Water","10000026-2025-07-23-Total Nitrate/Nitrite-N",2025-07-23,09:50:00.000000,"","",60.53687,-150.754724,"","Field Msr/Obs",15,"cm","","","","","","1253728","Total Nitrate/Nitrite-N","4500-NO3(F)","APHA","",0.304,"mg/L","=","Sampled",NA,"Total","Actual","","","Water Bottle",NA,"Limit of Quantitation",0.2,"mg/L","Method Detection Level",0.15,"mg/L","","SGS","1253728016",2025-07-28,13:40:00,"","","Cold packs","Plastic Bottle","Opaque","H2SO4"
"10000025","Water","Surface Water","10000025-2025-07-23-Total Nitrate/Nitrite-N",2025-07-23,10:30:00.000000,"","",60.498284,-150.863121,"","Field Msr/Obs",15,"cm","","","","","","1253728","Total Nitrate/Nitrite-N","4500-NO3(F)","APHA","",0.299,"mg/L","=","Sampled",NA,"Total","Actual","","","Water Bottle",NA,"Limit of Quantitation",0.2,"mg/L","Method Detection Level",0.15,"mg/L","","SGS","1253728015",2025-07-28,13:38:00,"","","Cold packs","Plastic Bottle","Opaque","H2SO4"
"10000027","Water","Surface Water","10000027-2025-07-23-Total Nitrate/Nitrite-N",2025-07-23,07:50:00.000000,"","",60.515441,-150.702069,"","Field Msr/Obs",15,"cm","","","","","","1253728","Total Nitrate/Nitrite-N","4500-NO3(F)","APHA","",0.322,"mg/L","=","Sampled",NA,"Total","Actual","","","Water Bottle",NA,"Limit of Quantitation",0.2,"mg/L","Method Detection Level",0.15,"mg/L","","SGS","1253728017",2025-07-28,13:41:00,"","","Cold packs","Plastic Bottle","Opaque","H2SO4"
"10000028","Water","Surface Water","10000028-2025-07-23-Total Nitrate/Nitrite-N",2025-07-23,09:50:00.000000,"","",60.489844,-150.636905,"","Field Msr/Obs",15,"cm","","","","","","1253728","Total Nitrate/Nitrite-N","4500-NO3(F)","APHA","",0.329,"mg/L","=","Sampled",NA,"Total","Actual","","","Water Bottle",NA,"Limit of Quantitation",0.2,"mg/L","Method Detection Level",0.15,"mg/L","","SGS","1253728018",2025-07-28,13:43:00,"","","Cold packs","Plastic Bottle","Opaque","H2SO4"
"10000030","Water","Surface Water","10000030-2025-07-23-Total Nitrate/Nitrite-N",2025-07-23,08:55:00.000000,"","",60.467517,-150.507789,"","Field Msr/Obs",15,"cm","","","","","","1253728","Total Nitrate/Nitrite-N","4500-NO3(F)","APHA","",0.356,"mg/L","=","Sampled",NA,"Total","Actual","","","Water Bottle",NA,"Limit of Quantitation",0.2,"mg/L","Method Detection Level",0.15,"mg/L","","SGS","1253728020",2025-07-28,13:47:00,"","","Cold packs","Plastic Bottle","Opaque","H2SO4"
"10000005","Water","Surface Water","10000005-2025-07-23-Total Nitrate/Nitrite-N",2025-07-23,09:07:00.000000,"","",60.54081,-151.18278,"","Field Msr/Obs",15,"cm","","","","","","1253728","Total Nitrate/Nitrite-N","4500-NO3(F)","APHA","",0.392,"mg/L","=","Sampled",NA,"Total","Actual","","","Water Bottle",NA,"Limit of Quantitation",0.2,"mg/L","Method Detection Level",0.15,"mg/L","","SGS","1253728003",2025-07-28,10:38:00,"","","Cold packs","Plastic Bottle","Opaque","H2SO4"
"10000031","Water","Surface Water","10000031-2025-07-23-Total Nitrate/Nitrite-N",2025-07-23,10:55:00.000000,"","",60.481392,-150.11502,"","Field Msr/Obs",15,"cm","","","","","","1253728","Total Nitrate/Nitrite-N","4500-NO3(F)","APHA","",0.477,"mg/L","=","Sampled",NA,"Total","Actual","","","Water Bottle",NA,"Limit of Quantitation",0.2,"mg/L","Method Detection Level",0.15,"mg/L","","SGS","1253728021",2025-07-28,13:48:00,"","","Cold packs","Plastic Bottle","Opaque","H2SO4"
"10000032","Water","Surface Water","10000032-2025-07-23-Total Nitrate/Nitrite-N",2025-07-23,10:05:00.000000,"","",60.484622,-149.993955,"","Field Msr/Obs",15,"cm","","","","","","1253728","Total Nitrate/Nitrite-N","4500-NO3(F)","APHA","",0.482,"mg/L","=","Sampled",NA,"Total","Actual","","","Water Bottle",NA,"Limit of Quantitation",0.2,"mg/L","Method Detection Level",0.15,"mg/L","","SGS","1253728022",2025-07-31,12:53:00,"","","Cold packs","Plastic Bottle","Opaque","H2SO4"
"10000029","Water","Surface Water","10000029-2025-07-23-Total Nitrate/Nitrite-N",2025-07-23,09:30:00.000000,"","",60.481518,-150.632498,"","Field Msr/Obs",15,"cm","","","","","","1253728","Total Nitrate/Nitrite-N","4500-NO3(F)","APHA","",0.244,"mg/L","=","Sampled",NA,"Total","Actual","","","Water Bottle",NA,"Limit of Quantitation",0.2,"mg/L","Method Detection Level",0.15,"mg/L","","SGS","1253728019",2025-07-28,13:45:00,"","","Cold packs","Plastic Bottle","Opaque","H2SO4"
"10000425","Water","Surface Water","10000425-2025-07-23-Total Nitrate/Nitrite-N",2025-07-23,08:15:00.000000,"","",60.492007,-149.810844,"","Field Msr/Obs",15,"cm","","","","","","1253728","Total Nitrate/Nitrite-N","4500-NO3(F)","APHA","",0.386,"mg/L","=","Sampled",NA,"Total","Actual","","","Water Bottle",NA,"Limit of Quantitation",0.2,"mg/L","Method Detection Level",0.15,"mg/L","","SGS","1253728023",2025-07-31,12:55:00,"","","Cold packs","Plastic Bottle","Opaque","H2SO4"
"10000002","Water","Surface Water","10000002-2025-07-23-NA",2025-07-23,10:00:00.000000,"","",60.54368,-151.22294,"","Field Msr/Obs",15,"cm","","","","","","1253728","1,2-Dichloroethane-D4 (surr)","8260D","USEPA","",106,"%","=","Sampled",NA,NA,"Actual","","","Water Bottle",NA,"Limit of Quantitation",0,"%","Method Detection Level",0,"%","","SGS","1253728002",2025-07-25,00:02:00,"","","Cold packs",NA,NA,NA
"10000002","Water","Surface Water","10000002-2025-07-23-NA",2025-07-23,10:00:00.000000,"","",60.54368,-151.22294,"","Field Msr/Obs",15,"cm","","","","","","1253728","4-Bromofluorobenzene (surr)","8260D","USEPA","",101,"%","=","Sampled",NA,NA,"Actual","","","Water Bottle",NA,"Limit of Quantitation",0,"%","Method Detection Level",0,"%","","SGS","1253728002",2025-07-25,00:02:00,"","","Cold packs",NA,NA,NA
"10000002","Water","Surface Water","10000002-2025-07-23-NA",2025-07-23,10:00:00.000000,"","",60.54368,-151.22294,"","Field Msr/Obs",15,"cm","","","","","","1253728","Toluene-d8 (surr)","8260D","USEPA","",100,"%","=","Sampled",NA,NA,"Actual","","","Water Bottle",NA,"Limit of Quantitation",0,"%","Method Detection Level",0,"%","","SGS","1253728002",2025-07-25,00:02:00,"","","Cold packs",NA,NA,NA
"10000027","Water","Surface Water","10000027-2025-07-23-NA",2025-07-23,07:50:00.000000,"","",60.515441,-150.702069,"","Field Msr/Obs",15,"cm","","","","","","1253728","1,2-Dichloroethane-D4 (surr)","8260D","USEPA","",112,"%","=","Sampled",NA,NA,"Actual","","","Water Bottle",NA,"Limit of Quantitation",0,"%","Method Detection Level",0,"%","","SGS","1253728017",2025-07-25,00:32:00,"","","Cold packs",NA,NA,NA
"10000027","Water","Surface Water","10000027-2025-07-23-NA",2025-07-23,07:50:00.000000,"","",60.515441,-150.702069,"","Field Msr/Obs",15,"cm","","","","","","1253728","4-Bromofluorobenzene (surr)","8260D","USEPA","",101,"%","=","Sampled",NA,NA,"Actual","","","Water Bottle",NA,"Limit of Quantitation",0,"%","Method Detection Level",0,"%","","SGS","1253728017",2025-07-25,00:32:00,"","","Cold packs",NA,NA,NA
"10000028","Water","Surface Water","10000028-2025-07-23-NA",2025-07-23,09:50:00.000000,"","",60.489844,-150.636905,"","Field Msr/Obs",15,"cm","","","","","","1253728","Toluene-d8 (surr)","8260D","USEPA","",99.7,"%","=","Sampled",NA,NA,"Actual","","","Water Bottle",NA,"Limit of Quantitation",0,"%","Method Detection Level",0,"%","","SGS","1253728018",2025-07-25,00:47:00,"","","Cold packs",NA,NA,NA
"10000005","Water","Surface Water","10000005-2025-07-23-NA",2025-07-23,09:07:00.000000,"","",60.54081,-151.18278,"","Field Msr/Obs",15,"cm","","","","","","1253728","Toluene-d8 (surr)","8260D","USEPA","",99.5,"%","=","Sampled",NA,NA,"Actual","","","Water Bottle",NA,"Limit of Quantitation",0,"%","Method Detection Level",0,"%","","SGS","1253728003",2025-07-25,00:17:00,"","","Cold packs",NA,NA,NA
"10000027","Water","Surface Water","10000027-2025-07-23-NA",2025-07-23,07:50:00.000000,"","",60.515441,-150.702069,"","Field Msr/Obs",15,"cm","","","","","","1253728","Toluene-d8 (surr)","8260D","USEPA","",98.7,"%","=","Sampled",NA,NA,"Actual","","","Water Bottle",NA,"Limit of Quantitation",0,"%","Method Detection Level",0,"%","","SGS","1253728017",2025-07-25,00:32:00,"","","Cold packs",NA,NA,NA
"10000028","Water","Surface Water","10000028-2025-07-23-NA",2025-07-23,09:50:00.000000,"","",60.489844,-150.636905,"","Field Msr/Obs",15,"cm","","","","","","1253728","1,2-Dichloroethane-D4 (surr)","8260D","USEPA","",112,"%","=","Sampled",NA,NA,"Actual","","","Water Bottle",NA,"Limit of Quantitation",0,"%","Method Detection Level",0,"%","","SGS","1253728018",2025-07-25,00:47:00,"","","Cold packs",NA,NA,NA
"10000028","Water","Surface Water","10000028-2025-07-23-NA",2025-07-23,09:50:00.000000,"","",60.489844,-150.636905,"","Field Msr/Obs",15,"cm","","","","","","1253728","4-Bromofluorobenzene (surr)","8260D","USEPA","",99.5,"%","=","Sampled",NA,NA,"Actual","","","Water Bottle",NA,"Limit of Quantitation",0,"%","Method Detection Level",0,"%","","SGS","1253728018",2025-07-25,00:47:00,"","","Cold packs",NA,NA,NA
"10000005","Water","Surface Water","10000005-2025-07-23-NA",2025-07-23,09:07:00.000000,"","",60.54081,-151.18278,"","Field Msr/Obs",15,"cm","","","","","","1253728","1,2-Dichloroethane-D4 (surr)","8260D","USEPA","",107,"%","=","Sampled",NA,NA,"Actual","","","Water Bottle",NA,"Limit of Quantitation",0,"%","Method Detection Level",0,"%","","SGS","1253728003",2025-07-25,00:17:00,"","","Cold packs",NA,NA,NA
"10000005","Water","Surface Water","10000005-2025-07-23-NA",2025-07-23,09:07:00.000000,"","",60.54081,-151.18278,"","Field Msr/Obs",15,"cm","","","","","","1253728","4-Bromofluorobenzene (surr)","8260D","USEPA","",103,"%","=","Sampled",NA,NA,"Actual","","","Water Bottle",NA,"Limit of Quantitation",0,"%","Method Detection Level",0,"%","","SGS","1253728003",2025-07-25,00:17:00,"","","Cold packs",NA,NA,NA
"10000008","Water","Surface Water","10000008-2025-07-23-Ca",2025-07-23,10:57:00.000000,"","",60.550888,-151.268417,"","Field Msr/Obs",15,"cm","","","","","","1253728","Calcium","200.8","USEPA","",14600,"ug/L","=","Sampled",NA,"Unfiltered","Actual","","","Water Bottle",NA,"Limit of Quantitation",500,"ug/L","Method Detection Level",375,"ug/L","","SGS","1253728001",2025-07-28,11:16:00,"","","Cold packs","Plastic Bottle","Opaque",NA
"10000008","Water","Surface Water","10000008-2025-07-23-Fe",2025-07-23,10:57:00.000000,"","",60.550888,-151.268417,"","Field Msr/Obs",15,"cm","","","","","","1253728","Iron","200.8","USEPA","",3610,"ug/L","=","Sampled",NA,"Unfiltered","Actual","","","Water Bottle",NA,"Limit of Quantitation",250,"ug/L","Method Detection Level",188,"ug/L","","SGS","1253728001",2025-07-28,11:16:00,"","","Cold packs","Plastic Bottle","Opaque",NA
"10000008","Water","Surface Water","10000008-2025-07-23-Mg",2025-07-23,10:57:00.000000,"","",60.550888,-151.268417,"","Field Msr/Obs",15,"cm","","","","","","1253728","Magnesium","200.8","USEPA","",3700,"ug/L","=","Sampled",NA,"Unfiltered","Actual","","","Water Bottle",NA,"Limit of Quantitation",50,"ug/L","Method Detection Level",37.5,"ug/L","","SGS","1253728001",2025-07-28,11:16:00,"","","Cold packs","Plastic Bottle","Opaque",NA
"10000002","Water","Surface Water","10000002-2025-07-23-Ca",2025-07-23,10:00:00.000000,"","",60.54368,-151.22294,"","Field Msr/Obs",15,"cm","","","","","","1253728","Calcium","200.8","USEPA","",20900,"ug/L","=","Sampled",NA,"Unfiltered","Actual","","","Water Bottle",NA,"Limit of Quantitation",500,"ug/L","Method Detection Level",375,"ug/L","","SGS","1253728002",2025-07-28,11:19:00,"","","Cold packs","Plastic Bottle","Opaque",NA
"10000002","Water","Surface Water","10000002-2025-07-23-Cu",2025-07-23,10:00:00.000000,"","",60.54368,-151.22294,"","Field Msr/Obs",15,"cm","","","","","","1253728","Copper","200.8","USEPA","",36,"ug/L","=","Sampled",NA,"Unfiltered","Actual","","","Water Bottle",NA,"Limit of Quantitation",3,"ug/L","Method Detection Level",2.25,"ug/L","","SGS","1253728002",2025-07-28,11:19:00,"","","Cold packs","Plastic Bottle","Opaque",NA
"10000002","Water","Surface Water","10000002-2025-07-23-Fe",2025-07-23,10:00:00.000000,"","",60.54368,-151.22294,"","Field Msr/Obs",15,"cm","","","","","","1253728","Iron","200.8","USEPA","",26400,"ug/L","=","Sampled",NA,"Unfiltered","Actual","","","Water Bottle",NA,"Limit of Quantitation",250,"ug/L","Method Detection Level",188,"ug/L","","SGS","1253728002",2025-07-28,11:19:00,"","","Cold packs","Plastic Bottle","Opaque",NA
"10000016","Water","Surface Water","10000016-2025-07-23-Ca",2025-07-23,10:05:00.000000,"","",60.539279,-151.142263,"","Field Msr/Obs",15,"cm","","","","","","1253728","Calcium","200.8","USEPA","",14600,"ug/L","=","Sampled",NA,"Unfiltered","Actual","","","Water Bottle",NA,"Limit of Quantitation",500,"ug/L","Method Detection Level",375,"ug/L","","SGS","1253728006",2025-07-28,11:40:00,"","","Cold packs","Plastic Bottle","Opaque",NA
"10000016","Water","Surface Water","10000016-2025-07-23-Fe",2025-07-23,10:05:00.000000,"","",60.539279,-151.142263,"","Field Msr/Obs",15,"cm","","","","","","1253728","Iron","200.8","USEPA","",432,"ug/L","=","Sampled",NA,"Unfiltered","Actual","","","Water Bottle",NA,"Limit of Quantitation",250,"ug/L","Method Detection Level",188,"ug/L","","SGS","1253728006",2025-07-28,11:40:00,"","","Cold packs","Plastic Bottle","Opaque",NA
"10000015","Water","Surface Water","10000015-2025-07-23-Ca",2025-07-23,09:28:00.000000,"","",60.548029,-151.14324,"","Field Msr/Obs",15,"cm","","","","","","1253728","Calcium","200.8","USEPA","",21200,"ug/L","=","Sampled",NA,"Unfiltered","Actual","","","Water Bottle",NA,"Limit of Quantitation",500,"ug/L","Method Detection Level",375,"ug/L","","SGS","1253728004",2025-07-28,11:34:00,"","","Cold packs","Plastic Bottle","Opaque",NA
"10000015","Water","Surface Water","10000015-2025-07-23-Ca-DUP",2025-07-23,09:40:00.000000,"","",60.548029,-151.14324,"","Quality Control Field Replicate Msr/Obs",15,"cm","","","","","","1253728","Calcium","200.8","USEPA","",20800,"ug/L","=","Sampled",NA,"Unfiltered","Actual","","","Water Bottle",NA,"Limit of Quantitation",500,"ug/L","Method Detection Level",375,"ug/L","","SGS","1253728005",2025-07-28,11:37:00,"","","Cold packs","Plastic Bottle","Opaque",NA
"10000002","Water","Surface Water","10000002-2025-07-23-Mg",2025-07-23,10:00:00.000000,"","",60.54368,-151.22294,"","Field Msr/Obs",15,"cm","","","","","","1253728","Magnesium","200.8","USEPA","",13900,"ug/L","=","Sampled",NA,"Unfiltered","Actual","","","Water Bottle",NA,"Limit of Quantitation",50,"ug/L","Method Detection Level",37.5,"ug/L","","SGS","1253728002",2025-07-28,11:19:00,"","","Cold packs","Plastic Bottle","Opaque",NA
"10000002","Water","Surface Water","10000002-2025-07-23-Zn",2025-07-23,10:00:00.000000,"","",60.54368,-151.22294,"","Field Msr/Obs",15,"cm","","","","","","1253728","Zinc","200.8","USEPA","",87.2,"ug/L","=","Sampled",NA,"Unfiltered","Actual","","","Water Bottle",NA,"Limit of Quantitation",10,"ug/L","Method Detection Level",7.5,"ug/L","","SGS","1253728002",2025-07-28,11:19:00,"","","Cold packs","Plastic Bottle","Opaque",NA
"10000016","Water","Surface Water","10000016-2025-07-23-Mg",2025-07-23,10:05:00.000000,"","",60.539279,-151.142263,"","Field Msr/Obs",15,"cm","","","","","","1253728","Magnesium","200.8","USEPA","",1160,"ug/L","=","Sampled",NA,"Unfiltered","Actual","","","Water Bottle",NA,"Limit of Quantitation",50,"ug/L","Method Detection Level",37.5,"ug/L","","SGS","1253728006",2025-07-28,11:40:00,"","","Cold packs","Plastic Bottle","Opaque",NA
"10000015","Water","Surface Water","10000015-2025-07-23-Fe",2025-07-23,09:28:00.000000,"","",60.548029,-151.14324,"","Field Msr/Obs",15,"cm","","","","","","1253728","Iron","200.8","USEPA","",2760,"ug/L","=","Sampled",NA,"Unfiltered","Actual","","","Water Bottle",NA,"Limit of Quantitation",250,"ug/L","Method Detection Level",188,"ug/L","","SGS","1253728004",2025-07-28,11:34:00,"","","Cold packs","Plastic Bottle","Opaque",NA
"10000015","Water","Surface Water","10000015-2025-07-23-Mg",2025-07-23,09:28:00.000000,"","",60.548029,-151.14324,"","Field Msr/Obs",15,"cm","","","","","","1253728","Magnesium","200.8","USEPA","",4270,"ug/L","=","Sampled",NA,"Unfiltered","Actual","","","Water Bottle",NA,"Limit of Quantitation",50,"ug/L","Method Detection Level",37.5,"ug/L","","SGS","1253728004",2025-07-28,11:34:00,"","","Cold packs","Plastic Bottle","Opaque",NA
"10000015","Water","Surface Water","10000015-2025-07-23-Fe-DUP",2025-07-23,09:40:00.000000,"","",60.548029,-151.14324,"","Quality Control Field Replicate Msr/Obs",15,"cm","","","","","","1253728","Iron","200.8","USEPA","",2740,"ug/L","=","Sampled",NA,"Unfiltered","Actual","","","Water Bottle",NA,"Limit of Quantitation",250,"ug/L","Method Detection Level",188,"ug/L","","SGS","1253728005",2025-07-28,11:37:00,"","","Cold packs","Plastic Bottle","Opaque",NA
"10000015","Water","Surface Water","10000015-2025-07-23-Mg-DUP",2025-07-23,09:40:00.000000,"","",60.548029,-151.14324,"","Quality Control Field Replicate Msr/Obs",15,"cm","","","","","","1253728","Magnesium","200.8","USEPA","",4190,"ug/L","=","Sampled",NA,"Unfiltered","Actual","","","Water Bottle",NA,"Limit of Quantitation",50,"ug/L","Method Detection Level",37.5,"ug/L","","SGS","1253728005",2025-07-28,11:37:00,"","","Cold packs","Plastic Bottle","Opaque",NA
"10000017","Water","Surface Water","10000017-2025-07-23-Ca",2025-07-23,10:25:00.000000,"","",60.533743,-151.099258,"","Field Msr/Obs",15,"cm","","","","","","1253728","Calcium","200.8","USEPA","",13800,"ug/L","=","Sampled",NA,"Unfiltered","Actual","","","Water Bottle",NA,"Limit of Quantitation",500,"ug/L","Method Detection Level",375,"ug/L","","SGS","1253728007",2025-07-28,11:43:00,"","","Cold packs","Plastic Bottle","Opaque",NA
"10000017","Water","Surface Water","10000017-2025-07-23-Mg",2025-07-23,10:25:00.000000,"","",60.533743,-151.099258,"","Field Msr/Obs",15,"cm","","","","","","1253728","Magnesium","200.8","USEPA","",1040,"ug/L","=","Sampled",NA,"Unfiltered","Actual","","","Water Bottle",NA,"Limit of Quantitation",50,"ug/L","Method Detection Level",37.5,"ug/L","","SGS","1253728007",2025-07-28,11:43:00,"","","Cold packs","Plastic Bottle","Opaque",NA
"10000018","Water","Surface Water","10000018-2025-07-23-Ca",2025-07-23,10:57:00.000000,"","",60.502005,-151.106973,"","Field Msr/Obs",15,"cm","","","","","","1253728","Calcium","200.8","USEPA","",14000,"ug/L","=","Sampled",NA,"Unfiltered","Actual","","","Water Bottle",NA,"Limit of Quantitation",500,"ug/L","Method Detection Level",375,"ug/L","","SGS","1253728008",2025-07-28,11:46:00,"","","Cold packs","Plastic Bottle","Opaque",NA
"10000018","Water","Surface Water","10000018-2025-07-23-Mg",2025-07-23,10:57:00.000000,"","",60.502005,-151.106973,"","Field Msr/Obs",15,"cm","","","","","","1253728","Magnesium","200.8","USEPA","",1060,"ug/L","=","Sampled",NA,"Unfiltered","Actual","","","Water Bottle",NA,"Limit of Quantitation",50,"ug/L","Method Detection Level",37.5,"ug/L","","SGS","1253728008",2025-07-28,11:46:00,"","","Cold packs","Plastic Bottle","Opaque",NA
"10000020","Water","Surface Water","10000020-2025-07-23-Ca",2025-07-23,10:11:00.000000,"","",60.48175453,-151.1306816,"","Field Msr/Obs",15,"cm","","","","","","1253728","Calcium","200.8","USEPA","",22900,"ug/L","=","Sampled",NA,"Unfiltered","Actual","","","Water Bottle",NA,"Limit of Quantitation",500,"ug/L","Method Detection Level",375,"ug/L","","SGS","1253728009",2025-07-28,11:49:00,"","","Cold packs","Plastic Bottle","Opaque",NA
"10000020","Water","Surface Water","10000020-2025-07-23-Fe",2025-07-23,10:11:00.000000,"","",60.48175453,-151.1306816,"","Field Msr/Obs",15,"cm","","","","","","1253728","Iron","200.8","USEPA","",1870,"ug/L","=","Sampled",NA,"Unfiltered","Actual","","","Water Bottle",NA,"Limit of Quantitation",250,"ug/L","Method Detection Level",188,"ug/L","","SGS","1253728009",2025-07-28,11:49:00,"","","Cold packs","Plastic Bottle","Opaque",NA
"10000020","Water","Surface Water","10000020-2025-07-23-Mg",2025-07-23,10:11:00.000000,"","",60.48175453,-151.1306816,"","Field Msr/Obs",15,"cm","","","","","","1253728","Magnesium","200.8","USEPA","",5490,"ug/L","=","Sampled",NA,"Unfiltered","Actual","","","Water Bottle",NA,"Limit of Quantitation",50,"ug/L","Method Detection Level",37.5,"ug/L","","SGS","1253728009",2025-07-28,11:49:00,"","","Cold packs","Plastic Bottle","Opaque",NA
"10000021","Water","Surface Water","10000021-2025-07-23-Ca",2025-07-23,09:42:00.000000,"","",60.476634,-151.082099,"","Field Msr/Obs",15,"cm","","","","","","1253728","Calcium","200.8","USEPA","",14000,"ug/L","=","Sampled",NA,"Unfiltered","Actual","","","Water Bottle",NA,"Limit of Quantitation",500,"ug/L","Method Detection Level",375,"ug/L","","SGS","1253728010",2025-07-28,11:52:00,"","","Cold packs","Plastic Bottle","Opaque",NA
"10000021","Water","Surface Water","10000021-2025-07-23-Mg",2025-07-23,09:42:00.000000,"","",60.476634,-151.082099,"","Field Msr/Obs",15,"cm","","","","","","1253728","Magnesium","200.8","USEPA","",1060,"ug/L","=","Sampled",NA,"Unfiltered","Actual","","","Water Bottle",NA,"Limit of Quantitation",50,"ug/L","Method Detection Level",37.5,"ug/L","","SGS","1253728010",2025-07-28,11:52:00,"","","Cold packs","Plastic Bottle","Opaque",NA
"10000022","Water","Surface Water","10000022-2025-07-23-Fe",2025-07-23,08:17:00.000000,"","",60.483364,-151.057656,"","Field Msr/Obs",15,"cm","","","","","","1253728","Iron","200.8","USEPA","",654,"ug/L","=","Sampled",NA,"Unfiltered","Actual","","","Water Bottle",NA,"Limit of Quantitation",250,"ug/L","Method Detection Level",188,"ug/L","","SGS","1253728011",2025-07-28,11:55:00,"","","Cold packs","Plastic Bottle","Opaque",NA
"10000022","Water","Surface Water","10000022-2025-07-23-Mg",2025-07-23,08:17:00.000000,"","",60.483364,-151.057656,"","Field Msr/Obs",15,"cm","","","","","","1253728","Magnesium","200.8","USEPA","",5460,"ug/L","=","Sampled",NA,"Unfiltered","Actual","","","Water Bottle",NA,"Limit of Quantitation",50,"ug/L","Method Detection Level",37.5,"ug/L","","SGS","1253728011",2025-07-28,11:55:00,"","","Cold packs","Plastic Bottle","Opaque",NA
"10000023","Water","Surface Water","10000023-2025-07-23-Mg",2025-07-23,09:00:00.000000,"","",60.480338,-151.030847,"","Field Msr/Obs",15,"cm","","","","","","1253728","Magnesium","200.8","USEPA","",1040,"ug/L","=","Sampled",NA,"Unfiltered","Actual","","","Water Bottle",NA,"Limit of Quantitation",50,"ug/L","Method Detection Level",37.5,"ug/L","","SGS","1253728012",2025-07-28,12:06:00,"","","Cold packs","Plastic Bottle","Opaque",NA
"10000023","Water","Surface Water","10000023-2025-07-23-Mg-DUP",2025-07-23,09:13:00.000000,"","",60.480338,-151.030847,"","Quality Control Field Replicate Msr/Obs",15,"cm","","","","","","1253728","Magnesium","200.8","USEPA","",1070,"ug/L","=","Sampled",NA,"Unfiltered","Actual","","","Water Bottle",NA,"Limit of Quantitation",50,"ug/L","Method Detection Level",37.5,"ug/L","","SGS","1253728013",2025-07-28,12:09:00,"","","Cold packs","Plastic Bottle","Opaque",NA
"10000024","Water","Surface Water","10000024-2025-07-23-Ca",2025-07-23,08:55:00.000000,"","",60.489963,-150.860982,"","Field Msr/Obs",15,"cm","","","","","","1253728","Calcium","200.8","USEPA","",11000,"ug/L","=","Sampled",NA,"Unfiltered","Actual","","","Water Bottle",NA,"Limit of Quantitation",500,"ug/L","Method Detection Level",375,"ug/L","","SGS","1253728014",2025-07-28,12:12:00,"","","Cold packs","Plastic Bottle","Opaque",NA
"10000024","Water","Surface Water","10000024-2025-07-23-Fe",2025-07-23,08:55:00.000000,"","",60.489963,-150.860982,"","Field Msr/Obs",15,"cm","","","","","","1253728","Iron","200.8","USEPA","",561,"ug/L","=","Sampled",NA,"Unfiltered","Actual","","","Water Bottle",NA,"Limit of Quantitation",250,"ug/L","Method Detection Level",188,"ug/L","","SGS","1253728014",2025-07-28,12:12:00,"","","Cold packs","Plastic Bottle","Opaque",NA
"10000024","Water","Surface Water","10000024-2025-07-23-Mg",2025-07-23,08:55:00.000000,"","",60.489963,-150.860982,"","Field Msr/Obs",15,"cm","","","","","","1253728","Magnesium","200.8","USEPA","",2910,"ug/L","=","Sampled",NA,"Unfiltered","Actual","","","Water Bottle",NA,"Limit of Quantitation",50,"ug/L","Method Detection Level",37.5,"ug/L","","SGS","1253728014",2025-07-28,12:12:00,"","","Cold packs","Plastic Bottle","Opaque",NA
"10000025","Water","Surface Water","10000025-2025-07-23-Ca",2025-07-23,10:30:00.000000,"","",60.498284,-150.863121,"","Field Msr/Obs",15,"cm","","","","","","1253728","Calcium","200.8","USEPA","",14200,"ug/L","=","Sampled",NA,"Unfiltered","Actual","","","Water Bottle",NA,"Limit of Quantitation",500,"ug/L","Method Detection Level",375,"ug/L","","SGS","1253728015",2025-07-28,12:15:00,"","","Cold packs","Plastic Bottle","Opaque",NA
"10000025","Water","Surface Water","10000025-2025-07-23-Fe",2025-07-23,10:30:00.000000,"","",60.498284,-150.863121,"","Field Msr/Obs",15,"cm","","","","","","1253728","Iron","200.8","USEPA","",318,"ug/L","=","Sampled",NA,"Unfiltered","Actual","","","Water Bottle",NA,"Limit of Quantitation",250,"ug/L","Method Detection Level",188,"ug/L","","SGS","1253728015",2025-07-28,12:15:00,"","","Cold packs","Plastic Bottle","Opaque",NA
"10000025","Water","Surface Water","10000025-2025-07-23-Mg",2025-07-23,10:30:00.000000,"","",60.498284,-150.863121,"","Field Msr/Obs",15,"cm","","","","","","1253728","Magnesium","200.8","USEPA","",1060,"ug/L","=","Sampled",NA,"Unfiltered","Actual","","","Water Bottle",NA,"Limit of Quantitation",50,"ug/L","Method Detection Level",37.5,"ug/L","","SGS","1253728015",2025-07-28,12:15:00,"","","Cold packs","Plastic Bottle","Opaque",NA
"10000026","Water","Surface Water","10000026-2025-07-23-Ca",2025-07-23,09:50:00.000000,"","",60.53687,-150.754724,"","Field Msr/Obs",15,"cm","","","","","","1253728","Calcium","200.8","USEPA","",24900,"ug/L","=","Sampled",NA,"Unfiltered","Actual","","","Water Bottle",NA,"Limit of Quantitation",500,"ug/L","Method Detection Level",375,"ug/L","","SGS","1253728016",2025-07-28,12:18:00,"","","Cold packs","Plastic Bottle","Opaque",NA
"10000026","Water","Surface Water","10000026-2025-07-23-Fe",2025-07-23,09:50:00.000000,"","",60.53687,-150.754724,"","Field Msr/Obs",15,"cm","","","","","","1253728","Iron","200.8","USEPA","",773,"ug/L","=","Sampled",NA,"Unfiltered","Actual","","","Water Bottle",NA,"Limit of Quantitation",250,"ug/L","Method Detection Level",188,"ug/L","","SGS","1253728016",2025-07-28,12:18:00,"","","Cold packs","Plastic Bottle","Opaque",NA
"10000026","Water","Surface Water","10000026-2025-07-23-Mg",2025-07-23,09:50:00.000000,"","",60.53687,-150.754724,"","Field Msr/Obs",15,"cm","","","","","","1253728","Magnesium","200.8","USEPA","",3360,"ug/L","=","Sampled",NA,"Unfiltered","Actual","","","Water Bottle",NA,"Limit of Quantitation",50,"ug/L","Method Detection Level",37.5,"ug/L","","SGS","1253728016",2025-07-28,12:18:00,"","","Cold packs","Plastic Bottle","Opaque",NA
"10000022","Water","Surface Water","10000022-2025-07-23-Ca",2025-07-23,08:17:00.000000,"","",60.483364,-151.057656,"","Field Msr/Obs",15,"cm","","","","","","1253728","Calcium","200.8","USEPA","",23600,"ug/L","=","Sampled",NA,"Unfiltered","Actual","","","Water Bottle",NA,"Limit of Quantitation",500,"ug/L","Method Detection Level",375,"ug/L","","SGS","1253728011",2025-07-28,11:55:00,"","","Cold packs","Plastic Bottle","Opaque",NA
"10000023","Water","Surface Water","10000023-2025-07-23-Ca",2025-07-23,09:00:00.000000,"","",60.480338,-151.030847,"","Field Msr/Obs",15,"cm","","","","","","1253728","Calcium","200.8","USEPA","",14000,"ug/L","=","Sampled",NA,"Unfiltered","Actual","","","Water Bottle",NA,"Limit of Quantitation",500,"ug/L","Method Detection Level",375,"ug/L","","SGS","1253728012",2025-07-28,12:06:00,"","","Cold packs","Plastic Bottle","Opaque",NA
"10000023","Water","Surface Water","10000023-2025-07-23-Ca-DUP",2025-07-23,09:13:00.000000,"","",60.480338,-151.030847,"","Quality Control Field Replicate Msr/Obs",15,"cm","","","","","","1253728","Calcium","200.8","USEPA","",14300,"ug/L","=","Sampled",NA,"Unfiltered","Actual","","","Water Bottle",NA,"Limit of Quantitation",500,"ug/L","Method Detection Level",375,"ug/L","","SGS","1253728013",2025-07-28,12:09:00,"","","Cold packs","Plastic Bottle","Opaque",NA
"10000027","Water","Surface Water","10000027-2025-07-23-Ca",2025-07-23,07:50:00.000000,"","",60.515441,-150.702069,"","Field Msr/Obs",15,"cm","","","","","","1253728","Calcium","200.8","USEPA","",13900,"ug/L","=","Sampled",NA,"Unfiltered","Actual","","","Water Bottle",NA,"Limit of Quantitation",500,"ug/L","Method Detection Level",375,"ug/L","","SGS","1253728017",2025-07-28,12:21:00,"","","Cold packs","Plastic Bottle","Opaque",NA
"10000027","Water","Surface Water","10000027-2025-07-23-Mg",2025-07-23,07:50:00.000000,"","",60.515441,-150.702069,"","Field Msr/Obs",15,"cm","","","","","","1253728","Magnesium","200.8","USEPA","",992,"ug/L","=","Sampled",NA,"Unfiltered","Actual","","","Water Bottle",NA,"Limit of Quantitation",50,"ug/L","Method Detection Level",37.5,"ug/L","","SGS","1253728017",2025-07-28,12:21:00,"","","Cold packs","Plastic Bottle","Opaque",NA
"10000028","Water","Surface Water","10000028-2025-07-23-Ca",2025-07-23,09:50:00.000000,"","",60.489844,-150.636905,"","Field Msr/Obs",15,"cm","","","","","","1253728","Calcium","200.8","USEPA","",13700,"ug/L","=","Sampled",NA,"Unfiltered","Actual","","","Water Bottle",NA,"Limit of Quantitation",500,"ug/L","Method Detection Level",375,"ug/L","","SGS","1253728018",2025-07-28,14:10:00,"","","Cold packs","Plastic Bottle","Opaque",NA
"10000028","Water","Surface Water","10000028-2025-07-23-Fe",2025-07-23,09:50:00.000000,"","",60.489844,-150.636905,"","Field Msr/Obs",15,"cm","","","","","","1253728","Iron","200.8","USEPA","",327,"ug/L","=","Sampled",NA,"Unfiltered","Actual","","","Water Bottle",NA,"Limit of Quantitation",250,"ug/L","Method Detection Level",188,"ug/L","","SGS","1253728018",2025-07-28,14:10:00,"","","Cold packs","Plastic Bottle","Opaque",NA
"10000030","Water","Surface Water","10000030-2025-07-23-Ca",2025-07-23,08:55:00.000000,"","",60.467517,-150.507789,"","Field Msr/Obs",15,"cm","","","","","","1253728","Calcium","200.8","USEPA","",14100,"ug/L","=","Sampled",NA,"Unfiltered","Actual","","","Water Bottle",NA,"Limit of Quantitation",500,"ug/L","Method Detection Level",375,"ug/L","","SGS","1253728020",2025-07-28,14:19:00,"","","Cold packs","Plastic Bottle","Opaque",NA
"10000030","Water","Surface Water","10000030-2025-07-23-Mg",2025-07-23,08:55:00.000000,"","",60.467517,-150.507789,"","Field Msr/Obs",15,"cm","","","","","","1253728","Magnesium","200.8","USEPA","",920,"ug/L","=","Sampled",NA,"Unfiltered","Actual","","","Water Bottle",NA,"Limit of Quantitation",50,"ug/L","Method Detection Level",37.5,"ug/L","","SGS","1253728020",2025-07-28,14:19:00,"","","Cold packs","Plastic Bottle","Opaque",NA
"10000005","Water","Surface Water","10000005-2025-07-23-Ca",2025-07-23,09:07:00.000000,"","",60.54081,-151.18278,"","Field Msr/Obs",15,"cm","","","","","","1253728","Calcium","200.8","USEPA","",14700,"ug/L","=","Sampled",NA,"Unfiltered","Actual","","","Water Bottle",NA,"Limit of Quantitation",500,"ug/L","Method Detection Level",375,"ug/L","","SGS","1253728003",2025-07-28,11:31:00,"","","Cold packs","Plastic Bottle","Opaque",NA
"10000031","Water","Surface Water","10000031-2025-07-23-Ca",2025-07-23,10:55:00.000000,"","",60.481392,-150.11502,"","Field Msr/Obs",15,"cm","","","","","","1253728","Calcium","200.8","USEPA","",16800,"ug/L","=","Sampled",NA,"Unfiltered","Actual","","","Water Bottle",NA,"Limit of Quantitation",500,"ug/L","Method Detection Level",375,"ug/L","","SGS","1253728021",2025-07-28,14:22:00,"","","Cold packs","Plastic Bottle","Opaque",NA
"10000424","Water","Surface Water","10000424-2025-07-23-Ca",2025-07-23,09:00:00.000000,"","",60.489,-149.877,"","Field Msr/Obs",15,"cm","","","","","","1253728","Calcium","200.8","USEPA","",15500,"ug/L","=","Sampled",NA,"Unfiltered","Actual","","","Water Bottle",NA,"Limit of Quantitation",500,"ug/L","Method Detection Level",375,"ug/L","","SGS","1253728024",2025-07-28,14:40:00,"","","Cold packs","Plastic Bottle","Opaque",NA
"10000424","Water","Surface Water","10000424-2025-07-23-Mg",2025-07-23,09:00:00.000000,"","",60.489,-149.877,"","Field Msr/Obs",15,"cm","","","","","","1253728","Magnesium","200.8","USEPA","",990,"ug/L","=","Sampled",NA,"Unfiltered","Actual","","","Water Bottle",NA,"Limit of Quantitation",50,"ug/L","Method Detection Level",37.5,"ug/L","","SGS","1253728024",2025-07-28,14:40:00,"","","Cold packs","Plastic Bottle","Opaque",NA
"10000028","Water","Surface Water","10000028-2025-07-23-Mg",2025-07-23,09:50:00.000000,"","",60.489844,-150.636905,"","Field Msr/Obs",15,"cm","","","","","","1253728","Magnesium","200.8","USEPA","",1030,"ug/L","=","Sampled",NA,"Unfiltered","Actual","","","Water Bottle",NA,"Limit of Quantitation",50,"ug/L","Method Detection Level",37.5,"ug/L","","SGS","1253728018",2025-07-28,14:10:00,"","","Cold packs","Plastic Bottle","Opaque",NA
"10000029","Water","Surface Water","10000029-2025-07-23-Ca",2025-07-23,09:30:00.000000,"","",60.481518,-150.632498,"","Field Msr/Obs",15,"cm","","","","","","1253728","Calcium","200.8","USEPA","",6540,"ug/L","=","Sampled",NA,"Unfiltered","Actual","","","Water Bottle",NA,"Limit of Quantitation",500,"ug/L","Method Detection Level",375,"ug/L","","SGS","1253728019",2025-07-28,14:16:00,"","","Cold packs","Plastic Bottle","Opaque",NA
"10000029","Water","Surface Water","10000029-2025-07-23-Fe",2025-07-23,09:30:00.000000,"","",60.481518,-150.632498,"","Field Msr/Obs",15,"cm","","","","","","1253728","Iron","200.8","USEPA","",821,"ug/L","=","Sampled",NA,"Unfiltered","Actual","","","Water Bottle",NA,"Limit of Quantitation",250,"ug/L","Method Detection Level",188,"ug/L","","SGS","1253728019",2025-07-28,14:16:00,"","","Cold packs","Plastic Bottle","Opaque",NA
"10000029","Water","Surface Water","10000029-2025-07-23-Mg",2025-07-23,09:30:00.000000,"","",60.481518,-150.632498,"","Field Msr/Obs",15,"cm","","","","","","1253728","Magnesium","200.8","USEPA","",1100,"ug/L","=","Sampled",NA,"Unfiltered","Actual","","","Water Bottle",NA,"Limit of Quantitation",50,"ug/L","Method Detection Level",37.5,"ug/L","","SGS","1253728019",2025-07-28,14:16:00,"","","Cold packs","Plastic Bottle","Opaque",NA
"10000005","Water","Surface Water","10000005-2025-07-23-Fe",2025-07-23,09:07:00.000000,"","",60.54081,-151.18278,"","Field Msr/Obs",15,"cm","","","","","","1253728","Iron","200.8","USEPA","",1240,"ug/L","=","Sampled",NA,"Unfiltered","Actual","","","Water Bottle",NA,"Limit of Quantitation",250,"ug/L","Method Detection Level",188,"ug/L","","SGS","1253728003",2025-07-28,11:31:00,"","","Cold packs","Plastic Bottle","Opaque",NA
"10000005","Water","Surface Water","10000005-2025-07-23-Mg",2025-07-23,09:07:00.000000,"","",60.54081,-151.18278,"","Field Msr/Obs",15,"cm","","","","","","1253728","Magnesium","200.8","USEPA","",1480,"ug/L","=","Sampled",NA,"Unfiltered","Actual","","","Water Bottle",NA,"Limit of Quantitation",50,"ug/L","Method Detection Level",37.5,"ug/L","","SGS","1253728003",2025-07-28,11:31:00,"","","Cold packs","Plastic Bottle","Opaque",NA
"10000031","Water","Surface Water","10000031-2025-07-23-Mg",2025-07-23,10:55:00.000000,"","",60.481392,-150.11502,"","Field Msr/Obs",15,"cm","","","","","","1253728","Magnesium","200.8","USEPA","",1090,"ug/L","=","Sampled",NA,"Unfiltered","Actual","","","Water Bottle",NA,"Limit of Quantitation",50,"ug/L","Method Detection Level",37.5,"ug/L","","SGS","1253728021",2025-07-28,14:22:00,"","","Cold packs","Plastic Bottle","Opaque",NA
"10000032","Water","Surface Water","10000032-2025-07-23-Ca",2025-07-23,10:05:00.000000,"","",60.484622,-149.993955,"","Field Msr/Obs",15,"cm","","","","","","1253728","Calcium","200.8","USEPA","",18200,"ug/L","=","Sampled",NA,"Unfiltered","Actual","","","Water Bottle",NA,"Limit of Quantitation",500,"ug/L","Method Detection Level",375,"ug/L","","SGS","1253728022",2025-07-28,14:25:00,"","","Cold packs","Plastic Bottle","Opaque",NA
"10000032","Water","Surface Water","10000032-2025-07-23-Mg",2025-07-23,10:05:00.000000,"","",60.484622,-149.993955,"","Field Msr/Obs",15,"cm","","","","","","1253728","Magnesium","200.8","USEPA","",1020,"ug/L","=","Sampled",NA,"Unfiltered","Actual","","","Water Bottle",NA,"Limit of Quantitation",50,"ug/L","Method Detection Level",37.5,"ug/L","","SGS","1253728022",2025-07-28,14:25:00,"","","Cold packs","Plastic Bottle","Opaque",NA
"10000425","Water","Surface Water","10000425-2025-07-23-Ca",2025-07-23,08:15:00.000000,"","",60.492007,-149.810844,"","Field Msr/Obs",15,"cm","","","","","","1253728","Calcium","200.8","USEPA","",17500,"ug/L","=","Sampled",NA,"Unfiltered","Actual","","","Water Bottle",NA,"Limit of Quantitation",500,"ug/L","Method Detection Level",375,"ug/L","","SGS","1253728023",2025-07-28,14:37:00,"","","Cold packs","Plastic Bottle","Opaque",NA
"10000425","Water","Surface Water","10000425-2025-07-23-Mg",2025-07-23,08:15:00.000000,"","",60.492007,-149.810844,"","Field Msr/Obs",15,"cm","","","","","","1253728","Magnesium","200.8","USEPA","",1140,"ug/L","=","Sampled",NA,"Unfiltered","Actual","","","Water Bottle",NA,"Limit of Quantitation",50,"ug/L","Method Detection Level",37.5,"ug/L","","SGS","1253728023",2025-07-28,14:37:00,"","","Cold packs","Plastic Bottle","Opaque",NA
"10000002","Water","Surface Water","10000002-2025-07-23-o-Xylene-Blank",2025-07-23,09:50:00.000000,"","",60.54368,-151.22294,"","Quality Control Sample-Trip Blank",15,"cm","","","","","","1253728","o-Xylene","8260D","USEPA","",0,"ug/L","U","Sampled",NA,NA,"Actual","","","Water Bottle","Not Detected","Limit of Quantitation",1,"ug/L","Method Detection Level",0.75,"ug/L","","SGS","1253728028",2025-07-24,19:14:00,"","","Cold packs",NA,NA,NA
"10000005","Water","Surface Water","10000005-2025-07-23-o-Xylene-Blank",2025-07-23,09:50:00.000000,"","",60.54081,-151.18278,"","Quality Control Sample-Trip Blank",15,"cm","","","","","","1253728","o-Xylene","8260D","USEPA","",0,"ug/L","U","Sampled",NA,NA,"Actual","","","Water Bottle","Not Detected","Limit of Quantitation",1,"ug/L","Method Detection Level",0.75,"ug/L","","SGS","1253728028",2025-07-24,19:14:00,"","","Cold packs",NA,NA,NA
"10000002","Water","Surface Water","10000002-2025-07-23-P & M -Xylene-Blank",2025-07-23,09:50:00.000000,"","",60.54368,-151.22294,"","Quality Control Sample-Trip Blank",15,"cm","","","","","","1253728","P & M -Xylene","8260D","USEPA","",0,"ug/L","U","Sampled",NA,NA,"Actual","","","Water Bottle","Not Detected","Limit of Quantitation",2,"ug/L","Method Detection Level",1.5,"ug/L","","SGS","1253728028",2025-07-24,19:14:00,"","","Cold packs",NA,NA,NA
"10000005","Water","Surface Water","10000005-2025-07-23-P & M -Xylene-Blank",2025-07-23,09:50:00.000000,"","",60.54081,-151.18278,"","Quality Control Sample-Trip Blank",15,"cm","","","","","","1253728","P & M -Xylene","8260D","USEPA","",0,"ug/L","U","Sampled",NA,NA,"Actual","","","Water Bottle","Not Detected","Limit of Quantitation",2,"ug/L","Method Detection Level",1.5,"ug/L","","SGS","1253728028",2025-07-24,19:14:00,"","","Cold packs",NA,NA,NA
"10000002","Water","Surface Water","10000002-2025-07-23-Toluene-Blank",2025-07-23,09:50:00.000000,"","",60.54368,-151.22294,"","Quality Control Sample-Trip Blank",15,"cm","","","","","","1253728","Toluene","8260D","USEPA","",0,"ug/L","U","Sampled",NA,NA,"Actual","","","Water Bottle","Not Detected","Limit of Quantitation",1,"ug/L","Method Detection Level",0.75,"ug/L","","SGS","1253728028",2025-07-24,19:14:00,"","","Cold packs",NA,NA,NA
"10000005","Water","Surface Water","10000005-2025-07-23-Toluene-Blank",2025-07-23,09:50:00.000000,"","",60.54081,-151.18278,"","Quality Control Sample-Trip Blank",15,"cm","","","","","","1253728","Toluene","8260D","USEPA","",0,"ug/L","U","Sampled",NA,NA,"Actual","","","Water Bottle","Not Detected","Limit of Quantitation",1,"ug/L","Method Detection Level",0.75,"ug/L","","SGS","1253728028",2025-07-24,19:14:00,"","","Cold packs",NA,NA,NA
"10000002","Water","Surface Water","10000002-2025-07-23-Xylenes (total)-Blank",2025-07-23,09:50:00.000000,"","",60.54368,-151.22294,"","Quality Control Sample-Trip Blank",15,"cm","","","","","","1253728","Xylenes (total)","8260D","USEPA","",0,"ug/L","U","Sampled",NA,NA,"Actual","","","Water Bottle","Not Detected","Limit of Quantitation",3,"ug/L","Method Detection Level",2.25,"ug/L","","SGS","1253728028",2025-07-24,19:14:00,"","","Cold packs",NA,NA,NA
"10000005","Water","Surface Water","10000005-2025-07-23-Xylenes (total)-Blank",2025-07-23,09:50:00.000000,"","",60.54081,-151.18278,"","Quality Control Sample-Trip Blank",15,"cm","","","","","","1253728","Xylenes (total)","8260D","USEPA","",0,"ug/L","U","Sampled",NA,NA,"Actual","","","Water Bottle","Not Detected","Limit of Quantitation",3,"ug/L","Method Detection Level",2.25,"ug/L","","SGS","1253728028",2025-07-24,19:14:00,"","","Cold packs",NA,NA,NA
"10000002","Water","Surface Water","10000002-2025-07-23-Benzene-Blank",2025-07-23,09:50:00.000000,"","",60.54368,-151.22294,"","Quality Control Sample-Trip Blank",15,"cm","","","","","","1253728","Benzene","8260D","USEPA","",0,"ug/L","U","Sampled",NA,NA,"Actual","","","Water Bottle","Not Detected","Limit of Quantitation",0.4,"ug/L","Method Detection Level",0.3,"ug/L","","SGS","1253728028",2025-07-24,19:14:00,"","","Cold packs",NA,NA,NA
"10000005","Water","Surface Water","10000005-2025-07-23-Benzene-Blank",2025-07-23,09:50:00.000000,"","",60.54081,-151.18278,"","Quality Control Sample-Trip Blank",15,"cm","","","","","","1253728","Benzene","8260D","USEPA","",0,"ug/L","U","Sampled",NA,NA,"Actual","","","Water Bottle","Not Detected","Limit of Quantitation",0.4,"ug/L","Method Detection Level",0.3,"ug/L","","SGS","1253728028",2025-07-24,19:14:00,"","","Cold packs",NA,NA,NA
"10000002","Water","Surface Water","10000002-2025-07-23-Ethylbenzene-Blank",2025-07-23,09:50:00.000000,"","",60.54368,-151.22294,"","Quality Control Sample-Trip Blank",15,"cm","","","","","","1253728","Ethylbenzene","8260D","USEPA","",0,"ug/L","U","Sampled",NA,NA,"Actual","","","Water Bottle","Not Detected","Limit of Quantitation",1,"ug/L","Method Detection Level",0.75,"ug/L","","SGS","1253728028",2025-07-24,19:14:00,"","","Cold packs",NA,NA,NA
"10000005","Water","Surface Water","10000005-2025-07-23-Ethylbenzene-Blank",2025-07-23,09:50:00.000000,"","",60.54081,-151.18278,"","Quality Control Sample-Trip Blank",15,"cm","","","","","","1253728","Ethylbenzene","8260D","USEPA","",0,"ug/L","U","Sampled",NA,NA,"Actual","","","Water Bottle","Not Detected","Limit of Quantitation",1,"ug/L","Method Detection Level",0.75,"ug/L","","SGS","1253728028",2025-07-24,19:14:00,"","","Cold packs",NA,NA,NA
"10000027","Water","Surface Water","10000027-2025-07-23-Benzene-Blank",2025-07-23,09:07:00.000000,"","",60.515441,-150.702069,"","Quality Control Sample-Trip Blank",15,"cm","","","","","","1253728","Benzene","8260D","USEPA","",0,"ug/L","U","Sampled",NA,NA,"Actual","","","Water Bottle","Not Detected","Limit of Quantitation",0.4,"ug/L","Method Detection Level",0.3,"ug/L","","SGS","1253728027",2025-07-24,18:59:00,"","","Cold packs",NA,NA,NA
"10000028","Water","Surface Water","10000028-2025-07-23-Benzene-Blank",2025-07-23,09:07:00.000000,"","",60.489844,-150.636905,"","Quality Control Sample-Trip Blank",15,"cm","","","","","","1253728","Benzene","8260D","USEPA","",0,"ug/L","U","Sampled",NA,NA,"Actual","","","Water Bottle","Not Detected","Limit of Quantitation",0.4,"ug/L","Method Detection Level",0.3,"ug/L","","SGS","1253728027",2025-07-24,18:59:00,"","","Cold packs",NA,NA,NA
"10000027","Water","Surface Water","10000027-2025-07-23-Ethylbenzene-Blank",2025-07-23,09:07:00.000000,"","",60.515441,-150.702069,"","Quality Control Sample-Trip Blank",15,"cm","","","","","","1253728","Ethylbenzene","8260D","USEPA","",0,"ug/L","U","Sampled",NA,NA,"Actual","","","Water Bottle","Not Detected","Limit of Quantitation",1,"ug/L","Method Detection Level",0.75,"ug/L","","SGS","1253728027",2025-07-24,18:59:00,"","","Cold packs",NA,NA,NA
"10000028","Water","Surface Water","10000028-2025-07-23-Ethylbenzene-Blank",2025-07-23,09:07:00.000000,"","",60.489844,-150.636905,"","Quality Control Sample-Trip Blank",15,"cm","","","","","","1253728","Ethylbenzene","8260D","USEPA","",0,"ug/L","U","Sampled",NA,NA,"Actual","","","Water Bottle","Not Detected","Limit of Quantitation",1,"ug/L","Method Detection Level",0.75,"ug/L","","SGS","1253728027",2025-07-24,18:59:00,"","","Cold packs",NA,NA,NA
"10000027","Water","Surface Water","10000027-2025-07-23-o-Xylene-Blank",2025-07-23,09:07:00.000000,"","",60.515441,-150.702069,"","Quality Control Sample-Trip Blank",15,"cm","","","","","","1253728","o-Xylene","8260D","USEPA","",0,"ug/L","U","Sampled",NA,NA,"Actual","","","Water Bottle","Not Detected","Limit of Quantitation",1,"ug/L","Method Detection Level",0.75,"ug/L","","SGS","1253728027",2025-07-24,18:59:00,"","","Cold packs",NA,NA,NA
"10000028","Water","Surface Water","10000028-2025-07-23-o-Xylene-Blank",2025-07-23,09:07:00.000000,"","",60.489844,-150.636905,"","Quality Control Sample-Trip Blank",15,"cm","","","","","","1253728","o-Xylene","8260D","USEPA","",0,"ug/L","U","Sampled",NA,NA,"Actual","","","Water Bottle","Not Detected","Limit of Quantitation",1,"ug/L","Method Detection Level",0.75,"ug/L","","SGS","1253728027",2025-07-24,18:59:00,"","","Cold packs",NA,NA,NA
"10000027","Water","Surface Water","10000027-2025-07-23-P & M -Xylene-Blank",2025-07-23,09:07:00.000000,"","",60.515441,-150.702069,"","Quality Control Sample-Trip Blank",15,"cm","","","","","","1253728","P & M -Xylene","8260D","USEPA","",0,"ug/L","U","Sampled",NA,NA,"Actual","","","Water Bottle","Not Detected","Limit of Quantitation",2,"ug/L","Method Detection Level",1.5,"ug/L","","SGS","1253728027",2025-07-24,18:59:00,"","","Cold packs",NA,NA,NA
"10000028","Water","Surface Water","10000028-2025-07-23-P & M -Xylene-Blank",2025-07-23,09:07:00.000000,"","",60.489844,-150.636905,"","Quality Control Sample-Trip Blank",15,"cm","","","","","","1253728","P & M -Xylene","8260D","USEPA","",0,"ug/L","U","Sampled",NA,NA,"Actual","","","Water Bottle","Not Detected","Limit of Quantitation",2,"ug/L","Method Detection Level",1.5,"ug/L","","SGS","1253728027",2025-07-24,18:59:00,"","","Cold packs",NA,NA,NA
"10000027","Water","Surface Water","10000027-2025-07-23-Toluene-Blank",2025-07-23,09:07:00.000000,"","",60.515441,-150.702069,"","Quality Control Sample-Trip Blank",15,"cm","","","","","","1253728","Toluene","8260D","USEPA","",0,"ug/L","U","Sampled",NA,NA,"Actual","","","Water Bottle","Not Detected","Limit of Quantitation",1,"ug/L","Method Detection Level",0.75,"ug/L","","SGS","1253728027",2025-07-24,18:59:00,"","","Cold packs",NA,NA,NA
"10000028","Water","Surface Water","10000028-2025-07-23-Toluene-Blank",2025-07-23,09:07:00.000000,"","",60.489844,-150.636905,"","Quality Control Sample-Trip Blank",15,"cm","","","","","","1253728","Toluene","8260D","USEPA","",0,"ug/L","U","Sampled",NA,NA,"Actual","","","Water Bottle","Not Detected","Limit of Quantitation",1,"ug/L","Method Detection Level",0.75,"ug/L","","SGS","1253728027",2025-07-24,18:59:00,"","","Cold packs",NA,NA,NA
"10000027","Water","Surface Water","10000027-2025-07-23-Xylenes (total)-Blank",2025-07-23,09:07:00.000000,"","",60.515441,-150.702069,"","Quality Control Sample-Trip Blank",15,"cm","","","","","","1253728","Xylenes (total)","8260D","USEPA","",0,"ug/L","U","Sampled",NA,NA,"Actual","","","Water Bottle","Not Detected","Limit of Quantitation",3,"ug/L","Method Detection Level",2.25,"ug/L","","SGS","1253728027",2025-07-24,18:59:00,"","","Cold packs",NA,NA,NA
"10000028","Water","Surface Water","10000028-2025-07-23-Xylenes (total)-Blank",2025-07-23,09:07:00.000000,"","",60.489844,-150.636905,"","Quality Control Sample-Trip Blank",15,"cm","","","","","","1253728","Xylenes (total)","8260D","USEPA","",0,"ug/L","U","Sampled",NA,NA,"Actual","","","Water Bottle","Not Detected","Limit of Quantitation",3,"ug/L","Method Detection Level",2.25,"ug/L","","SGS","1253728027",2025-07-24,18:59:00,"","","Cold packs",NA,NA,NA
"10000002","Water","Surface Water","10000002-2025-07-23-NA-Blank",2025-07-23,09:50:00.000000,"","",60.54368,-151.22294,"","Quality Control Sample-Trip Blank",15,"cm","","","","","","1253728","Toluene-d8 (surr)","8260D","USEPA","",98.7,"%","=","Sampled",NA,NA,"Actual","","","Water Bottle",NA,"Limit of Quantitation",0,"%","Method Detection Level",0,"%","","SGS","1253728028",2025-07-24,19:14:00,"","","Cold packs",NA,NA,NA
"10000005","Water","Surface Water","10000005-2025-07-23-NA-Blank",2025-07-23,09:50:00.000000,"","",60.54081,-151.18278,"","Quality Control Sample-Trip Blank",15,"cm","","","","","","1253728","Toluene-d8 (surr)","8260D","USEPA","",98.7,"%","=","Sampled",NA,NA,"Actual","","","Water Bottle",NA,"Limit of Quantitation",0,"%","Method Detection Level",0,"%","","SGS","1253728028",2025-07-24,19:14:00,"","","Cold packs",NA,NA,NA
"10000002","Water","Surface Water","10000002-2025-07-23-NA-Blank",2025-07-23,09:50:00.000000,"","",60.54368,-151.22294,"","Quality Control Sample-Trip Blank",15,"cm","","","","","","1253728","1,2-Dichloroethane-D4 (surr)","8260D","USEPA","",118,"%","=","Sampled",NA,NA,"Actual","","","Water Bottle",NA,"Limit of Quantitation",0,"%","Method Detection Level",0,"%","","SGS","1253728028",2025-07-24,19:14:00,"","","Cold packs",NA,NA,NA
"10000005","Water","Surface Water","10000005-2025-07-23-NA-Blank",2025-07-23,09:50:00.000000,"","",60.54081,-151.18278,"","Quality Control Sample-Trip Blank",15,"cm","","","","","","1253728","1,2-Dichloroethane-D4 (surr)","8260D","USEPA","",118,"%","=","Sampled",NA,NA,"Actual","","","Water Bottle",NA,"Limit of Quantitation",0,"%","Method Detection Level",0,"%","","SGS","1253728028",2025-07-24,19:14:00,"","","Cold packs",NA,NA,NA
"10000002","Water","Surface Water","10000002-2025-07-23-NA-Blank",2025-07-23,09:50:00.000000,"","",60.54368,-151.22294,"","Quality Control Sample-Trip Blank",15,"cm","","","","","","1253728","4-Bromofluorobenzene (surr)","8260D","USEPA","",98.6,"%","=","Sampled",NA,NA,"Actual","","","Water Bottle",NA,"Limit of Quantitation",0,"%","Method Detection Level",0,"%","","SGS","1253728028",2025-07-24,19:14:00,"","","Cold packs",NA,NA,NA
"10000005","Water","Surface Water","10000005-2025-07-23-NA-Blank",2025-07-23,09:50:00.000000,"","",60.54081,-151.18278,"","Quality Control Sample-Trip Blank",15,"cm","","","","","","1253728","4-Bromofluorobenzene (surr)","8260D","USEPA","",98.6,"%","=","Sampled",NA,NA,"Actual","","","Water Bottle",NA,"Limit of Quantitation",0,"%","Method Detection Level",0,"%","","SGS","1253728028",2025-07-24,19:14:00,"","","Cold packs",NA,NA,NA
"10000027","Water","Surface Water","10000027-2025-07-23-NA-Blank",2025-07-23,09:07:00.000000,"","",60.515441,-150.702069,"","Quality Control Sample-Trip Blank",15,"cm","","","","","","1253728","1,2-Dichloroethane-D4 (surr)","8260D","USEPA","",105,"%","=","Sampled",NA,NA,"Actual","","","Water Bottle",NA,"Limit of Quantitation",0,"%","Method Detection Level",0,"%","","SGS","1253728027",2025-07-24,18:59:00,"","","Cold packs",NA,NA,NA
"10000028","Water","Surface Water","10000028-2025-07-23-NA-Blank",2025-07-23,09:07:00.000000,"","",60.489844,-150.636905,"","Quality Control Sample-Trip Blank",15,"cm","","","","","","1253728","1,2-Dichloroethane-D4 (surr)","8260D","USEPA","",105,"%","=","Sampled",NA,NA,"Actual","","","Water Bottle",NA,"Limit of Quantitation",0,"%","Method Detection Level",0,"%","","SGS","1253728027",2025-07-24,18:59:00,"","","Cold packs",NA,NA,NA
"10000027","Water","Surface Water","10000027-2025-07-23-NA-Blank",2025-07-23,09:07:00.000000,"","",60.515441,-150.702069,"","Quality Control Sample-Trip Blank",15,"cm","","","","","","1253728","4-Bromofluorobenzene (surr)","8260D","USEPA","",104,"%","=","Sampled",NA,NA,"Actual","","","Water Bottle",NA,"Limit of Quantitation",0,"%","Method Detection Level",0,"%","","SGS","1253728027",2025-07-24,18:59:00,"","","Cold packs",NA,NA,NA
"10000028","Water","Surface Water","10000028-2025-07-23-NA-Blank",2025-07-23,09:07:00.000000,"","",60.489844,-150.636905,"","Quality Control Sample-Trip Blank",15,"cm","","","","","","1253728","4-Bromofluorobenzene (surr)","8260D","USEPA","",104,"%","=","Sampled",NA,NA,"Actual","","","Water Bottle",NA,"Limit of Quantitation",0,"%","Method Detection Level",0,"%","","SGS","1253728027",2025-07-24,18:59:00,"","","Cold packs",NA,NA,NA
"10000027","Water","Surface Water","10000027-2025-07-23-NA-Blank",2025-07-23,09:07:00.000000,"","",60.515441,-150.702069,"","Quality Control Sample-Trip Blank",15,"cm","","","","","","1253728","Toluene-d8 (surr)","8260D","USEPA","",101,"%","=","Sampled",NA,NA,"Actual","","","Water Bottle",NA,"Limit of Quantitation",0,"%","Method Detection Level",0,"%","","SGS","1253728027",2025-07-24,18:59:00,"","","Cold packs",NA,NA,NA
"10000028","Water","Surface Water","10000028-2025-07-23-NA-Blank",2025-07-23,09:07:00.000000,"","",60.489844,-150.636905,"","Quality Control Sample-Trip Blank",15,"cm","","","","","","1253728","Toluene-d8 (surr)","8260D","USEPA","",101,"%","=","Sampled",NA,NA,"Actual","","","Water Bottle",NA,"Limit of Quantitation",0,"%","Method Detection Level",0,"%","","SGS","1253728027",2025-07-24,18:59:00,"","","Cold packs",NA,NA,NA
"10000008","Water","Surface Water","10000008-2025-04-30-FC",2025-04-30,09:49:00.000000,"","",60.550888,-151.268417,"","Field Msr/Obs",15,"cm","","","","","",NA,"Fecal Coliform","9222D","APHA","",0,"MPN/100ml","U","Sampled","Count","None","Actual","","","Water Bottle","Not Detected","Limit of Quantitation",NA,"MPN/100ml","Method Detection Level",NA,"MPN/100ml","","SWWTP","2",2025-05-01,00:00:00,"","","Cold packs",NA,NA,NA
"10000002","Water","Surface Water","10000002-2025-04-30-FC",2025-04-30,10:23:00.000000,"","",60.54368,-151.22294,"","Field Msr/Obs",15,"cm","","","","","",NA,"Fecal Coliform","9222D","APHA","",10,"MPN/100ml","=","Sampled","Count","None","Actual","","","Water Bottle",NA,"Limit of Quantitation",NA,"MPN/100ml","Method Detection Level",NA,"MPN/100ml","","SWWTP","3",2025-05-01,00:00:00,"","","Cold packs",NA,NA,NA
"10000015","Water","Surface Water","10000015-2025-04-30-FC",2025-04-30,09:50:00.000000,"","",60.548029,-151.14324,"","Field Msr/Obs",15,"cm","","","","","",NA,"Fecal Coliform","9222D","APHA","",164,"MPN/100ml","=","Sampled","Count","None","Actual","","","Water Bottle",NA,"Limit of Quantitation",NA,"MPN/100ml","Method Detection Level",NA,"MPN/100ml","","SWWTP","5",2025-05-01,00:00:00,"","","Cold packs",NA,NA,NA
"10000017","Water","Surface Water","10000017-2025-04-30-FC",2025-04-30,10:15:00.000000,"","",60.533743,-151.099258,"","Field Msr/Obs",15,"cm","","","","","",NA,"Fecal Coliform","9222D","APHA","",1,"MPN/100ml","=","Sampled","Count","None","Actual","","","Water Bottle",NA,"Limit of Quantitation",NA,"MPN/100ml","Method Detection Level",NA,"MPN/100ml","","SWWTP","7",2025-05-01,00:00:00,"","","Cold packs",NA,NA,NA
"10000018","Water","Surface Water","10000018-2025-04-30-FC",2025-04-30,10:47:00.000000,"","",60.502005,-151.106973,"","Field Msr/Obs",15,"cm","","","","","",NA,"Fecal Coliform","9222D","APHA","",2,"MPN/100ml","=","Sampled","Count","None","Actual","","","Water Bottle",NA,"Limit of Quantitation",NA,"MPN/100ml","Method Detection Level",NA,"MPN/100ml","","SWWTP","8",2025-05-01,00:00:00,"","","Cold packs",NA,NA,NA
"10000018","Water","Surface Water","10000018-2025-04-30-FC-DUP",2025-04-30,10:47:00.000000,"","",60.502005,-151.106973,"","Quality Control Field Replicate Msr/Obs",15,"cm","","","","","",NA,"Fecal Coliform","9222D","APHA","",5,"MPN/100ml","=","Sampled","Count","None","Actual","","","Water Bottle",NA,"Limit of Quantitation",NA,"MPN/100ml","Method Detection Level",NA,"MPN/100ml","","SWWTP","9",2025-05-01,00:00:00,"","","Cold packs",NA,NA,NA
"10000020","Water","Surface Water","10000020-2025-04-30-FC",2025-04-30,09:58:00.000000,"","",60.48175453,-151.1306816,"","Field Msr/Obs",15,"cm","","","","","",NA,"Fecal Coliform","9222D","APHA","",17,"MPN/100ml","=","Sampled","Count","None","Actual","","","Water Bottle",NA,"Limit of Quantitation",NA,"MPN/100ml","Method Detection Level",NA,"MPN/100ml","","SWWTP","11",2025-05-01,00:00:00,"","","Cold packs",NA,NA,NA
"10000021","Water","Surface Water","10000021-2025-04-30-FC",2025-04-30,09:32:00.000000,"","",60.476634,-151.082099,"","Field Msr/Obs",15,"cm","","","","","",NA,"Fecal Coliform","9222D","APHA","",0,"MPN/100ml","U","Sampled","Count","None","Actual","","","Water Bottle","Not Detected","Limit of Quantitation",NA,"MPN/100ml","Method Detection Level",NA,"MPN/100ml","","SWWTP","12",2025-05-01,00:00:00,"","","Cold packs",NA,NA,NA
"10000022","Water","Surface Water","10000022-2025-04-30-FC",2025-04-30,10:30:00.000000,"","",60.483364,-151.057656,"","Field Msr/Obs",15,"cm","","","","","",NA,"Fecal Coliform","9222D","APHA","",16,"MPN/100ml","=","Sampled","Count","None","Actual","","","Water Bottle",NA,"Limit of Quantitation",NA,"MPN/100ml","Method Detection Level",NA,"MPN/100ml","","SWWTP","13",2025-05-01,00:00:00,"","","Cold packs",NA,NA,NA
"10000022","Water","Surface Water","10000022-2025-04-30-FC-DUP",2025-04-30,10:42:00.000000,"","",60.483364,-151.057656,"","Quality Control Field Replicate Msr/Obs",15,"cm","","","","","",NA,"Fecal Coliform","9222D","APHA","",14,"MPN/100ml","=","Sampled","Count","None","Actual","","","Water Bottle",NA,"Limit of Quantitation",NA,"MPN/100ml","Method Detection Level",NA,"MPN/100ml","","SWWTP","14",2025-05-01,00:00:00,"","","Cold packs",NA,NA,NA
"10000023","Water","Surface Water","10000023-2025-04-30-FC",2025-04-30,09:06:00.000000,"","",60.480338,-151.030847,"","Field Msr/Obs",15,"cm","","","","","",NA,"Fecal Coliform","9222D","APHA","",1,"MPN/100ml","=","Sampled","Count","None","Actual","","","Water Bottle",NA,"Limit of Quantitation",NA,"MPN/100ml","Method Detection Level",NA,"MPN/100ml","","SWWTP","15",2025-05-01,00:00:00,"","","Cold packs",NA,NA,NA
"10000024","Water","Surface Water","10000024-2025-04-30-FC",2025-04-30,10:26:00.000000,"","",60.489963,-150.860982,"","Field Msr/Obs",15,"cm","","","","","",NA,"Fecal Coliform","9222D","APHA","",1,"MPN/100ml","=","Sampled","Count","None","Actual","","","Water Bottle",NA,"Limit of Quantitation",NA,"MPN/100ml","Method Detection Level",NA,"MPN/100ml","","SWWTP","16",2025-05-01,00:00:00,"","","Cold packs",NA,NA,NA
"10000025","Water","Surface Water","10000025-2025-04-30-FC",2025-04-30,10:26:00.000000,"","",60.498284,-150.863121,"","Field Msr/Obs",15,"cm","","","","","",NA,"Fecal Coliform","9222D","APHA","",1,"MPN/100ml","=","Sampled","Count","None","Actual","","","Water Bottle",NA,"Limit of Quantitation",NA,"MPN/100ml","Method Detection Level",NA,"MPN/100ml","","SWWTP","17",2025-05-01,00:00:00,"","","Cold packs",NA,NA,NA
"10000026","Water","Surface Water","10000026-2025-04-30-FC",2025-04-30,11:05:00.000000,"","",60.53687,-150.754724,"","Field Msr/Obs",15,"cm","","","","","",NA,"Fecal Coliform","9222D","APHA","",7,"MPN/100ml","=","Sampled","Count","None","Actual","","","Water Bottle",NA,"Limit of Quantitation",NA,"MPN/100ml","Method Detection Level",NA,"MPN/100ml","","SWWTP","18",2025-05-01,00:00:00,"","","Cold packs",NA,NA,NA
"10000027","Water","Surface Water","10000027-2025-04-30-FC",2025-04-30,09:20:00.000000,"","",60.515441,-150.702069,"","Field Msr/Obs",15,"cm","","","","","",NA,"Fecal Coliform","9222D","APHA","",1,"MPN/100ml","=","Sampled","Count","None","Actual","","","Water Bottle",NA,"Limit of Quantitation",NA,"MPN/100ml","Method Detection Level",NA,"MPN/100ml","","SWWTP","20",2025-05-01,00:00:00,"","","Cold packs",NA,NA,NA
"10000028","Water","Surface Water","10000028-2025-04-30-FC",2025-04-30,09:48:00.000000,"","",60.489844,-150.636905,"","Field Msr/Obs",15,"cm","","","","","",NA,"Fecal Coliform","9222D","APHA","",0,"MPN/100ml","U","Sampled","Count","None","Actual","","","Water Bottle","Not Detected","Limit of Quantitation",NA,"MPN/100ml","Method Detection Level",NA,"MPN/100ml","","SWWTP","21",2025-05-01,00:00:00,"","","Cold packs",NA,NA,NA
"10000029","Water","Surface Water","10000029-2025-04-30-FC",2025-04-30,09:12:00.000000,"","",60.481518,-150.632498,"","Field Msr/Obs",15,"cm","","","","","",NA,"Fecal Coliform","9222D","APHA","",1,"MPN/100ml","=","Sampled","Count","None","Actual","","","Water Bottle",NA,"Limit of Quantitation",NA,"MPN/100ml","Method Detection Level",NA,"MPN/100ml","","SWWTP","22",2025-05-01,00:00:00,"","","Cold packs",NA,NA,NA
"10000030","Water","Surface Water","10000030-2025-04-30-FC",2025-04-30,09:25:00.000000,"","",60.467517,-150.507789,"","Field Msr/Obs",15,"cm","","","","","",NA,"Fecal Coliform","9222D","APHA","",0,"MPN/100ml","U","Sampled","Count","None","Actual","","","Water Bottle","Not Detected","Limit of Quantitation",NA,"MPN/100ml","Method Detection Level",NA,"MPN/100ml","","SWWTP","23",2025-05-01,00:00:00,"","","Cold packs",NA,NA,NA
"10000031","Water","Surface Water","10000031-2025-04-30-FC",2025-04-30,10:45:00.000000,"","",60.481392,-150.11502,"","Field Msr/Obs",15,"cm","","","","","",NA,"Fecal Coliform","9222D","APHA","",0,"MPN/100ml","U","Sampled","Count","None","Actual","","","Water Bottle","Not Detected","Limit of Quantitation",NA,"MPN/100ml","Method Detection Level",NA,"MPN/100ml","","SWWTP","24",2025-05-01,00:00:00,"","","Cold packs",NA,NA,NA
"10000032","Water","Surface Water","10000032-2025-04-30-FC",2025-04-30,10:05:00.000000,"","",60.484622,-149.993955,"","Field Msr/Obs",15,"cm","","","","","",NA,"Fecal Coliform","9222D","APHA","",0,"MPN/100ml","U","Sampled","Count","None","Actual","","","Water Bottle","Not Detected","Limit of Quantitation",NA,"MPN/100ml","Method Detection Level",NA,"MPN/100ml","","SWWTP","25",2025-05-01,00:00:00,"","","Cold packs",NA,NA,NA
"10000424","Water","Surface Water","10000424-2025-04-30-FC",2025-04-30,09:05:00.000000,"","",60.489,-149.877,"","Field Msr/Obs",15,"cm","","","","","",NA,"Fecal Coliform","9222D","APHA","",0,"MPN/100ml","U","Sampled","Count","None","Actual","","","Water Bottle","Not Detected","Limit of Quantitation",NA,"MPN/100ml","Method Detection Level",NA,"MPN/100ml","","SWWTP","26",2025-05-01,00:00:00,"","","Cold packs",NA,NA,NA
"10000425","Water","Surface Water","10000425-2025-04-30-FC",2025-04-30,08:15:00.000000,"","",60.492007,-149.810844,"","Field Msr/Obs",15,"cm","","","","","",NA,"Fecal Coliform","9222D","APHA","",0,"MPN/100ml","U","Sampled","Count","None","Actual","","","Water Bottle","Not Detected","Limit of Quantitation",NA,"MPN/100ml","Method Detection Level",NA,"MPN/100ml","","SWWTP","27",2025-05-01,00:00:00,"","","Cold packs",NA,NA,NA
"10000008","Water","Surface Water","10000008-2025-07-23-FC",2025-07-23,10:57:00.000000,"","",60.550888,-151.268417,"","Field Msr/Obs",15,"cm","","","","","",NA,"Fecal Coliform","9222D","APHA","",73,"MPN/100ml","=","Sampled","Count","None","Actual","","","Water Bottle",NA,"Limit of Quantitation",NA,"MPN/100ml","Method Detection Level",NA,"MPN/100ml","","SWWTP","2",2025-07-24,00:00:00,"","","Cold packs",NA,NA,NA
"10000002","Water","Surface Water","10000002-2025-07-23-FC",2025-07-23,10:00:00.000000,"","",60.54368,-151.22294,"","Field Msr/Obs",15,"cm","","","","","",NA,"Fecal Coliform","9222D","APHA","",180,"MPN/100ml","=","Sampled","Count","None","Actual","","","Water Bottle",NA,"Limit of Quantitation",NA,"MPN/100ml","Method Detection Level",NA,"MPN/100ml","","SWWTP","3",2025-07-24,00:00:00,"","","Cold packs",NA,NA,NA
"10000005","Water","Surface Water","10000005-2025-07-23-FC",2025-07-23,09:07:00.000000,"","",60.54081,-151.18278,"","Field Msr/Obs",15,"cm","","","","","",NA,"Fecal Coliform","9222D","APHA","",400,"MPN/100ml","=","Sampled","Count","None","Actual","","","Water Bottle",NA,"Limit of Quantitation",NA,"MPN/100ml","Method Detection Level",NA,"MPN/100ml","","SWWTP","4",2025-07-24,00:00:00,"","","Cold packs",NA,NA,NA
"10000015","Water","Surface Water","10000015-2025-07-23-FC",2025-07-23,09:28:00.000000,"","",60.548029,-151.14324,"","Field Msr/Obs",15,"cm","","","","","",NA,"Fecal Coliform","9222D","APHA","",45,"MPN/100ml","=","Sampled","Count","None","Actual","","","Water Bottle",NA,"Limit of Quantitation",NA,"MPN/100ml","Method Detection Level",NA,"MPN/100ml","","SWWTP","5",2025-07-24,00:00:00,"","","Cold packs",NA,NA,NA
"10000015","Water","Surface Water","10000015-2025-07-23-FC-DUP",2025-07-23,09:40:00.000000,"","",60.548029,-151.14324,"","Quality Control Field Replicate Msr/Obs",15,"cm","","","","","",NA,"Fecal Coliform","9222D","APHA","",57,"MPN/100ml","=","Sampled","Count","None","Actual","","","Water Bottle",NA,"Limit of Quantitation",NA,"MPN/100ml","Method Detection Level",NA,"MPN/100ml","","SWWTP","6",2025-07-24,00:00:00,"","","Cold packs",NA,NA,NA
"10000016","Water","Surface Water","10000016-2025-07-23-FC",2025-07-23,10:05:00.000000,"","",60.539279,-151.142263,"","Field Msr/Obs",15,"cm","","","","","",NA,"Fecal Coliform","9222D","APHA","",2,"MPN/100ml","=","Sampled","Count","None","Actual","","","Water Bottle",NA,"Limit of Quantitation",NA,"MPN/100ml","Method Detection Level",NA,"MPN/100ml","","SWWTP","7",2025-07-24,00:00:00,"","","Cold packs",NA,NA,NA
"10000017","Water","Surface Water","10000017-2025-07-23-FC",2025-07-23,10:25:00.000000,"","",60.533743,-151.099258,"","Field Msr/Obs",15,"cm","","","","","",NA,"Fecal Coliform","9222D","APHA","",0,"MPN/100ml","U","Sampled","Count","None","Actual","","","Water Bottle","Not Detected","Limit of Quantitation",NA,"MPN/100ml","Method Detection Level",NA,"MPN/100ml","","SWWTP","8",2025-07-24,00:00:00,"","","Cold packs",NA,NA,NA
"10000018","Water","Surface Water","10000018-2025-07-23-FC",2025-07-23,10:57:00.000000,"","",60.502005,-151.106973,"","Field Msr/Obs",15,"cm","","","","","",NA,"Fecal Coliform","9222D","APHA","",1,"MPN/100ml","=","Sampled","Count","None","Actual","","","Water Bottle",NA,"Limit of Quantitation",NA,"MPN/100ml","Method Detection Level",NA,"MPN/100ml","","SWWTP","9",2025-07-24,00:00:00,"","","Cold packs",NA,NA,NA
"10000020","Water","Surface Water","10000020-2025-07-23-FC",2025-07-23,10:11:00.000000,"","",60.48175453,-151.1306816,"","Field Msr/Obs",15,"cm","","","","","",NA,"Fecal Coliform","9222D","APHA","",53,"MPN/100ml","=","Sampled","Count","None","Actual","","","Water Bottle",NA,"Limit of Quantitation",NA,"MPN/100ml","Method Detection Level",NA,"MPN/100ml","","SWWTP","11",2025-07-24,00:00:00,"","","Cold packs",NA,NA,NA
"10000021","Water","Surface Water","10000021-2025-07-23-FC",2025-07-23,09:42:00.000000,"","",60.476634,-151.082099,"","Field Msr/Obs",15,"cm","","","","","",NA,"Fecal Coliform","9222D","APHA","",0,"MPN/100ml","U","Sampled","Count","None","Actual","","","Water Bottle","Not Detected","Limit of Quantitation",NA,"MPN/100ml","Method Detection Level",NA,"MPN/100ml","","SWWTP","12",2025-07-24,00:00:00,"","","Cold packs",NA,NA,NA
"10000022","Water","Surface Water","10000022-2025-07-23-FC",2025-07-23,08:17:00.000000,"","",60.483364,-151.057656,"","Field Msr/Obs",15,"cm","","","","","",NA,"Fecal Coliform","9222D","APHA","",35,"MPN/100ml","=","Sampled","Count","None","Actual","","","Water Bottle",NA,"Limit of Quantitation",NA,"MPN/100ml","Method Detection Level",NA,"MPN/100ml","","SWWTP","13",2025-07-24,00:00:00,"","","Cold packs",NA,NA,NA
"10000023","Water","Surface Water","10000023-2025-07-23-FC",2025-07-23,09:00:00.000000,"","",60.480338,-151.030847,"","Field Msr/Obs",15,"cm","","","","","",NA,"Fecal Coliform","9222D","APHA","",0,"MPN/100ml","U","Sampled","Count","None","Actual","","","Water Bottle","Not Detected","Limit of Quantitation",NA,"MPN/100ml","Method Detection Level",NA,"MPN/100ml","","SWWTP","14",2025-07-24,00:00:00,"","","Cold packs",NA,NA,NA
"10000023","Water","Surface Water","10000023-2025-07-23-FC-DUP",2025-07-23,09:13:00.000000,"","",60.480338,-151.030847,"","Quality Control Field Replicate Msr/Obs",15,"cm","","","","","",NA,"Fecal Coliform","9222D","APHA","",4,"MPN/100ml","=","Sampled","Count","None","Actual","","","Water Bottle",NA,"Limit of Quantitation",NA,"MPN/100ml","Method Detection Level",NA,"MPN/100ml","","SWWTP","15",2025-07-24,00:00:00,"","","Cold packs",NA,NA,NA
"10000024","Water","Surface Water","10000024-2025-07-23-FC",2025-07-23,08:55:00.000000,"","",60.489963,-150.860982,"","Field Msr/Obs",15,"cm","","","","","",NA,"Fecal Coliform","9222D","APHA","",4,"MPN/100ml","=","Sampled","Count","None","Actual","","","Water Bottle",NA,"Limit of Quantitation",NA,"MPN/100ml","Method Detection Level",NA,"MPN/100ml","","SWWTP","16",2025-07-24,00:00:00,"","","Cold packs",NA,NA,NA
"10000025","Water","Surface Water","10000025-2025-07-23-FC",2025-07-23,10:30:00.000000,"","",60.498284,-150.863121,"","Field Msr/Obs",15,"cm","","","","","",NA,"Fecal Coliform","9222D","APHA","",1,"MPN/100ml","=","Sampled","Count","None","Actual","","","Water Bottle",NA,"Limit of Quantitation",NA,"MPN/100ml","Method Detection Level",NA,"MPN/100ml","","SWWTP","17",2025-07-24,00:00:00,"","","Cold packs",NA,NA,NA
"10000026","Water","Surface Water","10000026-2025-07-23-FC",2025-07-23,09:50:00.000000,"","",60.53687,-150.754724,"","Field Msr/Obs",15,"cm","","","","","",NA,"Fecal Coliform","9222D","APHA","",4,"MPN/100ml","=","Sampled","Count","None","Actual","","","Water Bottle",NA,"Limit of Quantitation",NA,"MPN/100ml","Method Detection Level",NA,"MPN/100ml","","SWWTP","18",2025-07-24,00:00:00,"","","Cold packs",NA,NA,NA
"10000027","Water","Surface Water","10000027-2025-07-23-FC",2025-07-23,07:50:00.000000,"","",60.515441,-150.702069,"","Field Msr/Obs",15,"cm","","","","","",NA,"Fecal Coliform","9222D","APHA","",7,"MPN/100ml","=","Sampled","Count","None","Actual","","","Water Bottle",NA,"Limit of Quantitation",NA,"MPN/100ml","Method Detection Level",NA,"MPN/100ml","","SWWTP","20",2025-07-24,00:00:00,"","","Cold packs",NA,NA,NA
"10000028","Water","Surface Water","10000028-2025-07-23-FC",2025-07-23,09:50:00.000000,"","",60.489844,-150.636905,"","Field Msr/Obs",15,"cm","","","","","",NA,"Fecal Coliform","9222D","APHA","",2,"MPN/100ml","=","Sampled","Count","None","Actual","","","Water Bottle",NA,"Limit of Quantitation",NA,"MPN/100ml","Method Detection Level",NA,"MPN/100ml","","SWWTP","21",2025-07-24,00:00:00,"","","Cold packs",NA,NA,NA
"10000029","Water","Surface Water","10000029-2025-07-23-FC",2025-07-23,09:30:00.000000,"","",60.481518,-150.632498,"","Field Msr/Obs",15,"cm","","","","","",NA,"Fecal Coliform","9222D","APHA","",14,"MPN/100ml","=","Sampled","Count","None","Actual","","","Water Bottle",NA,"Limit of Quantitation",NA,"MPN/100ml","Method Detection Level",NA,"MPN/100ml","","SWWTP","22",2025-07-24,00:00:00,"","","Cold packs",NA,NA,NA
"10000030","Water","Surface Water","10000030-2025-07-23-FC",2025-07-23,08:55:00.000000,"","",60.467517,-150.507789,"","Field Msr/Obs",15,"cm","","","","","",NA,"Fecal Coliform","9222D","APHA","",0,"MPN/100ml","U","Sampled","Count","None","Actual","","","Water Bottle","Not Detected","Limit of Quantitation",NA,"MPN/100ml","Method Detection Level",NA,"MPN/100ml","","SWWTP","23",2025-07-24,00:00:00,"","","Cold packs",NA,NA,NA
"10000031","Water","Surface Water","10000031-2025-07-23-FC",2025-07-23,10:55:00.000000,"","",60.481392,-150.11502,"","Field Msr/Obs",15,"cm","","","","","",NA,"Fecal Coliform","9222D","APHA","",0,"MPN/100ml","U","Sampled","Count","None","Actual","","","Water Bottle","Not Detected","Limit of Quantitation",NA,"MPN/100ml","Method Detection Level",NA,"MPN/100ml","","SWWTP","24",2025-07-24,00:00:00,"","","Cold packs",NA,NA,NA
"10000032","Water","Surface Water","10000032-2025-07-23-FC",2025-07-23,10:05:00.000000,"","",60.484622,-149.993955,"","Field Msr/Obs",15,"cm","","","","","",NA,"Fecal Coliform","9222D","APHA","",2,"MPN/100ml","=","Sampled","Count","None","Actual","","","Water Bottle",NA,"Limit of Quantitation",NA,"MPN/100ml","Method Detection Level",NA,"MPN/100ml","","SWWTP","25",2025-07-24,00:00:00,"","","Cold packs",NA,NA,NA
"10000424","Water","Surface Water","10000424-2025-07-23-FC",2025-07-23,09:00:00.000000,"","",60.489,-149.877,"","Field Msr/Obs",15,"cm","","","","","",NA,"Fecal Coliform","9222D","APHA","",0,"MPN/100ml","U","Sampled","Count","None","Actual","","","Water Bottle","Not Detected","Limit of Quantitation",NA,"MPN/100ml","Method Detection Level",NA,"MPN/100ml","","SWWTP","26",2025-07-24,00:00:00,"","","Cold packs",NA,NA,NA
"10000425","Water","Surface Water","10000425-2025-07-23-FC",2025-07-23,08:15:00.000000,"","",60.492007,-149.810844,"","Field Msr/Obs",15,"cm","","","","","",NA,"Fecal Coliform","9222D","APHA","",0,"MPN/100ml","U","Sampled","Count","None","Actual","","","Water Bottle","Not Detected","Limit of Quantitation",NA,"MPN/100ml","Method Detection Level",NA,"MPN/100ml","","SWWTP","27",2025-07-24,00:00:00,"","","Cold packs",NA,NA,NA
"10000008","Water","Surface Water","10000008-2025-04-30-TSS",2025-04-30,09:49:00.000000,"","",60.550888,-151.268417,"","Field Msr/Obs",15,"cm","","","","","",NA,"Total suspended solids","2540-D","APHA","",15.0000000000002,"mg/l","=","Sampled",NA,"Suspended","Actual","","","Water Bottle",NA,"Limit of Quantitation",1,"mg/l","Method Detection Level",0.5,"mg/l","","SWWTP","1",2025-05-01,00:00:00,"","","Cold packs",NA,NA,NA
"10000002","Water","Surface Water","10000002-2025-04-30-TSS",2025-04-30,10:23:00.000000,"","",60.54368,-151.22294,"","Field Msr/Obs",15,"cm","","","","","",NA,"Total suspended solids","2540-D","APHA","",493,"mg/l","=","Sampled",NA,"Suspended","Actual","","","Water Bottle",NA,"Limit of Quantitation",1,"mg/l","Method Detection Level",0.5,"mg/l","","SWWTP","2",2025-05-01,00:00:00,"","","Cold packs",NA,NA,NA
"10000005","Water","Surface Water","10000005-2025-04-30-TSS",2025-04-30,NA,"","",60.54081,-151.18278,"","Field Msr/Obs",15,"cm","","","","","",NA,"Total suspended solids","2540-D","APHA","",NA,"mg/l","U","Sampled",NA,"Suspended","Actual","","","Water Bottle","Not Detected","Limit of Quantitation",1,"mg/l","Method Detection Level",0.5,"mg/l","","SWWTP","3",2025-05-01,00:00:00,"","","Cold packs",NA,NA,NA
"10000015","Water","Surface Water","10000015-2025-04-30-TSS",2025-04-30,09:50:00.000000,"","",60.548029,-151.14324,"","Field Msr/Obs",15,"cm","","","","","",NA,"Total suspended solids","2540-D","APHA","",51.0000000000002,"mg/l","=","Sampled",NA,"Suspended","Actual","","","Water Bottle",NA,"Limit of Quantitation",1,"mg/l","Method Detection Level",0.5,"mg/l","","SWWTP","4",2025-05-01,00:00:00,"","","Cold packs",NA,NA,NA
"10000016","Water","Surface Water","10000016-2025-04-30-TSS",2025-04-30,NA,"","",60.539279,-151.142263,"","Field Msr/Obs",15,"cm","","","","","",NA,"Total suspended solids","2540-D","APHA","",NA,"mg/l","U","Sampled",NA,"Suspended","Actual","","","Water Bottle","Not Detected","Limit of Quantitation",1,"mg/l","Method Detection Level",0.5,"mg/l","","SWWTP","5",2025-05-01,00:00:00,"","","Cold packs",NA,NA,NA
"10000017","Water","Surface Water","10000017-2025-04-30-TSS",2025-04-30,10:15:00.000000,"","",60.533743,-151.099258,"","Field Msr/Obs",15,"cm","","","","","",NA,"Total suspended solids","2540-D","APHA","",5,"mg/l","=","Sampled",NA,"Suspended","Actual","","","Water Bottle",NA,"Limit of Quantitation",1,"mg/l","Method Detection Level",0.5,"mg/l","","SWWTP","6",2025-05-01,00:00:00,"","","Cold packs",NA,NA,NA
"10000018","Water","Surface Water","10000018-2025-04-30-TSS",2025-04-30,10:47:00.000000,"","",60.502005,-151.106973,"","Field Msr/Obs",15,"cm","","","","","",NA,"Total suspended solids","2540-D","APHA","",1.33333333333333,"mg/l","=","Sampled",NA,"Suspended","Actual","","","Water Bottle",NA,"Limit of Quantitation",1,"mg/l","Method Detection Level",0.5,"mg/l","","SWWTP","7",2025-05-01,00:00:00,"","","Cold packs",NA,NA,NA
"10000018","Water","Surface Water","10000018-2025-04-30-TSS-DUP",2025-04-30,10:47:00.000000,"","",60.502005,-151.106973,"","Quality Control Field Replicate Msr/Obs",15,"cm","","","","","",NA,"Total suspended solids","2540-D","APHA","",7.00000000000002,"mg/l","=","Sampled",NA,"Suspended","Actual","","","Water Bottle",NA,"Limit of Quantitation",1,"mg/l","Method Detection Level",0.5,"mg/l","","SWWTP","8",2025-05-01,00:00:00,"","","Cold packs",NA,NA,NA
"10000020","Water","Surface Water","10000020-2025-04-30-TSS",2025-04-30,09:58:00.000000,"","",60.48175453,-151.1306816,"","Field Msr/Obs",15,"cm","","","","","",NA,"Total suspended solids","2540-D","APHA","",9.33333333333328,"mg/l","=","Sampled",NA,"Suspended","Actual","","","Water Bottle",NA,"Limit of Quantitation",1,"mg/l","Method Detection Level",0.5,"mg/l","","SWWTP","9",2025-05-01,00:00:00,"","","Cold packs",NA,NA,NA
"10000021","Water","Surface Water","10000021-2025-04-30-TSS",2025-04-30,09:32:00.000000,"","",60.476634,-151.082099,"","Field Msr/Obs",15,"cm","","","","","",NA,"Total suspended solids","2540-D","APHA","",2.33333333333335,"mg/l","=","Sampled",NA,"Suspended","Actual","","","Water Bottle",NA,"Limit of Quantitation",1,"mg/l","Method Detection Level",0.5,"mg/l","","SWWTP","10",2025-05-01,00:00:00,"","","Cold packs",NA,NA,NA
"10000022","Water","Surface Water","10000022-2025-04-30-TSS",2025-04-30,10:30:00.000000,"","",60.483364,-151.057656,"","Field Msr/Obs",15,"cm","","","","","",NA,"Total suspended solids","2540-D","APHA","",7.33333333333336,"mg/l","=","Sampled",NA,"Suspended","Actual","","","Water Bottle",NA,"Limit of Quantitation",1,"mg/l","Method Detection Level",0.5,"mg/l","","SWWTP","11",2025-05-01,00:00:00,"","","Cold packs",NA,NA,NA
"10000022","Water","Surface Water","10000022-2025-04-30-TSS-DUP",2025-04-30,10:42:00.000000,"","",60.483364,-151.057656,"","Quality Control Field Replicate Msr/Obs",15,"cm","","","","","",NA,"Total suspended solids","2540-D","APHA","",8.99999999999998,"mg/l","=","Sampled",NA,"Suspended","Actual","","","Water Bottle",NA,"Limit of Quantitation",1,"mg/l","Method Detection Level",0.5,"mg/l","","SWWTP","12",2025-05-01,00:00:00,"","","Cold packs",NA,NA,NA
"10000023","Water","Surface Water","10000023-2025-04-30-TSS",2025-04-30,09:06:00.000000,"","",60.480338,-151.030847,"","Field Msr/Obs",15,"cm","","","","","",NA,"Total suspended solids","2540-D","APHA","",2.00000000000001,"mg/l","=","Sampled",NA,"Suspended","Actual","","","Water Bottle",NA,"Limit of Quantitation",1,"mg/l","Method Detection Level",0.5,"mg/l","","SWWTP","13",2025-05-01,00:00:00,"","","Cold packs",NA,NA,NA
"10000024","Water","Surface Water","10000024-2025-04-30-TSS",2025-04-30,10:26:00.000000,"","",60.489963,-150.860982,"","Field Msr/Obs",15,"cm","","","","","",NA,"Total suspended solids","2540-D","APHA","",22,"mg/l","=","Sampled",NA,"Suspended","Actual","","","Water Bottle",NA,"Limit of Quantitation",1,"mg/l","Method Detection Level",0.5,"mg/l","","SWWTP","14",2025-05-01,00:00:00,"","","Cold packs",NA,NA,NA
"10000025","Water","Surface Water","10000025-2025-04-30-TSS",2025-04-30,10:26:00.000000,"","",60.498284,-150.863121,"","Field Msr/Obs",15,"cm","","","","","",NA,"Total suspended solids","2540-D","APHA","",3.99999999999998,"mg/l","=","Sampled",NA,"Suspended","Actual","","","Water Bottle",NA,"Limit of Quantitation",1,"mg/l","Method Detection Level",0.5,"mg/l","","SWWTP","15",2025-05-01,00:00:00,"","","Cold packs",NA,NA,NA
"10000026","Water","Surface Water","10000026-2025-04-30-TSS",2025-04-30,11:05:00.000000,"","",60.53687,-150.754724,"","Field Msr/Obs",15,"cm","","","","","",NA,"Total suspended solids","2540-D","APHA","",5.66666666666664,"mg/l","=","Sampled",NA,"Suspended","Actual","","","Water Bottle",NA,"Limit of Quantitation",1,"mg/l","Method Detection Level",0.5,"mg/l","","SWWTP","16",2025-05-01,00:00:00,"","","Cold packs",NA,NA,NA
"10000027","Water","Surface Water","10000027-2025-04-30-TSS",2025-04-30,09:20:00.000000,"","",60.515441,-150.702069,"","Field Msr/Obs",15,"cm","","","","","",NA,"Total suspended solids","2540-D","APHA","",2.33333333333331,"mg/l","=","Sampled",NA,"Suspended","Actual","","","Water Bottle",NA,"Limit of Quantitation",1,"mg/l","Method Detection Level",0.5,"mg/l","","SWWTP","17",2025-05-01,00:00:00,"","","Cold packs",NA,NA,NA
"10000028","Water","Surface Water","10000028-2025-04-30-TSS",2025-04-30,09:48:00.000000,"","",60.489844,-150.636905,"","Field Msr/Obs",15,"cm","","","","","",NA,"Total suspended solids","2540-D","APHA","",0.666666666666686,"mg/l","J","Sampled",NA,"Suspended","Actual","","","Water Bottle","Present Below Quantification Limit","Limit of Quantitation",1,"mg/l","Method Detection Level",0.5,"mg/l","","SWWTP","18",2025-05-01,00:00:00,"","","Cold packs",NA,NA,NA
"10000029","Water","Surface Water","10000029-2025-04-30-TSS",2025-04-30,09:12:00.000000,"","",60.481518,-150.632498,"","Field Msr/Obs",15,"cm","","","","","",NA,"Total suspended solids","2540-D","APHA","",3.00000000000004,"mg/l","=","Sampled",NA,"Suspended","Actual","","","Water Bottle",NA,"Limit of Quantitation",1,"mg/l","Method Detection Level",0.5,"mg/l","","SWWTP","19",2025-05-01,00:00:00,"","","Cold packs",NA,NA,NA
"10000030","Water","Surface Water","10000030-2025-04-30-TSS",2025-04-30,09:25:00.000000,"","",60.467517,-150.507789,"","Field Msr/Obs",15,"cm","","","","","",NA,"Total suspended solids","2540-D","APHA","",1.99999999999996,"mg/l","=","Sampled",NA,"Suspended","Actual","","","Water Bottle",NA,"Limit of Quantitation",1,"mg/l","Method Detection Level",0.5,"mg/l","","SWWTP","20",2025-05-01,00:00:00,"","","Cold packs",NA,NA,NA
"10000031","Water","Surface Water","10000031-2025-04-30-TSS",2025-04-30,10:45:00.000000,"","",60.481392,-150.11502,"","Field Msr/Obs",15,"cm","","","","","",NA,"Total suspended solids","2540-D","APHA","",0.599999999999989,"mg/l","J","Sampled",NA,"Suspended","Actual","","","Water Bottle","Present Below Quantification Limit","Limit of Quantitation",1,"mg/l","Method Detection Level",0.5,"mg/l","","SWWTP","21",2025-05-01,00:00:00,"","","Cold packs",NA,NA,NA
"10000032","Water","Surface Water","10000032-2025-04-30-TSS",2025-04-30,10:05:00.000000,"","",60.484622,-149.993955,"","Field Msr/Obs",15,"cm","","","","","",NA,"Total suspended solids","2540-D","APHA","",0.666666666666639,"mg/l","J","Sampled",NA,"Suspended","Actual","","","Water Bottle","Present Below Quantification Limit","Limit of Quantitation",1,"mg/l","Method Detection Level",0.5,"mg/l","","SWWTP","22",2025-05-01,00:00:00,"","","Cold packs",NA,NA,NA
"10000424","Water","Surface Water","10000424-2025-04-30-TSS",2025-04-30,09:05:00.000000,"","",60.489,-149.877,"","Field Msr/Obs",15,"cm","","","","","",NA,"Total suspended solids","2540-D","APHA","",0.666666666666686,"mg/l","J","Sampled",NA,"Suspended","Actual","","","Water Bottle","Present Below Quantification Limit","Limit of Quantitation",1,"mg/l","Method Detection Level",0.5,"mg/l","","SWWTP","23",2025-05-01,00:00:00,"","","Cold packs",NA,NA,NA
"10000425","Water","Surface Water","10000425-2025-04-30-TSS",2025-04-30,08:15:00.000000,"","",60.492007,-149.810844,"","Field Msr/Obs",15,"cm","","","","","",NA,"Total suspended solids","2540-D","APHA","",NA,"mg/l","U","Sampled",NA,"Suspended","Actual","","","Water Bottle","Not Detected","Limit of Quantitation",1,"mg/l","Method Detection Level",0.5,"mg/l","","SWWTP","24",2025-05-01,00:00:00,"","","Cold packs",NA,NA,NA
"10000008","Water","Surface Water","10000008-2025-07-23-TSS",2025-07-23,10:57:00.000000,"","",60.550888,-151.268417,"","Field Msr/Obs",15,"cm","","","","","",NA,"Total suspended solids","2540-D","APHA","",10,"mg/l","=","Sampled",NA,"Suspended","Actual","","","Water Bottle",NA,"Limit of Quantitation",1,"mg/l","Method Detection Level",0.5,"mg/l","","SWWTP","1",2025-07-25,00:00:00,"","","Cold packs",NA,NA,NA
"10000002","Water","Surface Water","10000002-2025-07-23-TSS",2025-07-23,10:00:00.000000,"","",60.54368,-151.22294,"","Field Msr/Obs",15,"cm","","","","","",NA,"Total suspended solids","2540-D","APHA","",763,"mg/l","=","Sampled",NA,"Suspended","Actual","","","Water Bottle",NA,"Limit of Quantitation",1,"mg/l","Method Detection Level",0.5,"mg/l","","SWWTP","2",2025-07-25,00:00:00,"","","Cold packs",NA,NA,NA
"10000005","Water","Surface Water","10000005-2025-07-23-TSS",2025-07-23,09:07:00.000000,"","",60.54081,-151.18278,"","Field Msr/Obs",15,"cm","","","","","",NA,"Total suspended solids","2540-D","APHA","",100,"mg/l","=","Sampled",NA,"Suspended","Actual","","","Water Bottle",NA,"Limit of Quantitation",1,"mg/l","Method Detection Level",0.5,"mg/l","","SWWTP","3",2025-07-25,00:00:00,"","","Cold packs",NA,NA,NA
"10000015","Water","Surface Water","10000015-2025-07-23-TSS",2025-07-23,09:28:00.000000,"","",60.548029,-151.14324,"","Field Msr/Obs",15,"cm","","","","","",NA,"Total suspended solids","2540-D","APHA","",8,"mg/l","=","Sampled",NA,"Suspended","Actual","","","Water Bottle",NA,"Limit of Quantitation",1,"mg/l","Method Detection Level",0.5,"mg/l","","SWWTP","4",2025-07-25,00:00:00,"","","Cold packs",NA,NA,NA
"10000015","Water","Surface Water","10000015-2025-07-23-TSS-DUP",2025-07-23,09:40:00.000000,"","",60.548029,-151.14324,"","Quality Control Field Replicate Msr/Obs",15,"cm","","","","","",NA,"Total suspended solids","2540-D","APHA","",10,"mg/l","=","Sampled",NA,"Suspended","Actual","","","Water Bottle",NA,"Limit of Quantitation",1,"mg/l","Method Detection Level",0.5,"mg/l","","SWWTP","5",2025-07-25,00:00:00,"","","Cold packs",NA,NA,NA
"10000016","Water","Surface Water","10000016-2025-07-23-TSS",2025-07-23,10:05:00.000000,"","",60.539279,-151.142263,"","Field Msr/Obs",15,"cm","","","","","",NA,"Total suspended solids","2540-D","APHA","",20,"mg/l","=","Sampled",NA,"Suspended","Actual","","","Water Bottle",NA,"Limit of Quantitation",1,"mg/l","Method Detection Level",0.5,"mg/l","","SWWTP","6",2025-07-25,00:00:00,"","","Cold packs",NA,NA,NA
"10000017","Water","Surface Water","10000017-2025-07-23-TSS",2025-07-23,10:25:00.000000,"","",60.533743,-151.099258,"","Field Msr/Obs",15,"cm","","","","","",NA,"Total suspended solids","2540-D","APHA","",15.7,"mg/l","=","Sampled",NA,"Suspended","Actual","","","Water Bottle",NA,"Limit of Quantitation",1,"mg/l","Method Detection Level",0.5,"mg/l","","SWWTP","7",2025-07-25,00:00:00,"","","Cold packs",NA,NA,NA
"10000018","Water","Surface Water","10000018-2025-07-23-TSS",2025-07-23,10:57:00.000000,"","",60.502005,-151.106973,"","Field Msr/Obs",15,"cm","","","","","",NA,"Total suspended solids","2540-D","APHA","",14.3,"mg/l","=","Sampled",NA,"Suspended","Actual","","","Water Bottle",NA,"Limit of Quantitation",1,"mg/l","Method Detection Level",0.5,"mg/l","","SWWTP","8",2025-07-25,00:00:00,"","","Cold packs",NA,NA,NA
"10000020","Water","Surface Water","10000020-2025-07-23-TSS",2025-07-23,10:11:00.000000,"","",60.48175453,-151.1306816,"","Field Msr/Obs",15,"cm","","","","","",NA,"Total suspended solids","2540-D","APHA","",6,"mg/l","=","Sampled",NA,"Suspended","Actual","","","Water Bottle",NA,"Limit of Quantitation",1,"mg/l","Method Detection Level",0.5,"mg/l","","SWWTP","9",2025-07-25,00:00:00,"","","Cold packs",NA,NA,NA
"10000021","Water","Surface Water","10000021-2025-07-23-TSS",2025-07-23,09:42:00.000000,"","",60.476634,-151.082099,"","Field Msr/Obs",15,"cm","","","","","",NA,"Total suspended solids","2540-D","APHA","",15,"mg/l","=","Sampled",NA,"Suspended","Actual","","","Water Bottle",NA,"Limit of Quantitation",1,"mg/l","Method Detection Level",0.5,"mg/l","","SWWTP","10",2025-07-25,00:00:00,"","","Cold packs",NA,NA,NA
"10000022","Water","Surface Water","10000022-2025-07-23-TSS",2025-07-23,08:17:00.000000,"","",60.483364,-151.057656,"","Field Msr/Obs",15,"cm","","","","","",NA,"Total suspended solids","2540-D","APHA","",5,"mg/l","=","Sampled",NA,"Suspended","Actual","","","Water Bottle",NA,"Limit of Quantitation",1,"mg/l","Method Detection Level",0.5,"mg/l","","SWWTP","11",2025-07-25,00:00:00,"","","Cold packs",NA,NA,NA
"10000023","Water","Surface Water","10000023-2025-07-23-TSS",2025-07-23,09:00:00.000000,"","",60.480338,-151.030847,"","Field Msr/Obs",15,"cm","","","","","",NA,"Total suspended solids","2540-D","APHA","",11,"mg/l","=","Sampled",NA,"Suspended","Actual","","","Water Bottle",NA,"Limit of Quantitation",1,"mg/l","Method Detection Level",0.5,"mg/l","","SWWTP","12",2025-07-25,00:00:00,"","","Cold packs",NA,NA,NA
"10000023","Water","Surface Water","10000023-2025-07-23-TSS-DUP",2025-07-23,09:13:00.000000,"","",60.480338,-151.030847,"","Quality Control Field Replicate Msr/Obs",15,"cm","","","","","",NA,"Total suspended solids","2540-D","APHA","",22.3,"mg/l","=","Sampled",NA,"Suspended","Actual","","","Water Bottle",NA,"Limit of Quantitation",1,"mg/l","Method Detection Level",0.5,"mg/l","","SWWTP","13",2025-07-25,00:00:00,"","","Cold packs",NA,NA,NA
"10000024","Water","Surface Water","10000024-2025-07-23-TSS",2025-07-23,08:55:00.000000,"","",60.489963,-150.860982,"","Field Msr/Obs",15,"cm","","","","","",NA,"Total suspended solids","2540-D","APHA","",12.7,"mg/l","=","Sampled",NA,"Suspended","Actual","","","Water Bottle",NA,"Limit of Quantitation",1,"mg/l","Method Detection Level",0.5,"mg/l","","SWWTP","14",2025-07-25,00:00:00,"","","Cold packs",NA,NA,NA
"10000025","Water","Surface Water","10000025-2025-07-23-TSS",2025-07-23,10:30:00.000000,"","",60.498284,-150.863121,"","Field Msr/Obs",15,"cm","","","","","",NA,"Total suspended solids","2540-D","APHA","",20,"mg/l","=","Sampled",NA,"Suspended","Actual","","","Water Bottle",NA,"Limit of Quantitation",1,"mg/l","Method Detection Level",0.5,"mg/l","","SWWTP","15",2025-07-25,00:00:00,"","","Cold packs",NA,NA,NA
"10000026","Water","Surface Water","10000026-2025-07-23-TSS",2025-07-23,09:50:00.000000,"","",60.53687,-150.754724,"","Field Msr/Obs",15,"cm","","","","","",NA,"Total suspended solids","2540-D","APHA","",1,"mg/l","=","Sampled",NA,"Suspended","Actual","","","Water Bottle",NA,"Limit of Quantitation",1,"mg/l","Method Detection Level",0.5,"mg/l","","SWWTP","16",2025-07-25,00:00:00,"","","Cold packs",NA,NA,NA
"10000027","Water","Surface Water","10000027-2025-07-23-TSS",2025-07-23,07:50:00.000000,"","",60.515441,-150.702069,"","Field Msr/Obs",15,"cm","","","","","",NA,"Total suspended solids","2540-D","APHA","",10,"mg/l","=","Sampled",NA,"Suspended","Actual","","","Water Bottle",NA,"Limit of Quantitation",1,"mg/l","Method Detection Level",0.5,"mg/l","","SWWTP","17",2025-07-25,00:00:00,"","","Cold packs",NA,NA,NA
"10000028","Water","Surface Water","10000028-2025-07-23-TSS",2025-07-23,09:50:00.000000,"","",60.489844,-150.636905,"","Field Msr/Obs",15,"cm","","","","","",NA,"Total suspended solids","2540-D","APHA","",11.3,"mg/l","=","Sampled",NA,"Suspended","Actual","","","Water Bottle",NA,"Limit of Quantitation",1,"mg/l","Method Detection Level",0.5,"mg/l","","SWWTP","18",2025-07-25,00:00:00,"","","Cold packs",NA,NA,NA
"10000029","Water","Surface Water","10000029-2025-07-23-TSS",2025-07-23,09:30:00.000000,"","",60.481518,-150.632498,"","Field Msr/Obs",15,"cm","","","","","",NA,"Total suspended solids","2540-D","APHA","",15.3,"mg/l","=","Sampled",NA,"Suspended","Actual","","","Water Bottle",NA,"Limit of Quantitation",1,"mg/l","Method Detection Level",0.5,"mg/l","","SWWTP","19",2025-07-25,00:00:00,"","","Cold packs",NA,NA,NA
"10000030","Water","Surface Water","10000030-2025-07-23-TSS",2025-07-23,08:55:00.000000,"","",60.467517,-150.507789,"","Field Msr/Obs",15,"cm","","","","","",NA,"Total suspended solids","2540-D","APHA","",1.7,"mg/l","=","Sampled",NA,"Suspended","Actual","","","Water Bottle",NA,"Limit of Quantitation",1,"mg/l","Method Detection Level",0.5,"mg/l","","SWWTP","20",2025-07-25,00:00:00,"","","Cold packs",NA,NA,NA
"10000031","Water","Surface Water","10000031-2025-07-23-TSS",2025-07-23,10:55:00.000000,"","",60.481392,-150.11502,"","Field Msr/Obs",15,"cm","","","","","",NA,"Total suspended solids","2540-D","APHA","",1.2,"mg/l","=","Sampled",NA,"Suspended","Actual","","","Water Bottle",NA,"Limit of Quantitation",1,"mg/l","Method Detection Level",0.5,"mg/l","","SWWTP","21",2025-07-25,00:00:00,"","","Cold packs",NA,NA,NA
"10000032","Water","Surface Water","10000032-2025-07-23-TSS",2025-07-23,10:05:00.000000,"","",60.484622,-149.993955,"","Field Msr/Obs",15,"cm","","","","","",NA,"Total suspended solids","2540-D","APHA","",1.7,"mg/l","=","Sampled",NA,"Suspended","Actual","","","Water Bottle",NA,"Limit of Quantitation",1,"mg/l","Method Detection Level",0.5,"mg/l","","SWWTP","22",2025-07-25,00:00:00,"","","Cold packs",NA,NA,NA
"10000424","Water","Surface Water","10000424-2025-07-23-TSS",2025-07-23,09:00:00.000000,"","",60.489,-149.877,"","Field Msr/Obs",15,"cm","","","","","",NA,"Total suspended solids","2540-D","APHA","",3.3,"mg/l","=","Sampled",NA,"Suspended","Actual","","","Water Bottle",NA,"Limit of Quantitation",1,"mg/l","Method Detection Level",0.5,"mg/l","","SWWTP","23",2025-07-25,00:00:00,"","","Cold packs",NA,NA,NA
"10000425","Water","Surface Water","10000425-2025-07-23-TSS",2025-07-23,08:15:00.000000,"","",60.492007,-149.810844,"","Field Msr/Obs",15,"cm","","","","","",NA,"Total suspended solids","2540-D","APHA","",1.2,"mg/l","=","Sampled",NA,"Suspended","Actual","","","Water Bottle",NA,"Limit of Quantitation",1,"mg/l","Method Detection Level",0.5,"mg/l","","SWWTP","24",2025-07-25,00:00:00,"","","Cold packs",NA,NA,NA
"10000002","Water","Surface Water","10000002-2025-04-30-DO",2025-04-30,NA,"","",60.54368,-151.22294,"","Field Msr/Obs",15,"cm","","","","","",NA,"Dissolved Oxygen","360.1","USEPA","",10.71,"mg/L","=","Sampled",NA,"Total","Actual","","","Water Bottle",NA,"Limit of Quantitation",NA,"mg/L","Method Detection Level",NA,"mg/L","","YSI",NA,2025-04-30,NA,"","","Cold packs",NA,NA,NA
"10000002","Water","Surface Water","10000002-2025-07-23-DO",2025-07-23,NA,"","",60.54368,-151.22294,"","Field Msr/Obs",15,"cm","","","","","",NA,"Dissolved Oxygen","360.1","USEPA","",10.74,"mg/L","=","Sampled",NA,"Total","Actual","","","Water Bottle",NA,"Limit of Quantitation",NA,"mg/L","Method Detection Level",NA,"mg/L","","YSI",NA,2025-07-23,NA,"","","Cold packs",NA,NA,NA
"10000002","Water","Surface Water","10000002-2025-04-30-SpCond",2025-04-30,NA,"","",60.54368,-151.22294,"","Field Msr/Obs",15,"cm","","","","","",NA,"Specific Conductance","120.1","USEPA","",21438,"uS/cm","=","Sampled",NA,"Total","Actual","","","Water Bottle",NA,"Limit of Quantitation",NA,"uS/cm","Method Detection Level",NA,"uS/cm","","YSI",NA,2025-04-30,NA,"","","Cold packs",NA,NA,NA
"10000002","Water","Surface Water","10000002-2025-07-23-SpCond",2025-07-23,NA,"","",60.54368,-151.22294,"","Field Msr/Obs",15,"cm","","","","","",NA,"Specific Conductance","120.1","USEPA","",0.331,"uS/cm","=","Sampled",NA,"Total","Actual","","","Water Bottle",NA,"Limit of Quantitation",NA,"uS/cm","Method Detection Level",NA,"uS/cm","","YSI",NA,2025-07-23,NA,"","","Cold packs",NA,NA,NA
"10000002","Water","Surface Water","10000002-2025-04-30-Turb",2025-04-30,10:23:00.000000,"","",60.54368,-151.22294,"","Field Msr/Obs",15,"cm","","","","","",NA,"Turbidity","180.1","USEPA","",344,"NTU","=","Sampled",NA,"Total","Actual","","","Water Bottle",NA,"Limit of Quantitation",NA,"NTU","Method Detection Level",NA,"NTU","","YSI",NA,2025-04-30,10:23:00,"","","Cold packs",NA,NA,NA
"10000002","Water","Surface Water","10000002-2025-07-23-Turb",2025-07-23,10:00:00.000000,"","",60.54368,-151.22294,"","Field Msr/Obs",15,"cm","","","","","",NA,"Turbidity","180.1","USEPA","",895.5,"NTU","=","Sampled",NA,"Total","Actual","","","Water Bottle",NA,"Limit of Quantitation",NA,"NTU","Method Detection Level",NA,"NTU","","YSI",NA,2025-07-23,10:00:00,"","","Cold packs",NA,NA,NA
"10000002","Water","Surface Water","10000002-2025-04-30-Temp",2025-04-30,NA,"","",60.54368,-151.22294,"","Field Msr/Obs",15,"cm","","","","","",NA,"Water Temperature","170.1","USEPA","",6.1,"deg C","=","Sampled",NA,"Total","Actual","","","Water Bottle",NA,"Limit of Quantitation",NA,"deg C","Method Detection Level",NA,"deg C","","YSI",NA,2025-04-30,NA,"","","Cold packs",NA,NA,NA
"10000002","Water","Surface Water","10000002-2025-07-23-Temp",2025-07-23,NA,"","",60.54368,-151.22294,"","Field Msr/Obs",15,"cm","","","","","",NA,"Water Temperature","170.1","USEPA","",13.1,"deg C","=","Sampled",NA,"Total","Actual","","","Water Bottle",NA,"Limit of Quantitation",NA,"deg C","Method Detection Level",NA,"deg C","","YSI",NA,2025-07-23,NA,"","","Cold packs",NA,NA,NA
"10000002","Water","Surface Water","10000002-2025-04-30-pH",2025-04-30,NA,"","",60.54368,-151.22294,"","Field Msr/Obs",15,"cm","","","","","",NA,"pH","150.1","USEPA","",7.8,"None","=","Sampled",NA,"Total","Actual","","","Water Bottle",NA,"Limit of Quantitation",NA,"None","Method Detection Level",NA,"None","","YSI",NA,2025-04-30,NA,"","","Cold packs",NA,NA,NA
"10000002","Water","Surface Water","10000002-2025-07-23-pH",2025-07-23,NA,"","",60.54368,-151.22294,"","Field Msr/Obs",15,"cm","","","","","",NA,"pH","150.1","USEPA","",7.345,"None","=","Sampled",NA,"Total","Actual","","","Water Bottle",NA,"Limit of Quantitation",NA,"None","Method Detection Level",NA,"None","","YSI",NA,2025-07-23,NA,"","","Cold packs",NA,NA,NA
"10000005","Water","Surface Water","10000005-2025-07-23-DO",2025-07-23,NA,"","",60.54081,-151.18278,"","Field Msr/Obs",15,"cm","","","","","",NA,"Dissolved Oxygen","360.1","USEPA","",11.58,"mg/L","=","Sampled",NA,"Total","Actual","","","Water Bottle",NA,"Limit of Quantitation",NA,"mg/L","Method Detection Level",NA,"mg/L","","YSI",NA,2025-07-23,NA,"","","Cold packs",NA,NA,NA
"10000005","Water","Surface Water","10000005-2025-07-23-SpCond",2025-07-23,NA,"","",60.54081,-151.18278,"","Field Msr/Obs",15,"cm","","","","","",NA,"Specific Conductance","120.1","USEPA","",0.092,"uS/cm","=","Sampled",NA,"Total","Actual","","","Water Bottle",NA,"Limit of Quantitation",NA,"uS/cm","Method Detection Level",NA,"uS/cm","","YSI",NA,2025-07-23,NA,"","","Cold packs",NA,NA,NA
"10000005","Water","Surface Water","10000005-2025-07-23-Turb",2025-07-23,09:07:00.000000,"","",60.54081,-151.18278,"","Field Msr/Obs",15,"cm","","","","","",NA,"Turbidity","180.1","USEPA","",41.65,"NTU","=","Sampled",NA,"Total","Actual","","","Water Bottle",NA,"Limit of Quantitation",NA,"NTU","Method Detection Level",NA,"NTU","","YSI",NA,2025-07-23,09:07:00,"","","Cold packs",NA,NA,NA
"10000005","Water","Surface Water","10000005-2025-07-23-Temp",2025-07-23,NA,"","",60.54081,-151.18278,"","Field Msr/Obs",15,"cm","","","","","",NA,"Water Temperature","170.1","USEPA","",12,"deg C","=","Sampled",NA,"Total","Actual","","","Water Bottle",NA,"Limit of Quantitation",NA,"deg C","Method Detection Level",NA,"deg C","","YSI",NA,2025-07-23,NA,"","","Cold packs",NA,NA,NA
"10000005","Water","Surface Water","10000005-2025-07-23-pH",2025-07-23,NA,"","",60.54081,-151.18278,"","Field Msr/Obs",15,"cm","","","","","",NA,"pH","150.1","USEPA","",7.075,"None","=","Sampled",NA,"Total","Actual","","","Water Bottle",NA,"Limit of Quantitation",NA,"None","Method Detection Level",NA,"None","","YSI",NA,2025-07-23,NA,"","","Cold packs",NA,NA,NA
"10000008","Water","Surface Water","10000008-2025-04-30-DO",2025-04-30,NA,"","",60.550888,-151.268417,"","Field Msr/Obs",15,"cm","","","","","",NA,"Dissolved Oxygen","360.1","USEPA","",10.985,"mg/L","=","Sampled",NA,"Total","Actual","","","Water Bottle",NA,"Limit of Quantitation",NA,"mg/L","Method Detection Level",NA,"mg/L","","YSI",NA,2025-04-30,NA,"","","Cold packs",NA,NA,NA
"10000008","Water","Surface Water","10000008-2025-07-23-DO",2025-07-23,NA,"","",60.550888,-151.268417,"","Field Msr/Obs",15,"cm","","","","","",NA,"Dissolved Oxygen","360.1","USEPA","",10.42,"mg/L","=","Sampled",NA,"Total","Actual","","","Water Bottle",NA,"Limit of Quantitation",NA,"mg/L","Method Detection Level",NA,"mg/L","","YSI",NA,2025-07-23,NA,"","","Cold packs",NA,NA,NA
"10000008","Water","Surface Water","10000008-2025-04-30-SpCond",2025-04-30,NA,"","",60.550888,-151.268417,"","Field Msr/Obs",15,"cm","","","","","",NA,"Specific Conductance","120.1","USEPA","",373.5,"uS/cm","=","Sampled",NA,"Total","Actual","","","Water Bottle",NA,"Limit of Quantitation",NA,"uS/cm","Method Detection Level",NA,"uS/cm","","YSI",NA,2025-04-30,NA,"","","Cold packs",NA,NA,NA
"10000008","Water","Surface Water","10000008-2025-07-23-SpCond",2025-07-23,NA,"","",60.550888,-151.268417,"","Field Msr/Obs",15,"cm","","","","","",NA,"Specific Conductance","120.1","USEPA","",0.135,"uS/cm","=","Sampled",NA,"Total","Actual","","","Water Bottle",NA,"Limit of Quantitation",NA,"uS/cm","Method Detection Level",NA,"uS/cm","","YSI",NA,2025-07-23,NA,"","","Cold packs",NA,NA,NA
"10000008","Water","Surface Water","10000008-2025-04-30-Turb",2025-04-30,09:48:00.000000,"","",60.550888,-151.268417,"","Field Msr/Obs",15,"cm","","","","","",NA,"Turbidity","180.1","USEPA","",10.95,"NTU","=","Sampled",NA,"Total","Actual","","","Water Bottle",NA,"Limit of Quantitation",NA,"NTU","Method Detection Level",NA,"NTU","","YSI",NA,2025-04-30,09:48:00,"","","Cold packs",NA,NA,NA
"10000008","Water","Surface Water","10000008-2025-07-23-Turb",2025-07-23,10:57:00.000000,"","",60.550888,-151.268417,"","Field Msr/Obs",15,"cm","","","","","",NA,"Turbidity","180.1","USEPA","",17.8,"NTU","=","Sampled",NA,"Total","Actual","","","Water Bottle",NA,"Limit of Quantitation",NA,"NTU","Method Detection Level",NA,"NTU","","YSI",NA,2025-07-23,10:57:00,"","","Cold packs",NA,NA,NA
"10000008","Water","Surface Water","10000008-2025-04-30-Temp",2025-04-30,NA,"","",60.550888,-151.268417,"","Field Msr/Obs",15,"cm","","","","","",NA,"Water Temperature","170.1","USEPA","",6,"deg C","=","Sampled",NA,"Total","Actual","","","Water Bottle",NA,"Limit of Quantitation",NA,"deg C","Method Detection Level",NA,"deg C","","YSI",NA,2025-04-30,NA,"","","Cold packs",NA,NA,NA
"10000008","Water","Surface Water","10000008-2025-07-23-Temp",2025-07-23,NA,"","",60.550888,-151.268417,"","Field Msr/Obs",15,"cm","","","","","",NA,"Water Temperature","170.1","USEPA","",14.6,"deg C","=","Sampled",NA,"Total","Actual","","","Water Bottle",NA,"Limit of Quantitation",NA,"deg C","Method Detection Level",NA,"deg C","","YSI",NA,2025-07-23,NA,"","","Cold packs",NA,NA,NA
"10000008","Water","Surface Water","10000008-2025-04-30-pH",2025-04-30,NA,"","",60.550888,-151.268417,"","Field Msr/Obs",15,"cm","","","","","",NA,"pH","150.1","USEPA","",6.895,"None","=","Sampled",NA,"Total","Actual","","","Water Bottle",NA,"Limit of Quantitation",NA,"None","Method Detection Level",NA,"None","","YSI",NA,2025-04-30,NA,"","","Cold packs",NA,NA,NA
"10000008","Water","Surface Water","10000008-2025-07-23-pH",2025-07-23,NA,"","",60.550888,-151.268417,"","Field Msr/Obs",15,"cm","","","","","",NA,"pH","150.1","USEPA","",7.15,"None","=","Sampled",NA,"Total","Actual","","","Water Bottle",NA,"Limit of Quantitation",NA,"None","Method Detection Level",NA,"None","","YSI",NA,2025-07-23,NA,"","","Cold packs",NA,NA,NA
"10000015","Water","Surface Water","10000015-2025-07-23-DO-DUP",2025-07-23,NA,"","",60.548029,-151.14324,"","Quality Control Field Replicate Msr/Obs",15,"cm","","","","","",NA,"Dissolved Oxygen","360.1","USEPA","",6.83,"mg/L","=","Sampled",NA,"Total","Actual","","","Water Bottle",NA,"Limit of Quantitation",NA,"mg/L","Method Detection Level",NA,"mg/L","","YSI",NA,2025-07-23,NA,"","","Cold packs",NA,NA,NA
"10000015","Water","Surface Water","10000015-2025-07-23-SpCond-DUP",2025-07-23,NA,"","",60.548029,-151.14324,"","Quality Control Field Replicate Msr/Obs",15,"cm","","","","","",NA,"Specific Conductance","120.1","USEPA","",144.8,"uS/cm","=","Sampled",NA,"Total","Actual","","","Water Bottle",NA,"Limit of Quantitation",NA,"uS/cm","Method Detection Level",NA,"uS/cm","","YSI",NA,2025-07-23,NA,"","","Cold packs",NA,NA,NA
"10000015","Water","Surface Water","10000015-2025-07-23-Turb-DUP",2025-07-23,09:40:00.000000,"","",60.548029,-151.14324,"","Quality Control Field Replicate Msr/Obs",15,"cm","","","","","",NA,"Turbidity","180.1","USEPA","",10.65,"NTU","=","Sampled",NA,"Total","Actual","","","Water Bottle",NA,"Limit of Quantitation",NA,"NTU","Method Detection Level",NA,"NTU","","YSI",NA,2025-07-23,09:40:00,"","","Cold packs",NA,NA,NA
"10000015","Water","Surface Water","10000015-2025-07-23-Temp-DUP",2025-07-23,NA,"","",60.548029,-151.14324,"","Quality Control Field Replicate Msr/Obs",15,"cm","","","","","",NA,"Water Temperature","170.1","USEPA","",12.5,"deg C","=","Sampled",NA,"Total","Actual","","","Water Bottle",NA,"Limit of Quantitation",NA,"deg C","Method Detection Level",NA,"deg C","","YSI",NA,2025-07-23,NA,"","","Cold packs",NA,NA,NA
"10000015","Water","Surface Water","10000015-2025-07-23-pH-DUP",2025-07-23,NA,"","",60.548029,-151.14324,"","Quality Control Field Replicate Msr/Obs",15,"cm","","","","","",NA,"pH","150.1","USEPA","",7.235,"None","=","Sampled",NA,"Total","Actual","","","Water Bottle",NA,"Limit of Quantitation",NA,"None","Method Detection Level",NA,"None","","YSI",NA,2025-07-23,NA,"","","Cold packs",NA,NA,NA
"10000015","Water","Surface Water","10000015-2025-04-30-DO",2025-04-30,NA,"","",60.548029,-151.14324,"","Field Msr/Obs",15,"cm","","","","","",NA,"Dissolved Oxygen","360.1","USEPA","",12.075,"mg/L","=","Sampled",NA,"Total","Actual","","","Water Bottle",NA,"Limit of Quantitation",NA,"mg/L","Method Detection Level",NA,"mg/L","","YSI",NA,2025-04-30,NA,"","","Cold packs",NA,NA,NA
"10000015","Water","Surface Water","10000015-2025-07-23-DO",2025-07-23,NA,"","",60.548029,-151.14324,"","Field Msr/Obs",15,"cm","","","","","",NA,"Dissolved Oxygen","360.1","USEPA","",8.81,"mg/L","=","Sampled",NA,"Total","Actual","","","Water Bottle",NA,"Limit of Quantitation",NA,"mg/L","Method Detection Level",NA,"mg/L","","YSI",NA,2025-07-23,NA,"","","Cold packs",NA,NA,NA
"10000015","Water","Surface Water","10000015-2025-04-30-SpCond",2025-04-30,NA,"","",60.548029,-151.14324,"","Field Msr/Obs",15,"cm","","","","","",NA,"Specific Conductance","120.1","USEPA","",88.45,"uS/cm","=","Sampled",NA,"Total","Actual","","","Water Bottle",NA,"Limit of Quantitation",NA,"uS/cm","Method Detection Level",NA,"uS/cm","","YSI",NA,2025-04-30,NA,"","","Cold packs",NA,NA,NA
"10000015","Water","Surface Water","10000015-2025-07-23-SpCond",2025-07-23,NA,"","",60.548029,-151.14324,"","Field Msr/Obs",15,"cm","","","","","",NA,"Specific Conductance","120.1","USEPA","",144.9,"uS/cm","=","Sampled",NA,"Total","Actual","","","Water Bottle",NA,"Limit of Quantitation",NA,"uS/cm","Method Detection Level",NA,"uS/cm","","YSI",NA,2025-07-23,NA,"","","Cold packs",NA,NA,NA
"10000015","Water","Surface Water","10000015-2025-04-30-Turb",2025-04-30,09:32:00.000000,"","",60.548029,-151.14324,"","Field Msr/Obs",15,"cm","","","","","",NA,"Turbidity","180.1","USEPA","",25.25,"NTU","=","Sampled",NA,"Total","Actual","","","Water Bottle",NA,"Limit of Quantitation",NA,"NTU","Method Detection Level",NA,"NTU","","YSI",NA,2025-04-30,09:32:00,"","","Cold packs",NA,NA,NA
"10000015","Water","Surface Water","10000015-2025-07-23-Turb",2025-07-23,09:28:00.000000,"","",60.548029,-151.14324,"","Field Msr/Obs",15,"cm","","","","","",NA,"Turbidity","180.1","USEPA","",11,"NTU","=","Sampled",NA,"Total","Actual","","","Water Bottle",NA,"Limit of Quantitation",NA,"NTU","Method Detection Level",NA,"NTU","","YSI",NA,2025-07-23,09:28:00,"","","Cold packs",NA,NA,NA
"10000015","Water","Surface Water","10000015-2025-04-30-Temp",2025-04-30,NA,"","",60.548029,-151.14324,"","Field Msr/Obs",15,"cm","","","","","",NA,"Water Temperature","170.1","USEPA","",3.85,"deg C","=","Sampled",NA,"Total","Actual","","","Water Bottle",NA,"Limit of Quantitation",NA,"deg C","Method Detection Level",NA,"deg C","","YSI",NA,2025-04-30,NA,"","","Cold packs",NA,NA,NA
"10000015","Water","Surface Water","10000015-2025-07-23-Temp",2025-07-23,NA,"","",60.548029,-151.14324,"","Field Msr/Obs",15,"cm","","","","","",NA,"Water Temperature","170.1","USEPA","",12.5,"deg C","=","Sampled",NA,"Total","Actual","","","Water Bottle",NA,"Limit of Quantitation",NA,"deg C","Method Detection Level",NA,"deg C","","YSI",NA,2025-07-23,NA,"","","Cold packs",NA,NA,NA
"10000015","Water","Surface Water","10000015-2025-04-30-pH",2025-04-30,NA,"","",60.548029,-151.14324,"","Field Msr/Obs",15,"cm","","","","","",NA,"pH","150.1","USEPA","",6.535,"None","=","Sampled",NA,"Total","Actual","","","Water Bottle",NA,"Limit of Quantitation",NA,"None","Method Detection Level",NA,"None","","YSI",NA,2025-04-30,NA,"","","Cold packs",NA,NA,NA
"10000015","Water","Surface Water","10000015-2025-07-23-pH",2025-07-23,NA,"","",60.548029,-151.14324,"","Field Msr/Obs",15,"cm","","","","","",NA,"pH","150.1","USEPA","",7.03,"None","=","Sampled",NA,"Total","Actual","","","Water Bottle",NA,"Limit of Quantitation",NA,"None","Method Detection Level",NA,"None","","YSI",NA,2025-07-23,NA,"","","Cold packs",NA,NA,NA
"10000016","Water","Surface Water","10000016-2025-07-23-DO",2025-07-23,NA,"","",60.539279,-151.142263,"","Field Msr/Obs",15,"cm","","","","","",NA,"Dissolved Oxygen","360.1","USEPA","",8.3,"mg/L","=","Sampled",NA,"Total","Actual","","","Water Bottle",NA,"Limit of Quantitation",NA,"mg/L","Method Detection Level",NA,"mg/L","","YSI",NA,2025-07-23,NA,"","","Cold packs",NA,NA,NA
"10000016","Water","Surface Water","10000016-2025-07-23-SpCond",2025-07-23,NA,"","",60.539279,-151.142263,"","Field Msr/Obs",15,"cm","","","","","",NA,"Specific Conductance","120.1","USEPA","",82.25,"uS/cm","=","Sampled",NA,"Total","Actual","","","Water Bottle",NA,"Limit of Quantitation",NA,"uS/cm","Method Detection Level",NA,"uS/cm","","YSI",NA,2025-07-23,NA,"","","Cold packs",NA,NA,NA
"10000016","Water","Surface Water","10000016-2025-07-23-Turb",2025-07-23,10:05:00.000000,"","",60.539279,-151.142263,"","Field Msr/Obs",15,"cm","","","","","",NA,"Turbidity","180.1","USEPA","",7.14,"NTU","=","Sampled",NA,"Total","Actual","","","Water Bottle",NA,"Limit of Quantitation",NA,"NTU","Method Detection Level",NA,"NTU","","YSI",NA,2025-07-23,10:05:00,"","","Cold packs",NA,NA,NA
"10000016","Water","Surface Water","10000016-2025-07-23-Temp",2025-07-23,NA,"","",60.539279,-151.142263,"","Field Msr/Obs",15,"cm","","","","","",NA,"Water Temperature","170.1","USEPA","",11.65,"deg C","=","Sampled",NA,"Total","Actual","","","Water Bottle",NA,"Limit of Quantitation",NA,"deg C","Method Detection Level",NA,"deg C","","YSI",NA,2025-07-23,NA,"","","Cold packs",NA,NA,NA
"10000016","Water","Surface Water","10000016-2025-07-23-pH",2025-07-23,NA,"","",60.539279,-151.142263,"","Field Msr/Obs",15,"cm","","","","","",NA,"pH","150.1","USEPA","",7.385,"None","=","Sampled",NA,"Total","Actual","","","Water Bottle",NA,"Limit of Quantitation",NA,"None","Method Detection Level",NA,"None","","YSI",NA,2025-07-23,NA,"","","Cold packs",NA,NA,NA
"10000017","Water","Surface Water","10000017-2025-04-30-DO",2025-04-30,NA,"","",60.533743,-151.099258,"","Field Msr/Obs",15,"cm","","","","","",NA,"Dissolved Oxygen","360.1","USEPA","",13.375,"mg/L","=","Sampled",NA,"Total","Actual","","","Water Bottle",NA,"Limit of Quantitation",NA,"mg/L","Method Detection Level",NA,"mg/L","","YSI",NA,2025-04-30,NA,"","","Cold packs",NA,NA,NA
"10000017","Water","Surface Water","10000017-2025-07-23-DO",2025-07-23,NA,"","",60.533743,-151.099258,"","Field Msr/Obs",15,"cm","","","","","",NA,"Dissolved Oxygen","360.1","USEPA","",8.555,"mg/L","=","Sampled",NA,"Total","Actual","","","Water Bottle",NA,"Limit of Quantitation",NA,"mg/L","Method Detection Level",NA,"mg/L","","YSI",NA,2025-07-23,NA,"","","Cold packs",NA,NA,NA
"10000017","Water","Surface Water","10000017-2025-04-30-SpCond",2025-04-30,NA,"","",60.533743,-151.099258,"","Field Msr/Obs",15,"cm","","","","","",NA,"Specific Conductance","120.1","USEPA","",93.8,"uS/cm","=","Sampled",NA,"Total","Actual","","","Water Bottle",NA,"Limit of Quantitation",NA,"uS/cm","Method Detection Level",NA,"uS/cm","","YSI",NA,2025-04-30,NA,"","","Cold packs",NA,NA,NA
"10000017","Water","Surface Water","10000017-2025-07-23-SpCond",2025-07-23,NA,"","",60.533743,-151.099258,"","Field Msr/Obs",15,"cm","","","","","",NA,"Specific Conductance","120.1","USEPA","",82.3,"uS/cm","=","Sampled",NA,"Total","Actual","","","Water Bottle",NA,"Limit of Quantitation",NA,"uS/cm","Method Detection Level",NA,"uS/cm","","YSI",NA,2025-07-23,NA,"","","Cold packs",NA,NA,NA
"10000017","Water","Surface Water","10000017-2025-04-30-Turb",2025-04-30,10:15:00.000000,"","",60.533743,-151.099258,"","Field Msr/Obs",15,"cm","","","","","",NA,"Turbidity","180.1","USEPA","",2.855,"NTU","=","Sampled",NA,"Total","Actual","","","Water Bottle",NA,"Limit of Quantitation",NA,"NTU","Method Detection Level",NA,"NTU","","YSI",NA,2025-04-30,10:15:00,"","","Cold packs",NA,NA,NA
"10000017","Water","Surface Water","10000017-2025-07-23-Turb",2025-07-23,10:25:00.000000,"","",60.533743,-151.099258,"","Field Msr/Obs",15,"cm","","","","","",NA,"Turbidity","180.1","USEPA","",7.045,"NTU","=","Sampled",NA,"Total","Actual","","","Water Bottle",NA,"Limit of Quantitation",NA,"NTU","Method Detection Level",NA,"NTU","","YSI",NA,2025-07-23,10:25:00,"","","Cold packs",NA,NA,NA
"10000017","Water","Surface Water","10000017-2025-04-30-Temp",2025-04-30,NA,"","",60.533743,-151.099258,"","Field Msr/Obs",15,"cm","","","","","",NA,"Water Temperature","170.1","USEPA","",4.6,"deg C","=","Sampled",NA,"Total","Actual","","","Water Bottle",NA,"Limit of Quantitation",NA,"deg C","Method Detection Level",NA,"deg C","","YSI",NA,2025-04-30,NA,"","","Cold packs",NA,NA,NA
"10000017","Water","Surface Water","10000017-2025-07-23-Temp",2025-07-23,NA,"","",60.533743,-151.099258,"","Field Msr/Obs",15,"cm","","","","","",NA,"Water Temperature","170.1","USEPA","",11.4,"deg C","=","Sampled",NA,"Total","Actual","","","Water Bottle",NA,"Limit of Quantitation",NA,"deg C","Method Detection Level",NA,"deg C","","YSI",NA,2025-07-23,NA,"","","Cold packs",NA,NA,NA
"10000017","Water","Surface Water","10000017-2025-04-30-pH",2025-04-30,NA,"","",60.533743,-151.099258,"","Field Msr/Obs",15,"cm","","","","","",NA,"pH","150.1","USEPA","",6.9,"None","=","Sampled",NA,"Total","Actual","","","Water Bottle",NA,"Limit of Quantitation",NA,"None","Method Detection Level",NA,"None","","YSI",NA,2025-04-30,NA,"","","Cold packs",NA,NA,NA
"10000017","Water","Surface Water","10000017-2025-07-23-pH",2025-07-23,NA,"","",60.533743,-151.099258,"","Field Msr/Obs",15,"cm","","","","","",NA,"pH","150.1","USEPA","",7.37,"None","=","Sampled",NA,"Total","Actual","","","Water Bottle",NA,"Limit of Quantitation",NA,"None","Method Detection Level",NA,"None","","YSI",NA,2025-07-23,NA,"","","Cold packs",NA,NA,NA
"10000018","Water","Surface Water","10000018-2025-04-30-DO-DUP",2025-04-30,NA,"","",60.502005,-151.106973,"","Quality Control Field Replicate Msr/Obs",15,"cm","","","","","",NA,"Dissolved Oxygen","360.1","USEPA","",13.09,"mg/L","=","Sampled",NA,"Total","Actual","","","Water Bottle",NA,"Limit of Quantitation",NA,"mg/L","Method Detection Level",NA,"mg/L","","YSI",NA,2025-04-30,NA,"","","Cold packs",NA,NA,NA
"10000018","Water","Surface Water","10000018-2025-04-30-SpCond-DUP",2025-04-30,NA,"","",60.502005,-151.106973,"","Quality Control Field Replicate Msr/Obs",15,"cm","","","","","",NA,"Specific Conductance","120.1","USEPA","",99.2,"uS/cm","=","Sampled",NA,"Total","Actual","","","Water Bottle",NA,"Limit of Quantitation",NA,"uS/cm","Method Detection Level",NA,"uS/cm","","YSI",NA,2025-04-30,NA,"","","Cold packs",NA,NA,NA
"10000018","Water","Surface Water","10000018-2025-04-30-Turb-DUP",2025-04-30,10:47:00.000000,"","",60.502005,-151.106973,"","Quality Control Field Replicate Msr/Obs",15,"cm","","","","","",NA,"Turbidity","180.1","USEPA","",2.35,"NTU","=","Sampled",NA,"Total","Actual","","","Water Bottle",NA,"Limit of Quantitation",NA,"NTU","Method Detection Level",NA,"NTU","","YSI",NA,2025-04-30,10:47:00,"","","Cold packs",NA,NA,NA
"10000018","Water","Surface Water","10000018-2025-04-30-Temp-DUP",2025-04-30,NA,"","",60.502005,-151.106973,"","Quality Control Field Replicate Msr/Obs",15,"cm","","","","","",NA,"Water Temperature","170.1","USEPA","",4.7,"deg C","=","Sampled",NA,"Total","Actual","","","Water Bottle",NA,"Limit of Quantitation",NA,"deg C","Method Detection Level",NA,"deg C","","YSI",NA,2025-04-30,NA,"","","Cold packs",NA,NA,NA
"10000018","Water","Surface Water","10000018-2025-04-30-pH-DUP",2025-04-30,NA,"","",60.502005,-151.106973,"","Quality Control Field Replicate Msr/Obs",15,"cm","","","","","",NA,"pH","150.1","USEPA","",6.89,"None","=","Sampled",NA,"Total","Actual","","","Water Bottle",NA,"Limit of Quantitation",NA,"None","Method Detection Level",NA,"None","","YSI",NA,2025-04-30,NA,"","","Cold packs",NA,NA,NA
"10000018","Water","Surface Water","10000018-2025-04-30-DO",2025-04-30,NA,"","",60.502005,-151.106973,"","Field Msr/Obs",15,"cm","","","","","",NA,"Dissolved Oxygen","360.1","USEPA","",13.605,"mg/L","=","Sampled",NA,"Total","Actual","","","Water Bottle",NA,"Limit of Quantitation",NA,"mg/L","Method Detection Level",NA,"mg/L","","YSI",NA,2025-04-30,NA,"","","Cold packs",NA,NA,NA
"10000018","Water","Surface Water","10000018-2025-07-23-DO",2025-07-23,NA,"","",60.502005,-151.106973,"","Field Msr/Obs",15,"cm","","","","","",NA,"Dissolved Oxygen","360.1","USEPA","",8.555,"mg/L","=","Sampled",NA,"Total","Actual","","","Water Bottle",NA,"Limit of Quantitation",NA,"mg/L","Method Detection Level",NA,"mg/L","","YSI",NA,2025-07-23,NA,"","","Cold packs",NA,NA,NA
"10000018","Water","Surface Water","10000018-2025-04-30-SpCond",2025-04-30,NA,"","",60.502005,-151.106973,"","Field Msr/Obs",15,"cm","","","","","",NA,"Specific Conductance","120.1","USEPA","",99.95,"uS/cm","=","Sampled",NA,"Total","Actual","","","Water Bottle",NA,"Limit of Quantitation",NA,"uS/cm","Method Detection Level",NA,"uS/cm","","YSI",NA,2025-04-30,NA,"","","Cold packs",NA,NA,NA
"10000018","Water","Surface Water","10000018-2025-07-23-SpCond",2025-07-23,NA,"","",60.502005,-151.106973,"","Field Msr/Obs",15,"cm","","","","","",NA,"Specific Conductance","120.1","USEPA","",82.4,"uS/cm","=","Sampled",NA,"Total","Actual","","","Water Bottle",NA,"Limit of Quantitation",NA,"uS/cm","Method Detection Level",NA,"uS/cm","","YSI",NA,2025-07-23,NA,"","","Cold packs",NA,NA,NA
"10000018","Water","Surface Water","10000018-2025-04-30-Turb",2025-04-30,10:47:00.000000,"","",60.502005,-151.106973,"","Field Msr/Obs",15,"cm","","","","","",NA,"Turbidity","180.1","USEPA","",2.485,"NTU","=","Sampled",NA,"Total","Actual","","","Water Bottle",NA,"Limit of Quantitation",NA,"NTU","Method Detection Level",NA,"NTU","","YSI",NA,2025-04-30,10:47:00,"","","Cold packs",NA,NA,NA
"10000018","Water","Surface Water","10000018-2025-07-23-Turb",2025-07-23,10:57:00.000000,"","",60.502005,-151.106973,"","Field Msr/Obs",15,"cm","","","","","",NA,"Turbidity","180.1","USEPA","",6.825,"NTU","=","Sampled",NA,"Total","Actual","","","Water Bottle",NA,"Limit of Quantitation",NA,"NTU","Method Detection Level",NA,"NTU","","YSI",NA,2025-07-23,10:57:00,"","","Cold packs",NA,NA,NA
"10000018","Water","Surface Water","10000018-2025-04-30-Temp",2025-04-30,NA,"","",60.502005,-151.106973,"","Field Msr/Obs",15,"cm","","","","","",NA,"Water Temperature","170.1","USEPA","",4.7,"deg C","=","Sampled",NA,"Total","Actual","","","Water Bottle",NA,"Limit of Quantitation",NA,"deg C","Method Detection Level",NA,"deg C","","YSI",NA,2025-04-30,NA,"","","Cold packs",NA,NA,NA
"10000018","Water","Surface Water","10000018-2025-07-23-Temp",2025-07-23,NA,"","",60.502005,-151.106973,"","Field Msr/Obs",15,"cm","","","","","",NA,"Water Temperature","170.1","USEPA","",11.3,"deg C","=","Sampled",NA,"Total","Actual","","","Water Bottle",NA,"Limit of Quantitation",NA,"deg C","Method Detection Level",NA,"deg C","","YSI",NA,2025-07-23,NA,"","","Cold packs",NA,NA,NA
"10000018","Water","Surface Water","10000018-2025-04-30-pH",2025-04-30,NA,"","",60.502005,-151.106973,"","Field Msr/Obs",15,"cm","","","","","",NA,"pH","150.1","USEPA","",6.695,"None","=","Sampled",NA,"Total","Actual","","","Water Bottle",NA,"Limit of Quantitation",NA,"None","Method Detection Level",NA,"None","","YSI",NA,2025-04-30,NA,"","","Cold packs",NA,NA,NA
"10000018","Water","Surface Water","10000018-2025-07-23-pH",2025-07-23,NA,"","",60.502005,-151.106973,"","Field Msr/Obs",15,"cm","","","","","",NA,"pH","150.1","USEPA","",7.445,"None","=","Sampled",NA,"Total","Actual","","","Water Bottle",NA,"Limit of Quantitation",NA,"None","Method Detection Level",NA,"None","","YSI",NA,2025-07-23,NA,"","","Cold packs",NA,NA,NA
"10000020","Water","Surface Water","10000020-2025-04-30-DO",2025-04-30,NA,"","",60.48175453,-151.1306816,"","Field Msr/Obs",15,"cm","","","","","",NA,"Dissolved Oxygen","360.1","USEPA","",13.825,"mg/L","=","Sampled",NA,"Total","Actual","","","Water Bottle",NA,"Limit of Quantitation",NA,"mg/L","Method Detection Level",NA,"mg/L","","YSI",NA,2025-04-30,NA,"","","Cold packs",NA,NA,NA
"10000020","Water","Surface Water","10000020-2025-07-23-DO",2025-07-23,NA,"","",60.48175453,-151.1306816,"","Field Msr/Obs",15,"cm","","","","","",NA,"Dissolved Oxygen","360.1","USEPA","",12.41,"mg/L","=","Sampled",NA,"Total","Actual","","","Water Bottle",NA,"Limit of Quantitation",NA,"mg/L","Method Detection Level",NA,"mg/L","","YSI",NA,2025-07-23,NA,"","","Cold packs",NA,NA,NA
"10000020","Water","Surface Water","10000020-2025-04-30-SpCond",2025-04-30,NA,"","",60.48175453,-151.1306816,"","Field Msr/Obs",15,"cm","","","","","",NA,"Specific Conductance","120.1","USEPA","",78.05,"uS/cm","=","Sampled",NA,"Total","Actual","","","Water Bottle",NA,"Limit of Quantitation",NA,"uS/cm","Method Detection Level",NA,"uS/cm","","YSI",NA,2025-04-30,NA,"","","Cold packs",NA,NA,NA
"10000020","Water","Surface Water","10000020-2025-07-23-SpCond",2025-07-23,NA,"","",60.48175453,-151.1306816,"","Field Msr/Obs",15,"cm","","","","","",NA,"Specific Conductance","120.1","USEPA","",0.17305,"uS/cm","=","Sampled",NA,"Total","Actual","","","Water Bottle",NA,"Limit of Quantitation",NA,"uS/cm","Method Detection Level",NA,"uS/cm","","YSI",NA,2025-07-23,NA,"","","Cold packs",NA,NA,NA
"10000020","Water","Surface Water","10000020-2025-04-30-Turb",2025-04-30,09:50:00.000000,"","",60.48175453,-151.1306816,"","Field Msr/Obs",15,"cm","","","","","",NA,"Turbidity","180.1","USEPA","",3.025,"NTU","=","Sampled",NA,"Total","Actual","","","Water Bottle",NA,"Limit of Quantitation",NA,"NTU","Method Detection Level",NA,"NTU","","YSI",NA,2025-04-30,09:50:00,"","","Cold packs",NA,NA,NA
"10000020","Water","Surface Water","10000020-2025-07-23-Turb",2025-07-23,10:11:00.000000,"","",60.48175453,-151.1306816,"","Field Msr/Obs",15,"cm","","","","","",NA,"Turbidity","180.1","USEPA","",5.875,"NTU","=","Sampled",NA,"Total","Actual","","","Water Bottle",NA,"Limit of Quantitation",NA,"NTU","Method Detection Level",NA,"NTU","","YSI",NA,2025-07-23,10:11:00,"","","Cold packs",NA,NA,NA
"10000020","Water","Surface Water","10000020-2025-04-30-Temp",2025-04-30,NA,"","",60.48175453,-151.1306816,"","Field Msr/Obs",15,"cm","","","","","",NA,"Water Temperature","170.1","USEPA","",4.5,"deg C","=","Sampled",NA,"Total","Actual","","","Water Bottle",NA,"Limit of Quantitation",NA,"deg C","Method Detection Level",NA,"deg C","","YSI",NA,2025-04-30,NA,"","","Cold packs",NA,NA,NA
"10000020","Water","Surface Water","10000020-2025-07-23-Temp",2025-07-23,NA,"","",60.48175453,-151.1306816,"","Field Msr/Obs",15,"cm","","","","","",NA,"Water Temperature","170.1","USEPA","",10,"deg C","=","Sampled",NA,"Total","Actual","","","Water Bottle",NA,"Limit of Quantitation",NA,"deg C","Method Detection Level",NA,"deg C","","YSI",NA,2025-07-23,NA,"","","Cold packs",NA,NA,NA
"10000020","Water","Surface Water","10000020-2025-04-30-pH",2025-04-30,NA,"","",60.48175453,-151.1306816,"","Field Msr/Obs",15,"cm","","","","","",NA,"pH","150.1","USEPA","",6.53,"None","=","Sampled",NA,"Total","Actual","","","Water Bottle",NA,"Limit of Quantitation",NA,"None","Method Detection Level",NA,"None","","YSI",NA,2025-04-30,NA,"","","Cold packs",NA,NA,NA
"10000020","Water","Surface Water","10000020-2025-07-23-pH",2025-07-23,NA,"","",60.48175453,-151.1306816,"","Field Msr/Obs",15,"cm","","","","","",NA,"pH","150.1","USEPA","",6.485,"None","=","Sampled",NA,"Total","Actual","","","Water Bottle",NA,"Limit of Quantitation",NA,"None","Method Detection Level",NA,"None","","YSI",NA,2025-07-23,NA,"","","Cold packs",NA,NA,NA
"10000021","Water","Surface Water","10000021-2025-04-30-DO",2025-04-30,NA,"","",60.476634,-151.082099,"","Field Msr/Obs",15,"cm","","","","","",NA,"Dissolved Oxygen","360.1","USEPA","",12.25,"mg/L","=","Sampled",NA,"Total","Actual","","","Water Bottle",NA,"Limit of Quantitation",NA,"mg/L","Method Detection Level",NA,"mg/L","","YSI",NA,2025-04-30,NA,"","","Cold packs",NA,NA,NA
"10000021","Water","Surface Water","10000021-2025-07-23-DO",2025-07-23,NA,"","",60.476634,-151.082099,"","Field Msr/Obs",15,"cm","","","","","",NA,"Dissolved Oxygen","360.1","USEPA","",11.905,"mg/L","=","Sampled",NA,"Total","Actual","","","Water Bottle",NA,"Limit of Quantitation",NA,"mg/L","Method Detection Level",NA,"mg/L","","YSI",NA,2025-07-23,NA,"","","Cold packs",NA,NA,NA
"10000021","Water","Surface Water","10000021-2025-04-30-SpCond",2025-04-30,NA,"","",60.476634,-151.082099,"","Field Msr/Obs",15,"cm","","","","","",NA,"Specific Conductance","120.1","USEPA","",81.05,"uS/cm","=","Sampled",NA,"Total","Actual","","","Water Bottle",NA,"Limit of Quantitation",NA,"uS/cm","Method Detection Level",NA,"uS/cm","","YSI",NA,2025-04-30,NA,"","","Cold packs",NA,NA,NA
"10000021","Water","Surface Water","10000021-2025-07-23-SpCond",2025-07-23,NA,"","",60.476634,-151.082099,"","Field Msr/Obs",15,"cm","","","","","",NA,"Specific Conductance","120.1","USEPA","",0.08035,"uS/cm","=","Sampled",NA,"Total","Actual","","","Water Bottle",NA,"Limit of Quantitation",NA,"uS/cm","Method Detection Level",NA,"uS/cm","","YSI",NA,2025-07-23,NA,"","","Cold packs",NA,NA,NA
"10000021","Water","Surface Water","10000021-2025-04-30-Turb",2025-04-30,09:31:00.000000,"","",60.476634,-151.082099,"","Field Msr/Obs",15,"cm","","","","","",NA,"Turbidity","180.1","USEPA","",3.655,"NTU","=","Sampled",NA,"Total","Actual","","","Water Bottle",NA,"Limit of Quantitation",NA,"NTU","Method Detection Level",NA,"NTU","","YSI",NA,2025-04-30,09:31:00,"","","Cold packs",NA,NA,NA
"10000021","Water","Surface Water","10000021-2025-07-23-Turb",2025-07-23,09:42:00.000000,"","",60.476634,-151.082099,"","Field Msr/Obs",15,"cm","","","","","",NA,"Turbidity","180.1","USEPA","",6.605,"NTU","=","Sampled",NA,"Total","Actual","","","Water Bottle",NA,"Limit of Quantitation",NA,"NTU","Method Detection Level",NA,"NTU","","YSI",NA,2025-07-23,09:42:00,"","","Cold packs",NA,NA,NA
"10000021","Water","Surface Water","10000021-2025-04-30-Temp",2025-04-30,NA,"","",60.476634,-151.082099,"","Field Msr/Obs",15,"cm","","","","","",NA,"Water Temperature","170.1","USEPA","",4.665,"deg C","=","Sampled",NA,"Total","Actual","","","Water Bottle",NA,"Limit of Quantitation",NA,"deg C","Method Detection Level",NA,"deg C","","YSI",NA,2025-04-30,NA,"","","Cold packs",NA,NA,NA
"10000021","Water","Surface Water","10000021-2025-07-23-Temp",2025-07-23,NA,"","",60.476634,-151.082099,"","Field Msr/Obs",15,"cm","","","","","",NA,"Water Temperature","170.1","USEPA","",11,"deg C","=","Sampled",NA,"Total","Actual","","","Water Bottle",NA,"Limit of Quantitation",NA,"deg C","Method Detection Level",NA,"deg C","","YSI",NA,2025-07-23,NA,"","","Cold packs",NA,NA,NA
"10000021","Water","Surface Water","10000021-2025-04-30-pH",2025-04-30,NA,"","",60.476634,-151.082099,"","Field Msr/Obs",15,"cm","","","","","",NA,"pH","150.1","USEPA","",6.425,"None","=","Sampled",NA,"Total","Actual","","","Water Bottle",NA,"Limit of Quantitation",NA,"None","Method Detection Level",NA,"None","","YSI",NA,2025-04-30,NA,"","","Cold packs",NA,NA,NA
"10000021","Water","Surface Water","10000021-2025-07-23-pH",2025-07-23,NA,"","",60.476634,-151.082099,"","Field Msr/Obs",15,"cm","","","","","",NA,"pH","150.1","USEPA","",6.735,"None","=","Sampled",NA,"Total","Actual","","","Water Bottle",NA,"Limit of Quantitation",NA,"None","Method Detection Level",NA,"None","","YSI",NA,2025-07-23,NA,"","","Cold packs",NA,NA,NA
"10000022","Water","Surface Water","10000022-2025-04-30-DO-DUP",2025-04-30,NA,"","",60.483364,-151.057656,"","Quality Control Field Replicate Msr/Obs",15,"cm","","","","","",NA,"Dissolved Oxygen","360.1","USEPA","",13.755,"mg/L","=","Sampled",NA,"Total","Actual","","","Water Bottle",NA,"Limit of Quantitation",NA,"mg/L","Method Detection Level",NA,"mg/L","","YSI",NA,2025-04-30,NA,"","","Cold packs",NA,NA,NA
"10000022","Water","Surface Water","10000022-2025-04-30-SpCond-DUP",2025-04-30,NA,"","",60.483364,-151.057656,"","Quality Control Field Replicate Msr/Obs",15,"cm","","","","","",NA,"Specific Conductance","120.1","USEPA","",123.75,"uS/cm","=","Sampled",NA,"Total","Actual","","","Water Bottle",NA,"Limit of Quantitation",NA,"uS/cm","Method Detection Level",NA,"uS/cm","","YSI",NA,2025-04-30,NA,"","","Cold packs",NA,NA,NA
"10000022","Water","Surface Water","10000022-2025-04-30-Turb-DUP",2025-04-30,10:26:00.000000,"","",60.483364,-151.057656,"","Quality Control Field Replicate Msr/Obs",15,"cm","","","","","",NA,"Turbidity","180.1","USEPA","",2.74,"NTU","=","Sampled",NA,"Total","Actual","","","Water Bottle",NA,"Limit of Quantitation",NA,"NTU","Method Detection Level",NA,"NTU","","YSI",NA,2025-04-30,10:26:00,"","","Cold packs",NA,NA,NA
"10000022","Water","Surface Water","10000022-2025-04-30-Temp-DUP",2025-04-30,NA,"","",60.483364,-151.057656,"","Quality Control Field Replicate Msr/Obs",15,"cm","","","","","",NA,"Water Temperature","170.1","USEPA","",4.9,"deg C","=","Sampled",NA,"Total","Actual","","","Water Bottle",NA,"Limit of Quantitation",NA,"deg C","Method Detection Level",NA,"deg C","","YSI",NA,2025-04-30,NA,"","","Cold packs",NA,NA,NA
"10000022","Water","Surface Water","10000022-2025-04-30-pH-DUP",2025-04-30,NA,"","",60.483364,-151.057656,"","Quality Control Field Replicate Msr/Obs",15,"cm","","","","","",NA,"pH","150.1","USEPA","",7.16,"None","=","Sampled",NA,"Total","Actual","","","Water Bottle",NA,"Limit of Quantitation",NA,"None","Method Detection Level",NA,"None","","YSI",NA,2025-04-30,NA,"","","Cold packs",NA,NA,NA
"10000022","Water","Surface Water","10000022-2025-04-30-DO",2025-04-30,NA,"","",60.483364,-151.057656,"","Field Msr/Obs",15,"cm","","","","","",NA,"Dissolved Oxygen","360.1","USEPA","",14.86,"mg/L","=","Sampled",NA,"Total","Actual","","","Water Bottle",NA,"Limit of Quantitation",NA,"mg/L","Method Detection Level",NA,"mg/L","","YSI",NA,2025-04-30,NA,"","","Cold packs",NA,NA,NA
"10000022","Water","Surface Water","10000022-2025-07-23-DO",2025-07-23,NA,"","",60.483364,-151.057656,"","Field Msr/Obs",15,"cm","","","","","",NA,"Dissolved Oxygen","360.1","USEPA","",10.075,"mg/L","=","Sampled",NA,"Total","Actual","","","Water Bottle",NA,"Limit of Quantitation",NA,"mg/L","Method Detection Level",NA,"mg/L","","YSI",NA,2025-07-23,NA,"","","Cold packs",NA,NA,NA
"10000022","Water","Surface Water","10000022-2025-04-30-SpCond",2025-04-30,NA,"","",60.483364,-151.057656,"","Field Msr/Obs",15,"cm","","","","","",NA,"Specific Conductance","120.1","USEPA","",124.5,"uS/cm","=","Sampled",NA,"Total","Actual","","","Water Bottle",NA,"Limit of Quantitation",NA,"uS/cm","Method Detection Level",NA,"uS/cm","","YSI",NA,2025-04-30,NA,"","","Cold packs",NA,NA,NA
"10000022","Water","Surface Water","10000022-2025-07-23-SpCond",2025-07-23,NA,"","",60.483364,-151.057656,"","Field Msr/Obs",15,"cm","","","","","",NA,"Specific Conductance","120.1","USEPA","",0.17705,"uS/cm","=","Sampled",NA,"Total","Actual","","","Water Bottle",NA,"Limit of Quantitation",NA,"uS/cm","Method Detection Level",NA,"uS/cm","","YSI",NA,2025-07-23,NA,"","","Cold packs",NA,NA,NA
"10000022","Water","Surface Water","10000022-2025-04-30-Turb",2025-04-30,10:28:00.000000,"","",60.483364,-151.057656,"","Field Msr/Obs",15,"cm","","","","","",NA,"Turbidity","180.1","USEPA","",3.655,"NTU","=","Sampled",NA,"Total","Actual","","","Water Bottle",NA,"Limit of Quantitation",NA,"NTU","Method Detection Level",NA,"NTU","","YSI",NA,2025-04-30,10:28:00,"","","Cold packs",NA,NA,NA
"10000022","Water","Surface Water","10000022-2025-07-23-Turb",2025-07-23,08:17:00.000000,"","",60.483364,-151.057656,"","Field Msr/Obs",15,"cm","","","","","",NA,"Turbidity","180.1","USEPA","",2.075,"NTU","=","Sampled",NA,"Total","Actual","","","Water Bottle",NA,"Limit of Quantitation",NA,"NTU","Method Detection Level",NA,"NTU","","YSI",NA,2025-07-23,08:17:00,"","","Cold packs",NA,NA,NA
"10000022","Water","Surface Water","10000022-2025-04-30-Temp",2025-04-30,NA,"","",60.483364,-151.057656,"","Field Msr/Obs",15,"cm","","","","","",NA,"Water Temperature","170.1","USEPA","",4.9,"deg C","=","Sampled",NA,"Total","Actual","","","Water Bottle",NA,"Limit of Quantitation",NA,"deg C","Method Detection Level",NA,"deg C","","YSI",NA,2025-04-30,NA,"","","Cold packs",NA,NA,NA
"10000022","Water","Surface Water","10000022-2025-07-23-Temp",2025-07-23,NA,"","",60.483364,-151.057656,"","Field Msr/Obs",15,"cm","","","","","",NA,"Water Temperature","170.1","USEPA","",13.05,"deg C","=","Sampled",NA,"Total","Actual","","","Water Bottle",NA,"Limit of Quantitation",NA,"deg C","Method Detection Level",NA,"deg C","","YSI",NA,2025-07-23,NA,"","","Cold packs",NA,NA,NA
"10000022","Water","Surface Water","10000022-2025-04-30-pH",2025-04-30,NA,"","",60.483364,-151.057656,"","Field Msr/Obs",15,"cm","","","","","",NA,"pH","150.1","USEPA","",6.985,"None","=","Sampled",NA,"Total","Actual","","","Water Bottle",NA,"Limit of Quantitation",NA,"None","Method Detection Level",NA,"None","","YSI",NA,2025-04-30,NA,"","","Cold packs",NA,NA,NA
"10000022","Water","Surface Water","10000022-2025-07-23-pH",2025-07-23,NA,"","",60.483364,-151.057656,"","Field Msr/Obs",15,"cm","","","","","",NA,"pH","150.1","USEPA","",6.89,"None","=","Sampled",NA,"Total","Actual","","","Water Bottle",NA,"Limit of Quantitation",NA,"None","Method Detection Level",NA,"None","","YSI",NA,2025-07-23,NA,"","","Cold packs",NA,NA,NA
"10000023","Water","Surface Water","10000023-2025-07-23-DO-DUP",2025-07-23,NA,"","",60.480338,-151.030847,"","Quality Control Field Replicate Msr/Obs",15,"cm","","","","","",NA,"Dissolved Oxygen","360.1","USEPA","",11.03,"mg/L","=","Sampled",NA,"Total","Actual","","","Water Bottle",NA,"Limit of Quantitation",NA,"mg/L","Method Detection Level",NA,"mg/L","","YSI",NA,2025-07-23,NA,"","","Cold packs",NA,NA,NA
"10000023","Water","Surface Water","10000023-2025-07-23-SpCond-DUP",2025-07-23,NA,"","",60.480338,-151.030847,"","Quality Control Field Replicate Msr/Obs",15,"cm","","","","","",NA,"Specific Conductance","120.1","USEPA","",0.081,"uS/cm","=","Sampled",NA,"Total","Actual","","","Water Bottle",NA,"Limit of Quantitation",NA,"uS/cm","Method Detection Level",NA,"uS/cm","","YSI",NA,2025-07-23,NA,"","","Cold packs",NA,NA,NA
"10000023","Water","Surface Water","10000023-2025-07-23-Turb-DUP",2025-07-23,09:13:00.000000,"","",60.480338,-151.030847,"","Quality Control Field Replicate Msr/Obs",15,"cm","","","","","",NA,"Turbidity","180.1","USEPA","",6.235,"NTU","=","Sampled",NA,"Total","Actual","","","Water Bottle",NA,"Limit of Quantitation",NA,"NTU","Method Detection Level",NA,"NTU","","YSI",NA,2025-07-23,09:13:00,"","","Cold packs",NA,NA,NA
"10000023","Water","Surface Water","10000023-2025-07-23-Temp-DUP",2025-07-23,NA,"","",60.480338,-151.030847,"","Quality Control Field Replicate Msr/Obs",15,"cm","","","","","",NA,"Water Temperature","170.1","USEPA","",11,"deg C","=","Sampled",NA,"Total","Actual","","","Water Bottle",NA,"Limit of Quantitation",NA,"deg C","Method Detection Level",NA,"deg C","","YSI",NA,2025-07-23,NA,"","","Cold packs",NA,NA,NA
"10000023","Water","Surface Water","10000023-2025-07-23-pH-DUP",2025-07-23,NA,"","",60.480338,-151.030847,"","Quality Control Field Replicate Msr/Obs",15,"cm","","","","","",NA,"pH","150.1","USEPA","",6.655,"None","=","Sampled",NA,"Total","Actual","","","Water Bottle",NA,"Limit of Quantitation",NA,"None","Method Detection Level",NA,"None","","YSI",NA,2025-07-23,NA,"","","Cold packs",NA,NA,NA
"10000023","Water","Surface Water","10000023-2025-04-30-DO",2025-04-30,NA,"","",60.480338,-151.030847,"","Field Msr/Obs",15,"cm","","","","","",NA,"Dissolved Oxygen","360.1","USEPA","",14.59,"mg/L","=","Sampled",NA,"Total","Actual","","","Water Bottle",NA,"Limit of Quantitation",NA,"mg/L","Method Detection Level",NA,"mg/L","","YSI",NA,2025-04-30,NA,"","","Cold packs",NA,NA,NA
"10000023","Water","Surface Water","10000023-2025-07-23-DO",2025-07-23,NA,"","",60.480338,-151.030847,"","Field Msr/Obs",15,"cm","","","","","",NA,"Dissolved Oxygen","360.1","USEPA","",11.02,"mg/L","=","Sampled",NA,"Total","Actual","","","Water Bottle",NA,"Limit of Quantitation",NA,"mg/L","Method Detection Level",NA,"mg/L","","YSI",NA,2025-07-23,NA,"","","Cold packs",NA,NA,NA
"10000023","Water","Surface Water","10000023-2025-04-30-SpCond",2025-04-30,NA,"","",60.480338,-151.030847,"","Field Msr/Obs",15,"cm","","","","","",NA,"Specific Conductance","120.1","USEPA","",86.65,"uS/cm","=","Sampled",NA,"Total","Actual","","","Water Bottle",NA,"Limit of Quantitation",NA,"uS/cm","Method Detection Level",NA,"uS/cm","","YSI",NA,2025-04-30,NA,"","","Cold packs",NA,NA,NA
"10000023","Water","Surface Water","10000023-2025-07-23-SpCond",2025-07-23,NA,"","",60.480338,-151.030847,"","Field Msr/Obs",15,"cm","","","","","",NA,"Specific Conductance","120.1","USEPA","",0.0946,"uS/cm","=","Sampled",NA,"Total","Actual","","","Water Bottle",NA,"Limit of Quantitation",NA,"uS/cm","Method Detection Level",NA,"uS/cm","","YSI",NA,2025-07-23,NA,"","","Cold packs",NA,NA,NA
"10000023","Water","Surface Water","10000023-2025-04-30-Turb",2025-04-30,08:50:00.000000,"","",60.480338,-151.030847,"","Field Msr/Obs",15,"cm","","","","","",NA,"Turbidity","180.1","USEPA","",2.635,"NTU","=","Sampled",NA,"Total","Actual","","","Water Bottle",NA,"Limit of Quantitation",NA,"NTU","Method Detection Level",NA,"NTU","","YSI",NA,2025-04-30,08:50:00,"","","Cold packs",NA,NA,NA
"10000023","Water","Surface Water","10000023-2025-07-23-Turb",2025-07-23,09:00:00.000000,"","",60.480338,-151.030847,"","Field Msr/Obs",15,"cm","","","","","",NA,"Turbidity","180.1","USEPA","",6.145,"NTU","=","Sampled",NA,"Total","Actual","","","Water Bottle",NA,"Limit of Quantitation",NA,"NTU","Method Detection Level",NA,"NTU","","YSI",NA,2025-07-23,09:00:00,"","","Cold packs",NA,NA,NA
"10000023","Water","Surface Water","10000023-2025-04-30-Temp",2025-04-30,NA,"","",60.480338,-151.030847,"","Field Msr/Obs",15,"cm","","","","","",NA,"Water Temperature","170.1","USEPA","",4.65,"deg C","=","Sampled",NA,"Total","Actual","","","Water Bottle",NA,"Limit of Quantitation",NA,"deg C","Method Detection Level",NA,"deg C","","YSI",NA,2025-04-30,NA,"","","Cold packs",NA,NA,NA
"10000023","Water","Surface Water","10000023-2025-07-23-Temp",2025-07-23,NA,"","",60.480338,-151.030847,"","Field Msr/Obs",15,"cm","","","","","",NA,"Water Temperature","170.1","USEPA","",11,"deg C","=","Sampled",NA,"Total","Actual","","","Water Bottle",NA,"Limit of Quantitation",NA,"deg C","Method Detection Level",NA,"deg C","","YSI",NA,2025-07-23,NA,"","","Cold packs",NA,NA,NA
"10000023","Water","Surface Water","10000023-2025-04-30-pH",2025-04-30,NA,"","",60.480338,-151.030847,"","Field Msr/Obs",15,"cm","","","","","",NA,"pH","150.1","USEPA","",7.14,"None","=","Sampled",NA,"Total","Actual","","","Water Bottle",NA,"Limit of Quantitation",NA,"None","Method Detection Level",NA,"None","","YSI",NA,2025-04-30,NA,"","","Cold packs",NA,NA,NA
"10000023","Water","Surface Water","10000023-2025-07-23-pH",2025-07-23,NA,"","",60.480338,-151.030847,"","Field Msr/Obs",15,"cm","","","","","",NA,"pH","150.1","USEPA","",6.635,"None","=","Sampled",NA,"Total","Actual","","","Water Bottle",NA,"Limit of Quantitation",NA,"None","Method Detection Level",NA,"None","","YSI",NA,2025-07-23,NA,"","","Cold packs",NA,NA,NA
"10000024","Water","Surface Water","10000024-2025-04-30-DO",2025-04-30,NA,"","",60.489963,-150.860982,"","Field Msr/Obs",15,"cm","","","","","",NA,"Dissolved Oxygen","360.1","USEPA","",14.075,"mg/L","=","Sampled",NA,"Total","Actual","","","Water Bottle",NA,"Limit of Quantitation",NA,"mg/L","Method Detection Level",NA,"mg/L","","YSI",NA,2025-04-30,NA,"","","Cold packs",NA,NA,NA
"10000024","Water","Surface Water","10000024-2025-07-23-DO",2025-07-23,NA,"","",60.489963,-150.860982,"","Field Msr/Obs",15,"cm","","","","","",NA,"Dissolved Oxygen","360.1","USEPA","",11.45,"mg/L","=","Sampled",NA,"Total","Actual","","","Water Bottle",NA,"Limit of Quantitation",NA,"mg/L","Method Detection Level",NA,"mg/L","","YSI",NA,2025-07-23,NA,"","","Cold packs",NA,NA,NA
"10000024","Water","Surface Water","10000024-2025-04-30-SpCond",2025-04-30,NA,"","",60.489963,-150.860982,"","Field Msr/Obs",15,"cm","","","","","",NA,"Specific Conductance","120.1","USEPA","",67,"uS/cm","=","Sampled",NA,"Total","Actual","","","Water Bottle",NA,"Limit of Quantitation",NA,"uS/cm","Method Detection Level",NA,"uS/cm","","YSI",NA,2025-04-30,NA,"","","Cold packs",NA,NA,NA
"10000024","Water","Surface Water","10000024-2025-07-23-SpCond",2025-07-23,NA,"","",60.489963,-150.860982,"","Field Msr/Obs",15,"cm","","","","","",NA,"Specific Conductance","120.1","USEPA","",0.08395,"uS/cm","=","Sampled",NA,"Total","Actual","","","Water Bottle",NA,"Limit of Quantitation",NA,"uS/cm","Method Detection Level",NA,"uS/cm","","YSI",NA,2025-07-23,NA,"","","Cold packs",NA,NA,NA
"10000024","Water","Surface Water","10000024-2025-04-30-Turb",2025-04-30,10:26:00.000000,"","",60.489963,-150.860982,"","Field Msr/Obs",15,"cm","","","","","",NA,"Turbidity","180.1","USEPA","",6.97,"NTU","=","Sampled",NA,"Total","Actual","","","Water Bottle",NA,"Limit of Quantitation",NA,"NTU","Method Detection Level",NA,"NTU","","YSI",NA,2025-04-30,10:26:00,"","","Cold packs",NA,NA,NA
"10000024","Water","Surface Water","10000024-2025-07-23-Turb",2025-07-23,08:55:00.000000,"","",60.489963,-150.860982,"","Field Msr/Obs",15,"cm","","","","","",NA,"Turbidity","180.1","USEPA","",2.985,"NTU","=","Sampled",NA,"Total","Actual","","","Water Bottle",NA,"Limit of Quantitation",NA,"NTU","Method Detection Level",NA,"NTU","","YSI",NA,2025-07-23,08:55:00,"","","Cold packs",NA,NA,NA
"10000024","Water","Surface Water","10000024-2025-04-30-Temp",2025-04-30,NA,"","",60.489963,-150.860982,"","Field Msr/Obs",15,"cm","","","","","",NA,"Water Temperature","170.1","USEPA","",3,"deg C","=","Sampled",NA,"Total","Actual","","","Water Bottle",NA,"Limit of Quantitation",NA,"deg C","Method Detection Level",NA,"deg C","","YSI",NA,2025-04-30,NA,"","","Cold packs",NA,NA,NA
"10000024","Water","Surface Water","10000024-2025-07-23-Temp",2025-07-23,NA,"","",60.489963,-150.860982,"","Field Msr/Obs",15,"cm","","","","","",NA,"Water Temperature","170.1","USEPA","",10.7,"deg C","=","Sampled",NA,"Total","Actual","","","Water Bottle",NA,"Limit of Quantitation",NA,"deg C","Method Detection Level",NA,"deg C","","YSI",NA,2025-07-23,NA,"","","Cold packs",NA,NA,NA
"10000024","Water","Surface Water","10000024-2025-04-30-pH",2025-04-30,NA,"","",60.489963,-150.860982,"","Field Msr/Obs",15,"cm","","","","","",NA,"pH","150.1","USEPA","",7.23,"None","=","Sampled",NA,"Total","Actual","","","Water Bottle",NA,"Limit of Quantitation",NA,"None","Method Detection Level",NA,"None","","YSI",NA,2025-04-30,NA,"","","Cold packs",NA,NA,NA
"10000024","Water","Surface Water","10000024-2025-07-23-pH",2025-07-23,NA,"","",60.489963,-150.860982,"","Field Msr/Obs",15,"cm","","","","","",NA,"pH","150.1","USEPA","",7.01,"None","=","Sampled",NA,"Total","Actual","","","Water Bottle",NA,"Limit of Quantitation",NA,"None","Method Detection Level",NA,"None","","YSI",NA,2025-07-23,NA,"","","Cold packs",NA,NA,NA
"10000025","Water","Surface Water","10000025-2025-04-30-DO",2025-04-30,NA,"","",60.498284,-150.863121,"","Field Msr/Obs",15,"cm","","","","","",NA,"Dissolved Oxygen","360.1","USEPA","",13.51,"mg/L","=","Sampled",NA,"Total","Actual","","","Water Bottle",NA,"Limit of Quantitation",NA,"mg/L","Method Detection Level",NA,"mg/L","","YSI",NA,2025-04-30,NA,"","","Cold packs",NA,NA,NA
"10000025","Water","Surface Water","10000025-2025-07-23-DO",2025-07-23,NA,"","",60.498284,-150.863121,"","Field Msr/Obs",15,"cm","","","","","",NA,"Dissolved Oxygen","360.1","USEPA","",12.725,"mg/L","=","Sampled",NA,"Total","Actual","","","Water Bottle",NA,"Limit of Quantitation",NA,"mg/L","Method Detection Level",NA,"mg/L","","YSI",NA,2025-07-23,NA,"","","Cold packs",NA,NA,NA
"10000025","Water","Surface Water","10000025-2025-04-30-SpCond",2025-04-30,NA,"","",60.498284,-150.863121,"","Field Msr/Obs",15,"cm","","","","","",NA,"Specific Conductance","120.1","USEPA","",98.25,"uS/cm","=","Sampled",NA,"Total","Actual","","","Water Bottle",NA,"Limit of Quantitation",NA,"uS/cm","Method Detection Level",NA,"uS/cm","","YSI",NA,2025-04-30,NA,"","","Cold packs",NA,NA,NA
"10000025","Water","Surface Water","10000025-2025-07-23-SpCond",2025-07-23,NA,"","",60.498284,-150.863121,"","Field Msr/Obs",15,"cm","","","","","",NA,"Specific Conductance","120.1","USEPA","",0.0816,"uS/cm","=","Sampled",NA,"Total","Actual","","","Water Bottle",NA,"Limit of Quantitation",NA,"uS/cm","Method Detection Level",NA,"uS/cm","","YSI",NA,2025-07-23,NA,"","","Cold packs",NA,NA,NA
"10000025","Water","Surface Water","10000025-2025-04-30-Turb",2025-04-30,10:26:00.000000,"","",60.498284,-150.863121,"","Field Msr/Obs",15,"cm","","","","","",NA,"Turbidity","180.1","USEPA","",3.125,"NTU","=","Sampled",NA,"Total","Actual","","","Water Bottle",NA,"Limit of Quantitation",NA,"NTU","Method Detection Level",NA,"NTU","","YSI",NA,2025-04-30,10:26:00,"","","Cold packs",NA,NA,NA
"10000025","Water","Surface Water","10000025-2025-07-23-Turb",2025-07-23,10:30:00.000000,"","",60.498284,-150.863121,"","Field Msr/Obs",15,"cm","","","","","",NA,"Turbidity","180.1","USEPA","",5.53,"NTU","=","Sampled",NA,"Total","Actual","","","Water Bottle",NA,"Limit of Quantitation",NA,"NTU","Method Detection Level",NA,"NTU","","YSI",NA,2025-07-23,10:30:00,"","","Cold packs",NA,NA,NA
"10000025","Water","Surface Water","10000025-2025-04-30-Temp",2025-04-30,NA,"","",60.498284,-150.863121,"","Field Msr/Obs",15,"cm","","","","","",NA,"Water Temperature","170.1","USEPA","",4.75,"deg C","=","Sampled",NA,"Total","Actual","","","Water Bottle",NA,"Limit of Quantitation",NA,"deg C","Method Detection Level",NA,"deg C","","YSI",NA,2025-04-30,NA,"","","Cold packs",NA,NA,NA
"10000025","Water","Surface Water","10000025-2025-07-23-Temp",2025-07-23,NA,"","",60.498284,-150.863121,"","Field Msr/Obs",15,"cm","","","","","",NA,"Water Temperature","170.1","USEPA","",11.55,"deg C","=","Sampled",NA,"Total","Actual","","","Water Bottle",NA,"Limit of Quantitation",NA,"deg C","Method Detection Level",NA,"deg C","","YSI",NA,2025-07-23,NA,"","","Cold packs",NA,NA,NA
"10000025","Water","Surface Water","10000025-2025-04-30-pH",2025-04-30,NA,"","",60.498284,-150.863121,"","Field Msr/Obs",15,"cm","","","","","",NA,"pH","150.1","USEPA","",6.385,"None","=","Sampled",NA,"Total","Actual","","","Water Bottle",NA,"Limit of Quantitation",NA,"None","Method Detection Level",NA,"None","","YSI",NA,2025-04-30,NA,"","","Cold packs",NA,NA,NA
"10000025","Water","Surface Water","10000025-2025-07-23-pH",2025-07-23,NA,"","",60.498284,-150.863121,"","Field Msr/Obs",15,"cm","","","","","",NA,"pH","150.1","USEPA","",6.3,"None","=","Sampled",NA,"Total","Actual","","","Water Bottle",NA,"Limit of Quantitation",NA,"None","Method Detection Level",NA,"None","","YSI",NA,2025-07-23,NA,"","","Cold packs",NA,NA,NA
"10000026","Water","Surface Water","10000026-2025-04-30-DO",2025-04-30,NA,"","",60.53687,-150.754724,"","Field Msr/Obs",15,"cm","","","","","",NA,"Dissolved Oxygen","360.1","USEPA","",12.4666666666667,"mg/L","=","Sampled",NA,"Total","Actual","","","Water Bottle",NA,"Limit of Quantitation",NA,"mg/L","Method Detection Level",NA,"mg/L","","YSI",NA,2025-04-30,NA,"","","Cold packs",NA,NA,NA
"10000026","Water","Surface Water","10000026-2025-07-23-DO",2025-07-23,NA,"","",60.53687,-150.754724,"","Field Msr/Obs",15,"cm","","","","","",NA,"Dissolved Oxygen","360.1","USEPA","",11.57,"mg/L","=","Sampled",NA,"Total","Actual","","","Water Bottle",NA,"Limit of Quantitation",NA,"mg/L","Method Detection Level",NA,"mg/L","","YSI",NA,2025-07-23,NA,"","","Cold packs",NA,NA,NA
"10000026","Water","Surface Water","10000026-2025-04-30-SpCond",2025-04-30,NA,"","",60.53687,-150.754724,"","Field Msr/Obs",15,"cm","","","","","",NA,"Specific Conductance","120.1","USEPA","",113.433333333333,"uS/cm","=","Sampled",NA,"Total","Actual","","","Water Bottle",NA,"Limit of Quantitation",NA,"uS/cm","Method Detection Level",NA,"uS/cm","","YSI",NA,2025-04-30,NA,"","","Cold packs",NA,NA,NA
"10000026","Water","Surface Water","10000026-2025-07-23-SpCond",2025-07-23,NA,"","",60.53687,-150.754724,"","Field Msr/Obs",15,"cm","","","","","",NA,"Specific Conductance","120.1","USEPA","",0.1488,"uS/cm","=","Sampled",NA,"Total","Actual","","","Water Bottle",NA,"Limit of Quantitation",NA,"uS/cm","Method Detection Level",NA,"uS/cm","","YSI",NA,2025-07-23,NA,"","","Cold packs",NA,NA,NA
"10000026","Water","Surface Water","10000026-2025-04-30-Turb",2025-04-30,11:05:00.000000,"","",60.53687,-150.754724,"","Field Msr/Obs",15,"cm","","","","","",NA,"Turbidity","180.1","USEPA","",3.175,"NTU","=","Sampled",NA,"Total","Actual","","","Water Bottle",NA,"Limit of Quantitation",NA,"NTU","Method Detection Level",NA,"NTU","","YSI",NA,2025-04-30,11:05:00,"","","Cold packs",NA,NA,NA
"10000026","Water","Surface Water","10000026-2025-07-23-Turb",2025-07-23,09:50:00.000000,"","",60.53687,-150.754724,"","Field Msr/Obs",15,"cm","","","","","",NA,"Turbidity","180.1","USEPA","",2.225,"NTU","=","Sampled",NA,"Total","Actual","","","Water Bottle",NA,"Limit of Quantitation",NA,"NTU","Method Detection Level",NA,"NTU","","YSI",NA,2025-07-23,09:50:00,"","","Cold packs",NA,NA,NA
"10000026","Water","Surface Water","10000026-2025-04-30-Temp",2025-04-30,NA,"","",60.53687,-150.754724,"","Field Msr/Obs",15,"cm","","","","","",NA,"Water Temperature","170.1","USEPA","",4.9,"deg C","=","Sampled",NA,"Total","Actual","","","Water Bottle",NA,"Limit of Quantitation",NA,"deg C","Method Detection Level",NA,"deg C","","YSI",NA,2025-04-30,NA,"","","Cold packs",NA,NA,NA
"10000026","Water","Surface Water","10000026-2025-07-23-Temp",2025-07-23,NA,"","",60.53687,-150.754724,"","Field Msr/Obs",15,"cm","","","","","",NA,"Water Temperature","170.1","USEPA","",16.7,"deg C","=","Sampled",NA,"Total","Actual","","","Water Bottle",NA,"Limit of Quantitation",NA,"deg C","Method Detection Level",NA,"deg C","","YSI",NA,2025-07-23,NA,"","","Cold packs",NA,NA,NA
"10000026","Water","Surface Water","10000026-2025-04-30-pH",2025-04-30,NA,"","",60.53687,-150.754724,"","Field Msr/Obs",15,"cm","","","","","",NA,"pH","150.1","USEPA","",6.23333333333333,"None","=","Sampled",NA,"Total","Actual","","","Water Bottle",NA,"Limit of Quantitation",NA,"None","Method Detection Level",NA,"None","","YSI",NA,2025-04-30,NA,"","","Cold packs",NA,NA,NA
"10000026","Water","Surface Water","10000026-2025-07-23-pH",2025-07-23,NA,"","",60.53687,-150.754724,"","Field Msr/Obs",15,"cm","","","","","",NA,"pH","150.1","USEPA","",8.03,"None","=","Sampled",NA,"Total","Actual","","","Water Bottle",NA,"Limit of Quantitation",NA,"None","Method Detection Level",NA,"None","","YSI",NA,2025-07-23,NA,"","","Cold packs",NA,NA,NA
"10000027","Water","Surface Water","10000027-2025-04-30-DO",2025-04-30,NA,"","",60.515441,-150.702069,"","Field Msr/Obs",15,"cm","","","","","",NA,"Dissolved Oxygen","360.1","USEPA","",14.375,"mg/L","=","Sampled",NA,"Total","Actual","","","Water Bottle",NA,"Limit of Quantitation",NA,"mg/L","Method Detection Level",NA,"mg/L","","YSI",NA,2025-04-30,NA,"","","Cold packs",NA,NA,NA
"10000027","Water","Surface Water","10000027-2025-07-23-DO",2025-07-23,NA,"","",60.515441,-150.702069,"","Field Msr/Obs",15,"cm","","","","","",NA,"Dissolved Oxygen","360.1","USEPA","",10.835,"mg/L","=","Sampled",NA,"Total","Actual","","","Water Bottle",NA,"Limit of Quantitation",NA,"mg/L","Method Detection Level",NA,"mg/L","","YSI",NA,2025-07-23,NA,"","","Cold packs",NA,NA,NA
"10000027","Water","Surface Water","10000027-2025-04-30-SpCond",2025-04-30,NA,"","",60.515441,-150.702069,"","Field Msr/Obs",15,"cm","","","","","",NA,"Specific Conductance","120.1","USEPA","",91,"uS/cm","=","Sampled",NA,"Total","Actual","","","Water Bottle",NA,"Limit of Quantitation",NA,"uS/cm","Method Detection Level",NA,"uS/cm","","YSI",NA,2025-04-30,NA,"","","Cold packs",NA,NA,NA
"10000027","Water","Surface Water","10000027-2025-07-23-SpCond",2025-07-23,NA,"","",60.515441,-150.702069,"","Field Msr/Obs",15,"cm","","","","","",NA,"Specific Conductance","120.1","USEPA","",0.0646,"uS/cm","=","Sampled",NA,"Total","Actual","","","Water Bottle",NA,"Limit of Quantitation",NA,"uS/cm","Method Detection Level",NA,"uS/cm","","YSI",NA,2025-07-23,NA,"","","Cold packs",NA,NA,NA
"10000027","Water","Surface Water","10000027-2025-04-30-Turb",2025-04-30,09:26:00.000000,"","",60.515441,-150.702069,"","Field Msr/Obs",15,"cm","","","","","",NA,"Turbidity","180.1","USEPA","",2.915,"NTU","=","Sampled",NA,"Total","Actual","","","Water Bottle",NA,"Limit of Quantitation",NA,"NTU","Method Detection Level",NA,"NTU","","YSI",NA,2025-04-30,09:26:00,"","","Cold packs",NA,NA,NA
"10000027","Water","Surface Water","10000027-2025-07-23-Turb",2025-07-23,07:50:00.000000,"","",60.515441,-150.702069,"","Field Msr/Obs",15,"cm","","","","","",NA,"Turbidity","180.1","USEPA","",4.665,"NTU","=","Sampled",NA,"Total","Actual","","","Water Bottle",NA,"Limit of Quantitation",NA,"NTU","Method Detection Level",NA,"NTU","","YSI",NA,2025-07-23,07:50:00,"","","Cold packs",NA,NA,NA
"10000027","Water","Surface Water","10000027-2025-04-30-Temp",2025-04-30,NA,"","",60.515441,-150.702069,"","Field Msr/Obs",15,"cm","","","","","",NA,"Water Temperature","170.1","USEPA","",4.25,"deg C","=","Sampled",NA,"Total","Actual","","","Water Bottle",NA,"Limit of Quantitation",NA,"deg C","Method Detection Level",NA,"deg C","","YSI",NA,2025-04-30,NA,"","","Cold packs",NA,NA,NA
"10000027","Water","Surface Water","10000027-2025-07-23-Temp",2025-07-23,NA,"","",60.515441,-150.702069,"","Field Msr/Obs",15,"cm","","","","","",NA,"Water Temperature","170.1","USEPA","",11.1,"deg C","=","Sampled",NA,"Total","Actual","","","Water Bottle",NA,"Limit of Quantitation",NA,"deg C","Method Detection Level",NA,"deg C","","YSI",NA,2025-07-23,NA,"","","Cold packs",NA,NA,NA
"10000027","Water","Surface Water","10000027-2025-04-30-pH",2025-04-30,NA,"","",60.515441,-150.702069,"","Field Msr/Obs",15,"cm","","","","","",NA,"pH","150.1","USEPA","",6.14,"None","=","Sampled",NA,"Total","Actual","","","Water Bottle",NA,"Limit of Quantitation",NA,"None","Method Detection Level",NA,"None","","YSI",NA,2025-04-30,NA,"","","Cold packs",NA,NA,NA
"10000027","Water","Surface Water","10000027-2025-07-23-pH",2025-07-23,NA,"","",60.515441,-150.702069,"","Field Msr/Obs",15,"cm","","","","","",NA,"pH","150.1","USEPA","",7.2,"None","=","Sampled",NA,"Total","Actual","","","Water Bottle",NA,"Limit of Quantitation",NA,"None","Method Detection Level",NA,"None","","YSI",NA,2025-07-23,NA,"","","Cold packs",NA,NA,NA
"10000028","Water","Surface Water","10000028-2025-04-30-DO",2025-04-30,NA,"","",60.489844,-150.636905,"","Field Msr/Obs",15,"cm","","","","","",NA,"Dissolved Oxygen","360.1","USEPA","",14.62,"mg/L","=","Sampled",NA,"Total","Actual","","","Water Bottle",NA,"Limit of Quantitation",NA,"mg/L","Method Detection Level",NA,"mg/L","","YSI",NA,2025-04-30,NA,"","","Cold packs",NA,NA,NA
"10000028","Water","Surface Water","10000028-2025-07-23-DO",2025-07-23,NA,"","",60.489844,-150.636905,"","Field Msr/Obs",15,"cm","","","","","",NA,"Dissolved Oxygen","360.1","USEPA","",12.2,"mg/L","=","Sampled",NA,"Total","Actual","","","Water Bottle",NA,"Limit of Quantitation",NA,"mg/L","Method Detection Level",NA,"mg/L","","YSI",NA,2025-07-23,NA,"","","Cold packs",NA,NA,NA
"10000028","Water","Surface Water","10000028-2025-04-30-SpCond",2025-04-30,NA,"","",60.489844,-150.636905,"","Field Msr/Obs",15,"cm","","","","","",NA,"Specific Conductance","120.1","USEPA","",79.8,"uS/cm","=","Sampled",NA,"Total","Actual","","","Water Bottle",NA,"Limit of Quantitation",NA,"uS/cm","Method Detection Level",NA,"uS/cm","","YSI",NA,2025-04-30,NA,"","","Cold packs",NA,NA,NA
"10000028","Water","Surface Water","10000028-2025-07-23-SpCond",2025-07-23,NA,"","",60.489844,-150.636905,"","Field Msr/Obs",15,"cm","","","","","",NA,"Specific Conductance","120.1","USEPA","",0.06335,"uS/cm","=","Sampled",NA,"Total","Actual","","","Water Bottle",NA,"Limit of Quantitation",NA,"uS/cm","Method Detection Level",NA,"uS/cm","","YSI",NA,2025-07-23,NA,"","","Cold packs",NA,NA,NA
"10000028","Water","Surface Water","10000028-2025-04-30-Turb",2025-04-30,09:48:00.000000,"","",60.489844,-150.636905,"","Field Msr/Obs",15,"cm","","","","","",NA,"Turbidity","180.1","USEPA","",2.935,"NTU","=","Sampled",NA,"Total","Actual","","","Water Bottle",NA,"Limit of Quantitation",NA,"NTU","Method Detection Level",NA,"NTU","","YSI",NA,2025-04-30,09:48:00,"","","Cold packs",NA,NA,NA
"10000028","Water","Surface Water","10000028-2025-07-23-Turb",2025-07-23,09:50:00.000000,"","",60.489844,-150.636905,"","Field Msr/Obs",15,"cm","","","","","",NA,"Turbidity","180.1","USEPA","",6.225,"NTU","=","Sampled",NA,"Total","Actual","","","Water Bottle",NA,"Limit of Quantitation",NA,"NTU","Method Detection Level",NA,"NTU","","YSI",NA,2025-07-23,09:50:00,"","","Cold packs",NA,NA,NA
"10000028","Water","Surface Water","10000028-2025-04-30-Temp",2025-04-30,NA,"","",60.489844,-150.636905,"","Field Msr/Obs",15,"cm","","","","","",NA,"Water Temperature","170.1","USEPA","",3.9,"deg C","=","Sampled",NA,"Total","Actual","","","Water Bottle",NA,"Limit of Quantitation",NA,"deg C","Method Detection Level",NA,"deg C","","YSI",NA,2025-04-30,NA,"","","Cold packs",NA,NA,NA
"10000028","Water","Surface Water","10000028-2025-07-23-Temp",2025-07-23,NA,"","",60.489844,-150.636905,"","Field Msr/Obs",15,"cm","","","","","",NA,"Water Temperature","170.1","USEPA","",11.45,"deg C","=","Sampled",NA,"Total","Actual","","","Water Bottle",NA,"Limit of Quantitation",NA,"deg C","Method Detection Level",NA,"deg C","","YSI",NA,2025-07-23,NA,"","","Cold packs",NA,NA,NA
"10000028","Water","Surface Water","10000028-2025-04-30-pH",2025-04-30,NA,"","",60.489844,-150.636905,"","Field Msr/Obs",15,"cm","","","","","",NA,"pH","150.1","USEPA","",7.03,"None","=","Sampled",NA,"Total","Actual","","","Water Bottle",NA,"Limit of Quantitation",NA,"None","Method Detection Level",NA,"None","","YSI",NA,2025-04-30,NA,"","","Cold packs",NA,NA,NA
"10000028","Water","Surface Water","10000028-2025-07-23-pH",2025-07-23,NA,"","",60.489844,-150.636905,"","Field Msr/Obs",15,"cm","","","","","",NA,"pH","150.1","USEPA","",7.74,"None","=","Sampled",NA,"Total","Actual","","","Water Bottle",NA,"Limit of Quantitation",NA,"None","Method Detection Level",NA,"None","","YSI",NA,2025-07-23,NA,"","","Cold packs",NA,NA,NA
"10000029","Water","Surface Water","10000029-2025-04-30-DO",2025-04-30,NA,"","",60.481518,-150.632498,"","Field Msr/Obs",15,"cm","","","","","",NA,"Dissolved Oxygen","360.1","USEPA","",13.1,"mg/L","=","Sampled",NA,"Total","Actual","","","Water Bottle",NA,"Limit of Quantitation",NA,"mg/L","Method Detection Level",NA,"mg/L","","YSI",NA,2025-04-30,NA,"","","Cold packs",NA,NA,NA
"10000029","Water","Surface Water","10000029-2025-07-23-DO",2025-07-23,NA,"","",60.481518,-150.632498,"","Field Msr/Obs",15,"cm","","","","","",NA,"Dissolved Oxygen","360.1","USEPA","",10.805,"mg/L","=","Sampled",NA,"Total","Actual","","","Water Bottle",NA,"Limit of Quantitation",NA,"mg/L","Method Detection Level",NA,"mg/L","","YSI",NA,2025-07-23,NA,"","","Cold packs",NA,NA,NA
"10000029","Water","Surface Water","10000029-2025-04-30-SpCond",2025-04-30,NA,"","",60.481518,-150.632498,"","Field Msr/Obs",15,"cm","","","","","",NA,"Specific Conductance","120.1","USEPA","",73.7,"uS/cm","=","Sampled",NA,"Total","Actual","","","Water Bottle",NA,"Limit of Quantitation",NA,"uS/cm","Method Detection Level",NA,"uS/cm","","YSI",NA,2025-04-30,NA,"","","Cold packs",NA,NA,NA
"10000029","Water","Surface Water","10000029-2025-07-23-SpCond",2025-07-23,NA,"","",60.481518,-150.632498,"","Field Msr/Obs",15,"cm","","","","","",NA,"Specific Conductance","120.1","USEPA","",0.0399,"uS/cm","=","Sampled",NA,"Total","Actual","","","Water Bottle",NA,"Limit of Quantitation",NA,"uS/cm","Method Detection Level",NA,"uS/cm","","YSI",NA,2025-07-23,NA,"","","Cold packs",NA,NA,NA
"10000029","Water","Surface Water","10000029-2025-04-30-Turb",2025-04-30,09:12:00.000000,"","",60.481518,-150.632498,"","Field Msr/Obs",15,"cm","","","","","",NA,"Turbidity","180.1","USEPA","",2.675,"NTU","=","Sampled",NA,"Total","Actual","","","Water Bottle",NA,"Limit of Quantitation",NA,"NTU","Method Detection Level",NA,"NTU","","YSI",NA,2025-04-30,09:12:00,"","","Cold packs",NA,NA,NA
"10000029","Water","Surface Water","10000029-2025-07-23-Turb",2025-07-23,09:30:00.000000,"","",60.481518,-150.632498,"","Field Msr/Obs",15,"cm","","","","","",NA,"Turbidity","180.1","USEPA","",18.7,"NTU","=","Sampled",NA,"Total","Actual","","","Water Bottle",NA,"Limit of Quantitation",NA,"NTU","Method Detection Level",NA,"NTU","","YSI",NA,2025-07-23,09:30:00,"","","Cold packs",NA,NA,NA
"10000029","Water","Surface Water","10000029-2025-04-30-Temp",2025-04-30,NA,"","",60.481518,-150.632498,"","Field Msr/Obs",15,"cm","","","","","",NA,"Water Temperature","170.1","USEPA","",4.7,"deg C","=","Sampled",NA,"Total","Actual","","","Water Bottle",NA,"Limit of Quantitation",NA,"deg C","Method Detection Level",NA,"deg C","","YSI",NA,2025-04-30,NA,"","","Cold packs",NA,NA,NA
"10000029","Water","Surface Water","10000029-2025-07-23-Temp",2025-07-23,NA,"","",60.481518,-150.632498,"","Field Msr/Obs",15,"cm","","","","","",NA,"Water Temperature","170.1","USEPA","",10.4,"deg C","=","Sampled",NA,"Total","Actual","","","Water Bottle",NA,"Limit of Quantitation",NA,"deg C","Method Detection Level",NA,"deg C","","YSI",NA,2025-07-23,NA,"","","Cold packs",NA,NA,NA
"10000029","Water","Surface Water","10000029-2025-04-30-pH",2025-04-30,NA,"","",60.481518,-150.632498,"","Field Msr/Obs",15,"cm","","","","","",NA,"pH","150.1","USEPA","",7.055,"None","=","Sampled",NA,"Total","Actual","","","Water Bottle",NA,"Limit of Quantitation",NA,"None","Method Detection Level",NA,"None","","YSI",NA,2025-04-30,NA,"","","Cold packs",NA,NA,NA
"10000029","Water","Surface Water","10000029-2025-07-23-pH",2025-07-23,NA,"","",60.481518,-150.632498,"","Field Msr/Obs",15,"cm","","","","","",NA,"pH","150.1","USEPA","",7.03,"None","=","Sampled",NA,"Total","Actual","","","Water Bottle",NA,"Limit of Quantitation",NA,"None","Method Detection Level",NA,"None","","YSI",NA,2025-07-23,NA,"","","Cold packs",NA,NA,NA
"10000030","Water","Surface Water","10000030-2025-07-23-DO",2025-07-23,NA,"","",60.467517,-150.507789,"","Field Msr/Obs",15,"cm","","","","","",NA,"Dissolved Oxygen","360.1","USEPA","",11.195,"mg/L","=","Sampled",NA,"Total","Actual","","","Water Bottle",NA,"Limit of Quantitation",NA,"mg/L","Method Detection Level",NA,"mg/L","","YSI",NA,2025-07-23,NA,"","","Cold packs",NA,NA,NA
"10000030","Water","Surface Water","10000030-2025-07-23-SpCond",2025-07-23,NA,"","",60.467517,-150.507789,"","Field Msr/Obs",15,"cm","","","","","",NA,"Specific Conductance","120.1","USEPA","",0.0675,"uS/cm","=","Sampled",NA,"Total","Actual","","","Water Bottle",NA,"Limit of Quantitation",NA,"uS/cm","Method Detection Level",NA,"uS/cm","","YSI",NA,2025-07-23,NA,"","","Cold packs",NA,NA,NA
"10000030","Water","Surface Water","10000030-2025-07-23-Turb",2025-07-23,08:55:00.000000,"","",60.467517,-150.507789,"","Field Msr/Obs",15,"cm","","","","","",NA,"Turbidity","180.1","USEPA","",1.085,"NTU","=","Sampled",NA,"Total","Actual","","","Water Bottle",NA,"Limit of Quantitation",NA,"NTU","Method Detection Level",NA,"NTU","","YSI",NA,2025-07-23,08:55:00,"","","Cold packs",NA,NA,NA
"10000030","Water","Surface Water","10000030-2025-07-23-Temp",2025-07-23,NA,"","",60.467517,-150.507789,"","Field Msr/Obs",15,"cm","","","","","",NA,"Water Temperature","170.1","USEPA","",12.2,"deg C","=","Sampled",NA,"Total","Actual","","","Water Bottle",NA,"Limit of Quantitation",NA,"deg C","Method Detection Level",NA,"deg C","","YSI",NA,2025-07-23,NA,"","","Cold packs",NA,NA,NA
"10000030","Water","Surface Water","10000030-2025-07-23-pH",2025-07-23,NA,"","",60.467517,-150.507789,"","Field Msr/Obs",15,"cm","","","","","",NA,"pH","150.1","USEPA","",7.88,"None","=","Sampled",NA,"Total","Actual","","","Water Bottle",NA,"Limit of Quantitation",NA,"None","Method Detection Level",NA,"None","","YSI",NA,2025-07-23,NA,"","","Cold packs",NA,NA,NA
"10000031","Water","Surface Water","10000031-2025-07-23-DO",2025-07-23,NA,"","",60.481392,-150.11502,"","Field Msr/Obs",15,"cm","","","","","",NA,"Dissolved Oxygen","360.1","USEPA","",12.36,"mg/L","=","Sampled",NA,"Total","Actual","","","Water Bottle",NA,"Limit of Quantitation",NA,"mg/L","Method Detection Level",NA,"mg/L","","YSI",NA,2025-07-23,NA,"","","Cold packs",NA,NA,NA
"10000031","Water","Surface Water","10000031-2025-04-30-SpCond",2025-04-30,NA,"","",60.481392,-150.11502,"","Field Msr/Obs",15,"cm","","","","","",NA,"Specific Conductance","120.1","USEPA","",80.35,"uS/cm","=","Sampled",NA,"Total","Actual","","","Water Bottle",NA,"Limit of Quantitation",NA,"uS/cm","Method Detection Level",NA,"uS/cm","","YSI",NA,2025-04-30,NA,"","","Cold packs",NA,NA,NA
"10000031","Water","Surface Water","10000031-2025-07-23-SpCond",2025-07-23,NA,"","",60.481392,-150.11502,"","Field Msr/Obs",15,"cm","","","","","",NA,"Specific Conductance","120.1","USEPA","",0.07775,"uS/cm","=","Sampled",NA,"Total","Actual","","","Water Bottle",NA,"Limit of Quantitation",NA,"uS/cm","Method Detection Level",NA,"uS/cm","","YSI",NA,2025-07-23,NA,"","","Cold packs",NA,NA,NA
"10000031","Water","Surface Water","10000031-2025-04-30-Turb",2025-04-30,10:45:00.000000,"","",60.481392,-150.11502,"","Field Msr/Obs",15,"cm","","","","","",NA,"Turbidity","180.1","USEPA","",1.315,"NTU","=","Sampled",NA,"Total","Actual","","","Water Bottle",NA,"Limit of Quantitation",NA,"NTU","Method Detection Level",NA,"NTU","","YSI",NA,2025-04-30,10:45:00,"","","Cold packs",NA,NA,NA
"10000031","Water","Surface Water","10000031-2025-07-23-Turb",2025-07-23,10:55:00.000000,"","",60.481392,-150.11502,"","Field Msr/Obs",15,"cm","","","","","",NA,"Turbidity","180.1","USEPA","",1.285,"NTU","=","Sampled",NA,"Total","Actual","","","Water Bottle",NA,"Limit of Quantitation",NA,"NTU","Method Detection Level",NA,"NTU","","YSI",NA,2025-07-23,10:55:00,"","","Cold packs",NA,NA,NA
"10000031","Water","Surface Water","10000031-2025-04-30-Temp",2025-04-30,NA,"","",60.481392,-150.11502,"","Field Msr/Obs",15,"cm","","","","","",NA,"Water Temperature","170.1","USEPA","",4,"deg C","=","Sampled",NA,"Total","Actual","","","Water Bottle",NA,"Limit of Quantitation",NA,"deg C","Method Detection Level",NA,"deg C","","YSI",NA,2025-04-30,NA,"","","Cold packs",NA,NA,NA
"10000031","Water","Surface Water","10000031-2025-07-23-Temp",2025-07-23,NA,"","",60.481392,-150.11502,"","Field Msr/Obs",15,"cm","","","","","",NA,"Water Temperature","170.1","USEPA","",9,"deg C","=","Sampled",NA,"Total","Actual","","","Water Bottle",NA,"Limit of Quantitation",NA,"deg C","Method Detection Level",NA,"deg C","","YSI",NA,2025-07-23,NA,"","","Cold packs",NA,NA,NA
"10000031","Water","Surface Water","10000031-2025-04-30-pH",2025-04-30,NA,"","",60.481392,-150.11502,"","Field Msr/Obs",15,"cm","","","","","",NA,"pH","150.1","USEPA","",7.18,"None","=","Sampled",NA,"Total","Actual","","","Water Bottle",NA,"Limit of Quantitation",NA,"None","Method Detection Level",NA,"None","","YSI",NA,2025-04-30,NA,"","","Cold packs",NA,NA,NA
"10000031","Water","Surface Water","10000031-2025-07-23-pH",2025-07-23,NA,"","",60.481392,-150.11502,"","Field Msr/Obs",15,"cm","","","","","",NA,"pH","150.1","USEPA","",7.275,"None","=","Sampled",NA,"Total","Actual","","","Water Bottle",NA,"Limit of Quantitation",NA,"None","Method Detection Level",NA,"None","","YSI",NA,2025-07-23,NA,"","","Cold packs",NA,NA,NA
"10000032","Water","Surface Water","10000032-2025-07-23-DO",2025-07-23,NA,"","",60.484622,-149.993955,"","Field Msr/Obs",15,"cm","","","","","",NA,"Dissolved Oxygen","360.1","USEPA","",10.875,"mg/L","=","Sampled",NA,"Total","Actual","","","Water Bottle",NA,"Limit of Quantitation",NA,"mg/L","Method Detection Level",NA,"mg/L","","YSI",NA,2025-07-23,NA,"","","Cold packs",NA,NA,NA
"10000032","Water","Surface Water","10000032-2025-04-30-SpCond",2025-04-30,NA,"","",60.484622,-149.993955,"","Field Msr/Obs",15,"cm","","","","","",NA,"Specific Conductance","120.1","USEPA","",80.9,"uS/cm","=","Sampled",NA,"Total","Actual","","","Water Bottle",NA,"Limit of Quantitation",NA,"uS/cm","Method Detection Level",NA,"uS/cm","","YSI",NA,2025-04-30,NA,"","","Cold packs",NA,NA,NA
"10000032","Water","Surface Water","10000032-2025-07-23-SpCond",2025-07-23,NA,"","",60.484622,-149.993955,"","Field Msr/Obs",15,"cm","","","","","",NA,"Specific Conductance","120.1","USEPA","",0.0825,"uS/cm","=","Sampled",NA,"Total","Actual","","","Water Bottle",NA,"Limit of Quantitation",NA,"uS/cm","Method Detection Level",NA,"uS/cm","","YSI",NA,2025-07-23,NA,"","","Cold packs",NA,NA,NA
"10000032","Water","Surface Water","10000032-2025-04-30-Turb",2025-04-30,10:05:00.000000,"","",60.484622,-149.993955,"","Field Msr/Obs",15,"cm","","","","","",NA,"Turbidity","180.1","USEPA","",0.505,"NTU","=","Sampled",NA,"Total","Actual","","","Water Bottle",NA,"Limit of Quantitation",NA,"NTU","Method Detection Level",NA,"NTU","","YSI",NA,2025-04-30,10:05:00,"","","Cold packs",NA,NA,NA
"10000032","Water","Surface Water","10000032-2025-07-23-Turb",2025-07-23,10:05:00.000000,"","",60.484622,-149.993955,"","Field Msr/Obs",15,"cm","","","","","",NA,"Turbidity","180.1","USEPA","",0.49,"NTU","=","Sampled",NA,"Total","Actual","","","Water Bottle",NA,"Limit of Quantitation",NA,"NTU","Method Detection Level",NA,"NTU","","YSI",NA,2025-07-23,10:05:00,"","","Cold packs",NA,NA,NA
"10000032","Water","Surface Water","10000032-2025-04-30-Temp",2025-04-30,NA,"","",60.484622,-149.993955,"","Field Msr/Obs",15,"cm","","","","","",NA,"Water Temperature","170.1","USEPA","",5.7,"deg C","=","Sampled",NA,"Total","Actual","","","Water Bottle",NA,"Limit of Quantitation",NA,"deg C","Method Detection Level",NA,"deg C","","YSI",NA,2025-04-30,NA,"","","Cold packs",NA,NA,NA
"10000032","Water","Surface Water","10000032-2025-07-23-Temp",2025-07-23,NA,"","",60.484622,-149.993955,"","Field Msr/Obs",15,"cm","","","","","",NA,"Water Temperature","170.1","USEPA","",12.75,"deg C","=","Sampled",NA,"Total","Actual","","","Water Bottle",NA,"Limit of Quantitation",NA,"deg C","Method Detection Level",NA,"deg C","","YSI",NA,2025-07-23,NA,"","","Cold packs",NA,NA,NA
"10000032","Water","Surface Water","10000032-2025-04-30-pH",2025-04-30,NA,"","",60.484622,-149.993955,"","Field Msr/Obs",15,"cm","","","","","",NA,"pH","150.1","USEPA","",7.49,"None","=","Sampled",NA,"Total","Actual","","","Water Bottle",NA,"Limit of Quantitation",NA,"None","Method Detection Level",NA,"None","","YSI",NA,2025-04-30,NA,"","","Cold packs",NA,NA,NA
"10000032","Water","Surface Water","10000032-2025-07-23-pH",2025-07-23,NA,"","",60.484622,-149.993955,"","Field Msr/Obs",15,"cm","","","","","",NA,"pH","150.1","USEPA","",7.565,"None","=","Sampled",NA,"Total","Actual","","","Water Bottle",NA,"Limit of Quantitation",NA,"None","Method Detection Level",NA,"None","","YSI",NA,2025-07-23,NA,"","","Cold packs",NA,NA,NA
"10000424","Water","Surface Water","10000424-2025-07-23-DO",2025-07-23,NA,"","",60.489,-149.877,"","Field Msr/Obs",15,"cm","","","","","",NA,"Dissolved Oxygen","360.1","USEPA","",11.285,"mg/L","=","Sampled",NA,"Total","Actual","","","Water Bottle",NA,"Limit of Quantitation",NA,"mg/L","Method Detection Level",NA,"mg/L","","YSI",NA,2025-07-23,NA,"","","Cold packs",NA,NA,NA
"10000424","Water","Surface Water","10000424-2025-04-30-SpCond",2025-04-30,NA,"","",60.489,-149.877,"","Field Msr/Obs",15,"cm","","","","","",NA,"Specific Conductance","120.1","USEPA","",80.45,"uS/cm","=","Sampled",NA,"Total","Actual","","","Water Bottle",NA,"Limit of Quantitation",NA,"uS/cm","Method Detection Level",NA,"uS/cm","","YSI",NA,2025-04-30,NA,"","","Cold packs",NA,NA,NA
"10000424","Water","Surface Water","10000424-2025-07-23-SpCond",2025-07-23,NA,"","",60.489,-149.877,"","Field Msr/Obs",15,"cm","","","","","",NA,"Specific Conductance","120.1","USEPA","",0.067,"uS/cm","=","Sampled",NA,"Total","Actual","","","Water Bottle",NA,"Limit of Quantitation",NA,"uS/cm","Method Detection Level",NA,"uS/cm","","YSI",NA,2025-07-23,NA,"","","Cold packs",NA,NA,NA
"10000424","Water","Surface Water","10000424-2025-04-30-Turb",2025-04-30,09:05:00.000000,"","",60.489,-149.877,"","Field Msr/Obs",15,"cm","","","","","",NA,"Turbidity","180.1","USEPA","",0.52,"NTU","=","Sampled",NA,"Total","Actual","","","Water Bottle",NA,"Limit of Quantitation",NA,"NTU","Method Detection Level",NA,"NTU","","YSI",NA,2025-04-30,09:05:00,"","","Cold packs",NA,NA,NA
"10000424","Water","Surface Water","10000424-2025-07-23-Turb",2025-07-23,09:00:00.000000,"","",60.489,-149.877,"","Field Msr/Obs",15,"cm","","","","","",NA,"Turbidity","180.1","USEPA","",0.81,"NTU","=","Sampled",NA,"Total","Actual","","","Water Bottle",NA,"Limit of Quantitation",NA,"NTU","Method Detection Level",NA,"NTU","","YSI",NA,2025-07-23,09:00:00,"","","Cold packs",NA,NA,NA
"10000424","Water","Surface Water","10000424-2025-04-30-Temp",2025-04-30,NA,"","",60.489,-149.877,"","Field Msr/Obs",15,"cm","","","","","",NA,"Water Temperature","170.1","USEPA","",2.6,"deg C","=","Sampled",NA,"Total","Actual","","","Water Bottle",NA,"Limit of Quantitation",NA,"deg C","Method Detection Level",NA,"deg C","","YSI",NA,2025-04-30,NA,"","","Cold packs",NA,NA,NA
"10000424","Water","Surface Water","10000424-2025-07-23-Temp",2025-07-23,NA,"","",60.489,-149.877,"","Field Msr/Obs",15,"cm","","","","","",NA,"Water Temperature","170.1","USEPA","",9.6,"deg C","=","Sampled",NA,"Total","Actual","","","Water Bottle",NA,"Limit of Quantitation",NA,"deg C","Method Detection Level",NA,"deg C","","YSI",NA,2025-07-23,NA,"","","Cold packs",NA,NA,NA
"10000424","Water","Surface Water","10000424-2025-04-30-pH",2025-04-30,NA,"","",60.489,-149.877,"","Field Msr/Obs",15,"cm","","","","","",NA,"pH","150.1","USEPA","",7.185,"None","=","Sampled",NA,"Total","Actual","","","Water Bottle",NA,"Limit of Quantitation",NA,"None","Method Detection Level",NA,"None","","YSI",NA,2025-04-30,NA,"","","Cold packs",NA,NA,NA
"10000424","Water","Surface Water","10000424-2025-07-23-pH",2025-07-23,NA,"","",60.489,-149.877,"","Field Msr/Obs",15,"cm","","","","","",NA,"pH","150.1","USEPA","",7.205,"None","=","Sampled",NA,"Total","Actual","","","Water Bottle",NA,"Limit of Quantitation",NA,"None","Method Detection Level",NA,"None","","YSI",NA,2025-07-23,NA,"","","Cold packs",NA,NA,NA
"10000425","Water","Surface Water","10000425-2025-04-30-DO",2025-04-30,NA,"","",60.492007,-149.810844,"","Field Msr/Obs",15,"cm","","","","","",NA,"Dissolved Oxygen","360.1","USEPA","",16.95,"mg/L","=","Sampled",NA,"Total","Actual","","","Water Bottle",NA,"Limit of Quantitation",NA,"mg/L","Method Detection Level",NA,"mg/L","","YSI",NA,2025-04-30,NA,"","","Cold packs",NA,NA,NA
"10000425","Water","Surface Water","10000425-2025-07-23-DO",2025-07-23,NA,"","",60.492007,-149.810844,"","Field Msr/Obs",15,"cm","","","","","",NA,"Dissolved Oxygen","360.1","USEPA","",12.125,"mg/L","=","Sampled",NA,"Total","Actual","","","Water Bottle",NA,"Limit of Quantitation",NA,"mg/L","Method Detection Level",NA,"mg/L","","YSI",NA,2025-07-23,NA,"","","Cold packs",NA,NA,NA
"10000425","Water","Surface Water","10000425-2025-04-30-SpCond",2025-04-30,NA,"","",60.492007,-149.810844,"","Field Msr/Obs",15,"cm","","","","","",NA,"Specific Conductance","120.1","USEPA","",76.65,"uS/cm","=","Sampled",NA,"Total","Actual","","","Water Bottle",NA,"Limit of Quantitation",NA,"uS/cm","Method Detection Level",NA,"uS/cm","","YSI",NA,2025-04-30,NA,"","","Cold packs",NA,NA,NA
"10000425","Water","Surface Water","10000425-2025-07-23-SpCond",2025-07-23,NA,"","",60.492007,-149.810844,"","Field Msr/Obs",15,"cm","","","","","",NA,"Specific Conductance","120.1","USEPA","",0.0767,"uS/cm","=","Sampled",NA,"Total","Actual","","","Water Bottle",NA,"Limit of Quantitation",NA,"uS/cm","Method Detection Level",NA,"uS/cm","","YSI",NA,2025-07-23,NA,"","","Cold packs",NA,NA,NA
"10000425","Water","Surface Water","10000425-2025-04-30-Turb",2025-04-30,08:05:00.000000,"","",60.492007,-149.810844,"","Field Msr/Obs",15,"cm","","","","","",NA,"Turbidity","180.1","USEPA","",1.615,"NTU","=","Sampled",NA,"Total","Actual","","","Water Bottle",NA,"Limit of Quantitation",NA,"NTU","Method Detection Level",NA,"NTU","","YSI",NA,2025-04-30,08:05:00,"","","Cold packs",NA,NA,NA
"10000425","Water","Surface Water","10000425-2025-07-23-Turb",2025-07-23,08:15:00.000000,"","",60.492007,-149.810844,"","Field Msr/Obs",15,"cm","","","","","",NA,"Turbidity","180.1","USEPA","",1.07,"NTU","=","Sampled",NA,"Total","Actual","","","Water Bottle",NA,"Limit of Quantitation",NA,"NTU","Method Detection Level",NA,"NTU","","YSI",NA,2025-07-23,08:15:00,"","","Cold packs",NA,NA,NA
"10000425","Water","Surface Water","10000425-2025-04-30-Temp",2025-04-30,NA,"","",60.492007,-149.810844,"","Field Msr/Obs",15,"cm","","","","","",NA,"Water Temperature","170.1","USEPA","",3.7,"deg C","=","Sampled",NA,"Total","Actual","","","Water Bottle",NA,"Limit of Quantitation",NA,"deg C","Method Detection Level",NA,"deg C","","YSI",NA,2025-04-30,NA,"","","Cold packs",NA,NA,NA
"10000425","Water","Surface Water","10000425-2025-07-23-Temp",2025-07-23,NA,"","",60.492007,-149.810844,"","Field Msr/Obs",15,"cm","","","","","",NA,"Water Temperature","170.1","USEPA","",8.5,"deg C","=","Sampled",NA,"Total","Actual","","","Water Bottle",NA,"Limit of Quantitation",NA,"deg C","Method Detection Level",NA,"deg C","","YSI",NA,2025-07-23,NA,"","","Cold packs",NA,NA,NA
"10000425","Water","Surface Water","10000425-2025-04-30-pH",2025-04-30,NA,"","",60.492007,-149.810844,"","Field Msr/Obs",15,"cm","","","","","",NA,"pH","150.1","USEPA","",7.08,"None","=","Sampled",NA,"Total","Actual","","","Water Bottle",NA,"Limit of Quantitation",NA,"None","Method Detection Level",NA,"None","","YSI",NA,2025-04-30,NA,"","","Cold packs",NA,NA,NA
"10000425","Water","Surface Water","10000425-2025-07-23-pH",2025-07-23,NA,"","",60.492007,-149.810844,"","Field Msr/Obs",15,"cm","","","","","",NA,"pH","150.1","USEPA","",6.985,"None","=","Sampled",NA,"Total","Actual","","","Water Bottle",NA,"Limit of Quantitation",NA,"None","Method Detection Level",NA,"None","","YSI",NA,2025-07-23,NA,"","","Cold packs",NA,NA,NA
