"","monitoring_location_id","activity_media_name","activity_media_subdivision_name","activity_id","activity_start_date","activity_start_time","activity_end_date","activity_end_time","activity_latitude","activity_longitude","activity_source_map_scale","activity_type","activity_depth_height_measure","activity_depth_height_unit","activity_top_depth_height_measure","activity_top_depth_height_unit","activity_bottom_depth_height_measure","activity_bottom_depth_height_unit","activity_relative_depth_name","activity_comment","characteristic_name","result_analytical_method_id","result_analytical_method_context","method_speciation","result_value","result_unit","result_qualifier","result_weight_basis","statistical_base_code","result_sample_fraction","result_value_type","result_comment","sample_collection_method_id","equipment_id","result_detection_condition","result_detection_limit_type_1","result_detection_limit_value_1","result_detection_limit_unit_1","result_detection_limit_type_2","result_detection_limit_value_2","result_detection_limit_unit_2","laboratory_accreditation_indicator","laboratory_name","laboratory_sample_id","analysis_start_date","analysis_start_time","biological_intent","subject_taxonomic_name","thermal_preservative","sample_container_type","sample_container_color","chemical_preservative","flag","time_zone"
"1",10000020,"Water","Surface Water","10000020-2025-04-30-Cd","2025-04-30","09:58:00.000000",NA,NA,60.48175453,-151.1306816,NA,"Field Msr/Obs",15,"cm",NA,NA,NA,NA,NA,1251731,"Cadmium","200.8","USEPA",NA,0,"ug/L","U","Sampled",NA,"Dissolved","Actual",NA,NA,"Water Bottle","Not Detected","Limit of Quantitation",0.5,"ug/L","Method Detection Level",0.375,"ug/L",NA,"SGS",1251731031,"2025-05-02","19:46:00",NA,NA,"Cold packs","Plastic Bottle","Opaque",NA,"N","AKDT"
"2",10000020,"Water","Surface Water","10000020-2025-04-30-Cr","2025-04-30","09:58:00.000000",NA,NA,60.48175453,-151.1306816,NA,"Field Msr/Obs",15,"cm",NA,NA,NA,NA,NA,1251731,"Chromium","200.8","USEPA",NA,0,"ug/L","U","Sampled",NA,"Dissolved","Actual",NA,NA,"Water Bottle","Not Detected","Limit of Quantitation",5,"ug/L","Method Detection Level",3.75,"ug/L",NA,"SGS",1251731031,"2025-05-02","19:46:00",NA,NA,"Cold packs","Plastic Bottle","Opaque",NA,"N","AKDT"
"3",10000020,"Water","Surface Water","10000020-2025-04-30-Cu","2025-04-30","09:58:00.000000",NA,NA,60.48175453,-151.1306816,NA,"Field Msr/Obs",15,"cm",NA,NA,NA,NA,NA,1251731,"Copper","200.8","USEPA",NA,0,"ug/L","U","Sampled",NA,"Unfiltered","Actual",NA,NA,"Water Bottle","Not Detected","Limit of Quantitation",3,"ug/L","Method Detection Level",2.25,"ug/L",NA,"SGS",1251731007,"2025-05-02","15:36:00",NA,NA,"Cold packs","Plastic Bottle","Opaque",NA,"N","AKDT"
"4",10000020,"Water","Surface Water","10000020-2025-04-30-Cu","2025-04-30","09:58:00.000000",NA,NA,60.48175453,-151.1306816,NA,"Field Msr/Obs",15,"cm",NA,NA,NA,NA,NA,1251731,"Copper","200.8","USEPA",NA,0,"ug/L","U","Sampled",NA,"Dissolved","Actual",NA,NA,"Water Bottle","Not Detected","Limit of Quantitation",3,"ug/L","Method Detection Level",2.25,"ug/L",NA,"SGS",1251731031,"2025-05-02","19:46:00",NA,NA,"Cold packs","Plastic Bottle","Opaque",NA,"N","AKDT"
"5",10000020,"Water","Surface Water","10000020-2025-04-30-Pb","2025-04-30","09:58:00.000000",NA,NA,60.48175453,-151.1306816,NA,"Field Msr/Obs",15,"cm",NA,NA,NA,NA,NA,1251731,"Lead","200.8","USEPA",NA,0,"ug/L","U","Sampled",NA,"Dissolved","Actual",NA,NA,"Water Bottle","Not Detected","Limit of Quantitation",2,"ug/L","Method Detection Level",1.5,"ug/L",NA,"SGS",1251731031,"2025-05-02","19:46:00",NA,NA,"Cold packs","Plastic Bottle","Opaque",NA,"N","AKDT"
"6",10000022,"Water","Surface Water","10000022-2025-04-30-Cu-DUP","2025-04-30","10:42:00.000000",NA,NA,60.483364,-151.057656,NA,"Quality Control Field Replicate Msr/Obs",15,"cm",NA,NA,NA,NA,NA,1251731,"Copper","200.8","USEPA",NA,0,"ug/L","U","Sampled",NA,"Unfiltered","Actual",NA,NA,"Water Bottle","Not Detected","Limit of Quantitation",3,"ug/L","Method Detection Level",2.25,"ug/L",NA,"SGS",1251731010,"2025-05-02","15:54:00",NA,NA,"Cold packs","Plastic Bottle","Opaque",NA,"N","AKDT"
"7",10000008,"Water","Surface Water","10000008-2025-04-30-Cd","2025-04-30","09:48:00.000000",NA,NA,60.550888,-151.268417,NA,"Field Msr/Obs",15,"cm",NA,NA,NA,NA,NA,1251731,"Cadmium","200.8","USEPA",NA,0,"ug/L","U","Sampled",NA,"Dissolved","Actual",NA,NA,"Water Bottle","Not Detected","Limit of Quantitation",0.5,"ug/L","Method Detection Level",0.375,"ug/L",NA,"SGS",1251731025,"2025-05-02","19:28:00",NA,NA,"Cold packs","Plastic Bottle","Opaque",NA,"N","AKDT"
"8",10000008,"Water","Surface Water","10000008-2025-04-30-Cr","2025-04-30","09:48:00.000000",NA,NA,60.550888,-151.268417,NA,"Field Msr/Obs",15,"cm",NA,NA,NA,NA,NA,1251731,"Chromium","200.8","USEPA",NA,0,"ug/L","U","Sampled",NA,"Dissolved","Actual",NA,NA,"Water Bottle","Not Detected","Limit of Quantitation",5,"ug/L","Method Detection Level",3.75,"ug/L",NA,"SGS",1251731025,"2025-05-02","19:28:00",NA,NA,"Cold packs","Plastic Bottle","Opaque",NA,"N","AKDT"
"9",10000008,"Water","Surface Water","10000008-2025-04-30-Cu","2025-04-30","09:48:00.000000",NA,NA,60.550888,-151.268417,NA,"Field Msr/Obs",15,"cm",NA,NA,NA,NA,NA,1251731,"Copper","200.8","USEPA",NA,0,"ug/L","U","Sampled",NA,"Dissolved","Actual",NA,NA,"Water Bottle","Not Detected","Limit of Quantitation",3,"ug/L","Method Detection Level",2.25,"ug/L",NA,"SGS",1251731025,"2025-05-02","19:28:00",NA,NA,"Cold packs","Plastic Bottle","Opaque",NA,"N","AKDT"
"10",10000008,"Water","Surface Water","10000008-2025-04-30-Pb","2025-04-30","09:48:00.000000",NA,NA,60.550888,-151.268417,NA,"Field Msr/Obs",15,"cm",NA,NA,NA,NA,NA,1251731,"Lead","200.8","USEPA",NA,0,"ug/L","U","Sampled",NA,"Dissolved","Actual",NA,NA,"Water Bottle","Not Detected","Limit of Quantitation",2,"ug/L","Method Detection Level",1.5,"ug/L",NA,"SGS",1251731025,"2025-05-02","19:28:00",NA,NA,"Cold packs","Plastic Bottle","Opaque",NA,"N","AKDT"
"11",10000002,"Water","Surface Water","10000002-2025-04-30-Cd","2025-04-30","10:26:00.000000",NA,NA,60.54368,-151.22294,NA,"Field Msr/Obs",15,"cm",NA,NA,NA,NA,NA,1251731,"Cadmium","200.8","USEPA",NA,0,"ug/L","U","Sampled",NA,"Dissolved","Actual",NA,NA,"Water Bottle","Not Detected","Limit of Quantitation",0.5,"ug/L","Method Detection Level",0.375,"ug/L",NA,"SGS",1251731026,"2025-05-02","19:31:00",NA,NA,"Cold packs","Plastic Bottle","Opaque",NA,"N","AKDT"
"12",10000002,"Water","Surface Water","10000002-2025-04-30-Cr","2025-04-30","10:26:00.000000",NA,NA,60.54368,-151.22294,NA,"Field Msr/Obs",15,"cm",NA,NA,NA,NA,NA,1251731,"Chromium","200.8","USEPA",NA,0,"ug/L","U","Sampled",NA,"Dissolved","Actual",NA,NA,"Water Bottle","Not Detected","Limit of Quantitation",5,"ug/L","Method Detection Level",3.75,"ug/L",NA,"SGS",1251731026,"2025-05-02","19:31:00",NA,NA,"Cold packs","Plastic Bottle","Opaque",NA,"N","AKDT"
"13",10000002,"Water","Surface Water","10000002-2025-04-30-Pb","2025-04-30","10:26:00.000000",NA,NA,60.54368,-151.22294,NA,"Field Msr/Obs",15,"cm",NA,NA,NA,NA,NA,1251731,"Lead","200.8","USEPA",NA,0,"ug/L","U","Sampled",NA,"Dissolved","Actual",NA,NA,"Water Bottle","Not Detected","Limit of Quantitation",2,"ug/L","Method Detection Level",1.5,"ug/L",NA,"SGS",1251731026,"2025-05-02","19:31:00",NA,NA,"Cold packs","Plastic Bottle","Opaque",NA,"N","AKDT"
"14",10000002,"Water","Surface Water","10000002-2025-04-30-Cd-NA","2025-04-30","10:23:00.000000",NA,NA,60.54368,-151.22294,NA,"Field Msr/Obs",15,"cm",NA,NA,NA,NA,NA,1251731,"Cadmium","200.8","USEPA",NA,0,"ug/L","U","Sampled",NA,"Dissolved","Actual",NA,NA,"Water Bottle","Not Detected","Limit of Quantitation",0.5,"ug/L","Method Detection Level",0.375,"ug/L",NA,"SGS",1251731038,"2025-05-08","11:05:00",NA,NA,"Cold packs","Plastic Bottle","Opaque",NA,"N","AKDT"
"15",10000002,"Water","Surface Water","10000002-2025-04-30-Cr-NA","2025-04-30","10:23:00.000000",NA,NA,60.54368,-151.22294,NA,"Field Msr/Obs",15,"cm",NA,NA,NA,NA,NA,1251731,"Chromium","200.8","USEPA",NA,0,"ug/L","U","Sampled",NA,"Dissolved","Actual",NA,NA,"Water Bottle","Not Detected","Limit of Quantitation",5,"ug/L","Method Detection Level",3.75,"ug/L",NA,"SGS",1251731038,"2025-05-08","11:05:00",NA,NA,"Cold packs","Plastic Bottle","Opaque",NA,"N","AKDT"
"16",10000002,"Water","Surface Water","10000002-2025-04-30-Cu-NA","2025-04-30","10:23:00.000000",NA,NA,60.54368,-151.22294,NA,"Field Msr/Obs",15,"cm",NA,NA,NA,NA,NA,1251731,"Copper","200.8","USEPA",NA,0,"ug/L","U","Sampled",NA,"Dissolved","Actual",NA,NA,"Water Bottle","Not Detected","Limit of Quantitation",3,"ug/L","Method Detection Level",2.25,"ug/L",NA,"SGS",1251731038,"2025-05-08","11:05:00",NA,NA,"Cold packs","Plastic Bottle","Opaque",NA,"N","AKDT"
"17",10000002,"Water","Surface Water","10000002-2025-04-30-Pb-NA","2025-04-30","10:23:00.000000",NA,NA,60.54368,-151.22294,NA,"Field Msr/Obs",15,"cm",NA,NA,NA,NA,NA,1251731,"Lead","200.8","USEPA",NA,0,"ug/L","U","Sampled",NA,"Dissolved","Actual",NA,NA,"Water Bottle","Not Detected","Limit of Quantitation",2,"ug/L","Method Detection Level",1.5,"ug/L",NA,"SGS",1251731038,"2025-05-08","11:05:00",NA,NA,"Cold packs","Plastic Bottle","Opaque",NA,"N","AKDT"
"18",10000015,"Water","Surface Water","10000015-2025-04-30-Cd","2025-04-30","09:50:00.000000",NA,NA,60.548029,-151.14324,NA,"Field Msr/Obs",15,"cm",NA,NA,NA,NA,NA,1251731,"Cadmium","200.8","USEPA",NA,0,"ug/L","U","Sampled",NA,"Dissolved","Actual",NA,NA,"Water Bottle","Not Detected","Limit of Quantitation",0.5,"ug/L","Method Detection Level",0.375,"ug/L",NA,"SGS",1251731027,"2025-05-02","19:34:00",NA,NA,"Cold packs","Plastic Bottle","Opaque",NA,"N","AKDT"
"19",10000015,"Water","Surface Water","10000015-2025-04-30-Cr","2025-04-30","09:50:00.000000",NA,NA,60.548029,-151.14324,NA,"Field Msr/Obs",15,"cm",NA,NA,NA,NA,NA,1251731,"Chromium","200.8","USEPA",NA,0,"ug/L","U","Sampled",NA,"Dissolved","Actual",NA,NA,"Water Bottle","Not Detected","Limit of Quantitation",5,"ug/L","Method Detection Level",3.75,"ug/L",NA,"SGS",1251731027,"2025-05-02","19:34:00",NA,NA,"Cold packs","Plastic Bottle","Opaque",NA,"N","AKDT"
"20",10000015,"Water","Surface Water","10000015-2025-04-30-Cu","2025-04-30","09:50:00.000000",NA,NA,60.548029,-151.14324,NA,"Field Msr/Obs",15,"cm",NA,NA,NA,NA,NA,1251731,"Copper","200.8","USEPA",NA,0,"ug/L","U","Sampled",NA,"Dissolved","Actual",NA,NA,"Water Bottle","Not Detected","Limit of Quantitation",3,"ug/L","Method Detection Level",2.25,"ug/L",NA,"SGS",1251731027,"2025-05-02","19:34:00",NA,NA,"Cold packs","Plastic Bottle","Opaque",NA,"N","AKDT"
"21",10000015,"Water","Surface Water","10000015-2025-04-30-Pb","2025-04-30","09:50:00.000000",NA,NA,60.548029,-151.14324,NA,"Field Msr/Obs",15,"cm",NA,NA,NA,NA,NA,1251731,"Lead","200.8","USEPA",NA,0,"ug/L","U","Sampled",NA,"Dissolved","Actual",NA,NA,"Water Bottle","Not Detected","Limit of Quantitation",2,"ug/L","Method Detection Level",1.5,"ug/L",NA,"SGS",1251731027,"2025-05-02","19:34:00",NA,NA,"Cold packs","Plastic Bottle","Opaque",NA,"N","AKDT"
"22",10000018,"Water","Surface Water","10000018-2025-04-30-As","2025-04-30","10:47:00.000000",NA,NA,60.502005,-151.106973,NA,"Field Msr/Obs",15,"cm",NA,NA,NA,NA,NA,1251731,"Arsenic","200.8","USEPA",NA,0,"ug/L","U","Sampled",NA,"Dissolved","Actual",NA,NA,"Water Bottle","Not Detected","Limit of Quantitation",5,"ug/L","Method Detection Level",3.75,"ug/L",NA,"SGS",1251731029,"2025-05-02","19:40:00",NA,NA,"Cold packs","Plastic Bottle","Opaque",NA,"N","AKDT"
"23",10000018,"Water","Surface Water","10000018-2025-04-30-Cd","2025-04-30","10:47:00.000000",NA,NA,60.502005,-151.106973,NA,"Field Msr/Obs",15,"cm",NA,NA,NA,NA,NA,1251731,"Cadmium","200.8","USEPA",NA,0,"ug/L","U","Sampled",NA,"Dissolved","Actual",NA,NA,"Water Bottle","Not Detected","Limit of Quantitation",0.5,"ug/L","Method Detection Level",0.375,"ug/L",NA,"SGS",1251731029,"2025-05-02","19:40:00",NA,NA,"Cold packs","Plastic Bottle","Opaque",NA,"N","AKDT"
"24",10000018,"Water","Surface Water","10000018-2025-04-30-Cr","2025-04-30","10:47:00.000000",NA,NA,60.502005,-151.106973,NA,"Field Msr/Obs",15,"cm",NA,NA,NA,NA,NA,1251731,"Chromium","200.8","USEPA",NA,0,"ug/L","U","Sampled",NA,"Dissolved","Actual",NA,NA,"Water Bottle","Not Detected","Limit of Quantitation",5,"ug/L","Method Detection Level",3.75,"ug/L",NA,"SGS",1251731029,"2025-05-02","19:40:00",NA,NA,"Cold packs","Plastic Bottle","Opaque",NA,"N","AKDT"
"25",10000018,"Water","Surface Water","10000018-2025-04-30-Cu","2025-04-30","10:47:00.000000",NA,NA,60.502005,-151.106973,NA,"Field Msr/Obs",15,"cm",NA,NA,NA,NA,NA,1251731,"Copper","200.8","USEPA",NA,0,"ug/L","U","Sampled",NA,"Dissolved","Actual",NA,NA,"Water Bottle","Not Detected","Limit of Quantitation",3,"ug/L","Method Detection Level",2.25,"ug/L",NA,"SGS",1251731029,"2025-05-02","19:40:00",NA,NA,"Cold packs","Plastic Bottle","Opaque",NA,"N","AKDT"
"26",10000018,"Water","Surface Water","10000018-2025-04-30-Pb","2025-04-30","10:47:00.000000",NA,NA,60.502005,-151.106973,NA,"Field Msr/Obs",15,"cm",NA,NA,NA,NA,NA,1251731,"Lead","200.8","USEPA",NA,0,"ug/L","U","Sampled",NA,"Dissolved","Actual",NA,NA,"Water Bottle","Not Detected","Limit of Quantitation",2,"ug/L","Method Detection Level",1.5,"ug/L",NA,"SGS",1251731029,"2025-05-02","19:40:00",NA,NA,"Cold packs","Plastic Bottle","Opaque",NA,"N","AKDT"
"27",10000018,"Water","Surface Water","10000018-2025-04-30-As-DUP","2025-04-30","10:47:00.000000",NA,NA,60.502005,-151.106973,NA,"Quality Control Field Replicate Msr/Obs",15,"cm",NA,NA,NA,NA,NA,1251731,"Arsenic","200.8","USEPA",NA,0,"ug/L","U","Sampled",NA,"Dissolved","Actual",NA,NA,"Water Bottle","Not Detected","Limit of Quantitation",5,"ug/L","Method Detection Level",3.75,"ug/L",NA,"SGS",1251731030,"2025-05-02","19:43:00",NA,NA,"Cold packs","Plastic Bottle","Opaque",NA,"N","AKDT"
"28",10000018,"Water","Surface Water","10000018-2025-04-30-Cd-DUP","2025-04-30","10:47:00.000000",NA,NA,60.502005,-151.106973,NA,"Quality Control Field Replicate Msr/Obs",15,"cm",NA,NA,NA,NA,NA,1251731,"Cadmium","200.8","USEPA",NA,0,"ug/L","U","Sampled",NA,"Dissolved","Actual",NA,NA,"Water Bottle","Not Detected","Limit of Quantitation",0.5,"ug/L","Method Detection Level",0.375,"ug/L",NA,"SGS",1251731030,"2025-05-02","19:43:00",NA,NA,"Cold packs","Plastic Bottle","Opaque",NA,"N","AKDT"
"29",10000018,"Water","Surface Water","10000018-2025-04-30-Cr-DUP","2025-04-30","10:47:00.000000",NA,NA,60.502005,-151.106973,NA,"Quality Control Field Replicate Msr/Obs",15,"cm",NA,NA,NA,NA,NA,1251731,"Chromium","200.8","USEPA",NA,0,"ug/L","U","Sampled",NA,"Dissolved","Actual",NA,NA,"Water Bottle","Not Detected","Limit of Quantitation",5,"ug/L","Method Detection Level",3.75,"ug/L",NA,"SGS",1251731030,"2025-05-02","19:43:00",NA,NA,"Cold packs","Plastic Bottle","Opaque",NA,"N","AKDT"
"30",10000018,"Water","Surface Water","10000018-2025-04-30-Cu-DUP","2025-04-30","10:47:00.000000",NA,NA,60.502005,-151.106973,NA,"Quality Control Field Replicate Msr/Obs",15,"cm",NA,NA,NA,NA,NA,1251731,"Copper","200.8","USEPA",NA,0,"ug/L","U","Sampled",NA,"Dissolved","Actual",NA,NA,"Water Bottle","Not Detected","Limit of Quantitation",3,"ug/L","Method Detection Level",2.25,"ug/L",NA,"SGS",1251731030,"2025-05-02","19:43:00",NA,NA,"Cold packs","Plastic Bottle","Opaque",NA,"N","AKDT"
"31",10000020,"Water","Surface Water","10000020-2025-04-30-As-NA","2025-04-30","09:58:00.000000",NA,NA,60.48175453,-151.1306816,NA,"Field Msr/Obs",15,"cm",NA,NA,NA,NA,NA,1251731,"Arsenic","200.8","USEPA",NA,0,"ug/L","U","Sampled",NA,"Dissolved","Actual",NA,NA,"Water Bottle","Not Detected","Limit of Quantitation",5,"ug/L","Method Detection Level",3.75,"ug/L",NA,"SGS",1251731039,"2025-05-08","11:08:00",NA,NA,"Cold packs","Plastic Bottle","Opaque",NA,"N","AKDT"
"32",10000020,"Water","Surface Water","10000020-2025-04-30-Cd-NA","2025-04-30","09:58:00.000000",NA,NA,60.48175453,-151.1306816,NA,"Field Msr/Obs",15,"cm",NA,NA,NA,NA,NA,1251731,"Cadmium","200.8","USEPA",NA,0,"ug/L","U","Sampled",NA,"Dissolved","Actual",NA,NA,"Water Bottle","Not Detected","Limit of Quantitation",0.5,"ug/L","Method Detection Level",0.375,"ug/L",NA,"SGS",1251731039,"2025-05-08","11:08:00",NA,NA,"Cold packs","Plastic Bottle","Opaque",NA,"N","AKDT"
"33",10000020,"Water","Surface Water","10000020-2025-04-30-Cr-NA","2025-04-30","09:58:00.000000",NA,NA,60.48175453,-151.1306816,NA,"Field Msr/Obs",15,"cm",NA,NA,NA,NA,NA,1251731,"Chromium","200.8","USEPA",NA,0,"ug/L","U","Sampled",NA,"Dissolved","Actual",NA,NA,"Water Bottle","Not Detected","Limit of Quantitation",5,"ug/L","Method Detection Level",3.75,"ug/L",NA,"SGS",1251731039,"2025-05-08","11:08:00",NA,NA,"Cold packs","Plastic Bottle","Opaque",NA,"N","AKDT"
"34",10000020,"Water","Surface Water","10000020-2025-04-30-Cu-NA","2025-04-30","09:58:00.000000",NA,NA,60.48175453,-151.1306816,NA,"Field Msr/Obs",15,"cm",NA,NA,NA,NA,NA,1251731,"Copper","200.8","USEPA",NA,0,"ug/L","U","Sampled",NA,"Dissolved","Actual",NA,NA,"Water Bottle","Not Detected","Limit of Quantitation",3,"ug/L","Method Detection Level",2.25,"ug/L",NA,"SGS",1251731039,"2025-05-08","11:08:00",NA,NA,"Cold packs","Plastic Bottle","Opaque",NA,"N","AKDT"
"35",10000020,"Water","Surface Water","10000020-2025-04-30-Pb-NA","2025-04-30","09:58:00.000000",NA,NA,60.48175453,-151.1306816,NA,"Field Msr/Obs",15,"cm",NA,NA,NA,NA,NA,1251731,"Lead","200.8","USEPA",NA,0,"ug/L","U","Sampled",NA,"Dissolved","Actual",NA,NA,"Water Bottle","Not Detected","Limit of Quantitation",2,"ug/L","Method Detection Level",1.5,"ug/L",NA,"SGS",1251731039,"2025-05-08","11:08:00",NA,NA,"Cold packs","Plastic Bottle","Opaque",NA,"N","AKDT"
"36",10000008,"Water","Surface Water","10000008-2025-04-30-As","2025-04-30","09:48:00.000000",NA,NA,60.550888,-151.268417,NA,"Field Msr/Obs",15,"cm",NA,NA,NA,NA,NA,1251731,"Arsenic","200.8","USEPA",NA,0,"ug/L","U","Sampled",NA,"Dissolved","Actual",NA,NA,"Water Bottle","Not Detected","Limit of Quantitation",5,"ug/L","Method Detection Level",3.75,"ug/L",NA,"SGS",1251731025,"2025-05-02","19:28:00",NA,NA,"Cold packs","Plastic Bottle","Opaque",NA,"N","AKDT"
"37",10000002,"Water","Surface Water","10000002-2025-04-30-Ca-NA","2025-04-30","10:23:00.000000",NA,NA,60.54368,-151.22294,NA,"Field Msr/Obs",15,"cm",NA,NA,NA,NA,NA,1251731,"Calcium","200.8","USEPA",NA,0,"ug/L","U","Sampled",NA,"Unfiltered","Actual",NA,NA,"Water Bottle","Not Detected","Limit of Quantitation",500,"ug/L","Method Detection Level",375,"ug/L",NA,"SGS",1251731023,"2025-05-02","19:22:00",NA,NA,"Cold packs","Plastic Bottle","Opaque",NA,"N","AKDT"
"38",10000002,"Water","Surface Water","10000002-2025-04-30-Cu-NA","2025-04-30","10:23:00.000000",NA,NA,60.54368,-151.22294,NA,"Field Msr/Obs",15,"cm",NA,NA,NA,NA,NA,1251731,"Copper","200.8","USEPA",NA,0,"ug/L","U","Sampled",NA,"Unfiltered","Actual",NA,NA,"Water Bottle","Not Detected","Limit of Quantitation",3,"ug/L","Method Detection Level",2.25,"ug/L",NA,"SGS",1251731023,"2025-05-02","19:22:00",NA,NA,"Cold packs","Plastic Bottle","Opaque",NA,"N","AKDT"
"39",10000002,"Water","Surface Water","10000002-2025-04-30-Fe-NA","2025-04-30","10:23:00.000000",NA,NA,60.54368,-151.22294,NA,"Field Msr/Obs",15,"cm",NA,NA,NA,NA,NA,1251731,"Iron","200.8","USEPA",NA,0,"ug/L","U","Sampled",NA,"Unfiltered","Actual",NA,NA,"Water Bottle","Not Detected","Limit of Quantitation",250,"ug/L","Method Detection Level",188,"ug/L",NA,"SGS",1251731023,"2025-05-02","19:22:00",NA,NA,"Cold packs","Plastic Bottle","Opaque",NA,"N","AKDT"
"40",10000002,"Water","Surface Water","10000002-2025-04-30-Mg-NA","2025-04-30","10:23:00.000000",NA,NA,60.54368,-151.22294,NA,"Field Msr/Obs",15,"cm",NA,NA,NA,NA,NA,1251731,"Magnesium","200.8","USEPA",NA,0,"ug/L","U","Sampled",NA,"Unfiltered","Actual",NA,NA,"Water Bottle","Not Detected","Limit of Quantitation",50,"ug/L","Method Detection Level",37.5,"ug/L",NA,"SGS",1251731023,"2025-05-02","19:22:00",NA,NA,"Cold packs","Plastic Bottle","Opaque",NA,"N","AKDT"
"41",10000002,"Water","Surface Water","10000002-2025-04-30-Zn-NA","2025-04-30","10:23:00.000000",NA,NA,60.54368,-151.22294,NA,"Field Msr/Obs",15,"cm",NA,NA,NA,NA,NA,1251731,"Zinc","200.8","USEPA",NA,0,"ug/L","U","Sampled",NA,"Unfiltered","Actual",NA,NA,"Water Bottle","Not Detected","Limit of Quantitation",10,"ug/L","Method Detection Level",7.5,"ug/L",NA,"SGS",1251731023,"2025-05-02","19:22:00",NA,NA,"Cold packs","Plastic Bottle","Opaque",NA,"N","AKDT"
"42",10000002,"Water","Surface Water","10000002-2025-04-30-As-NA","2025-04-30","10:23:00.000000",NA,NA,60.54368,-151.22294,NA,"Field Msr/Obs",15,"cm",NA,NA,NA,NA,NA,1251731,"Arsenic","200.8","USEPA",NA,0,"ug/L","U","Sampled",NA,"Dissolved","Actual",NA,NA,"Water Bottle","Not Detected","Limit of Quantitation",5,"ug/L","Method Detection Level",3.75,"ug/L",NA,"SGS",1251731038,"2025-05-08","11:05:00",NA,NA,"Cold packs","Plastic Bottle","Opaque",NA,"N","AKDT"
"43",10000018,"Water","Surface Water","10000018-2025-04-30-Cu","2025-04-30","10:47:00.000000",NA,NA,60.502005,-151.106973,NA,"Field Msr/Obs",15,"cm",NA,NA,NA,NA,NA,1251731,"Copper","200.8","USEPA",NA,0,"ug/L","U","Sampled",NA,"Unfiltered","Actual",NA,NA,"Water Bottle","Not Detected","Limit of Quantitation",3,"ug/L","Method Detection Level",2.25,"ug/L",NA,"SGS",1251731005,"2025-05-02","15:30:00",NA,NA,"Cold packs","Plastic Bottle","Opaque",NA,"N","AKDT"
"44",10000018,"Water","Surface Water","10000018-2025-04-30-Zn","2025-04-30","10:47:00.000000",NA,NA,60.502005,-151.106973,NA,"Field Msr/Obs",15,"cm",NA,NA,NA,NA,NA,1251731,"Zinc","200.8","USEPA",NA,0,"ug/L","U","Sampled",NA,"Unfiltered","Actual",NA,NA,"Water Bottle","Not Detected","Limit of Quantitation",10,"ug/L","Method Detection Level",7.5,"ug/L",NA,"SGS",1251731005,"2025-05-02","15:30:00",NA,NA,"Cold packs","Plastic Bottle","Opaque",NA,"N","AKDT"
"45",10000018,"Water","Surface Water","10000018-2025-04-30-Total P","2025-04-30","10:47:00.000000",NA,NA,60.502005,-151.106973,NA,"Field Msr/Obs",15,"cm",NA,NA,NA,NA,NA,1251731,"Total Phosphorus","4500-P-E","APHA",NA,0,"mg/L","U","Sampled",NA,"Total","Actual",NA,NA,"Water Bottle","Not Detected","Limit of Quantitation",0.04,"mg/L","Method Detection Level",0.03,"mg/L",NA,"SGS",1251731005,"2025-05-07","09:36:00",NA,NA,"Cold packs","Plastic Bottle","Opaque","H2SO4","N","AKDT"
"46",10000018,"Water","Surface Water","10000018-2025-04-30-Cu-DUP","2025-04-30","10:47:00.000000",NA,NA,60.502005,-151.106973,NA,"Quality Control Field Replicate Msr/Obs",15,"cm",NA,NA,NA,NA,NA,1251731,"Copper","200.8","USEPA",NA,0,"ug/L","U","Sampled",NA,"Unfiltered","Actual",NA,NA,"Water Bottle","Not Detected","Limit of Quantitation",3,"ug/L","Method Detection Level",2.25,"ug/L",NA,"SGS",1251731006,"2025-05-02","15:33:00",NA,NA,"Cold packs","Plastic Bottle","Opaque",NA,"N","AKDT"
"47",10000018,"Water","Surface Water","10000018-2025-04-30-Pb-DUP","2025-04-30","10:47:00.000000",NA,NA,60.502005,-151.106973,NA,"Quality Control Field Replicate Msr/Obs",15,"cm",NA,NA,NA,NA,NA,1251731,"Lead","200.8","USEPA",NA,0,"ug/L","U","Sampled",NA,"Dissolved","Actual",NA,NA,"Water Bottle","Not Detected","Limit of Quantitation",2,"ug/L","Method Detection Level",1.5,"ug/L",NA,"SGS",1251731030,"2025-05-02","19:43:00",NA,NA,"Cold packs","Plastic Bottle","Opaque",NA,"N","AKDT"
"48",10000020,"Water","Surface Water","10000020-2025-04-30-Ca-NA","2025-04-30","09:58:00.000000",NA,NA,60.48175453,-151.1306816,NA,"Field Msr/Obs",15,"cm",NA,NA,NA,NA,NA,1251731,"Calcium","200.8","USEPA",NA,0,"ug/L","U","Sampled",NA,"Unfiltered","Actual",NA,NA,"Water Bottle","Not Detected","Limit of Quantitation",500,"ug/L","Method Detection Level",375,"ug/L",NA,"SGS",1251731024,"2025-05-02","19:25:00",NA,NA,"Cold packs","Plastic Bottle","Opaque",NA,"N","AKDT"
"49",10000020,"Water","Surface Water","10000020-2025-04-30-Cu-NA","2025-04-30","09:58:00.000000",NA,NA,60.48175453,-151.1306816,NA,"Field Msr/Obs",15,"cm",NA,NA,NA,NA,NA,1251731,"Copper","200.8","USEPA",NA,0,"ug/L","U","Sampled",NA,"Unfiltered","Actual",NA,NA,"Water Bottle","Not Detected","Limit of Quantitation",3,"ug/L","Method Detection Level",2.25,"ug/L",NA,"SGS",1251731024,"2025-05-02","19:25:00",NA,NA,"Cold packs","Plastic Bottle","Opaque",NA,"N","AKDT"
"50",10000020,"Water","Surface Water","10000020-2025-04-30-Fe-NA","2025-04-30","09:58:00.000000",NA,NA,60.48175453,-151.1306816,NA,"Field Msr/Obs",15,"cm",NA,NA,NA,NA,NA,1251731,"Iron","200.8","USEPA",NA,0,"ug/L","U","Sampled",NA,"Unfiltered","Actual",NA,NA,"Water Bottle","Not Detected","Limit of Quantitation",250,"ug/L","Method Detection Level",188,"ug/L",NA,"SGS",1251731024,"2025-05-02","19:25:00",NA,NA,"Cold packs","Plastic Bottle","Opaque",NA,"N","AKDT"
"51",10000020,"Water","Surface Water","10000020-2025-04-30-Mg-NA","2025-04-30","09:58:00.000000",NA,NA,60.48175453,-151.1306816,NA,"Field Msr/Obs",15,"cm",NA,NA,NA,NA,NA,1251731,"Magnesium","200.8","USEPA",NA,0,"ug/L","U","Sampled",NA,"Unfiltered","Actual",NA,NA,"Water Bottle","Not Detected","Limit of Quantitation",50,"ug/L","Method Detection Level",37.5,"ug/L",NA,"SGS",1251731024,"2025-05-02","19:25:00",NA,NA,"Cold packs","Plastic Bottle","Opaque",NA,"N","AKDT"
"52",10000021,"Water","Surface Water","10000021-2025-04-30-Cu","2025-04-30","09:32:00.000000",NA,NA,60.476634,-151.082099,NA,"Field Msr/Obs",15,"cm",NA,NA,NA,NA,NA,1251731,"Copper","200.8","USEPA",NA,0,"ug/L","U","Sampled",NA,"Unfiltered","Actual",NA,NA,"Water Bottle","Not Detected","Limit of Quantitation",3,"ug/L","Method Detection Level",2.25,"ug/L",NA,"SGS",1251731008,"2025-05-02","15:39:00",NA,NA,"Cold packs","Plastic Bottle","Opaque",NA,"N","AKDT"
"53",10000021,"Water","Surface Water","10000021-2025-04-30-Zn","2025-04-30","09:32:00.000000",NA,NA,60.476634,-151.082099,NA,"Field Msr/Obs",15,"cm",NA,NA,NA,NA,NA,1251731,"Zinc","200.8","USEPA",NA,0,"ug/L","U","Sampled",NA,"Unfiltered","Actual",NA,NA,"Water Bottle","Not Detected","Limit of Quantitation",10,"ug/L","Method Detection Level",7.5,"ug/L",NA,"SGS",1251731008,"2025-05-02","15:39:00",NA,NA,"Cold packs","Plastic Bottle","Opaque",NA,"N","AKDT"
"54",10000021,"Water","Surface Water","10000021-2025-04-30-Total P","2025-04-30","09:32:00.000000",NA,NA,60.476634,-151.082099,NA,"Field Msr/Obs",15,"cm",NA,NA,NA,NA,NA,1251731,"Total Phosphorus","4500-P-E","APHA",NA,0,"mg/L","U","Sampled",NA,"Total","Actual",NA,NA,"Water Bottle","Not Detected","Limit of Quantitation",0.04,"mg/L","Method Detection Level",0.03,"mg/L",NA,"SGS",1251731008,"2025-05-07","09:41:00",NA,NA,"Cold packs","Plastic Bottle","Opaque","H2SO4","N","AKDT"
"55",10000021,"Water","Surface Water","10000021-2025-04-30-As","2025-04-30","09:32:00.000000",NA,NA,60.476634,-151.082099,NA,"Field Msr/Obs",15,"cm",NA,NA,NA,NA,NA,1251731,"Arsenic","200.8","USEPA",NA,0,"ug/L","U","Sampled",NA,"Dissolved","Actual",NA,NA,"Water Bottle","Not Detected","Limit of Quantitation",5,"ug/L","Method Detection Level",3.75,"ug/L",NA,"SGS",1251731032,"2025-05-02","19:58:00",NA,NA,"Cold packs","Plastic Bottle","Opaque",NA,"N","AKDT"
"56",10000021,"Water","Surface Water","10000021-2025-04-30-Cd","2025-04-30","09:32:00.000000",NA,NA,60.476634,-151.082099,NA,"Field Msr/Obs",15,"cm",NA,NA,NA,NA,NA,1251731,"Cadmium","200.8","USEPA",NA,0,"ug/L","U","Sampled",NA,"Dissolved","Actual",NA,NA,"Water Bottle","Not Detected","Limit of Quantitation",0.5,"ug/L","Method Detection Level",0.375,"ug/L",NA,"SGS",1251731032,"2025-05-02","19:58:00",NA,NA,"Cold packs","Plastic Bottle","Opaque",NA,"N","AKDT"
"57",10000021,"Water","Surface Water","10000021-2025-04-30-Cr","2025-04-30","09:32:00.000000",NA,NA,60.476634,-151.082099,NA,"Field Msr/Obs",15,"cm",NA,NA,NA,NA,NA,1251731,"Chromium","200.8","USEPA",NA,0,"ug/L","U","Sampled",NA,"Dissolved","Actual",NA,NA,"Water Bottle","Not Detected","Limit of Quantitation",5,"ug/L","Method Detection Level",3.75,"ug/L",NA,"SGS",1251731032,"2025-05-02","19:58:00",NA,NA,"Cold packs","Plastic Bottle","Opaque",NA,"N","AKDT"
"58",10000021,"Water","Surface Water","10000021-2025-04-30-Cu","2025-04-30","09:32:00.000000",NA,NA,60.476634,-151.082099,NA,"Field Msr/Obs",15,"cm",NA,NA,NA,NA,NA,1251731,"Copper","200.8","USEPA",NA,0,"ug/L","U","Sampled",NA,"Dissolved","Actual",NA,NA,"Water Bottle","Not Detected","Limit of Quantitation",3,"ug/L","Method Detection Level",2.25,"ug/L",NA,"SGS",1251731032,"2025-05-02","19:58:00",NA,NA,"Cold packs","Plastic Bottle","Opaque",NA,"N","AKDT"
"59",10000022,"Water","Surface Water","10000022-2025-04-30-Zn","2025-04-30","10:30:00.000000",NA,NA,60.483364,-151.057656,NA,"Field Msr/Obs",15,"cm",NA,NA,NA,NA,NA,1251731,"Zinc","200.8","USEPA",NA,0,"ug/L","U","Sampled",NA,"Unfiltered","Actual",NA,NA,"Water Bottle","Not Detected","Limit of Quantitation",10,"ug/L","Method Detection Level",7.5,"ug/L",NA,"SGS",1251731009,"2025-05-02","15:51:00",NA,NA,"Cold packs","Plastic Bottle","Opaque",NA,"N","AKDT"
"60",10000022,"Water","Surface Water","10000022-2025-04-30-Cd","2025-04-30","10:30:00.000000",NA,NA,60.483364,-151.057656,NA,"Field Msr/Obs",15,"cm",NA,NA,NA,NA,NA,1251731,"Cadmium","200.8","USEPA",NA,0,"ug/L","U","Sampled",NA,"Dissolved","Actual",NA,NA,"Water Bottle","Not Detected","Limit of Quantitation",0.5,"ug/L","Method Detection Level",0.375,"ug/L",NA,"SGS",1251731033,"2025-05-02","20:01:00",NA,NA,"Cold packs","Plastic Bottle","Opaque",NA,"N","AKDT"
"61",10000022,"Water","Surface Water","10000022-2025-04-30-Cr","2025-04-30","10:30:00.000000",NA,NA,60.483364,-151.057656,NA,"Field Msr/Obs",15,"cm",NA,NA,NA,NA,NA,1251731,"Chromium","200.8","USEPA",NA,0,"ug/L","U","Sampled",NA,"Dissolved","Actual",NA,NA,"Water Bottle","Not Detected","Limit of Quantitation",5,"ug/L","Method Detection Level",3.75,"ug/L",NA,"SGS",1251731033,"2025-05-02","20:01:00",NA,NA,"Cold packs","Plastic Bottle","Opaque",NA,"N","AKDT"
"62",10000022,"Water","Surface Water","10000022-2025-04-30-Cu-DUP","2025-04-30","10:42:00.000000",NA,NA,60.483364,-151.057656,NA,"Quality Control Field Replicate Msr/Obs",15,"cm",NA,NA,NA,NA,NA,1251731,"Copper","200.8","USEPA",NA,0,"ug/L","U","Sampled",NA,"Dissolved","Actual",NA,NA,"Water Bottle","Not Detected","Limit of Quantitation",3,"ug/L","Method Detection Level",2.25,"ug/L",NA,"SGS",1251731034,"2025-05-02","20:04:00",NA,NA,"Cold packs","Plastic Bottle","Opaque",NA,"N","AKDT"
"63",10000022,"Water","Surface Water","10000022-2025-04-30-Pb-DUP","2025-04-30","10:42:00.000000",NA,NA,60.483364,-151.057656,NA,"Quality Control Field Replicate Msr/Obs",15,"cm",NA,NA,NA,NA,NA,1251731,"Lead","200.8","USEPA",NA,0,"ug/L","U","Sampled",NA,"Dissolved","Actual",NA,NA,"Water Bottle","Not Detected","Limit of Quantitation",2,"ug/L","Method Detection Level",1.5,"ug/L",NA,"SGS",1251731034,"2025-05-02","20:04:00",NA,NA,"Cold packs","Plastic Bottle","Opaque",NA,"N","AKDT"
"64",10000023,"Water","Surface Water","10000023-2025-04-30-Cu","2025-04-30","09:06:00.000000",NA,NA,60.480338,-151.030847,NA,"Field Msr/Obs",15,"cm",NA,NA,NA,NA,NA,1251731,"Copper","200.8","USEPA",NA,0,"ug/L","U","Sampled",NA,"Unfiltered","Actual",NA,NA,"Water Bottle","Not Detected","Limit of Quantitation",3,"ug/L","Method Detection Level",2.25,"ug/L",NA,"SGS",1251731011,"2025-05-02","15:57:00",NA,NA,"Cold packs","Plastic Bottle","Opaque",NA,"N","AKDT"
"65",10000023,"Water","Surface Water","10000023-2025-04-30-Cr","2025-04-30","09:06:00.000000",NA,NA,60.480338,-151.030847,NA,"Field Msr/Obs",15,"cm",NA,NA,NA,NA,NA,1251731,"Chromium","200.8","USEPA",NA,0,"ug/L","U","Sampled",NA,"Dissolved","Actual",NA,NA,"Water Bottle","Not Detected","Limit of Quantitation",5,"ug/L","Method Detection Level",3.75,"ug/L",NA,"SGS",1251731035,"2025-05-08","10:56:00",NA,NA,"Cold packs","Plastic Bottle","Opaque",NA,"N","AKDT"
"66",10000023,"Water","Surface Water","10000023-2025-04-30-Cu","2025-04-30","09:06:00.000000",NA,NA,60.480338,-151.030847,NA,"Field Msr/Obs",15,"cm",NA,NA,NA,NA,NA,1251731,"Copper","200.8","USEPA",NA,0,"ug/L","U","Sampled",NA,"Dissolved","Actual",NA,NA,"Water Bottle","Not Detected","Limit of Quantitation",3,"ug/L","Method Detection Level",2.25,"ug/L",NA,"SGS",1251731035,"2025-05-08","10:56:00",NA,NA,"Cold packs","Plastic Bottle","Opaque",NA,"N","AKDT"
"67",10000023,"Water","Surface Water","10000023-2025-04-30-Pb","2025-04-30","09:06:00.000000",NA,NA,60.480338,-151.030847,NA,"Field Msr/Obs",15,"cm",NA,NA,NA,NA,NA,1251731,"Lead","200.8","USEPA",NA,0,"ug/L","U","Sampled",NA,"Dissolved","Actual",NA,NA,"Water Bottle","Not Detected","Limit of Quantitation",2,"ug/L","Method Detection Level",1.5,"ug/L",NA,"SGS",1251731035,"2025-05-08","10:56:00",NA,NA,"Cold packs","Plastic Bottle","Opaque",NA,"N","AKDT"
"68",10000024,"Water","Surface Water","10000024-2025-04-30-Cu","2025-04-30","10:26:00.000000",NA,NA,60.489963,-150.860982,NA,"Field Msr/Obs",15,"cm",NA,NA,NA,NA,NA,1251731,"Copper","200.8","USEPA",NA,0,"ug/L","U","Sampled",NA,"Unfiltered","Actual",NA,NA,"Water Bottle","Not Detected","Limit of Quantitation",3,"ug/L","Method Detection Level",2.25,"ug/L",NA,"SGS",1251731012,"2025-05-02","16:00:00",NA,NA,"Cold packs","Plastic Bottle","Opaque",NA,"N","AKDT"
"69",10000024,"Water","Surface Water","10000024-2025-04-30-Cd","2025-04-30","10:26:00.000000",NA,NA,60.489963,-150.860982,NA,"Field Msr/Obs",15,"cm",NA,NA,NA,NA,NA,1251731,"Cadmium","200.8","USEPA",NA,0,"ug/L","U","Sampled",NA,"Dissolved","Actual",NA,NA,"Water Bottle","Not Detected","Limit of Quantitation",0.5,"ug/L","Method Detection Level",0.375,"ug/L",NA,"SGS",1251731036,"2025-05-08","10:59:00",NA,NA,"Cold packs","Plastic Bottle","Opaque",NA,"N","AKDT"
"70",10000024,"Water","Surface Water","10000024-2025-04-30-Cr","2025-04-30","10:26:00.000000",NA,NA,60.489963,-150.860982,NA,"Field Msr/Obs",15,"cm",NA,NA,NA,NA,NA,1251731,"Chromium","200.8","USEPA",NA,0,"ug/L","U","Sampled",NA,"Dissolved","Actual",NA,NA,"Water Bottle","Not Detected","Limit of Quantitation",5,"ug/L","Method Detection Level",3.75,"ug/L",NA,"SGS",1251731036,"2025-05-08","10:59:00",NA,NA,"Cold packs","Plastic Bottle","Opaque",NA,"N","AKDT"
"71",10000024,"Water","Surface Water","10000024-2025-04-30-Cu","2025-04-30","10:26:00.000000",NA,NA,60.489963,-150.860982,NA,"Field Msr/Obs",15,"cm",NA,NA,NA,NA,NA,1251731,"Copper","200.8","USEPA",NA,0,"ug/L","U","Sampled",NA,"Dissolved","Actual",NA,NA,"Water Bottle","Not Detected","Limit of Quantitation",3,"ug/L","Method Detection Level",2.25,"ug/L",NA,"SGS",1251731036,"2025-05-08","10:59:00",NA,NA,"Cold packs","Plastic Bottle","Opaque",NA,"N","AKDT"
"72",10000024,"Water","Surface Water","10000024-2025-04-30-Pb","2025-04-30","10:26:00.000000",NA,NA,60.489963,-150.860982,NA,"Field Msr/Obs",15,"cm",NA,NA,NA,NA,NA,1251731,"Lead","200.8","USEPA",NA,0,"ug/L","U","Sampled",NA,"Dissolved","Actual",NA,NA,"Water Bottle","Not Detected","Limit of Quantitation",2,"ug/L","Method Detection Level",1.5,"ug/L",NA,"SGS",1251731036,"2025-05-08","10:59:00",NA,NA,"Cold packs","Plastic Bottle","Opaque",NA,"N","AKDT"
"73",10000025,"Water","Surface Water","10000025-2025-04-30-Cd","2025-04-30","10:26:00.000000",NA,NA,60.498284,-150.863121,NA,"Field Msr/Obs",15,"cm",NA,NA,NA,NA,NA,1251731,"Cadmium","200.8","USEPA",NA,0,"ug/L","U","Sampled",NA,"Dissolved","Actual",NA,NA,"Water Bottle","Not Detected","Limit of Quantitation",0.5,"ug/L","Method Detection Level",0.375,"ug/L",NA,"SGS",1251731037,"2025-05-08","11:02:00",NA,NA,"Cold packs","Plastic Bottle","Opaque",NA,"N","AKDT"
"74",10000025,"Water","Surface Water","10000025-2025-04-30-Cr","2025-04-30","10:26:00.000000",NA,NA,60.498284,-150.863121,NA,"Field Msr/Obs",15,"cm",NA,NA,NA,NA,NA,1251731,"Chromium","200.8","USEPA",NA,0,"ug/L","U","Sampled",NA,"Dissolved","Actual",NA,NA,"Water Bottle","Not Detected","Limit of Quantitation",5,"ug/L","Method Detection Level",3.75,"ug/L",NA,"SGS",1251731037,"2025-05-08","11:02:00",NA,NA,"Cold packs","Plastic Bottle","Opaque",NA,"N","AKDT"
"75",10000025,"Water","Surface Water","10000025-2025-04-30-Cu","2025-04-30","10:26:00.000000",NA,NA,60.498284,-150.863121,NA,"Field Msr/Obs",15,"cm",NA,NA,NA,NA,NA,1251731,"Copper","200.8","USEPA",NA,0,"ug/L","U","Sampled",NA,"Dissolved","Actual",NA,NA,"Water Bottle","Not Detected","Limit of Quantitation",3,"ug/L","Method Detection Level",2.25,"ug/L",NA,"SGS",1251731037,"2025-05-08","11:02:00",NA,NA,"Cold packs","Plastic Bottle","Opaque",NA,"N","AKDT"
"76",10000025,"Water","Surface Water","10000025-2025-04-30-Pb","2025-04-30","10:26:00.000000",NA,NA,60.498284,-150.863121,NA,"Field Msr/Obs",15,"cm",NA,NA,NA,NA,NA,1251731,"Lead","200.8","USEPA",NA,0,"ug/L","U","Sampled",NA,"Dissolved","Actual",NA,NA,"Water Bottle","Not Detected","Limit of Quantitation",2,"ug/L","Method Detection Level",1.5,"ug/L",NA,"SGS",1251731037,"2025-05-08","11:02:00",NA,NA,"Cold packs","Plastic Bottle","Opaque",NA,"N","AKDT"
"77",10000027,"Water","Surface Water","10000027-2025-04-30-Total P","2025-04-30","09:26:00.000000",NA,NA,60.515441,-150.702069,NA,"Field Msr/Obs",15,"cm",NA,NA,NA,NA,NA,1251731,"Total Phosphorus","4500-P-E","APHA",NA,0,"mg/L","U","Sampled",NA,"Total","Actual",NA,NA,"Water Bottle","Not Detected","Limit of Quantitation",0.04,"mg/L","Method Detection Level",0.03,"mg/L",NA,"SGS",1251731015,"2025-05-07","09:55:00",NA,NA,"Cold packs","Plastic Bottle","Opaque","H2SO4","N","AKDT"
"78",10000029,"Water","Surface Water","10000029-2025-04-30-Total P","2025-04-30","09:12:00.000000",NA,NA,60.481518,-150.632498,NA,"Field Msr/Obs",15,"cm",NA,NA,NA,NA,NA,1251731,"Total Phosphorus","4500-P-E","APHA",NA,0,"mg/L","U","Sampled",NA,"Total","Actual",NA,NA,"Water Bottle","Not Detected","Limit of Quantitation",0.04,"mg/L","Method Detection Level",0.03,"mg/L",NA,"SGS",1251731017,"2025-05-07","09:57:00",NA,NA,"Cold packs","Plastic Bottle","Opaque","H2SO4","N","AKDT"
"79",10000030,"Water","Surface Water","10000030-2025-04-30-Total P","2025-04-30","09:25:00.000000",NA,NA,60.467517,-150.507789,NA,"Field Msr/Obs",15,"cm",NA,NA,NA,NA,NA,1251731,"Total Phosphorus","4500-P-E","APHA",NA,0,"mg/L","U","Sampled",NA,"Total","Actual",NA,NA,"Water Bottle","Not Detected","Limit of Quantitation",0.04,"mg/L","Method Detection Level",0.03,"mg/L",NA,"SGS",1251731018,"2025-05-07","09:58:00",NA,NA,"Cold packs","Plastic Bottle","Opaque","H2SO4","N","AKDT"
"80",10000021,"Water","Surface Water","10000021-2025-04-30-Pb","2025-04-30","09:32:00.000000",NA,NA,60.476634,-151.082099,NA,"Field Msr/Obs",15,"cm",NA,NA,NA,NA,NA,1251731,"Lead","200.8","USEPA",NA,0,"ug/L","U","Sampled",NA,"Dissolved","Actual",NA,NA,"Water Bottle","Not Detected","Limit of Quantitation",2,"ug/L","Method Detection Level",1.5,"ug/L",NA,"SGS",1251731032,"2025-05-02","19:58:00",NA,NA,"Cold packs","Plastic Bottle","Opaque",NA,"N","AKDT"
"81",10000022,"Water","Surface Water","10000022-2025-04-30-Cu","2025-04-30","10:30:00.000000",NA,NA,60.483364,-151.057656,NA,"Field Msr/Obs",15,"cm",NA,NA,NA,NA,NA,1251731,"Copper","200.8","USEPA",NA,0,"ug/L","U","Sampled",NA,"Unfiltered","Actual",NA,NA,"Water Bottle","Not Detected","Limit of Quantitation",3,"ug/L","Method Detection Level",2.25,"ug/L",NA,"SGS",1251731009,"2025-05-02","15:51:00",NA,NA,"Cold packs","Plastic Bottle","Opaque",NA,"N","AKDT"
"82",10000022,"Water","Surface Water","10000022-2025-04-30-Cu","2025-04-30","10:30:00.000000",NA,NA,60.483364,-151.057656,NA,"Field Msr/Obs",15,"cm",NA,NA,NA,NA,NA,1251731,"Copper","200.8","USEPA",NA,0,"ug/L","U","Sampled",NA,"Dissolved","Actual",NA,NA,"Water Bottle","Not Detected","Limit of Quantitation",3,"ug/L","Method Detection Level",2.25,"ug/L",NA,"SGS",1251731033,"2025-05-02","20:01:00",NA,NA,"Cold packs","Plastic Bottle","Opaque",NA,"N","AKDT"
"83",10000022,"Water","Surface Water","10000022-2025-04-30-Pb","2025-04-30","10:30:00.000000",NA,NA,60.483364,-151.057656,NA,"Field Msr/Obs",15,"cm",NA,NA,NA,NA,NA,1251731,"Lead","200.8","USEPA",NA,0,"ug/L","U","Sampled",NA,"Dissolved","Actual",NA,NA,"Water Bottle","Not Detected","Limit of Quantitation",2,"ug/L","Method Detection Level",1.5,"ug/L",NA,"SGS",1251731033,"2025-05-02","20:01:00",NA,NA,"Cold packs","Plastic Bottle","Opaque",NA,"N","AKDT"
"84",10000022,"Water","Surface Water","10000022-2025-04-30-Cd-DUP","2025-04-30","10:42:00.000000",NA,NA,60.483364,-151.057656,NA,"Quality Control Field Replicate Msr/Obs",15,"cm",NA,NA,NA,NA,NA,1251731,"Cadmium","200.8","USEPA",NA,0,"ug/L","U","Sampled",NA,"Dissolved","Actual",NA,NA,"Water Bottle","Not Detected","Limit of Quantitation",0.5,"ug/L","Method Detection Level",0.375,"ug/L",NA,"SGS",1251731034,"2025-05-02","20:04:00",NA,NA,"Cold packs","Plastic Bottle","Opaque",NA,"N","AKDT"
"85",10000022,"Water","Surface Water","10000022-2025-04-30-Cr-DUP","2025-04-30","10:42:00.000000",NA,NA,60.483364,-151.057656,NA,"Quality Control Field Replicate Msr/Obs",15,"cm",NA,NA,NA,NA,NA,1251731,"Chromium","200.8","USEPA",NA,0,"ug/L","U","Sampled",NA,"Dissolved","Actual",NA,NA,"Water Bottle","Not Detected","Limit of Quantitation",5,"ug/L","Method Detection Level",3.75,"ug/L",NA,"SGS",1251731034,"2025-05-02","20:04:00",NA,NA,"Cold packs","Plastic Bottle","Opaque",NA,"N","AKDT"
"86",10000023,"Water","Surface Water","10000023-2025-04-30-Zn","2025-04-30","09:06:00.000000",NA,NA,60.480338,-151.030847,NA,"Field Msr/Obs",15,"cm",NA,NA,NA,NA,NA,1251731,"Zinc","200.8","USEPA",NA,0,"ug/L","U","Sampled",NA,"Unfiltered","Actual",NA,NA,"Water Bottle","Not Detected","Limit of Quantitation",10,"ug/L","Method Detection Level",7.5,"ug/L",NA,"SGS",1251731011,"2025-05-02","15:57:00",NA,NA,"Cold packs","Plastic Bottle","Opaque",NA,"N","AKDT"
"87",10000023,"Water","Surface Water","10000023-2025-04-30-Total P","2025-04-30","09:06:00.000000",NA,NA,60.480338,-151.030847,NA,"Field Msr/Obs",15,"cm",NA,NA,NA,NA,NA,1251731,"Total Phosphorus","4500-P-E","APHA",NA,0,"mg/L","U","Sampled",NA,"Total","Actual",NA,NA,"Water Bottle","Not Detected","Limit of Quantitation",0.04,"mg/L","Method Detection Level",0.03,"mg/L",NA,"SGS",1251731011,"2025-05-07","09:44:00",NA,NA,"Cold packs","Plastic Bottle","Opaque","H2SO4","N","AKDT"
"88",10000023,"Water","Surface Water","10000023-2025-04-30-As","2025-04-30","09:06:00.000000",NA,NA,60.480338,-151.030847,NA,"Field Msr/Obs",15,"cm",NA,NA,NA,NA,NA,1251731,"Arsenic","200.8","USEPA",NA,0,"ug/L","U","Sampled",NA,"Dissolved","Actual",NA,NA,"Water Bottle","Not Detected","Limit of Quantitation",5,"ug/L","Method Detection Level",3.75,"ug/L",NA,"SGS",1251731035,"2025-05-08","10:56:00",NA,NA,"Cold packs","Plastic Bottle","Opaque",NA,"N","AKDT"
"89",10000023,"Water","Surface Water","10000023-2025-04-30-Cd","2025-04-30","09:06:00.000000",NA,NA,60.480338,-151.030847,NA,"Field Msr/Obs",15,"cm",NA,NA,NA,NA,NA,1251731,"Cadmium","200.8","USEPA",NA,0,"ug/L","U","Sampled",NA,"Dissolved","Actual",NA,NA,"Water Bottle","Not Detected","Limit of Quantitation",0.5,"ug/L","Method Detection Level",0.375,"ug/L",NA,"SGS",1251731035,"2025-05-08","10:56:00",NA,NA,"Cold packs","Plastic Bottle","Opaque",NA,"N","AKDT"
"90",10000025,"Water","Surface Water","10000025-2025-04-30-Cu","2025-04-30","10:26:00.000000",NA,NA,60.498284,-150.863121,NA,"Field Msr/Obs",15,"cm",NA,NA,NA,NA,NA,1251731,"Copper","200.8","USEPA",NA,0,"ug/L","U","Sampled",NA,"Unfiltered","Actual",NA,NA,"Water Bottle","Not Detected","Limit of Quantitation",3,"ug/L","Method Detection Level",2.25,"ug/L",NA,"SGS",1251731013,"2025-05-02","16:03:00",NA,NA,"Cold packs","Plastic Bottle","Opaque",NA,"N","AKDT"
"91",10000028,"Water","Surface Water","10000028-2025-04-30-Total P","2025-04-30","09:48:00.000000",NA,NA,60.489844,-150.636905,NA,"Field Msr/Obs",15,"cm",NA,NA,NA,NA,NA,1251731,"Total Phosphorus","4500-P-E","APHA",NA,0,"mg/L","U","Sampled",NA,"Total","Actual",NA,NA,"Water Bottle","Not Detected","Limit of Quantitation",0.04,"mg/L","Method Detection Level",0.03,"mg/L",NA,"SGS",1251731016,"2025-05-07","09:56:00",NA,NA,"Cold packs","Plastic Bottle","Opaque","H2SO4","N","AKDT"
"92",10000031,"Water","Surface Water","10000031-2025-04-30-Fe","2025-04-30","10:45:00.000000",NA,NA,60.481392,-150.11502,NA,"Field Msr/Obs",15,"cm",NA,NA,NA,NA,NA,1251731,"Iron","200.8","USEPA",NA,0,"ug/L","U","Sampled",NA,"Unfiltered","Actual",NA,NA,"Water Bottle","Not Detected","Limit of Quantitation",250,"ug/L","Method Detection Level",188,"ug/L",NA,"SGS",1251731019,"2025-05-02","19:04:00",NA,NA,"Cold packs","Plastic Bottle","Opaque",NA,"N","AKDT"
"93",10000031,"Water","Surface Water","10000031-2025-04-30-Total P","2025-04-30","10:45:00.000000",NA,NA,60.481392,-150.11502,NA,"Field Msr/Obs",15,"cm",NA,NA,NA,NA,NA,1251731,"Total Phosphorus","4500-P-E","APHA",NA,0,"mg/L","U","Sampled",NA,"Total","Actual",NA,NA,"Water Bottle","Not Detected","Limit of Quantitation",0.04,"mg/L","Method Detection Level",0.03,"mg/L",NA,"SGS",1251731019,"2025-05-07","09:59:00",NA,NA,"Cold packs","Plastic Bottle","Opaque","H2SO4","N","AKDT"
"94",10000032,"Water","Surface Water","10000032-2025-04-30-Fe","2025-04-30","10:05:00.000000",NA,NA,60.484622,-149.993955,NA,"Field Msr/Obs",15,"cm",NA,NA,NA,NA,NA,1251731,"Iron","200.8","USEPA",NA,0,"ug/L","U","Sampled",NA,"Unfiltered","Actual",NA,NA,"Water Bottle","Not Detected","Limit of Quantitation",250,"ug/L","Method Detection Level",188,"ug/L",NA,"SGS",1251731020,"2025-05-02","19:07:00",NA,NA,"Cold packs","Plastic Bottle","Opaque",NA,"N","AKDT"
"95",10000032,"Water","Surface Water","10000032-2025-04-30-Total P","2025-04-30","10:05:00.000000",NA,NA,60.484622,-149.993955,NA,"Field Msr/Obs",15,"cm",NA,NA,NA,NA,NA,1251731,"Total Phosphorus","4500-P-E","APHA",NA,0,"mg/L","U","Sampled",NA,"Total","Actual",NA,NA,"Water Bottle","Not Detected","Limit of Quantitation",0.04,"mg/L","Method Detection Level",0.03,"mg/L",NA,"SGS",1251731020,"2025-05-07","09:59:00",NA,NA,"Cold packs","Plastic Bottle","Opaque","H2SO4","N","AKDT"
"96",10000017,"Water","Surface Water","10000017-2025-04-30-Cu","2025-04-30","10:15:00.000000",NA,NA,60.533743,-151.099258,NA,"Field Msr/Obs",15,"cm",NA,NA,NA,NA,NA,1251731,"Copper","200.8","USEPA",NA,0,"ug/L","U","Sampled",NA,"Unfiltered","Actual",NA,NA,"Water Bottle","Not Detected","Limit of Quantitation",3,"ug/L","Method Detection Level",2.25,"ug/L",NA,"SGS",1251731004,"2025-05-02","15:27:00",NA,NA,"Cold packs","Plastic Bottle","Opaque",NA,"N","AKDT"
"97",10000017,"Water","Surface Water","10000017-2025-04-30-Total P","2025-04-30","10:15:00.000000",NA,NA,60.533743,-151.099258,NA,"Field Msr/Obs",15,"cm",NA,NA,NA,NA,NA,1251731,"Total Phosphorus","4500-P-E","APHA",NA,0,"mg/L","U","Sampled",NA,"Total","Actual",NA,NA,"Water Bottle","Not Detected","Limit of Quantitation",0.04,"mg/L","Method Detection Level",0.03,"mg/L",NA,"SGS",1251731004,"2025-05-07","09:35:00",NA,NA,"Cold packs","Plastic Bottle","Opaque","H2SO4","N","AKDT"
"98",10000424,"Water","Surface Water","10000424-2025-04-30-Fe","2025-04-30","09:05:00.000000",NA,NA,60.489,-149.877,NA,"Field Msr/Obs",15,"cm",NA,NA,NA,NA,NA,1251731,"Iron","200.8","USEPA",NA,0,"ug/L","U","Sampled",NA,"Unfiltered","Actual",NA,NA,"Water Bottle","Not Detected","Limit of Quantitation",250,"ug/L","Method Detection Level",188,"ug/L",NA,"SGS",1251731022,"2025-05-02","19:10:00",NA,NA,"Cold packs","Plastic Bottle","Opaque",NA,"N","AKDT"
"99",10000424,"Water","Surface Water","10000424-2025-04-30-Total P","2025-04-30","09:05:00.000000",NA,NA,60.489,-149.877,NA,"Field Msr/Obs",15,"cm",NA,NA,NA,NA,NA,1251731,"Total Phosphorus","4500-P-E","APHA",NA,0,"mg/L","U","Sampled",NA,"Total","Actual",NA,NA,"Water Bottle","Not Detected","Limit of Quantitation",0.04,"mg/L","Method Detection Level",0.03,"mg/L",NA,"SGS",1251731022,"2025-05-07","10:01:00",NA,NA,"Cold packs","Plastic Bottle","Opaque","H2SO4","N","AKDT"
"100",10000425,"Water","Surface Water","10000425-2025-04-30-Total P","2025-04-30","08:15:00.000000",NA,NA,60.492007,-149.810844,NA,"Field Msr/Obs",15,"cm",NA,NA,NA,NA,NA,1251731,"Total Phosphorus","4500-P-E","APHA",NA,0,"mg/L","U","Sampled",NA,"Total","Actual",NA,NA,"Water Bottle","Not Detected","Limit of Quantitation",0.04,"mg/L","Method Detection Level",0.03,"mg/L",NA,"SGS",1251731021,"2025-05-07","10:00:00",NA,NA,"Cold packs","Plastic Bottle","Opaque","H2SO4","N","AKDT"
"101",10000017,"Water","Surface Water","10000017-2025-04-30-As","2025-04-30","10:15:00.000000",NA,NA,60.533743,-151.099258,NA,"Field Msr/Obs",15,"cm",NA,NA,NA,NA,NA,1251731,"Arsenic","200.8","USEPA",NA,0,"ug/L","U","Sampled",NA,"Dissolved","Actual",NA,NA,"Water Bottle","Not Detected","Limit of Quantitation",5,"ug/L","Method Detection Level",3.75,"ug/L",NA,"SGS",1251731028,"2025-05-02","19:37:00",NA,NA,"Cold packs","Plastic Bottle","Opaque",NA,"N","AKDT"
"102",10000017,"Water","Surface Water","10000017-2025-04-30-Cd","2025-04-30","10:15:00.000000",NA,NA,60.533743,-151.099258,NA,"Field Msr/Obs",15,"cm",NA,NA,NA,NA,NA,1251731,"Cadmium","200.8","USEPA",NA,0,"ug/L","U","Sampled",NA,"Dissolved","Actual",NA,NA,"Water Bottle","Not Detected","Limit of Quantitation",0.5,"ug/L","Method Detection Level",0.375,"ug/L",NA,"SGS",1251731028,"2025-05-02","19:37:00",NA,NA,"Cold packs","Plastic Bottle","Opaque",NA,"N","AKDT"
"103",10000017,"Water","Surface Water","10000017-2025-04-30-Cr","2025-04-30","10:15:00.000000",NA,NA,60.533743,-151.099258,NA,"Field Msr/Obs",15,"cm",NA,NA,NA,NA,NA,1251731,"Chromium","200.8","USEPA",NA,0,"ug/L","U","Sampled",NA,"Dissolved","Actual",NA,NA,"Water Bottle","Not Detected","Limit of Quantitation",5,"ug/L","Method Detection Level",3.75,"ug/L",NA,"SGS",1251731028,"2025-05-02","19:37:00",NA,NA,"Cold packs","Plastic Bottle","Opaque",NA,"N","AKDT"
"104",10000017,"Water","Surface Water","10000017-2025-04-30-Cu","2025-04-30","10:15:00.000000",NA,NA,60.533743,-151.099258,NA,"Field Msr/Obs",15,"cm",NA,NA,NA,NA,NA,1251731,"Copper","200.8","USEPA",NA,0,"ug/L","U","Sampled",NA,"Dissolved","Actual",NA,NA,"Water Bottle","Not Detected","Limit of Quantitation",3,"ug/L","Method Detection Level",2.25,"ug/L",NA,"SGS",1251731028,"2025-05-02","19:37:00",NA,NA,"Cold packs","Plastic Bottle","Opaque",NA,"N","AKDT"
"105",10000017,"Water","Surface Water","10000017-2025-04-30-Pb","2025-04-30","10:15:00.000000",NA,NA,60.533743,-151.099258,NA,"Field Msr/Obs",15,"cm",NA,NA,NA,NA,NA,1251731,"Lead","200.8","USEPA",NA,0,"ug/L","U","Sampled",NA,"Dissolved","Actual",NA,NA,"Water Bottle","Not Detected","Limit of Quantitation",2,"ug/L","Method Detection Level",1.5,"ug/L",NA,"SGS",1251731028,"2025-05-02","19:37:00",NA,NA,"Cold packs","Plastic Bottle","Opaque",NA,"N","AKDT"
"106",10000020,"Water","Surface Water","10000020-2025-04-30-Total P","2025-04-30","09:58:00.000000",NA,NA,60.48175453,-151.1306816,NA,"Field Msr/Obs",15,"cm",NA,NA,NA,NA,NA,1251731,"Total Phosphorus","4500-P-E","APHA",NA,0.029,"mg/L","J","Sampled",NA,"Total","Actual",NA,NA,"Water Bottle","Present Below Quantification Limit","Limit of Quantitation",0.04,"mg/L","Method Detection Level",0.03,"mg/L",NA,"SGS",1251731007,"2025-05-07","09:38:00",NA,NA,"Cold packs","Plastic Bottle","Opaque","H2SO4","N","AKDT"
"107",10000020,"Water","Surface Water","10000020-2025-04-30-As","2025-04-30","09:58:00.000000",NA,NA,60.48175453,-151.1306816,NA,"Field Msr/Obs",15,"cm",NA,NA,NA,NA,NA,1251731,"Arsenic","200.8","USEPA",NA,1.63,"ug/L","J","Sampled",NA,"Dissolved","Actual",NA,NA,"Water Bottle","Present Below Quantification Limit","Limit of Quantitation",5,"ug/L","Method Detection Level",3.75,"ug/L",NA,"SGS",1251731031,"2025-05-02","19:46:00",NA,NA,"Cold packs","Plastic Bottle","Opaque",NA,"N","AKDT"
"108",10000020,"Water","Surface Water","10000020-2025-04-30-Zn","2025-04-30","09:58:00.000000",NA,NA,60.48175453,-151.1306816,NA,"Field Msr/Obs",15,"cm",NA,NA,NA,NA,NA,1251731,"Zinc","200.8","USEPA",NA,22.9,"ug/L","=","Sampled",NA,"Dissolved","Actual",NA,NA,"Water Bottle",NA,"Limit of Quantitation",10,"ug/L","Method Detection Level",7.5,"ug/L",NA,"SGS",1251731031,"2025-05-02","19:46:00",NA,NA,"Cold packs","Plastic Bottle","Opaque",NA,"N","AKDT"
"109",10000022,"Water","Surface Water","10000022-2025-04-30-Total P-DUP","2025-04-30","10:42:00.000000",NA,NA,60.483364,-151.057656,NA,"Quality Control Field Replicate Msr/Obs",15,"cm",NA,NA,NA,NA,NA,1251731,"Total Phosphorus","4500-P-E","APHA",NA,0.0733,"mg/L","=","Sampled",NA,"Total","Actual",NA,NA,"Water Bottle",NA,"Limit of Quantitation",0.04,"mg/L","Method Detection Level",0.03,"mg/L",NA,"SGS",1251731010,"2025-05-07","09:43:00",NA,NA,"Cold packs","Plastic Bottle","Opaque","H2SO4","N","AKDT"
"110",10000008,"Water","Surface Water","10000008-2025-04-30-Zn","2025-04-30","09:48:00.000000",NA,NA,60.550888,-151.268417,NA,"Field Msr/Obs",15,"cm",NA,NA,NA,NA,NA,1251731,"Zinc","200.8","USEPA",NA,13.2,"ug/L","=","Sampled",NA,"Dissolved","Actual",NA,NA,"Water Bottle",NA,"Limit of Quantitation",10,"ug/L","Method Detection Level",7.5,"ug/L",NA,"SGS",1251731025,"2025-05-02","19:28:00",NA,NA,"Cold packs","Plastic Bottle","Opaque",NA,"N","AKDT"
"111",10000002,"Water","Surface Water","10000002-2025-04-30-As","2025-04-30","10:26:00.000000",NA,NA,60.54368,-151.22294,NA,"Field Msr/Obs",15,"cm",NA,NA,NA,NA,NA,1251731,"Arsenic","200.8","USEPA",NA,2.51,"ug/L","J","Sampled",NA,"Dissolved","Actual",NA,NA,"Water Bottle","Present Below Quantification Limit","Limit of Quantitation",5,"ug/L","Method Detection Level",3.75,"ug/L",NA,"SGS",1251731026,"2025-05-02","19:31:00",NA,NA,"Cold packs","Plastic Bottle","Opaque",NA,"N","AKDT"
"112",10000002,"Water","Surface Water","10000002-2025-04-30-Cu","2025-04-30","10:26:00.000000",NA,NA,60.54368,-151.22294,NA,"Field Msr/Obs",15,"cm",NA,NA,NA,NA,NA,1251731,"Copper","200.8","USEPA",NA,19,"ug/L","=","Sampled",NA,"Dissolved","Actual",NA,NA,"Water Bottle",NA,"Limit of Quantitation",3,"ug/L","Method Detection Level",2.25,"ug/L",NA,"SGS",1251731026,"2025-05-02","19:31:00",NA,NA,"Cold packs","Plastic Bottle","Opaque",NA,"N","AKDT"
"113",10000002,"Water","Surface Water","10000002-2025-04-30-Zn","2025-04-30","10:26:00.000000",NA,NA,60.54368,-151.22294,NA,"Field Msr/Obs",15,"cm",NA,NA,NA,NA,NA,1251731,"Zinc","200.8","USEPA",NA,6.38,"ug/L","J","Sampled",NA,"Dissolved","Actual",NA,NA,"Water Bottle","Present Below Quantification Limit","Limit of Quantitation",10,"ug/L","Method Detection Level",7.5,"ug/L",NA,"SGS",1251731026,"2025-05-02","19:31:00",NA,NA,"Cold packs","Plastic Bottle","Opaque",NA,"N","AKDT"
"114",10000002,"Water","Surface Water","10000002-2025-04-30-Zn-NA","2025-04-30","10:23:00.000000",NA,NA,60.54368,-151.22294,NA,"Field Msr/Obs",15,"cm",NA,NA,NA,NA,NA,1251731,"Zinc","200.8","USEPA",NA,9.2,"ug/L","J","Sampled",NA,"Dissolved","Actual",NA,NA,"Water Bottle","Present Below Quantification Limit","Limit of Quantitation",10,"ug/L","Method Detection Level",7.5,"ug/L",NA,"SGS",1251731038,"2025-05-08","11:05:00",NA,NA,"Cold packs","Plastic Bottle","Opaque",NA,"N","AKDT"
"115",10000015,"Water","Surface Water","10000015-2025-04-30-As","2025-04-30","09:50:00.000000",NA,NA,60.548029,-151.14324,NA,"Field Msr/Obs",15,"cm",NA,NA,NA,NA,NA,1251731,"Arsenic","200.8","USEPA",NA,2.93,"ug/L","J","Sampled",NA,"Dissolved","Actual",NA,NA,"Water Bottle","Present Below Quantification Limit","Limit of Quantitation",5,"ug/L","Method Detection Level",3.75,"ug/L",NA,"SGS",1251731027,"2025-05-02","19:34:00",NA,NA,"Cold packs","Plastic Bottle","Opaque",NA,"N","AKDT"
"116",10000015,"Water","Surface Water","10000015-2025-04-30-Zn","2025-04-30","09:50:00.000000",NA,NA,60.548029,-151.14324,NA,"Field Msr/Obs",15,"cm",NA,NA,NA,NA,NA,1251731,"Zinc","200.8","USEPA",NA,9.99,"ug/L","J","Sampled",NA,"Dissolved","Actual",NA,NA,"Water Bottle","Present Below Quantification Limit","Limit of Quantitation",10,"ug/L","Method Detection Level",7.5,"ug/L",NA,"SGS",1251731027,"2025-05-02","19:34:00",NA,NA,"Cold packs","Plastic Bottle","Opaque",NA,"N","AKDT"
"117",10000018,"Water","Surface Water","10000018-2025-04-30-Total P-DUP","2025-04-30","10:47:00.000000",NA,NA,60.502005,-151.106973,NA,"Quality Control Field Replicate Msr/Obs",15,"cm",NA,NA,NA,NA,NA,1251731,"Total Phosphorus","4500-P-E","APHA",NA,0.0127,"mg/L","J","Sampled",NA,"Total","Actual",NA,NA,"Water Bottle","Present Below Quantification Limit","Limit of Quantitation",0.04,"mg/L","Method Detection Level",0.03,"mg/L",NA,"SGS",1251731006,"2025-05-07","09:37:00",NA,NA,"Cold packs","Plastic Bottle","Opaque","H2SO4","N","AKDT"
"118",10000008,"Water","Surface Water","10000008-2025-04-30-Total P","2025-04-30","09:48:00.000000",NA,NA,60.550888,-151.268417,NA,"Field Msr/Obs",15,"cm",NA,NA,NA,NA,NA,1251731,"Total Phosphorus","4500-P-E","APHA",NA,0.0268,"mg/L","J","Sampled",NA,"Total","Actual",NA,NA,"Water Bottle","Present Below Quantification Limit","Limit of Quantitation",0.04,"mg/L","Method Detection Level",0.03,"mg/L",NA,"SGS",1251731001,"2025-05-07","09:31:00",NA,NA,"Cold packs","Plastic Bottle","Opaque","H2SO4","N","AKDT"
"119",10000002,"Water","Surface Water","10000002-2025-04-30-Total P","2025-04-30","10:23:00.000000",NA,NA,60.54368,-151.22294,NA,"Field Msr/Obs",15,"cm",NA,NA,NA,NA,NA,1251731,"Total Phosphorus","4500-P-E","APHA",NA,0.473,"mg/L","=","Sampled",NA,"Total","Actual",NA,NA,"Water Bottle",NA,"Limit of Quantitation",0.2,"mg/L","Method Detection Level",0.15,"mg/L",NA,"SGS",1251731002,"2025-05-13","10:54:00",NA,NA,"Cold packs","Plastic Bottle","Opaque","H2SO4","N","AKDT"
"120",10000015,"Water","Surface Water","10000015-2025-04-30-Total P","2025-04-30","09:50:00.000000",NA,NA,60.548029,-151.14324,NA,"Field Msr/Obs",15,"cm",NA,NA,NA,NA,NA,1251731,"Total Phosphorus","4500-P-E","APHA",NA,0.0886,"mg/L","=","Sampled",NA,"Total","Actual",NA,NA,"Water Bottle",NA,"Limit of Quantitation",0.04,"mg/L","Method Detection Level",0.03,"mg/L",NA,"SGS",1251731003,"2025-05-07","09:34:00",NA,NA,"Cold packs","Plastic Bottle","Opaque","H2SO4","N","AKDT"
"121",10000018,"Water","Surface Water","10000018-2025-04-30-Zn","2025-04-30","10:47:00.000000",NA,NA,60.502005,-151.106973,NA,"Field Msr/Obs",15,"cm",NA,NA,NA,NA,NA,1251731,"Zinc","200.8","USEPA",NA,13.1,"ug/L","=","Sampled",NA,"Dissolved","Actual",NA,NA,"Water Bottle",NA,"Limit of Quantitation",10,"ug/L","Method Detection Level",7.5,"ug/L",NA,"SGS",1251731029,"2025-05-02","19:40:00",NA,NA,"Cold packs","Plastic Bottle","Opaque",NA,"N","AKDT"
"122",10000018,"Water","Surface Water","10000018-2025-04-30-Zn-DUP","2025-04-30","10:47:00.000000",NA,NA,60.502005,-151.106973,NA,"Quality Control Field Replicate Msr/Obs",15,"cm",NA,NA,NA,NA,NA,1251731,"Zinc","200.8","USEPA",NA,11.9,"ug/L","=","Sampled",NA,"Dissolved","Actual",NA,NA,"Water Bottle",NA,"Limit of Quantitation",10,"ug/L","Method Detection Level",7.5,"ug/L",NA,"SGS",1251731030,"2025-05-02","19:43:00",NA,NA,"Cold packs","Plastic Bottle","Opaque",NA,"N","AKDT"
"123",10000020,"Water","Surface Water","10000020-2025-04-30-Zn-NA","2025-04-30","09:58:00.000000",NA,NA,60.48175453,-151.1306816,NA,"Field Msr/Obs",15,"cm",NA,NA,NA,NA,NA,1251731,"Zinc","200.8","USEPA",NA,6.74,"ug/L","J","Sampled",NA,"Dissolved","Actual",NA,NA,"Water Bottle","Present Below Quantification Limit","Limit of Quantitation",10,"ug/L","Method Detection Level",7.5,"ug/L",NA,"SGS",1251731039,"2025-05-08","11:08:00",NA,NA,"Cold packs","Plastic Bottle","Opaque",NA,"N","AKDT"
"124",10000022,"Water","Surface Water","10000022-2025-04-30-Total P","2025-04-30","10:30:00.000000",NA,NA,60.483364,-151.057656,NA,"Field Msr/Obs",15,"cm",NA,NA,NA,NA,NA,1251731,"Total Phosphorus","4500-P-E","APHA",NA,0.0702,"mg/L","=","Sampled",NA,"Total","Actual",NA,NA,"Water Bottle",NA,"Limit of Quantitation",0.04,"mg/L","Method Detection Level",0.03,"mg/L",NA,"SGS",1251731009,"2025-05-07","09:42:00",NA,NA,"Cold packs","Plastic Bottle","Opaque","H2SO4","N","AKDT"
"125",10000022,"Water","Surface Water","10000022-2025-04-30-As","2025-04-30","10:30:00.000000",NA,NA,60.483364,-151.057656,NA,"Field Msr/Obs",15,"cm",NA,NA,NA,NA,NA,1251731,"Arsenic","200.8","USEPA",NA,5.24,"ug/L","=","Sampled",NA,"Dissolved","Actual",NA,NA,"Water Bottle",NA,"Limit of Quantitation",5,"ug/L","Method Detection Level",3.75,"ug/L",NA,"SGS",1251731033,"2025-05-02","20:01:00",NA,NA,"Cold packs","Plastic Bottle","Opaque",NA,"N","AKDT"
"126",10000022,"Water","Surface Water","10000022-2025-04-30-Zn-DUP","2025-04-30","10:42:00.000000",NA,NA,60.483364,-151.057656,NA,"Quality Control Field Replicate Msr/Obs",15,"cm",NA,NA,NA,NA,NA,1251731,"Zinc","200.8","USEPA",NA,10.3,"ug/L","=","Sampled",NA,"Dissolved","Actual",NA,NA,"Water Bottle",NA,"Limit of Quantitation",10,"ug/L","Method Detection Level",7.5,"ug/L",NA,"SGS",1251731034,"2025-05-02","20:04:00",NA,NA,"Cold packs","Plastic Bottle","Opaque",NA,"N","AKDT"
"127",10000023,"Water","Surface Water","10000023-2025-04-30-Zn","2025-04-30","09:06:00.000000",NA,NA,60.480338,-151.030847,NA,"Field Msr/Obs",15,"cm",NA,NA,NA,NA,NA,1251731,"Zinc","200.8","USEPA",NA,6.33,"ug/L","J","Sampled",NA,"Dissolved","Actual",NA,NA,"Water Bottle","Present Below Quantification Limit","Limit of Quantitation",10,"ug/L","Method Detection Level",7.5,"ug/L",NA,"SGS",1251731035,"2025-05-08","10:56:00",NA,NA,"Cold packs","Plastic Bottle","Opaque",NA,"N","AKDT"
"128",10000024,"Water","Surface Water","10000024-2025-04-30-Zn","2025-04-30","10:26:00.000000",NA,NA,60.489963,-150.860982,NA,"Field Msr/Obs",15,"cm",NA,NA,NA,NA,NA,1251731,"Zinc","200.8","USEPA",NA,5.2,"ug/L","J","Sampled",NA,"Dissolved","Actual",NA,NA,"Water Bottle","Present Below Quantification Limit","Limit of Quantitation",10,"ug/L","Method Detection Level",7.5,"ug/L",NA,"SGS",1251731036,"2025-05-08","10:59:00",NA,NA,"Cold packs","Plastic Bottle","Opaque",NA,"N","AKDT"
"129",10000025,"Water","Surface Water","10000025-2025-04-30-As","2025-04-30","10:26:00.000000",NA,NA,60.498284,-150.863121,NA,"Field Msr/Obs",15,"cm",NA,NA,NA,NA,NA,1251731,"Arsenic","200.8","USEPA",NA,1.54,"ug/L","J","Sampled",NA,"Dissolved","Actual",NA,NA,"Water Bottle","Present Below Quantification Limit","Limit of Quantitation",5,"ug/L","Method Detection Level",3.75,"ug/L",NA,"SGS",1251731037,"2025-05-08","11:02:00",NA,NA,"Cold packs","Plastic Bottle","Opaque",NA,"N","AKDT"
"130",10000025,"Water","Surface Water","10000025-2025-04-30-Zn","2025-04-30","10:26:00.000000",NA,NA,60.498284,-150.863121,NA,"Field Msr/Obs",15,"cm",NA,NA,NA,NA,NA,1251731,"Zinc","200.8","USEPA",NA,7.33,"ug/L","J","Sampled",NA,"Dissolved","Actual",NA,NA,"Water Bottle","Present Below Quantification Limit","Limit of Quantitation",10,"ug/L","Method Detection Level",7.5,"ug/L",NA,"SGS",1251731037,"2025-05-08","11:02:00",NA,NA,"Cold packs","Plastic Bottle","Opaque",NA,"N","AKDT"
"131",10000021,"Water","Surface Water","10000021-2025-04-30-Zn","2025-04-30","09:32:00.000000",NA,NA,60.476634,-151.082099,NA,"Field Msr/Obs",15,"cm",NA,NA,NA,NA,NA,1251731,"Zinc","200.8","USEPA",NA,6.62,"ug/L","J","Sampled",NA,"Dissolved","Actual",NA,NA,"Water Bottle","Present Below Quantification Limit","Limit of Quantitation",10,"ug/L","Method Detection Level",7.5,"ug/L",NA,"SGS",1251731032,"2025-05-02","19:58:00",NA,NA,"Cold packs","Plastic Bottle","Opaque",NA,"N","AKDT"
"132",10000022,"Water","Surface Water","10000022-2025-04-30-Zn","2025-04-30","10:30:00.000000",NA,NA,60.483364,-151.057656,NA,"Field Msr/Obs",15,"cm",NA,NA,NA,NA,NA,1251731,"Zinc","200.8","USEPA",NA,9.71,"ug/L","J","Sampled",NA,"Dissolved","Actual",NA,NA,"Water Bottle","Present Below Quantification Limit","Limit of Quantitation",10,"ug/L","Method Detection Level",7.5,"ug/L",NA,"SGS",1251731033,"2025-05-02","20:01:00",NA,NA,"Cold packs","Plastic Bottle","Opaque",NA,"N","AKDT"
"133",10000022,"Water","Surface Water","10000022-2025-04-30-As-DUP","2025-04-30","10:42:00.000000",NA,NA,60.483364,-151.057656,NA,"Quality Control Field Replicate Msr/Obs",15,"cm",NA,NA,NA,NA,NA,1251731,"Arsenic","200.8","USEPA",NA,5.51,"ug/L","=","Sampled",NA,"Dissolved","Actual",NA,NA,"Water Bottle",NA,"Limit of Quantitation",5,"ug/L","Method Detection Level",3.75,"ug/L",NA,"SGS",1251731034,"2025-05-02","20:04:00",NA,NA,"Cold packs","Plastic Bottle","Opaque",NA,"N","AKDT"
"134",10000024,"Water","Surface Water","10000024-2025-04-30-Total P","2025-04-30","10:26:00.000000",NA,NA,60.489963,-150.860982,NA,"Field Msr/Obs",15,"cm",NA,NA,NA,NA,NA,1251731,"Total Phosphorus","4500-P-E","APHA",NA,0.0438,"mg/L","=","Sampled",NA,"Total","Actual",NA,NA,"Water Bottle",NA,"Limit of Quantitation",0.04,"mg/L","Method Detection Level",0.03,"mg/L",NA,"SGS",1251731012,"2025-05-07","09:45:00",NA,NA,"Cold packs","Plastic Bottle","Opaque","H2SO4","N","AKDT"
"135",10000024,"Water","Surface Water","10000024-2025-04-30-As","2025-04-30","10:26:00.000000",NA,NA,60.489963,-150.860982,NA,"Field Msr/Obs",15,"cm",NA,NA,NA,NA,NA,1251731,"Arsenic","200.8","USEPA",NA,1.78,"ug/L","J","Sampled",NA,"Dissolved","Actual",NA,NA,"Water Bottle","Present Below Quantification Limit","Limit of Quantitation",5,"ug/L","Method Detection Level",3.75,"ug/L",NA,"SGS",1251731036,"2025-05-08","10:59:00",NA,NA,"Cold packs","Plastic Bottle","Opaque",NA,"N","AKDT"
"136",10000025,"Water","Surface Water","10000025-2025-04-30-Total P","2025-04-30","10:26:00.000000",NA,NA,60.498284,-150.863121,NA,"Field Msr/Obs",15,"cm",NA,NA,NA,NA,NA,1251731,"Total Phosphorus","4500-P-E","APHA",NA,0.0151,"mg/L","J","Sampled",NA,"Total","Actual",NA,NA,"Water Bottle","Present Below Quantification Limit","Limit of Quantitation",0.04,"mg/L","Method Detection Level",0.03,"mg/L",NA,"SGS",1251731013,"2025-05-07","09:46:00",NA,NA,"Cold packs","Plastic Bottle","Opaque","H2SO4","N","AKDT"
"137",10000026,"Water","Surface Water","10000026-2025-04-30-Total P","2025-04-30","11:05:00.000000",NA,NA,60.53687,-150.754724,NA,"Field Msr/Obs",15,"cm",NA,NA,NA,NA,NA,1251731,"Total Phosphorus","4500-P-E","APHA",NA,0.0377,"mg/L","J","Sampled",NA,"Total","Actual",NA,NA,"Water Bottle","Present Below Quantification Limit","Limit of Quantitation",0.04,"mg/L","Method Detection Level",0.03,"mg/L",NA,"SGS",1251731014,"2025-05-07","09:50:00",NA,NA,"Cold packs","Plastic Bottle","Opaque","H2SO4","N","AKDT"
"138",10000017,"Water","Surface Water","10000017-2025-04-30-Zn","2025-04-30","10:15:00.000000",NA,NA,60.533743,-151.099258,NA,"Field Msr/Obs",15,"cm",NA,NA,NA,NA,NA,1251731,"Zinc","200.8","USEPA",NA,18.6,"ug/L","=","Sampled",NA,"Dissolved","Actual",NA,NA,"Water Bottle",NA,"Limit of Quantitation",10,"ug/L","Method Detection Level",7.5,"ug/L",NA,"SGS",1251731028,"2025-05-02","19:37:00",NA,NA,"Cold packs","Plastic Bottle","Opaque",NA,"N","AKDT"
"139",10000020,"Water","Surface Water","10000020-2025-04-30-Zn","2025-04-30","09:58:00.000000",NA,NA,60.48175453,-151.1306816,NA,"Field Msr/Obs",15,"cm",NA,NA,NA,NA,NA,1251731,"Zinc","200.8","USEPA",NA,3.84,"ug/L","J","Sampled",NA,"Unfiltered","Actual",NA,NA,"Water Bottle","Present Below Quantification Limit","Limit of Quantitation",10,"ug/L","Method Detection Level",7.5,"ug/L",NA,"SGS",1251731007,"2025-05-02","15:36:00",NA,NA,"Cold packs","Plastic Bottle","Opaque",NA,"N","AKDT"
"140",10000020,"Water","Surface Water","10000020-2025-04-30-Total Nitrate/Nitrite-N","2025-04-30","09:58:00.000000",NA,NA,60.48175453,-151.1306816,NA,"Field Msr/Obs",15,"cm",NA,NA,NA,NA,NA,1251731,"Total Nitrate/Nitrite-N","4500-NO3(F)","APHA",NA,0.1,"mg/L","J","Sampled",NA,"Total","Actual",NA,NA,"Water Bottle","Present Below Quantification Limit","Limit of Quantitation",0.2,"mg/L","Method Detection Level",0.15,"mg/L",NA,"SGS",1251731007,"2025-05-14","14:51:00",NA,NA,"Cold packs","Plastic Bottle","Opaque","H2SO4","N","AKDT"
"141",10000020,"Water","Surface Water","10000020-2025-04-30-Ca","2025-04-30","09:58:00.000000",NA,NA,60.48175453,-151.1306816,NA,"Field Msr/Obs",15,"cm",NA,NA,NA,NA,NA,1251731,"Calcium","200.8","USEPA",NA,10700,"ug/L","=","Sampled",NA,"Unfiltered","Actual",NA,NA,"Water Bottle",NA,"Limit of Quantitation",500,"ug/L","Method Detection Level",375,"ug/L",NA,"SGS",1251731007,"2025-05-02","15:36:00",NA,NA,"Cold packs","Plastic Bottle","Opaque",NA,"N","AKDT"
"142",10000020,"Water","Surface Water","10000020-2025-04-30-Fe","2025-04-30","09:58:00.000000",NA,NA,60.48175453,-151.1306816,NA,"Field Msr/Obs",15,"cm",NA,NA,NA,NA,NA,1251731,"Iron","200.8","USEPA",NA,1470,"ug/L","=","Sampled",NA,"Unfiltered","Actual",NA,NA,"Water Bottle",NA,"Limit of Quantitation",250,"ug/L","Method Detection Level",188,"ug/L",NA,"SGS",1251731007,"2025-05-02","15:36:00",NA,NA,"Cold packs","Plastic Bottle","Opaque",NA,"N","AKDT"
"143",10000020,"Water","Surface Water","10000020-2025-04-30-Mg","2025-04-30","09:58:00.000000",NA,NA,60.48175453,-151.1306816,NA,"Field Msr/Obs",15,"cm",NA,NA,NA,NA,NA,1251731,"Magnesium","200.8","USEPA",NA,2770,"ug/L","=","Sampled",NA,"Unfiltered","Actual",NA,NA,"Water Bottle",NA,"Limit of Quantitation",50,"ug/L","Method Detection Level",37.5,"ug/L",NA,"SGS",1251731007,"2025-05-02","15:36:00",NA,NA,"Cold packs","Plastic Bottle","Opaque",NA,"N","AKDT"
"144",10000022,"Water","Surface Water","10000022-2025-04-30-Ca-DUP","2025-04-30","10:42:00.000000",NA,NA,60.483364,-151.057656,NA,"Quality Control Field Replicate Msr/Obs",15,"cm",NA,NA,NA,NA,NA,1251731,"Calcium","200.8","USEPA",NA,16400,"ug/L","=","Sampled",NA,"Unfiltered","Actual",NA,NA,"Water Bottle",NA,"Limit of Quantitation",500,"ug/L","Method Detection Level",375,"ug/L",NA,"SGS",1251731010,"2025-05-02","15:54:00",NA,NA,"Cold packs","Plastic Bottle","Opaque",NA,"N","AKDT"
"145",10000022,"Water","Surface Water","10000022-2025-04-30-Fe-DUP","2025-04-30","10:42:00.000000",NA,NA,60.483364,-151.057656,NA,"Quality Control Field Replicate Msr/Obs",15,"cm",NA,NA,NA,NA,NA,1251731,"Iron","200.8","USEPA",NA,1090,"ug/L","=","Sampled",NA,"Unfiltered","Actual",NA,NA,"Water Bottle",NA,"Limit of Quantitation",250,"ug/L","Method Detection Level",188,"ug/L",NA,"SGS",1251731010,"2025-05-02","15:54:00",NA,NA,"Cold packs","Plastic Bottle","Opaque",NA,"N","AKDT"
"146",10000022,"Water","Surface Water","10000022-2025-04-30-Mg-DUP","2025-04-30","10:42:00.000000",NA,NA,60.483364,-151.057656,NA,"Quality Control Field Replicate Msr/Obs",15,"cm",NA,NA,NA,NA,NA,1251731,"Magnesium","200.8","USEPA",NA,4080,"ug/L","=","Sampled",NA,"Unfiltered","Actual",NA,NA,"Water Bottle",NA,"Limit of Quantitation",50,"ug/L","Method Detection Level",37.5,"ug/L",NA,"SGS",1251731010,"2025-05-02","15:54:00",NA,NA,"Cold packs","Plastic Bottle","Opaque",NA,"N","AKDT"
"147",10000022,"Water","Surface Water","10000022-2025-04-30-Zn-DUP","2025-04-30","10:42:00.000000",NA,NA,60.483364,-151.057656,NA,"Quality Control Field Replicate Msr/Obs",15,"cm",NA,NA,NA,NA,NA,1251731,"Zinc","200.8","USEPA",NA,6.24,"ug/L","J","Sampled",NA,"Unfiltered","Actual",NA,NA,"Water Bottle","Present Below Quantification Limit","Limit of Quantitation",10,"ug/L","Method Detection Level",7.5,"ug/L",NA,"SGS",1251731010,"2025-05-02","15:54:00",NA,NA,"Cold packs","Plastic Bottle","Opaque",NA,"N","AKDT"
"148",10000022,"Water","Surface Water","10000022-2025-04-30-Total Nitrate/Nitrite-N-DUP","2025-04-30","10:42:00.000000",NA,NA,60.483364,-151.057656,NA,"Quality Control Field Replicate Msr/Obs",15,"cm",NA,NA,NA,NA,NA,1251731,"Total Nitrate/Nitrite-N","4500-NO3(F)","APHA",NA,0.077,"mg/L","J","Sampled",NA,"Total","Actual",NA,NA,"Water Bottle","Present Below Quantification Limit","Limit of Quantitation",0.2,"mg/L","Method Detection Level",0.15,"mg/L",NA,"SGS",1251731010,"2025-05-14","14:56:00",NA,NA,"Cold packs","Plastic Bottle","Opaque","H2SO4","N","AKDT"
"149",10000008,"Water","Surface Water","10000008-2025-04-30-Ca","2025-04-30","09:48:00.000000",NA,NA,60.550888,-151.268417,NA,"Field Msr/Obs",15,"cm",NA,NA,NA,NA,NA,1251731,"Calcium","200.8","USEPA",NA,9360,"ug/L","=","Sampled",NA,"Unfiltered","Actual",NA,NA,"Water Bottle",NA,"Limit of Quantitation",500,"ug/L","Method Detection Level",375,"ug/L",NA,"SGS",1251731001,"2025-05-02","15:18:00",NA,NA,"Cold packs","Plastic Bottle","Opaque",NA,"N","AKDT"
"150",10000008,"Water","Surface Water","10000008-2025-04-30-Cu","2025-04-30","09:48:00.000000",NA,NA,60.550888,-151.268417,NA,"Field Msr/Obs",15,"cm",NA,NA,NA,NA,NA,1251731,"Copper","200.8","USEPA",NA,1.42,"ug/L","J","Sampled",NA,"Unfiltered","Actual",NA,NA,"Water Bottle","Present Below Quantification Limit","Limit of Quantitation",3,"ug/L","Method Detection Level",2.25,"ug/L",NA,"SGS",1251731001,"2025-05-02","15:18:00",NA,NA,"Cold packs","Plastic Bottle","Opaque",NA,"N","AKDT"
"151",10000002,"Water","Surface Water","10000002-2025-04-30-Cu","2025-04-30","10:23:00.000000",NA,NA,60.54368,-151.22294,NA,"Field Msr/Obs",15,"cm",NA,NA,NA,NA,NA,1251731,"Copper","200.8","USEPA",NA,48.1,"ug/L","=","Sampled",NA,"Unfiltered","Actual",NA,NA,"Water Bottle",NA,"Limit of Quantitation",3,"ug/L","Method Detection Level",2.25,"ug/L",NA,"SGS",1251731002,"2025-05-02","15:21:00",NA,NA,"Cold packs","Plastic Bottle","Opaque",NA,"N","AKDT"
"152",10000015,"Water","Surface Water","10000015-2025-04-30-Ca","2025-04-30","09:50:00.000000",NA,NA,60.548029,-151.14324,NA,"Field Msr/Obs",15,"cm",NA,NA,NA,NA,NA,1251731,"Calcium","200.8","USEPA",NA,12000,"ug/L","=","Sampled",NA,"Unfiltered","Actual",NA,NA,"Water Bottle",NA,"Limit of Quantitation",500,"ug/L","Method Detection Level",375,"ug/L",NA,"SGS",1251731003,"2025-05-02","15:24:00",NA,NA,"Cold packs","Plastic Bottle","Opaque",NA,"N","AKDT"
"153",10000018,"Water","Surface Water","10000018-2025-04-30-Total Nitrate/Nitrite-N","2025-04-30","10:47:00.000000",NA,NA,60.502005,-151.106973,NA,"Field Msr/Obs",15,"cm",NA,NA,NA,NA,NA,1251731,"Total Nitrate/Nitrite-N","4500-NO3(F)","APHA",NA,0.262,"mg/L","=","Sampled",NA,"Total","Actual",NA,NA,"Water Bottle",NA,"Limit of Quantitation",0.2,"mg/L","Method Detection Level",0.15,"mg/L",NA,"SGS",1251731005,"2025-05-14","14:39:00",NA,NA,"Cold packs","Plastic Bottle","Opaque","H2SO4","N","AKDT"
"154",10000018,"Water","Surface Water","10000018-2025-04-30-Total Nitrate/Nitrite-N-DUP","2025-04-30","10:47:00.000000",NA,NA,60.502005,-151.106973,NA,"Quality Control Field Replicate Msr/Obs",15,"cm",NA,NA,NA,NA,NA,1251731,"Total Nitrate/Nitrite-N","4500-NO3(F)","APHA",NA,0.222,"mg/L","=","Sampled",NA,"Total","Actual",NA,NA,"Water Bottle",NA,"Limit of Quantitation",0.2,"mg/L","Method Detection Level",0.15,"mg/L",NA,"SGS",1251731006,"2025-05-14","14:46:00",NA,NA,"Cold packs","Plastic Bottle","Opaque","H2SO4","N","AKDT"
"155",10000020,"Water","Surface Water","10000020-2025-04-30-Zn-NA","2025-04-30","09:58:00.000000",NA,NA,60.48175453,-151.1306816,NA,"Field Msr/Obs",15,"cm",NA,NA,NA,NA,NA,1251731,"Zinc","200.8","USEPA",NA,5.43,"ug/L","J","Sampled",NA,"Unfiltered","Actual",NA,NA,"Water Bottle","Present Below Quantification Limit","Limit of Quantitation",10,"ug/L","Method Detection Level",7.5,"ug/L",NA,"SGS",1251731024,"2025-05-02","19:25:00",NA,NA,"Cold packs","Plastic Bottle","Opaque",NA,"N","AKDT"
"156",10000008,"Water","Surface Water","10000008-2025-04-30-Fe","2025-04-30","09:48:00.000000",NA,NA,60.550888,-151.268417,NA,"Field Msr/Obs",15,"cm",NA,NA,NA,NA,NA,1251731,"Iron","200.8","USEPA",NA,4470,"ug/L","=","Sampled",NA,"Unfiltered","Actual",NA,NA,"Water Bottle",NA,"Limit of Quantitation",250,"ug/L","Method Detection Level",188,"ug/L",NA,"SGS",1251731001,"2025-05-02","15:18:00",NA,NA,"Cold packs","Plastic Bottle","Opaque",NA,"N","AKDT"
"157",10000008,"Water","Surface Water","10000008-2025-04-30-Mg","2025-04-30","09:48:00.000000",NA,NA,60.550888,-151.268417,NA,"Field Msr/Obs",15,"cm",NA,NA,NA,NA,NA,1251731,"Magnesium","200.8","USEPA",NA,7230,"ug/L","=","Sampled",NA,"Unfiltered","Actual",NA,NA,"Water Bottle",NA,"Limit of Quantitation",50,"ug/L","Method Detection Level",37.5,"ug/L",NA,"SGS",1251731001,"2025-05-02","15:18:00",NA,NA,"Cold packs","Plastic Bottle","Opaque",NA,"N","AKDT"
"158",10000008,"Water","Surface Water","10000008-2025-04-30-Zn","2025-04-30","09:48:00.000000",NA,NA,60.550888,-151.268417,NA,"Field Msr/Obs",15,"cm",NA,NA,NA,NA,NA,1251731,"Zinc","200.8","USEPA",NA,9,"ug/L","J","Sampled",NA,"Unfiltered","Actual",NA,NA,"Water Bottle","Present Below Quantification Limit","Limit of Quantitation",10,"ug/L","Method Detection Level",7.5,"ug/L",NA,"SGS",1251731001,"2025-05-02","15:18:00",NA,NA,"Cold packs","Plastic Bottle","Opaque",NA,"N","AKDT"
"159",10000008,"Water","Surface Water","10000008-2025-04-30-Total Nitrate/Nitrite-N","2025-04-30","09:48:00.000000",NA,NA,60.550888,-151.268417,NA,"Field Msr/Obs",15,"cm",NA,NA,NA,NA,NA,1251731,"Total Nitrate/Nitrite-N","4500-NO3(F)","APHA",NA,0.066,"mg/L","J","Sampled",NA,"Total","Actual",NA,NA,"Water Bottle","Present Below Quantification Limit","Limit of Quantitation",0.2,"mg/L","Method Detection Level",0.15,"mg/L",NA,"SGS",1251731001,"2025-05-14","14:27:00",NA,NA,"Cold packs","Plastic Bottle","Opaque","H2SO4","N","AKDT"
"160",10000002,"Water","Surface Water","10000002-2025-04-30-Fe","2025-04-30","10:23:00.000000",NA,NA,60.54368,-151.22294,NA,"Field Msr/Obs",15,"cm",NA,NA,NA,NA,NA,1251731,"Iron","200.8","USEPA",NA,17800,"ug/L","=","Sampled",NA,"Unfiltered","Actual",NA,NA,"Water Bottle",NA,"Limit of Quantitation",250,"ug/L","Method Detection Level",188,"ug/L",NA,"SGS",1251731002,"2025-05-02","15:21:00",NA,NA,"Cold packs","Plastic Bottle","Opaque",NA,"N","AKDT"
"161",10000002,"Water","Surface Water","10000002-2025-04-30-Zn","2025-04-30","10:23:00.000000",NA,NA,60.54368,-151.22294,NA,"Field Msr/Obs",15,"cm",NA,NA,NA,NA,NA,1251731,"Zinc","200.8","USEPA",NA,54.6,"ug/L","=","Sampled",NA,"Unfiltered","Actual",NA,NA,"Water Bottle",NA,"Limit of Quantitation",10,"ug/L","Method Detection Level",7.5,"ug/L",NA,"SGS",1251731002,"2025-05-02","15:21:00",NA,NA,"Cold packs","Plastic Bottle","Opaque",NA,"N","AKDT"
"162",10000002,"Water","Surface Water","10000002-2025-04-30-Ca","2025-04-30","10:23:00.000000",NA,NA,60.54368,-151.22294,NA,"Field Msr/Obs",15,"cm",NA,NA,NA,NA,NA,1251731,"Calcium","200.8","USEPA",NA,158000,"ug/L","=","Sampled",NA,"Unfiltered","Actual",NA,NA,"Water Bottle",NA,"Limit of Quantitation",25000,"ug/L","Method Detection Level",18750,"ug/L",NA,"SGS",1251731002,"2025-05-02","16:42:00",NA,NA,"Cold packs","Plastic Bottle","Opaque",NA,"N","AKDT"
"163",10000002,"Water","Surface Water","10000002-2025-04-30-Mg","2025-04-30","10:23:00.000000",NA,NA,60.54368,-151.22294,NA,"Field Msr/Obs",15,"cm",NA,NA,NA,NA,NA,1251731,"Magnesium","200.8","USEPA",NA,396000,"ug/L","=","Sampled",NA,"Unfiltered","Actual",NA,NA,"Water Bottle",NA,"Limit of Quantitation",2500,"ug/L","Method Detection Level",1875,"ug/L",NA,"SGS",1251731002,"2025-05-02","16:42:00",NA,NA,"Cold packs","Plastic Bottle","Opaque",NA,"N","AKDT"
"164",10000002,"Water","Surface Water","10000002-2025-04-30-Total Nitrate/Nitrite-N","2025-04-30","10:23:00.000000",NA,NA,60.54368,-151.22294,NA,"Field Msr/Obs",15,"cm",NA,NA,NA,NA,NA,1251731,"Total Nitrate/Nitrite-N","4500-NO3(F)","APHA",NA,0.21,"mg/L","=","Sampled",NA,"Total","Actual",NA,NA,"Water Bottle",NA,"Limit of Quantitation",0.2,"mg/L","Method Detection Level",0.15,"mg/L",NA,"SGS",1251731002,"2025-05-14","14:28:00",NA,NA,"Cold packs","Plastic Bottle","Opaque","H2SO4","N","AKDT"
"165",10000015,"Water","Surface Water","10000015-2025-04-30-Cu","2025-04-30","09:50:00.000000",NA,NA,60.548029,-151.14324,NA,"Field Msr/Obs",15,"cm",NA,NA,NA,NA,NA,1251731,"Copper","200.8","USEPA",NA,2.66,"ug/L","J","Sampled",NA,"Unfiltered","Actual",NA,NA,"Water Bottle","Present Below Quantification Limit","Limit of Quantitation",3,"ug/L","Method Detection Level",2.25,"ug/L",NA,"SGS",1251731003,"2025-05-02","15:24:00",NA,NA,"Cold packs","Plastic Bottle","Opaque",NA,"N","AKDT"
"166",10000015,"Water","Surface Water","10000015-2025-04-30-Fe","2025-04-30","09:50:00.000000",NA,NA,60.548029,-151.14324,NA,"Field Msr/Obs",15,"cm",NA,NA,NA,NA,NA,1251731,"Iron","200.8","USEPA",NA,3460,"ug/L","=","Sampled",NA,"Unfiltered","Actual",NA,NA,"Water Bottle",NA,"Limit of Quantitation",250,"ug/L","Method Detection Level",188,"ug/L",NA,"SGS",1251731003,"2025-05-02","15:24:00",NA,NA,"Cold packs","Plastic Bottle","Opaque",NA,"N","AKDT"
"167",10000015,"Water","Surface Water","10000015-2025-04-30-Mg","2025-04-30","09:50:00.000000",NA,NA,60.548029,-151.14324,NA,"Field Msr/Obs",15,"cm",NA,NA,NA,NA,NA,1251731,"Magnesium","200.8","USEPA",NA,2990,"ug/L","=","Sampled",NA,"Unfiltered","Actual",NA,NA,"Water Bottle",NA,"Limit of Quantitation",50,"ug/L","Method Detection Level",37.5,"ug/L",NA,"SGS",1251731003,"2025-05-02","15:24:00",NA,NA,"Cold packs","Plastic Bottle","Opaque",NA,"N","AKDT"
"168",10000015,"Water","Surface Water","10000015-2025-04-30-Zn","2025-04-30","09:50:00.000000",NA,NA,60.548029,-151.14324,NA,"Field Msr/Obs",15,"cm",NA,NA,NA,NA,NA,1251731,"Zinc","200.8","USEPA",NA,8.41,"ug/L","J","Sampled",NA,"Unfiltered","Actual",NA,NA,"Water Bottle","Present Below Quantification Limit","Limit of Quantitation",10,"ug/L","Method Detection Level",7.5,"ug/L",NA,"SGS",1251731003,"2025-05-02","15:24:00",NA,NA,"Cold packs","Plastic Bottle","Opaque",NA,"N","AKDT"
"169",10000015,"Water","Surface Water","10000015-2025-04-30-Total Nitrate/Nitrite-N","2025-04-30","09:50:00.000000",NA,NA,60.548029,-151.14324,NA,"Field Msr/Obs",15,"cm",NA,NA,NA,NA,NA,1251731,"Total Nitrate/Nitrite-N","4500-NO3(F)","APHA",NA,0.122,"mg/L","J","Sampled",NA,"Total","Actual",NA,NA,"Water Bottle","Present Below Quantification Limit","Limit of Quantitation",0.2,"mg/L","Method Detection Level",0.15,"mg/L",NA,"SGS",1251731003,"2025-05-14","14:35:00",NA,NA,"Cold packs","Plastic Bottle","Opaque","H2SO4","N","AKDT"
"170",10000018,"Water","Surface Water","10000018-2025-04-30-Ca","2025-04-30","10:47:00.000000",NA,NA,60.502005,-151.106973,NA,"Field Msr/Obs",15,"cm",NA,NA,NA,NA,NA,1251731,"Calcium","200.8","USEPA",NA,15500,"ug/L","=","Sampled",NA,"Unfiltered","Actual",NA,NA,"Water Bottle",NA,"Limit of Quantitation",500,"ug/L","Method Detection Level",375,"ug/L",NA,"SGS",1251731005,"2025-05-02","15:30:00",NA,NA,"Cold packs","Plastic Bottle","Opaque",NA,"N","AKDT"
"171",10000018,"Water","Surface Water","10000018-2025-04-30-Fe","2025-04-30","10:47:00.000000",NA,NA,60.502005,-151.106973,NA,"Field Msr/Obs",15,"cm",NA,NA,NA,NA,NA,1251731,"Iron","200.8","USEPA",NA,248,"ug/L","J","Sampled",NA,"Unfiltered","Actual",NA,NA,"Water Bottle","Present Below Quantification Limit","Limit of Quantitation",250,"ug/L","Method Detection Level",188,"ug/L",NA,"SGS",1251731005,"2025-05-02","15:30:00",NA,NA,"Cold packs","Plastic Bottle","Opaque",NA,"N","AKDT"
"172",10000018,"Water","Surface Water","10000018-2025-04-30-Mg","2025-04-30","10:47:00.000000",NA,NA,60.502005,-151.106973,NA,"Field Msr/Obs",15,"cm",NA,NA,NA,NA,NA,1251731,"Magnesium","200.8","USEPA",NA,1800,"ug/L","=","Sampled",NA,"Unfiltered","Actual",NA,NA,"Water Bottle",NA,"Limit of Quantitation",50,"ug/L","Method Detection Level",37.5,"ug/L",NA,"SGS",1251731005,"2025-05-02","15:30:00",NA,NA,"Cold packs","Plastic Bottle","Opaque",NA,"N","AKDT"
"173",10000018,"Water","Surface Water","10000018-2025-04-30-Ca-DUP","2025-04-30","10:47:00.000000",NA,NA,60.502005,-151.106973,NA,"Quality Control Field Replicate Msr/Obs",15,"cm",NA,NA,NA,NA,NA,1251731,"Calcium","200.8","USEPA",NA,15400,"ug/L","=","Sampled",NA,"Unfiltered","Actual",NA,NA,"Water Bottle",NA,"Limit of Quantitation",500,"ug/L","Method Detection Level",375,"ug/L",NA,"SGS",1251731006,"2025-05-02","15:33:00",NA,NA,"Cold packs","Plastic Bottle","Opaque",NA,"N","AKDT"
"174",10000018,"Water","Surface Water","10000018-2025-04-30-Fe-DUP","2025-04-30","10:47:00.000000",NA,NA,60.502005,-151.106973,NA,"Quality Control Field Replicate Msr/Obs",15,"cm",NA,NA,NA,NA,NA,1251731,"Iron","200.8","USEPA",NA,260,"ug/L","=","Sampled",NA,"Unfiltered","Actual",NA,NA,"Water Bottle",NA,"Limit of Quantitation",250,"ug/L","Method Detection Level",188,"ug/L",NA,"SGS",1251731006,"2025-05-02","15:33:00",NA,NA,"Cold packs","Plastic Bottle","Opaque",NA,"N","AKDT"
"175",10000018,"Water","Surface Water","10000018-2025-04-30-Mg-DUP","2025-04-30","10:47:00.000000",NA,NA,60.502005,-151.106973,NA,"Quality Control Field Replicate Msr/Obs",15,"cm",NA,NA,NA,NA,NA,1251731,"Magnesium","200.8","USEPA",NA,1840,"ug/L","=","Sampled",NA,"Unfiltered","Actual",NA,NA,"Water Bottle",NA,"Limit of Quantitation",50,"ug/L","Method Detection Level",37.5,"ug/L",NA,"SGS",1251731006,"2025-05-02","15:33:00",NA,NA,"Cold packs","Plastic Bottle","Opaque",NA,"N","AKDT"
"176",10000018,"Water","Surface Water","10000018-2025-04-30-Zn-DUP","2025-04-30","10:47:00.000000",NA,NA,60.502005,-151.106973,NA,"Quality Control Field Replicate Msr/Obs",15,"cm",NA,NA,NA,NA,NA,1251731,"Zinc","200.8","USEPA",NA,3.17,"ug/L","J","Sampled",NA,"Unfiltered","Actual",NA,NA,"Water Bottle","Present Below Quantification Limit","Limit of Quantitation",10,"ug/L","Method Detection Level",7.5,"ug/L",NA,"SGS",1251731006,"2025-05-02","15:33:00",NA,NA,"Cold packs","Plastic Bottle","Opaque",NA,"N","AKDT"
"177",10000021,"Water","Surface Water","10000021-2025-04-30-Ca","2025-04-30","09:32:00.000000",NA,NA,60.476634,-151.082099,NA,"Field Msr/Obs",15,"cm",NA,NA,NA,NA,NA,1251731,"Calcium","200.8","USEPA",NA,13700,"ug/L","=","Sampled",NA,"Unfiltered","Actual",NA,NA,"Water Bottle",NA,"Limit of Quantitation",500,"ug/L","Method Detection Level",375,"ug/L",NA,"SGS",1251731008,"2025-05-02","15:39:00",NA,NA,"Cold packs","Plastic Bottle","Opaque",NA,"N","AKDT"
"178",10000021,"Water","Surface Water","10000021-2025-04-30-Fe","2025-04-30","09:32:00.000000",NA,NA,60.476634,-151.082099,NA,"Field Msr/Obs",15,"cm",NA,NA,NA,NA,NA,1251731,"Iron","200.8","USEPA",NA,270,"ug/L","=","Sampled",NA,"Unfiltered","Actual",NA,NA,"Water Bottle",NA,"Limit of Quantitation",250,"ug/L","Method Detection Level",188,"ug/L",NA,"SGS",1251731008,"2025-05-02","15:39:00",NA,NA,"Cold packs","Plastic Bottle","Opaque",NA,"N","AKDT"
"179",10000021,"Water","Surface Water","10000021-2025-04-30-Mg","2025-04-30","09:32:00.000000",NA,NA,60.476634,-151.082099,NA,"Field Msr/Obs",15,"cm",NA,NA,NA,NA,NA,1251731,"Magnesium","200.8","USEPA",NA,1510,"ug/L","=","Sampled",NA,"Unfiltered","Actual",NA,NA,"Water Bottle",NA,"Limit of Quantitation",50,"ug/L","Method Detection Level",37.5,"ug/L",NA,"SGS",1251731008,"2025-05-02","15:39:00",NA,NA,"Cold packs","Plastic Bottle","Opaque",NA,"N","AKDT"
"180",10000021,"Water","Surface Water","10000021-2025-04-30-Total Nitrate/Nitrite-N","2025-04-30","09:32:00.000000",NA,NA,60.476634,-151.082099,NA,"Field Msr/Obs",15,"cm",NA,NA,NA,NA,NA,1251731,"Total Nitrate/Nitrite-N","4500-NO3(F)","APHA",NA,0.201,"mg/L","=","Sampled",NA,"Total","Actual",NA,NA,"Water Bottle",NA,"Limit of Quantitation",0.2,"mg/L","Method Detection Level",0.15,"mg/L",NA,"SGS",1251731008,"2025-05-14","14:53:00",NA,NA,"Cold packs","Plastic Bottle","Opaque","H2SO4","N","AKDT"
"181",10000022,"Water","Surface Water","10000022-2025-04-30-Total Nitrate/Nitrite-N","2025-04-30","10:30:00.000000",NA,NA,60.483364,-151.057656,NA,"Field Msr/Obs",15,"cm",NA,NA,NA,NA,NA,1251731,"Total Nitrate/Nitrite-N","4500-NO3(F)","APHA",NA,0.0566,"mg/L","J","Sampled",NA,"Total","Actual",NA,NA,"Water Bottle","Present Below Quantification Limit","Limit of Quantitation",0.2,"mg/L","Method Detection Level",0.15,"mg/L",NA,"SGS",1251731009,"2025-05-14","14:55:00",NA,NA,"Cold packs","Plastic Bottle","Opaque","H2SO4","N","AKDT"
"182",10000023,"Water","Surface Water","10000023-2025-04-30-Ca","2025-04-30","09:06:00.000000",NA,NA,60.480338,-151.030847,NA,"Field Msr/Obs",15,"cm",NA,NA,NA,NA,NA,1251731,"Calcium","200.8","USEPA",NA,14900,"ug/L","=","Sampled",NA,"Unfiltered","Actual",NA,NA,"Water Bottle",NA,"Limit of Quantitation",500,"ug/L","Method Detection Level",375,"ug/L",NA,"SGS",1251731011,"2025-05-02","15:57:00",NA,NA,"Cold packs","Plastic Bottle","Opaque",NA,"N","AKDT"
"183",10000023,"Water","Surface Water","10000023-2025-04-30-Fe","2025-04-30","09:06:00.000000",NA,NA,60.480338,-151.030847,NA,"Field Msr/Obs",15,"cm",NA,NA,NA,NA,NA,1251731,"Iron","200.8","USEPA",NA,259,"ug/L","=","Sampled",NA,"Unfiltered","Actual",NA,NA,"Water Bottle",NA,"Limit of Quantitation",250,"ug/L","Method Detection Level",188,"ug/L",NA,"SGS",1251731011,"2025-05-02","15:57:00",NA,NA,"Cold packs","Plastic Bottle","Opaque",NA,"N","AKDT"
"184",10000024,"Water","Surface Water","10000024-2025-04-30-Ca","2025-04-30","10:26:00.000000",NA,NA,60.489963,-150.860982,NA,"Field Msr/Obs",15,"cm",NA,NA,NA,NA,NA,1251731,"Calcium","200.8","USEPA",NA,9050,"ug/L","=","Sampled",NA,"Unfiltered","Actual",NA,NA,"Water Bottle",NA,"Limit of Quantitation",500,"ug/L","Method Detection Level",375,"ug/L",NA,"SGS",1251731012,"2025-05-02","16:00:00",NA,NA,"Cold packs","Plastic Bottle","Opaque",NA,"N","AKDT"
"185",10000025,"Water","Surface Water","10000025-2025-04-30-Ca","2025-04-30","10:26:00.000000",NA,NA,60.498284,-150.863121,NA,"Field Msr/Obs",15,"cm",NA,NA,NA,NA,NA,1251731,"Calcium","200.8","USEPA",NA,14600,"ug/L","=","Sampled",NA,"Unfiltered","Actual",NA,NA,"Water Bottle",NA,"Limit of Quantitation",500,"ug/L","Method Detection Level",375,"ug/L",NA,"SGS",1251731013,"2025-05-02","16:03:00",NA,NA,"Cold packs","Plastic Bottle","Opaque",NA,"N","AKDT"
"186",10000027,"Water","Surface Water","10000027-2025-04-30-Fe","2025-04-30","09:26:00.000000",NA,NA,60.515441,-150.702069,NA,"Field Msr/Obs",15,"cm",NA,NA,NA,NA,NA,1251731,"Iron","200.8","USEPA",NA,128,"ug/L","J","Sampled",NA,"Unfiltered","Actual",NA,NA,"Water Bottle","Present Below Quantification Limit","Limit of Quantitation",250,"ug/L","Method Detection Level",188,"ug/L",NA,"SGS",1251731015,"2025-05-02","18:47:00",NA,NA,"Cold packs","Plastic Bottle","Opaque",NA,"N","AKDT"
"187",10000027,"Water","Surface Water","10000027-2025-04-30-Mg","2025-04-30","09:26:00.000000",NA,NA,60.515441,-150.702069,NA,"Field Msr/Obs",15,"cm",NA,NA,NA,NA,NA,1251731,"Magnesium","200.8","USEPA",NA,1110,"ug/L","=","Sampled",NA,"Unfiltered","Actual",NA,NA,"Water Bottle",NA,"Limit of Quantitation",50,"ug/L","Method Detection Level",37.5,"ug/L",NA,"SGS",1251731015,"2025-05-02","18:47:00",NA,NA,"Cold packs","Plastic Bottle","Opaque",NA,"N","AKDT"
"188",10000027,"Water","Surface Water","10000027-2025-04-30-Total Nitrate/Nitrite-N","2025-04-30","09:26:00.000000",NA,NA,60.515441,-150.702069,NA,"Field Msr/Obs",15,"cm",NA,NA,NA,NA,NA,1251731,"Total Nitrate/Nitrite-N","4500-NO3(F)","APHA",NA,0.383,"mg/L","=","Sampled",NA,"Total","Actual",NA,NA,"Water Bottle",NA,"Limit of Quantitation",0.2,"mg/L","Method Detection Level",0.15,"mg/L",NA,"SGS",1251731015,"2025-05-14","15:10:00",NA,NA,"Cold packs","Plastic Bottle","Opaque","H2SO4","N","AKDT"
"189",10000028,"Water","Surface Water","10000028-2025-04-30-Ca","2025-04-30","09:48:00.000000",NA,NA,60.489844,-150.636905,NA,"Field Msr/Obs",15,"cm",NA,NA,NA,NA,NA,1251731,"Calcium","200.8","USEPA",NA,13800,"ug/L","=","Sampled",NA,"Unfiltered","Actual",NA,NA,"Water Bottle",NA,"Limit of Quantitation",500,"ug/L","Method Detection Level",375,"ug/L",NA,"SGS",1251731016,"2025-05-02","18:53:00",NA,NA,"Cold packs","Plastic Bottle","Opaque",NA,"N","AKDT"
"190",10000028,"Water","Surface Water","10000028-2025-04-30-Fe","2025-04-30","09:48:00.000000",NA,NA,60.489844,-150.636905,NA,"Field Msr/Obs",15,"cm",NA,NA,NA,NA,NA,1251731,"Iron","200.8","USEPA",NA,119,"ug/L","J","Sampled",NA,"Unfiltered","Actual",NA,NA,"Water Bottle","Present Below Quantification Limit","Limit of Quantitation",250,"ug/L","Method Detection Level",188,"ug/L",NA,"SGS",1251731016,"2025-05-02","18:53:00",NA,NA,"Cold packs","Plastic Bottle","Opaque",NA,"N","AKDT"
"191",10000029,"Water","Surface Water","10000029-2025-04-30-Total Nitrate/Nitrite-N","2025-04-30","09:12:00.000000",NA,NA,60.481518,-150.632498,NA,"Field Msr/Obs",15,"cm",NA,NA,NA,NA,NA,1251731,"Total Nitrate/Nitrite-N","4500-NO3(F)","APHA",NA,0.431,"mg/L","=","Sampled",NA,"Total","Actual",NA,NA,"Water Bottle",NA,"Limit of Quantitation",0.2,"mg/L","Method Detection Level",0.15,"mg/L",NA,"SGS",1251731017,"2025-05-14","15:14:00",NA,NA,"Cold packs","Plastic Bottle","Opaque","H2SO4","N","AKDT"
"192",10000030,"Water","Surface Water","10000030-2025-04-30-Ca","2025-04-30","09:25:00.000000",NA,NA,60.467517,-150.507789,NA,"Field Msr/Obs",15,"cm",NA,NA,NA,NA,NA,1251731,"Calcium","200.8","USEPA",NA,14600,"ug/L","=","Sampled",NA,"Unfiltered","Actual",NA,NA,"Water Bottle",NA,"Limit of Quantitation",500,"ug/L","Method Detection Level",375,"ug/L",NA,"SGS",1251731018,"2025-05-02","19:01:00",NA,NA,"Cold packs","Plastic Bottle","Opaque",NA,"N","AKDT"
"193",10000030,"Water","Surface Water","10000030-2025-04-30-Fe","2025-04-30","09:25:00.000000",NA,NA,60.467517,-150.507789,NA,"Field Msr/Obs",15,"cm",NA,NA,NA,NA,NA,1251731,"Iron","200.8","USEPA",NA,84.5,"ug/L","J","Sampled",NA,"Unfiltered","Actual",NA,NA,"Water Bottle","Present Below Quantification Limit","Limit of Quantitation",250,"ug/L","Method Detection Level",188,"ug/L",NA,"SGS",1251731018,"2025-05-02","19:01:00",NA,NA,"Cold packs","Plastic Bottle","Opaque",NA,"N","AKDT"
"194",10000030,"Water","Surface Water","10000030-2025-04-30-Mg","2025-04-30","09:25:00.000000",NA,NA,60.467517,-150.507789,NA,"Field Msr/Obs",15,"cm",NA,NA,NA,NA,NA,1251731,"Magnesium","200.8","USEPA",NA,1010,"ug/L","=","Sampled",NA,"Unfiltered","Actual",NA,NA,"Water Bottle",NA,"Limit of Quantitation",50,"ug/L","Method Detection Level",37.5,"ug/L",NA,"SGS",1251731018,"2025-05-02","19:01:00",NA,NA,"Cold packs","Plastic Bottle","Opaque",NA,"N","AKDT"
"195",10000022,"Water","Surface Water","10000022-2025-04-30-Ca","2025-04-30","10:30:00.000000",NA,NA,60.483364,-151.057656,NA,"Field Msr/Obs",15,"cm",NA,NA,NA,NA,NA,1251731,"Calcium","200.8","USEPA",NA,16200,"ug/L","=","Sampled",NA,"Unfiltered","Actual",NA,NA,"Water Bottle",NA,"Limit of Quantitation",500,"ug/L","Method Detection Level",375,"ug/L",NA,"SGS",1251731009,"2025-05-02","15:51:00",NA,NA,"Cold packs","Plastic Bottle","Opaque",NA,"N","AKDT"
"196",10000022,"Water","Surface Water","10000022-2025-04-30-Fe","2025-04-30","10:30:00.000000",NA,NA,60.483364,-151.057656,NA,"Field Msr/Obs",15,"cm",NA,NA,NA,NA,NA,1251731,"Iron","200.8","USEPA",NA,1130,"ug/L","=","Sampled",NA,"Unfiltered","Actual",NA,NA,"Water Bottle",NA,"Limit of Quantitation",250,"ug/L","Method Detection Level",188,"ug/L",NA,"SGS",1251731009,"2025-05-02","15:51:00",NA,NA,"Cold packs","Plastic Bottle","Opaque",NA,"N","AKDT"
"197",10000022,"Water","Surface Water","10000022-2025-04-30-Mg","2025-04-30","10:30:00.000000",NA,NA,60.483364,-151.057656,NA,"Field Msr/Obs",15,"cm",NA,NA,NA,NA,NA,1251731,"Magnesium","200.8","USEPA",NA,4080,"ug/L","=","Sampled",NA,"Unfiltered","Actual",NA,NA,"Water Bottle",NA,"Limit of Quantitation",50,"ug/L","Method Detection Level",37.5,"ug/L",NA,"SGS",1251731009,"2025-05-02","15:51:00",NA,NA,"Cold packs","Plastic Bottle","Opaque",NA,"N","AKDT"
"198",10000023,"Water","Surface Water","10000023-2025-04-30-Mg","2025-04-30","09:06:00.000000",NA,NA,60.480338,-151.030847,NA,"Field Msr/Obs",15,"cm",NA,NA,NA,NA,NA,1251731,"Magnesium","200.8","USEPA",NA,1620,"ug/L","=","Sampled",NA,"Unfiltered","Actual",NA,NA,"Water Bottle",NA,"Limit of Quantitation",50,"ug/L","Method Detection Level",37.5,"ug/L",NA,"SGS",1251731011,"2025-05-02","15:57:00",NA,NA,"Cold packs","Plastic Bottle","Opaque",NA,"N","AKDT"
"199",10000023,"Water","Surface Water","10000023-2025-04-30-Total Nitrate/Nitrite-N","2025-04-30","09:06:00.000000",NA,NA,60.480338,-151.030847,NA,"Field Msr/Obs",15,"cm",NA,NA,NA,NA,NA,1251731,"Total Nitrate/Nitrite-N","4500-NO3(F)","APHA",NA,0.239,"mg/L","=","Sampled",NA,"Total","Actual",NA,NA,"Water Bottle",NA,"Limit of Quantitation",0.2,"mg/L","Method Detection Level",0.15,"mg/L",NA,"SGS",1251731011,"2025-05-14","14:58:00",NA,NA,"Cold packs","Plastic Bottle","Opaque","H2SO4","N","AKDT"
"200",10000024,"Water","Surface Water","10000024-2025-04-30-Fe","2025-04-30","10:26:00.000000",NA,NA,60.489963,-150.860982,NA,"Field Msr/Obs",15,"cm",NA,NA,NA,NA,NA,1251731,"Iron","200.8","USEPA",NA,1040,"ug/L","=","Sampled",NA,"Unfiltered","Actual",NA,NA,"Water Bottle",NA,"Limit of Quantitation",250,"ug/L","Method Detection Level",188,"ug/L",NA,"SGS",1251731012,"2025-05-02","16:00:00",NA,NA,"Cold packs","Plastic Bottle","Opaque",NA,"N","AKDT"
"201",10000024,"Water","Surface Water","10000024-2025-04-30-Mg","2025-04-30","10:26:00.000000",NA,NA,60.489963,-150.860982,NA,"Field Msr/Obs",15,"cm",NA,NA,NA,NA,NA,1251731,"Magnesium","200.8","USEPA",NA,2640,"ug/L","=","Sampled",NA,"Unfiltered","Actual",NA,NA,"Water Bottle",NA,"Limit of Quantitation",50,"ug/L","Method Detection Level",37.5,"ug/L",NA,"SGS",1251731012,"2025-05-02","16:00:00",NA,NA,"Cold packs","Plastic Bottle","Opaque",NA,"N","AKDT"
"202",10000024,"Water","Surface Water","10000024-2025-04-30-Zn","2025-04-30","10:26:00.000000",NA,NA,60.489963,-150.860982,NA,"Field Msr/Obs",15,"cm",NA,NA,NA,NA,NA,1251731,"Zinc","200.8","USEPA",NA,7.96,"ug/L","J","Sampled",NA,"Unfiltered","Actual",NA,NA,"Water Bottle","Present Below Quantification Limit","Limit of Quantitation",10,"ug/L","Method Detection Level",7.5,"ug/L",NA,"SGS",1251731012,"2025-05-02","16:00:00",NA,NA,"Cold packs","Plastic Bottle","Opaque",NA,"N","AKDT"
"203",10000024,"Water","Surface Water","10000024-2025-04-30-Total Nitrate/Nitrite-N","2025-04-30","10:26:00.000000",NA,NA,60.489963,-150.860982,NA,"Field Msr/Obs",15,"cm",NA,NA,NA,NA,NA,1251731,"Total Nitrate/Nitrite-N","4500-NO3(F)","APHA",NA,0.123,"mg/L","J","Sampled",NA,"Total","Actual",NA,NA,"Water Bottle","Present Below Quantification Limit","Limit of Quantitation",0.2,"mg/L","Method Detection Level",0.15,"mg/L",NA,"SGS",1251731012,"2025-05-14","15:00:00",NA,NA,"Cold packs","Plastic Bottle","Opaque","H2SO4","N","AKDT"
"204",10000025,"Water","Surface Water","10000025-2025-04-30-Fe","2025-04-30","10:26:00.000000",NA,NA,60.498284,-150.863121,NA,"Field Msr/Obs",15,"cm",NA,NA,NA,NA,NA,1251731,"Iron","200.8","USEPA",NA,334,"ug/L","=","Sampled",NA,"Unfiltered","Actual",NA,NA,"Water Bottle",NA,"Limit of Quantitation",250,"ug/L","Method Detection Level",188,"ug/L",NA,"SGS",1251731013,"2025-05-02","16:03:00",NA,NA,"Cold packs","Plastic Bottle","Opaque",NA,"N","AKDT"
"205",10000025,"Water","Surface Water","10000025-2025-04-30-Mg","2025-04-30","10:26:00.000000",NA,NA,60.498284,-150.863121,NA,"Field Msr/Obs",15,"cm",NA,NA,NA,NA,NA,1251731,"Magnesium","200.8","USEPA",NA,1510,"ug/L","=","Sampled",NA,"Unfiltered","Actual",NA,NA,"Water Bottle",NA,"Limit of Quantitation",50,"ug/L","Method Detection Level",37.5,"ug/L",NA,"SGS",1251731013,"2025-05-02","16:03:00",NA,NA,"Cold packs","Plastic Bottle","Opaque",NA,"N","AKDT"
"206",10000025,"Water","Surface Water","10000025-2025-04-30-Zn","2025-04-30","10:26:00.000000",NA,NA,60.498284,-150.863121,NA,"Field Msr/Obs",15,"cm",NA,NA,NA,NA,NA,1251731,"Zinc","200.8","USEPA",NA,5.52,"ug/L","J","Sampled",NA,"Unfiltered","Actual",NA,NA,"Water Bottle","Present Below Quantification Limit","Limit of Quantitation",10,"ug/L","Method Detection Level",7.5,"ug/L",NA,"SGS",1251731013,"2025-05-02","16:03:00",NA,NA,"Cold packs","Plastic Bottle","Opaque",NA,"N","AKDT"
"207",10000025,"Water","Surface Water","10000025-2025-04-30-Total Nitrate/Nitrite-N","2025-04-30","10:26:00.000000",NA,NA,60.498284,-150.863121,NA,"Field Msr/Obs",15,"cm",NA,NA,NA,NA,NA,1251731,"Total Nitrate/Nitrite-N","4500-NO3(F)","APHA",NA,0.192,"mg/L","J","Sampled",NA,"Total","Actual",NA,NA,"Water Bottle","Present Below Quantification Limit","Limit of Quantitation",0.2,"mg/L","Method Detection Level",0.15,"mg/L",NA,"SGS",1251731013,"2025-05-14","15:02:00",NA,NA,"Cold packs","Plastic Bottle","Opaque","H2SO4","N","AKDT"
"208",10000026,"Water","Surface Water","10000026-2025-04-30-Ca","2025-04-30","11:05:00.000000",NA,NA,60.53687,-150.754724,NA,"Field Msr/Obs",15,"cm",NA,NA,NA,NA,NA,1251731,"Calcium","200.8","USEPA",NA,17200,"ug/L","=","Sampled",NA,"Unfiltered","Actual",NA,NA,"Water Bottle",NA,"Limit of Quantitation",500,"ug/L","Method Detection Level",375,"ug/L",NA,"SGS",1251731014,"2025-05-02","16:05:00",NA,NA,"Cold packs","Plastic Bottle","Opaque",NA,"N","AKDT"
"209",10000026,"Water","Surface Water","10000026-2025-04-30-Fe","2025-04-30","11:05:00.000000",NA,NA,60.53687,-150.754724,NA,"Field Msr/Obs",15,"cm",NA,NA,NA,NA,NA,1251731,"Iron","200.8","USEPA",NA,968,"ug/L","=","Sampled",NA,"Unfiltered","Actual",NA,NA,"Water Bottle",NA,"Limit of Quantitation",250,"ug/L","Method Detection Level",188,"ug/L",NA,"SGS",1251731014,"2025-05-02","16:05:00",NA,NA,"Cold packs","Plastic Bottle","Opaque",NA,"N","AKDT"
"210",10000026,"Water","Surface Water","10000026-2025-04-30-Mg","2025-04-30","11:05:00.000000",NA,NA,60.53687,-150.754724,NA,"Field Msr/Obs",15,"cm",NA,NA,NA,NA,NA,1251731,"Magnesium","200.8","USEPA",NA,2450,"ug/L","=","Sampled",NA,"Unfiltered","Actual",NA,NA,"Water Bottle",NA,"Limit of Quantitation",50,"ug/L","Method Detection Level",37.5,"ug/L",NA,"SGS",1251731014,"2025-05-02","16:05:00",NA,NA,"Cold packs","Plastic Bottle","Opaque",NA,"N","AKDT"
"211",10000026,"Water","Surface Water","10000026-2025-04-30-Total Nitrate/Nitrite-N","2025-04-30","11:05:00.000000",NA,NA,60.53687,-150.754724,NA,"Field Msr/Obs",15,"cm",NA,NA,NA,NA,NA,1251731,"Total Nitrate/Nitrite-N","4500-NO3(F)","APHA",NA,0.095,"mg/L","J","Sampled",NA,"Total","Actual",NA,NA,"Water Bottle","Present Below Quantification Limit","Limit of Quantitation",0.2,"mg/L","Method Detection Level",0.15,"mg/L",NA,"SGS",1251731014,"2025-05-14","15:09:00",NA,NA,"Cold packs","Plastic Bottle","Opaque","H2SO4","N","AKDT"
"212",10000027,"Water","Surface Water","10000027-2025-04-30-Ca","2025-04-30","09:26:00.000000",NA,NA,60.515441,-150.702069,NA,"Field Msr/Obs",15,"cm",NA,NA,NA,NA,NA,1251731,"Calcium","200.8","USEPA",NA,14400,"ug/L","=","Sampled",NA,"Unfiltered","Actual",NA,NA,"Water Bottle",NA,"Limit of Quantitation",500,"ug/L","Method Detection Level",375,"ug/L",NA,"SGS",1251731015,"2025-05-02","18:47:00",NA,NA,"Cold packs","Plastic Bottle","Opaque",NA,"N","AKDT"
"213",10000028,"Water","Surface Water","10000028-2025-04-30-Mg","2025-04-30","09:48:00.000000",NA,NA,60.489844,-150.636905,NA,"Field Msr/Obs",15,"cm",NA,NA,NA,NA,NA,1251731,"Magnesium","200.8","USEPA",NA,1060,"ug/L","=","Sampled",NA,"Unfiltered","Actual",NA,NA,"Water Bottle",NA,"Limit of Quantitation",50,"ug/L","Method Detection Level",37.5,"ug/L",NA,"SGS",1251731016,"2025-05-02","18:53:00",NA,NA,"Cold packs","Plastic Bottle","Opaque",NA,"N","AKDT"
"214",10000028,"Water","Surface Water","10000028-2025-04-30-Total Nitrate/Nitrite-N","2025-04-30","09:48:00.000000",NA,NA,60.489844,-150.636905,NA,"Field Msr/Obs",15,"cm",NA,NA,NA,NA,NA,1251731,"Total Nitrate/Nitrite-N","4500-NO3(F)","APHA",NA,0.329,"mg/L","=","Sampled",NA,"Total","Actual",NA,NA,"Water Bottle",NA,"Limit of Quantitation",0.2,"mg/L","Method Detection Level",0.15,"mg/L",NA,"SGS",1251731016,"2025-05-14","15:12:00",NA,NA,"Cold packs","Plastic Bottle","Opaque","H2SO4","N","AKDT"
"215",10000029,"Water","Surface Water","10000029-2025-04-30-Ca","2025-04-30","09:12:00.000000",NA,NA,60.481518,-150.632498,NA,"Field Msr/Obs",15,"cm",NA,NA,NA,NA,NA,1251731,"Calcium","200.8","USEPA",NA,10300,"ug/L","=","Sampled",NA,"Unfiltered","Actual",NA,NA,"Water Bottle",NA,"Limit of Quantitation",500,"ug/L","Method Detection Level",375,"ug/L",NA,"SGS",1251731017,"2025-05-02","18:59:00",NA,NA,"Cold packs","Plastic Bottle","Opaque",NA,"N","AKDT"
"216",10000029,"Water","Surface Water","10000029-2025-04-30-Fe","2025-04-30","09:12:00.000000",NA,NA,60.481518,-150.632498,NA,"Field Msr/Obs",15,"cm",NA,NA,NA,NA,NA,1251731,"Iron","200.8","USEPA",NA,447,"ug/L","=","Sampled",NA,"Unfiltered","Actual",NA,NA,"Water Bottle",NA,"Limit of Quantitation",250,"ug/L","Method Detection Level",188,"ug/L",NA,"SGS",1251731017,"2025-05-02","18:59:00",NA,NA,"Cold packs","Plastic Bottle","Opaque",NA,"N","AKDT"
"217",10000029,"Water","Surface Water","10000029-2025-04-30-Mg","2025-04-30","09:12:00.000000",NA,NA,60.481518,-150.632498,NA,"Field Msr/Obs",15,"cm",NA,NA,NA,NA,NA,1251731,"Magnesium","200.8","USEPA",NA,1590,"ug/L","=","Sampled",NA,"Unfiltered","Actual",NA,NA,"Water Bottle",NA,"Limit of Quantitation",50,"ug/L","Method Detection Level",37.5,"ug/L",NA,"SGS",1251731017,"2025-05-02","18:59:00",NA,NA,"Cold packs","Plastic Bottle","Opaque",NA,"N","AKDT"
"218",10000030,"Water","Surface Water","10000030-2025-04-30-Total Nitrate/Nitrite-N","2025-04-30","09:25:00.000000",NA,NA,60.467517,-150.507789,NA,"Field Msr/Obs",15,"cm",NA,NA,NA,NA,NA,1251731,"Total Nitrate/Nitrite-N","4500-NO3(F)","APHA",NA,0.282,"mg/L","=","Sampled",NA,"Total","Actual",NA,NA,"Water Bottle",NA,"Limit of Quantitation",0.2,"mg/L","Method Detection Level",0.15,"mg/L",NA,"SGS",1251731018,"2025-05-14","15:16:00",NA,NA,"Cold packs","Plastic Bottle","Opaque","H2SO4","N","AKDT"
"219",10000031,"Water","Surface Water","10000031-2025-04-30-Ca","2025-04-30","10:45:00.000000",NA,NA,60.481392,-150.11502,NA,"Field Msr/Obs",15,"cm",NA,NA,NA,NA,NA,1251731,"Calcium","200.8","USEPA",NA,18000,"ug/L","=","Sampled",NA,"Unfiltered","Actual",NA,NA,"Water Bottle",NA,"Limit of Quantitation",500,"ug/L","Method Detection Level",375,"ug/L",NA,"SGS",1251731019,"2025-05-02","19:04:00",NA,NA,"Cold packs","Plastic Bottle","Opaque",NA,"N","AKDT"
"220",10000031,"Water","Surface Water","10000031-2025-04-30-Mg","2025-04-30","10:45:00.000000",NA,NA,60.481392,-150.11502,NA,"Field Msr/Obs",15,"cm",NA,NA,NA,NA,NA,1251731,"Magnesium","200.8","USEPA",NA,1160,"ug/L","=","Sampled",NA,"Unfiltered","Actual",NA,NA,"Water Bottle",NA,"Limit of Quantitation",50,"ug/L","Method Detection Level",37.5,"ug/L",NA,"SGS",1251731019,"2025-05-02","19:04:00",NA,NA,"Cold packs","Plastic Bottle","Opaque",NA,"N","AKDT"
"221",10000031,"Water","Surface Water","10000031-2025-04-30-Total Nitrate/Nitrite-N","2025-04-30","10:45:00.000000",NA,NA,60.481392,-150.11502,NA,"Field Msr/Obs",15,"cm",NA,NA,NA,NA,NA,1251731,"Total Nitrate/Nitrite-N","4500-NO3(F)","APHA",NA,0.578,"mg/L","=","Sampled",NA,"Total","Actual",NA,NA,"Water Bottle",NA,"Limit of Quantitation",0.2,"mg/L","Method Detection Level",0.15,"mg/L",NA,"SGS",1251731019,"2025-05-14","15:17:00",NA,NA,"Cold packs","Plastic Bottle","Opaque","H2SO4","N","AKDT"
"222",10000032,"Water","Surface Water","10000032-2025-04-30-Ca","2025-04-30","10:05:00.000000",NA,NA,60.484622,-149.993955,NA,"Field Msr/Obs",15,"cm",NA,NA,NA,NA,NA,1251731,"Calcium","200.8","USEPA",NA,18700,"ug/L","=","Sampled",NA,"Unfiltered","Actual",NA,NA,"Water Bottle",NA,"Limit of Quantitation",500,"ug/L","Method Detection Level",375,"ug/L",NA,"SGS",1251731020,"2025-05-02","19:07:00",NA,NA,"Cold packs","Plastic Bottle","Opaque",NA,"N","AKDT"
"223",10000032,"Water","Surface Water","10000032-2025-04-30-Mg","2025-04-30","10:05:00.000000",NA,NA,60.484622,-149.993955,NA,"Field Msr/Obs",15,"cm",NA,NA,NA,NA,NA,1251731,"Magnesium","200.8","USEPA",NA,1000,"ug/L","=","Sampled",NA,"Unfiltered","Actual",NA,NA,"Water Bottle",NA,"Limit of Quantitation",50,"ug/L","Method Detection Level",37.5,"ug/L",NA,"SGS",1251731020,"2025-05-02","19:07:00",NA,NA,"Cold packs","Plastic Bottle","Opaque",NA,"N","AKDT"
"224",10000032,"Water","Surface Water","10000032-2025-04-30-Total Nitrate/Nitrite-N","2025-04-30","10:05:00.000000",NA,NA,60.484622,-149.993955,NA,"Field Msr/Obs",15,"cm",NA,NA,NA,NA,NA,1251731,"Total Nitrate/Nitrite-N","4500-NO3(F)","APHA",NA,1.11,"mg/L","=","Sampled",NA,"Total","Actual",NA,NA,"Water Bottle",NA,"Limit of Quantitation",0.2,"mg/L","Method Detection Level",0.15,"mg/L",NA,"SGS",1251731020,"2025-05-14","15:19:00",NA,NA,"Cold packs","Plastic Bottle","Opaque","H2SO4","N","AKDT"
"225",10000424,"Water","Surface Water","10000424-2025-04-30-Ca","2025-04-30","09:05:00.000000",NA,NA,60.489,-149.877,NA,"Field Msr/Obs",15,"cm",NA,NA,NA,NA,NA,1251731,"Calcium","200.8","USEPA",NA,21300,"ug/L","=","Sampled",NA,"Unfiltered","Actual",NA,NA,"Water Bottle",NA,"Limit of Quantitation",500,"ug/L","Method Detection Level",375,"ug/L",NA,"SGS",1251731022,"2025-05-02","19:10:00",NA,NA,"Cold packs","Plastic Bottle","Opaque",NA,"N","AKDT"
"226",10000017,"Water","Surface Water","10000017-2025-04-30-Ca","2025-04-30","10:15:00.000000",NA,NA,60.533743,-151.099258,NA,"Field Msr/Obs",15,"cm",NA,NA,NA,NA,NA,1251731,"Calcium","200.8","USEPA",NA,13900,"ug/L","=","Sampled",NA,"Unfiltered","Actual",NA,NA,"Water Bottle",NA,"Limit of Quantitation",500,"ug/L","Method Detection Level",375,"ug/L",NA,"SGS",1251731004,"2025-05-02","15:27:00",NA,NA,"Cold packs","Plastic Bottle","Opaque",NA,"N","AKDT"
"227",10000017,"Water","Surface Water","10000017-2025-04-30-Fe","2025-04-30","10:15:00.000000",NA,NA,60.533743,-151.099258,NA,"Field Msr/Obs",15,"cm",NA,NA,NA,NA,NA,1251731,"Iron","200.8","USEPA",NA,262,"ug/L","=","Sampled",NA,"Unfiltered","Actual",NA,NA,"Water Bottle",NA,"Limit of Quantitation",250,"ug/L","Method Detection Level",188,"ug/L",NA,"SGS",1251731004,"2025-05-02","15:27:00",NA,NA,"Cold packs","Plastic Bottle","Opaque",NA,"N","AKDT"
"228",10000017,"Water","Surface Water","10000017-2025-04-30-Mg","2025-04-30","10:15:00.000000",NA,NA,60.533743,-151.099258,NA,"Field Msr/Obs",15,"cm",NA,NA,NA,NA,NA,1251731,"Magnesium","200.8","USEPA",NA,1640,"ug/L","=","Sampled",NA,"Unfiltered","Actual",NA,NA,"Water Bottle",NA,"Limit of Quantitation",50,"ug/L","Method Detection Level",37.5,"ug/L",NA,"SGS",1251731004,"2025-05-02","15:27:00",NA,NA,"Cold packs","Plastic Bottle","Opaque",NA,"N","AKDT"
"229",10000017,"Water","Surface Water","10000017-2025-04-30-Zn","2025-04-30","10:15:00.000000",NA,NA,60.533743,-151.099258,NA,"Field Msr/Obs",15,"cm",NA,NA,NA,NA,NA,1251731,"Zinc","200.8","USEPA",NA,4.68,"ug/L","J","Sampled",NA,"Unfiltered","Actual",NA,NA,"Water Bottle","Present Below Quantification Limit","Limit of Quantitation",10,"ug/L","Method Detection Level",7.5,"ug/L",NA,"SGS",1251731004,"2025-05-02","15:27:00",NA,NA,"Cold packs","Plastic Bottle","Opaque",NA,"N","AKDT"
"230",10000424,"Water","Surface Water","10000424-2025-04-30-Mg","2025-04-30","09:05:00.000000",NA,NA,60.489,-149.877,NA,"Field Msr/Obs",15,"cm",NA,NA,NA,NA,NA,1251731,"Magnesium","200.8","USEPA",NA,1380,"ug/L","=","Sampled",NA,"Unfiltered","Actual",NA,NA,"Water Bottle",NA,"Limit of Quantitation",50,"ug/L","Method Detection Level",37.5,"ug/L",NA,"SGS",1251731022,"2025-05-02","19:10:00",NA,NA,"Cold packs","Plastic Bottle","Opaque",NA,"N","AKDT"
"231",10000424,"Water","Surface Water","10000424-2025-04-30-Total Nitrate/Nitrite-N","2025-04-30","09:05:00.000000",NA,NA,60.489,-149.877,NA,"Field Msr/Obs",15,"cm",NA,NA,NA,NA,NA,1251731,"Total Nitrate/Nitrite-N","4500-NO3(F)","APHA",NA,0.802,"mg/L","=","Sampled",NA,"Total","Actual",NA,NA,"Water Bottle",NA,"Limit of Quantitation",0.2,"mg/L","Method Detection Level",0.15,"mg/L",NA,"SGS",1251731022,"2025-05-14","15:23:00",NA,NA,"Cold packs","Plastic Bottle","Opaque","H2SO4","N","AKDT"
"232",10000425,"Water","Surface Water","10000425-2025-04-30-Total Nitrate/Nitrite-N","2025-04-30","08:15:00.000000",NA,NA,60.492007,-149.810844,NA,"Field Msr/Obs",15,"cm",NA,NA,NA,NA,NA,1251731,"Total Nitrate/Nitrite-N","4500-NO3(F)","APHA",NA,0.48,"mg/L","=","Sampled",NA,"Total","Actual",NA,NA,"Water Bottle",NA,"Limit of Quantitation",0.2,"mg/L","Method Detection Level",0.15,"mg/L",NA,"SGS",1251731021,"2025-05-14","15:21:00",NA,NA,"Cold packs","Plastic Bottle","Opaque","H2SO4","N","AKDT"
"233",10000017,"Water","Surface Water","10000017-2025-04-30-Total Nitrate/Nitrite-N","2025-04-30","10:15:00.000000",NA,NA,60.533743,-151.099258,NA,"Field Msr/Obs",15,"cm",NA,NA,NA,NA,NA,1251731,"Total Nitrate/Nitrite-N","4500-NO3(F)","APHA",NA,0.258,"mg/L","=","Sampled",NA,"Total","Actual",NA,NA,"Water Bottle",NA,"Limit of Quantitation",0.2,"mg/L","Method Detection Level",0.15,"mg/L",NA,"SGS",1251731004,"2025-05-14","14:37:00",NA,NA,"Cold packs","Plastic Bottle","Opaque","H2SO4","N","AKDT"
"234",10000008,"Water","Surface Water","10000008-2025-07-23-Cd","2025-07-23","10:57:00.000000",NA,NA,60.550888,-151.268417,NA,"Field Msr/Obs",15,"cm",NA,NA,NA,NA,NA,1253728,"Cadmium","200.8","USEPA",NA,0,"ug/L","U","Sampled",NA,"Dissolved","Actual",NA,NA,"Water Bottle","Not Detected","Limit of Quantitation",0.5,"ug/L","Method Detection Level",0.375,"ug/L",NA,"SGS",1253728029,"2025-07-29","13:31:00",NA,NA,"Cold packs","Plastic Bottle","Opaque",NA,"N","AKDT"
"235",10000008,"Water","Surface Water","10000008-2025-07-23-Cr","2025-07-23","10:57:00.000000",NA,NA,60.550888,-151.268417,NA,"Field Msr/Obs",15,"cm",NA,NA,NA,NA,NA,1253728,"Chromium","200.8","USEPA",NA,0,"ug/L","U","Sampled",NA,"Dissolved","Actual",NA,NA,"Water Bottle","Not Detected","Limit of Quantitation",5,"ug/L","Method Detection Level",3.75,"ug/L",NA,"SGS",1253728029,"2025-07-29","13:31:00",NA,NA,"Cold packs","Plastic Bottle","Opaque",NA,"N","AKDT"
"236",10000008,"Water","Surface Water","10000008-2025-07-23-Cu","2025-07-23","10:57:00.000000",NA,NA,60.550888,-151.268417,NA,"Field Msr/Obs",15,"cm",NA,NA,NA,NA,NA,1253728,"Copper","200.8","USEPA",NA,0,"ug/L","U","Sampled",NA,"Dissolved","Actual",NA,NA,"Water Bottle","Not Detected","Limit of Quantitation",3,"ug/L","Method Detection Level",2.25,"ug/L",NA,"SGS",1253728029,"2025-07-29","13:31:00",NA,NA,"Cold packs","Plastic Bottle","Opaque",NA,"N","AKDT"
"237",10000008,"Water","Surface Water","10000008-2025-07-23-Pb","2025-07-23","10:57:00.000000",NA,NA,60.550888,-151.268417,NA,"Field Msr/Obs",15,"cm",NA,NA,NA,NA,NA,1253728,"Lead","200.8","USEPA",NA,0,"ug/L","U","Sampled",NA,"Dissolved","Actual",NA,NA,"Water Bottle","Not Detected","Limit of Quantitation",2,"ug/L","Method Detection Level",1.5,"ug/L",NA,"SGS",1253728029,"2025-07-29","13:31:00",NA,NA,"Cold packs","Plastic Bottle","Opaque",NA,"N","AKDT"
"238",10000008,"Water","Surface Water","10000008-2025-07-23-Zn","2025-07-23","10:57:00.000000",NA,NA,60.550888,-151.268417,NA,"Field Msr/Obs",15,"cm",NA,NA,NA,NA,NA,1253728,"Zinc","200.8","USEPA",NA,0,"ug/L","U","Sampled",NA,"Dissolved","Actual",NA,NA,"Water Bottle","Not Detected","Limit of Quantitation",10,"ug/L","Method Detection Level",7.5,"ug/L",NA,"SGS",1253728029,"2025-07-29","13:31:00",NA,NA,"Cold packs","Plastic Bottle","Opaque",NA,"N","AKDT"
"239",10000002,"Water","Surface Water","10000002-2025-07-23-Benzene","2025-07-23","10:00:00.000000",NA,NA,60.54368,-151.22294,NA,"Field Msr/Obs",15,"cm",NA,NA,NA,NA,NA,1253728,"Benzene","8260D","USEPA",NA,0,"ug/L","U","Sampled",NA,NA,"Actual",NA,NA,"Water Bottle","Not Detected","Limit of Quantitation",0.4,"ug/L","Method Detection Level",0.3,"ug/L",NA,"SGS",1253728002,"2025-07-25","00:02:00",NA,NA,"Cold packs",NA,NA,NA,"N","AKDT"
"240",10000002,"Water","Surface Water","10000002-2025-07-23-Ethylbenzene","2025-07-23","10:00:00.000000",NA,NA,60.54368,-151.22294,NA,"Field Msr/Obs",15,"cm",NA,NA,NA,NA,NA,1253728,"Ethylbenzene","8260D","USEPA",NA,0,"ug/L","U","Sampled",NA,NA,"Actual",NA,NA,"Water Bottle","Not Detected","Limit of Quantitation",1,"ug/L","Method Detection Level",0.75,"ug/L",NA,"SGS",1253728002,"2025-07-25","00:02:00",NA,NA,"Cold packs",NA,NA,NA,"N","AKDT"
"241",10000002,"Water","Surface Water","10000002-2025-07-23-o-Xylene","2025-07-23","10:00:00.000000",NA,NA,60.54368,-151.22294,NA,"Field Msr/Obs",15,"cm",NA,NA,NA,NA,NA,1253728,"o-Xylene","8260D","USEPA",NA,0,"ug/L","U","Sampled",NA,NA,"Actual",NA,NA,"Water Bottle","Not Detected","Limit of Quantitation",1,"ug/L","Method Detection Level",0.75,"ug/L",NA,"SGS",1253728002,"2025-07-25","00:02:00",NA,NA,"Cold packs",NA,NA,NA,"N","AKDT"
"242",10000002,"Water","Surface Water","10000002-2025-07-23-P & M -Xylene","2025-07-23","10:00:00.000000",NA,NA,60.54368,-151.22294,NA,"Field Msr/Obs",15,"cm",NA,NA,NA,NA,NA,1253728,"P & M -Xylene","8260D","USEPA",NA,0,"ug/L","U","Sampled",NA,NA,"Actual",NA,NA,"Water Bottle","Not Detected","Limit of Quantitation",2,"ug/L","Method Detection Level",1.5,"ug/L",NA,"SGS",1253728002,"2025-07-25","00:02:00",NA,NA,"Cold packs",NA,NA,NA,"N","AKDT"
"243",10000002,"Water","Surface Water","10000002-2025-07-23-Toluene","2025-07-23","10:00:00.000000",NA,NA,60.54368,-151.22294,NA,"Field Msr/Obs",15,"cm",NA,NA,NA,NA,NA,1253728,"Toluene","8260D","USEPA",NA,0,"ug/L","U","Sampled",NA,NA,"Actual",NA,NA,"Water Bottle","Not Detected","Limit of Quantitation",1,"ug/L","Method Detection Level",0.75,"ug/L",NA,"SGS",1253728002,"2025-07-25","00:02:00",NA,NA,"Cold packs",NA,NA,NA,"N","AKDT"
"244",10000002,"Water","Surface Water","10000002-2025-07-23-Xylenes (total)","2025-07-23","10:00:00.000000",NA,NA,60.54368,-151.22294,NA,"Field Msr/Obs",15,"cm",NA,NA,NA,NA,NA,1253728,"Xylenes (total)","8260D","USEPA",NA,0,"ug/L","U","Sampled",NA,NA,"Actual",NA,NA,"Water Bottle","Not Detected","Limit of Quantitation",3,"ug/L","Method Detection Level",2.25,"ug/L",NA,"SGS",1253728002,"2025-07-25","00:02:00",NA,NA,"Cold packs",NA,NA,NA,"N","AKDT"
"245",10000002,"Water","Surface Water","10000002-2025-07-23-Cu","2025-07-23","10:00:00.000000",NA,NA,60.54368,-151.22294,NA,"Field Msr/Obs",15,"cm",NA,NA,NA,NA,NA,1253728,"Copper","200.8","USEPA",NA,0,"ug/L","U","Sampled",NA,"Dissolved","Actual",NA,NA,"Water Bottle","Not Detected","Limit of Quantitation",3,"ug/L","Method Detection Level",2.25,"ug/L",NA,"SGS",1253728030,"2025-07-29","13:37:00",NA,NA,"Cold packs","Plastic Bottle","Opaque",NA,"N","AKDT"
"246",10000002,"Water","Surface Water","10000002-2025-07-23-Pb","2025-07-23","10:00:00.000000",NA,NA,60.54368,-151.22294,NA,"Field Msr/Obs",15,"cm",NA,NA,NA,NA,NA,1253728,"Lead","200.8","USEPA",NA,0,"ug/L","U","Sampled",NA,"Dissolved","Actual",NA,NA,"Water Bottle","Not Detected","Limit of Quantitation",2,"ug/L","Method Detection Level",1.5,"ug/L",NA,"SGS",1253728030,"2025-07-29","13:37:00",NA,NA,"Cold packs","Plastic Bottle","Opaque",NA,"N","AKDT"
"247",10000002,"Water","Surface Water","10000002-2025-07-23-Zn","2025-07-23","10:00:00.000000",NA,NA,60.54368,-151.22294,NA,"Field Msr/Obs",15,"cm",NA,NA,NA,NA,NA,1253728,"Zinc","200.8","USEPA",NA,0,"ug/L","U","Sampled",NA,"Dissolved","Actual",NA,NA,"Water Bottle","Not Detected","Limit of Quantitation",10,"ug/L","Method Detection Level",7.5,"ug/L",NA,"SGS",1253728030,"2025-07-29","13:37:00",NA,NA,"Cold packs","Plastic Bottle","Opaque",NA,"N","AKDT"
"248",10000016,"Water","Surface Water","10000016-2025-07-23-Cu","2025-07-23","10:05:00.000000",NA,NA,60.539279,-151.142263,NA,"Field Msr/Obs",15,"cm",NA,NA,NA,NA,NA,1253728,"Copper","200.8","USEPA",NA,0,"ug/L","U","Sampled",NA,"Unfiltered","Actual",NA,NA,"Water Bottle","Not Detected","Limit of Quantitation",3,"ug/L","Method Detection Level",2.25,"ug/L",NA,"SGS",1253728006,"2025-07-28","11:40:00",NA,NA,"Cold packs","Plastic Bottle","Opaque",NA,"N","AKDT"
"249",10000016,"Water","Surface Water","10000016-2025-07-23-Cr","2025-07-23","10:05:00.000000",NA,NA,60.539279,-151.142263,NA,"Field Msr/Obs",15,"cm",NA,NA,NA,NA,NA,1253728,"Chromium","200.8","USEPA",NA,0,"ug/L","U","Sampled",NA,"Dissolved","Actual",NA,NA,"Water Bottle","Not Detected","Limit of Quantitation",5,"ug/L","Method Detection Level",3.75,"ug/L",NA,"SGS",1253728034,"2025-07-29","14:00:00",NA,NA,"Cold packs","Plastic Bottle","Opaque",NA,"N","AKDT"
"250",10000016,"Water","Surface Water","10000016-2025-07-23-Cu","2025-07-23","10:05:00.000000",NA,NA,60.539279,-151.142263,NA,"Field Msr/Obs",15,"cm",NA,NA,NA,NA,NA,1253728,"Copper","200.8","USEPA",NA,0,"ug/L","U","Sampled",NA,"Dissolved","Actual",NA,NA,"Water Bottle","Not Detected","Limit of Quantitation",3,"ug/L","Method Detection Level",2.25,"ug/L",NA,"SGS",1253728034,"2025-07-29","14:00:00",NA,NA,"Cold packs","Plastic Bottle","Opaque",NA,"N","AKDT"
"251",10000016,"Water","Surface Water","10000016-2025-07-23-Pb","2025-07-23","10:05:00.000000",NA,NA,60.539279,-151.142263,NA,"Field Msr/Obs",15,"cm",NA,NA,NA,NA,NA,1253728,"Lead","200.8","USEPA",NA,0,"ug/L","U","Sampled",NA,"Dissolved","Actual",NA,NA,"Water Bottle","Not Detected","Limit of Quantitation",2,"ug/L","Method Detection Level",1.5,"ug/L",NA,"SGS",1253728034,"2025-07-29","14:00:00",NA,NA,"Cold packs","Plastic Bottle","Opaque",NA,"N","AKDT"
"252",10000016,"Water","Surface Water","10000016-2025-07-23-Zn","2025-07-23","10:05:00.000000",NA,NA,60.539279,-151.142263,NA,"Field Msr/Obs",15,"cm",NA,NA,NA,NA,NA,1253728,"Zinc","200.8","USEPA",NA,0,"ug/L","U","Sampled",NA,"Dissolved","Actual",NA,NA,"Water Bottle","Not Detected","Limit of Quantitation",10,"ug/L","Method Detection Level",7.5,"ug/L",NA,"SGS",1253728034,"2025-07-29","14:00:00",NA,NA,"Cold packs","Plastic Bottle","Opaque",NA,"N","AKDT"
"253",10000015,"Water","Surface Water","10000015-2025-07-23-Cu","2025-07-23","09:28:00.000000",NA,NA,60.548029,-151.14324,NA,"Field Msr/Obs",15,"cm",NA,NA,NA,NA,NA,1253728,"Copper","200.8","USEPA",NA,0,"ug/L","U","Sampled",NA,"Unfiltered","Actual",NA,NA,"Water Bottle","Not Detected","Limit of Quantitation",3,"ug/L","Method Detection Level",2.25,"ug/L",NA,"SGS",1253728004,"2025-07-28","11:34:00",NA,NA,"Cold packs","Plastic Bottle","Opaque",NA,"N","AKDT"
"254",10000015,"Water","Surface Water","10000015-2025-07-23-Cd","2025-07-23","09:28:00.000000",NA,NA,60.548029,-151.14324,NA,"Field Msr/Obs",15,"cm",NA,NA,NA,NA,NA,1253728,"Cadmium","200.8","USEPA",NA,0,"ug/L","U","Sampled",NA,"Dissolved","Actual",NA,NA,"Water Bottle","Not Detected","Limit of Quantitation",0.5,"ug/L","Method Detection Level",0.375,"ug/L",NA,"SGS",1253728032,"2025-07-29","13:46:00",NA,NA,"Cold packs","Plastic Bottle","Opaque",NA,"N","AKDT"
"255",10000015,"Water","Surface Water","10000015-2025-07-23-Cr","2025-07-23","09:28:00.000000",NA,NA,60.548029,-151.14324,NA,"Field Msr/Obs",15,"cm",NA,NA,NA,NA,NA,1253728,"Chromium","200.8","USEPA",NA,0,"ug/L","U","Sampled",NA,"Dissolved","Actual",NA,NA,"Water Bottle","Not Detected","Limit of Quantitation",5,"ug/L","Method Detection Level",3.75,"ug/L",NA,"SGS",1253728032,"2025-07-29","13:46:00",NA,NA,"Cold packs","Plastic Bottle","Opaque",NA,"N","AKDT"
"256",10000015,"Water","Surface Water","10000015-2025-07-23-Cu","2025-07-23","09:28:00.000000",NA,NA,60.548029,-151.14324,NA,"Field Msr/Obs",15,"cm",NA,NA,NA,NA,NA,1253728,"Copper","200.8","USEPA",NA,0,"ug/L","U","Sampled",NA,"Dissolved","Actual",NA,NA,"Water Bottle","Not Detected","Limit of Quantitation",3,"ug/L","Method Detection Level",2.25,"ug/L",NA,"SGS",1253728032,"2025-07-29","13:46:00",NA,NA,"Cold packs","Plastic Bottle","Opaque",NA,"N","AKDT"
"257",10000015,"Water","Surface Water","10000015-2025-07-23-Zn","2025-07-23","09:28:00.000000",NA,NA,60.548029,-151.14324,NA,"Field Msr/Obs",15,"cm",NA,NA,NA,NA,NA,1253728,"Zinc","200.8","USEPA",NA,0,"ug/L","U","Sampled",NA,"Dissolved","Actual",NA,NA,"Water Bottle","Not Detected","Limit of Quantitation",10,"ug/L","Method Detection Level",7.5,"ug/L",NA,"SGS",1253728032,"2025-07-29","13:46:00",NA,NA,"Cold packs","Plastic Bottle","Opaque",NA,"N","AKDT"
"258",10000015,"Water","Surface Water","10000015-2025-07-23-Cd-DUP","2025-07-23","09:40:00.000000",NA,NA,60.548029,-151.14324,NA,"Quality Control Field Replicate Msr/Obs",15,"cm",NA,NA,NA,NA,NA,1253728,"Cadmium","200.8","USEPA",NA,0,"ug/L","U","Sampled",NA,"Dissolved","Actual",NA,NA,"Water Bottle","Not Detected","Limit of Quantitation",0.5,"ug/L","Method Detection Level",0.375,"ug/L",NA,"SGS",1253728033,"2025-07-29","13:57:00",NA,NA,"Cold packs","Plastic Bottle","Opaque",NA,"N","AKDT"
"259",10000015,"Water","Surface Water","10000015-2025-07-23-Cr-DUP","2025-07-23","09:40:00.000000",NA,NA,60.548029,-151.14324,NA,"Quality Control Field Replicate Msr/Obs",15,"cm",NA,NA,NA,NA,NA,1253728,"Chromium","200.8","USEPA",NA,0,"ug/L","U","Sampled",NA,"Dissolved","Actual",NA,NA,"Water Bottle","Not Detected","Limit of Quantitation",5,"ug/L","Method Detection Level",3.75,"ug/L",NA,"SGS",1253728033,"2025-07-29","13:57:00",NA,NA,"Cold packs","Plastic Bottle","Opaque",NA,"N","AKDT"
"260",10000015,"Water","Surface Water","10000015-2025-07-23-Cu-DUP","2025-07-23","09:40:00.000000",NA,NA,60.548029,-151.14324,NA,"Quality Control Field Replicate Msr/Obs",15,"cm",NA,NA,NA,NA,NA,1253728,"Copper","200.8","USEPA",NA,0,"ug/L","U","Sampled",NA,"Dissolved","Actual",NA,NA,"Water Bottle","Not Detected","Limit of Quantitation",3,"ug/L","Method Detection Level",2.25,"ug/L",NA,"SGS",1253728033,"2025-07-29","13:57:00",NA,NA,"Cold packs","Plastic Bottle","Opaque",NA,"N","AKDT"
"261",10000015,"Water","Surface Water","10000015-2025-07-23-Pb-DUP","2025-07-23","09:40:00.000000",NA,NA,60.548029,-151.14324,NA,"Quality Control Field Replicate Msr/Obs",15,"cm",NA,NA,NA,NA,NA,1253728,"Lead","200.8","USEPA",NA,0,"ug/L","U","Sampled",NA,"Dissolved","Actual",NA,NA,"Water Bottle","Not Detected","Limit of Quantitation",2,"ug/L","Method Detection Level",1.5,"ug/L",NA,"SGS",1253728033,"2025-07-29","13:57:00",NA,NA,"Cold packs","Plastic Bottle","Opaque",NA,"N","AKDT"
"262",10000015,"Water","Surface Water","10000015-2025-07-23-Zn-DUP","2025-07-23","09:40:00.000000",NA,NA,60.548029,-151.14324,NA,"Quality Control Field Replicate Msr/Obs",15,"cm",NA,NA,NA,NA,NA,1253728,"Zinc","200.8","USEPA",NA,0,"ug/L","U","Sampled",NA,"Dissolved","Actual",NA,NA,"Water Bottle","Not Detected","Limit of Quantitation",10,"ug/L","Method Detection Level",7.5,"ug/L",NA,"SGS",1253728033,"2025-07-29","13:57:00",NA,NA,"Cold packs","Plastic Bottle","Opaque",NA,"N","AKDT"
"263",10000017,"Water","Surface Water","10000017-2025-07-23-As","2025-07-23","10:25:00.000000",NA,NA,60.533743,-151.099258,NA,"Field Msr/Obs",15,"cm",NA,NA,NA,NA,NA,1253728,"Arsenic","200.8","USEPA",NA,0,"ug/L","U","Sampled",NA,"Dissolved","Actual",NA,NA,"Water Bottle","Not Detected","Limit of Quantitation",5,"ug/L","Method Detection Level",3.75,"ug/L",NA,"SGS",1253728035,"2025-07-29","14:03:00",NA,NA,"Cold packs","Plastic Bottle","Opaque",NA,"N","AKDT"
"264",10000017,"Water","Surface Water","10000017-2025-07-23-Cd","2025-07-23","10:25:00.000000",NA,NA,60.533743,-151.099258,NA,"Field Msr/Obs",15,"cm",NA,NA,NA,NA,NA,1253728,"Cadmium","200.8","USEPA",NA,0,"ug/L","U","Sampled",NA,"Dissolved","Actual",NA,NA,"Water Bottle","Not Detected","Limit of Quantitation",0.5,"ug/L","Method Detection Level",0.375,"ug/L",NA,"SGS",1253728035,"2025-07-29","14:03:00",NA,NA,"Cold packs","Plastic Bottle","Opaque",NA,"N","AKDT"
"265",10000017,"Water","Surface Water","10000017-2025-07-23-Cr","2025-07-23","10:25:00.000000",NA,NA,60.533743,-151.099258,NA,"Field Msr/Obs",15,"cm",NA,NA,NA,NA,NA,1253728,"Chromium","200.8","USEPA",NA,0,"ug/L","U","Sampled",NA,"Dissolved","Actual",NA,NA,"Water Bottle","Not Detected","Limit of Quantitation",5,"ug/L","Method Detection Level",3.75,"ug/L",NA,"SGS",1253728035,"2025-07-29","14:03:00",NA,NA,"Cold packs","Plastic Bottle","Opaque",NA,"N","AKDT"
"266",10000017,"Water","Surface Water","10000017-2025-07-23-Cu","2025-07-23","10:25:00.000000",NA,NA,60.533743,-151.099258,NA,"Field Msr/Obs",15,"cm",NA,NA,NA,NA,NA,1253728,"Copper","200.8","USEPA",NA,0,"ug/L","U","Sampled",NA,"Dissolved","Actual",NA,NA,"Water Bottle","Not Detected","Limit of Quantitation",3,"ug/L","Method Detection Level",2.25,"ug/L",NA,"SGS",1253728035,"2025-07-29","14:03:00",NA,NA,"Cold packs","Plastic Bottle","Opaque",NA,"N","AKDT"
"267",10000017,"Water","Surface Water","10000017-2025-07-23-Pb","2025-07-23","10:25:00.000000",NA,NA,60.533743,-151.099258,NA,"Field Msr/Obs",15,"cm",NA,NA,NA,NA,NA,1253728,"Lead","200.8","USEPA",NA,0,"ug/L","U","Sampled",NA,"Dissolved","Actual",NA,NA,"Water Bottle","Not Detected","Limit of Quantitation",2,"ug/L","Method Detection Level",1.5,"ug/L",NA,"SGS",1253728035,"2025-07-29","14:03:00",NA,NA,"Cold packs","Plastic Bottle","Opaque",NA,"N","AKDT"
"268",10000018,"Water","Surface Water","10000018-2025-07-23-As","2025-07-23","10:57:00.000000",NA,NA,60.502005,-151.106973,NA,"Field Msr/Obs",15,"cm",NA,NA,NA,NA,NA,1253728,"Arsenic","200.8","USEPA",NA,0,"ug/L","U","Sampled",NA,"Dissolved","Actual",NA,NA,"Water Bottle","Not Detected","Limit of Quantitation",5,"ug/L","Method Detection Level",3.75,"ug/L",NA,"SGS",1253728036,"2025-07-29","14:06:00",NA,NA,"Cold packs","Plastic Bottle","Opaque",NA,"N","AKDT"
"269",10000018,"Water","Surface Water","10000018-2025-07-23-Cd","2025-07-23","10:57:00.000000",NA,NA,60.502005,-151.106973,NA,"Field Msr/Obs",15,"cm",NA,NA,NA,NA,NA,1253728,"Cadmium","200.8","USEPA",NA,0,"ug/L","U","Sampled",NA,"Dissolved","Actual",NA,NA,"Water Bottle","Not Detected","Limit of Quantitation",0.5,"ug/L","Method Detection Level",0.375,"ug/L",NA,"SGS",1253728036,"2025-07-29","14:06:00",NA,NA,"Cold packs","Plastic Bottle","Opaque",NA,"N","AKDT"
"270",10000018,"Water","Surface Water","10000018-2025-07-23-Cr","2025-07-23","10:57:00.000000",NA,NA,60.502005,-151.106973,NA,"Field Msr/Obs",15,"cm",NA,NA,NA,NA,NA,1253728,"Chromium","200.8","USEPA",NA,0,"ug/L","U","Sampled",NA,"Dissolved","Actual",NA,NA,"Water Bottle","Not Detected","Limit of Quantitation",5,"ug/L","Method Detection Level",3.75,"ug/L",NA,"SGS",1253728036,"2025-07-29","14:06:00",NA,NA,"Cold packs","Plastic Bottle","Opaque",NA,"N","AKDT"
"271",10000018,"Water","Surface Water","10000018-2025-07-23-Cu","2025-07-23","10:57:00.000000",NA,NA,60.502005,-151.106973,NA,"Field Msr/Obs",15,"cm",NA,NA,NA,NA,NA,1253728,"Copper","200.8","USEPA",NA,0,"ug/L","U","Sampled",NA,"Dissolved","Actual",NA,NA,"Water Bottle","Not Detected","Limit of Quantitation",3,"ug/L","Method Detection Level",2.25,"ug/L",NA,"SGS",1253728036,"2025-07-29","14:06:00",NA,NA,"Cold packs","Plastic Bottle","Opaque",NA,"N","AKDT"
"272",10000020,"Water","Surface Water","10000020-2025-07-23-Zn","2025-07-23","10:11:00.000000",NA,NA,60.48175453,-151.1306816,NA,"Field Msr/Obs",15,"cm",NA,NA,NA,NA,NA,1253728,"Zinc","200.8","USEPA",NA,0,"ug/L","U","Sampled",NA,"Unfiltered","Actual",NA,NA,"Water Bottle","Not Detected","Limit of Quantitation",10,"ug/L","Method Detection Level",7.5,"ug/L",NA,"SGS",1253728009,"2025-07-28","11:49:00",NA,NA,"Cold packs","Plastic Bottle","Opaque",NA,"N","AKDT"
"273",10000020,"Water","Surface Water","10000020-2025-07-23-Cd","2025-07-23","10:11:00.000000",NA,NA,60.48175453,-151.1306816,NA,"Field Msr/Obs",15,"cm",NA,NA,NA,NA,NA,1253728,"Cadmium","200.8","USEPA",NA,0,"ug/L","U","Sampled",NA,"Dissolved","Actual",NA,NA,"Water Bottle","Not Detected","Limit of Quantitation",0.5,"ug/L","Method Detection Level",0.375,"ug/L",NA,"SGS",1253728037,"2025-07-29","14:09:00",NA,NA,"Cold packs","Plastic Bottle","Opaque",NA,"N","AKDT"
"274",10000020,"Water","Surface Water","10000020-2025-07-23-Cr","2025-07-23","10:11:00.000000",NA,NA,60.48175453,-151.1306816,NA,"Field Msr/Obs",15,"cm",NA,NA,NA,NA,NA,1253728,"Chromium","200.8","USEPA",NA,0,"ug/L","U","Sampled",NA,"Dissolved","Actual",NA,NA,"Water Bottle","Not Detected","Limit of Quantitation",5,"ug/L","Method Detection Level",3.75,"ug/L",NA,"SGS",1253728037,"2025-07-29","14:09:00",NA,NA,"Cold packs","Plastic Bottle","Opaque",NA,"N","AKDT"
"275",10000002,"Water","Surface Water","10000002-2025-07-23-Cd","2025-07-23","10:00:00.000000",NA,NA,60.54368,-151.22294,NA,"Field Msr/Obs",15,"cm",NA,NA,NA,NA,NA,1253728,"Cadmium","200.8","USEPA",NA,0,"ug/L","U","Sampled",NA,"Dissolved","Actual",NA,NA,"Water Bottle","Not Detected","Limit of Quantitation",0.5,"ug/L","Method Detection Level",0.375,"ug/L",NA,"SGS",1253728030,"2025-07-29","13:37:00",NA,NA,"Cold packs","Plastic Bottle","Opaque",NA,"N","AKDT"
"276",10000002,"Water","Surface Water","10000002-2025-07-23-Cr","2025-07-23","10:00:00.000000",NA,NA,60.54368,-151.22294,NA,"Field Msr/Obs",15,"cm",NA,NA,NA,NA,NA,1253728,"Chromium","200.8","USEPA",NA,0,"ug/L","U","Sampled",NA,"Dissolved","Actual",NA,NA,"Water Bottle","Not Detected","Limit of Quantitation",5,"ug/L","Method Detection Level",3.75,"ug/L",NA,"SGS",1253728030,"2025-07-29","13:37:00",NA,NA,"Cold packs","Plastic Bottle","Opaque",NA,"N","AKDT"
"277",10000016,"Water","Surface Water","10000016-2025-07-23-As","2025-07-23","10:05:00.000000",NA,NA,60.539279,-151.142263,NA,"Field Msr/Obs",15,"cm",NA,NA,NA,NA,NA,1253728,"Arsenic","200.8","USEPA",NA,0,"ug/L","U","Sampled",NA,"Dissolved","Actual",NA,NA,"Water Bottle","Not Detected","Limit of Quantitation",5,"ug/L","Method Detection Level",3.75,"ug/L",NA,"SGS",1253728034,"2025-07-29","14:00:00",NA,NA,"Cold packs","Plastic Bottle","Opaque",NA,"N","AKDT"
"278",10000016,"Water","Surface Water","10000016-2025-07-23-Cd","2025-07-23","10:05:00.000000",NA,NA,60.539279,-151.142263,NA,"Field Msr/Obs",15,"cm",NA,NA,NA,NA,NA,1253728,"Cadmium","200.8","USEPA",NA,0,"ug/L","U","Sampled",NA,"Dissolved","Actual",NA,NA,"Water Bottle","Not Detected","Limit of Quantitation",0.5,"ug/L","Method Detection Level",0.375,"ug/L",NA,"SGS",1253728034,"2025-07-29","14:00:00",NA,NA,"Cold packs","Plastic Bottle","Opaque",NA,"N","AKDT"
"279",10000015,"Water","Surface Water","10000015-2025-07-23-Zn","2025-07-23","09:28:00.000000",NA,NA,60.548029,-151.14324,NA,"Field Msr/Obs",15,"cm",NA,NA,NA,NA,NA,1253728,"Zinc","200.8","USEPA",NA,0,"ug/L","U","Sampled",NA,"Unfiltered","Actual",NA,NA,"Water Bottle","Not Detected","Limit of Quantitation",10,"ug/L","Method Detection Level",7.5,"ug/L",NA,"SGS",1253728004,"2025-07-28","11:34:00",NA,NA,"Cold packs","Plastic Bottle","Opaque",NA,"N","AKDT"
"280",10000015,"Water","Surface Water","10000015-2025-07-23-Cu-DUP","2025-07-23","09:40:00.000000",NA,NA,60.548029,-151.14324,NA,"Quality Control Field Replicate Msr/Obs",15,"cm",NA,NA,NA,NA,NA,1253728,"Copper","200.8","USEPA",NA,0,"ug/L","U","Sampled",NA,"Unfiltered","Actual",NA,NA,"Water Bottle","Not Detected","Limit of Quantitation",3,"ug/L","Method Detection Level",2.25,"ug/L",NA,"SGS",1253728005,"2025-07-28","11:37:00",NA,NA,"Cold packs","Plastic Bottle","Opaque",NA,"N","AKDT"
"281",10000017,"Water","Surface Water","10000017-2025-07-23-Cu","2025-07-23","10:25:00.000000",NA,NA,60.533743,-151.099258,NA,"Field Msr/Obs",15,"cm",NA,NA,NA,NA,NA,1253728,"Copper","200.8","USEPA",NA,0,"ug/L","U","Sampled",NA,"Unfiltered","Actual",NA,NA,"Water Bottle","Not Detected","Limit of Quantitation",3,"ug/L","Method Detection Level",2.25,"ug/L",NA,"SGS",1253728007,"2025-07-28","11:43:00",NA,NA,"Cold packs","Plastic Bottle","Opaque",NA,"N","AKDT"
"282",10000017,"Water","Surface Water","10000017-2025-07-23-Zn","2025-07-23","10:25:00.000000",NA,NA,60.533743,-151.099258,NA,"Field Msr/Obs",15,"cm",NA,NA,NA,NA,NA,1253728,"Zinc","200.8","USEPA",NA,0,"ug/L","U","Sampled",NA,"Unfiltered","Actual",NA,NA,"Water Bottle","Not Detected","Limit of Quantitation",10,"ug/L","Method Detection Level",7.5,"ug/L",NA,"SGS",1253728007,"2025-07-28","11:43:00",NA,NA,"Cold packs","Plastic Bottle","Opaque",NA,"N","AKDT"
"283",10000017,"Water","Surface Water","10000017-2025-07-23-Zn","2025-07-23","10:25:00.000000",NA,NA,60.533743,-151.099258,NA,"Field Msr/Obs",15,"cm",NA,NA,NA,NA,NA,1253728,"Zinc","200.8","USEPA",NA,0,"ug/L","U","Sampled",NA,"Dissolved","Actual",NA,NA,"Water Bottle","Not Detected","Limit of Quantitation",10,"ug/L","Method Detection Level",7.5,"ug/L",NA,"SGS",1253728035,"2025-07-29","14:03:00",NA,NA,"Cold packs","Plastic Bottle","Opaque",NA,"N","AKDT"
"284",10000018,"Water","Surface Water","10000018-2025-07-23-Cu","2025-07-23","10:57:00.000000",NA,NA,60.502005,-151.106973,NA,"Field Msr/Obs",15,"cm",NA,NA,NA,NA,NA,1253728,"Copper","200.8","USEPA",NA,0,"ug/L","U","Sampled",NA,"Unfiltered","Actual",NA,NA,"Water Bottle","Not Detected","Limit of Quantitation",3,"ug/L","Method Detection Level",2.25,"ug/L",NA,"SGS",1253728008,"2025-07-28","11:46:00",NA,NA,"Cold packs","Plastic Bottle","Opaque",NA,"N","AKDT"
"285",10000018,"Water","Surface Water","10000018-2025-07-23-Pb","2025-07-23","10:57:00.000000",NA,NA,60.502005,-151.106973,NA,"Field Msr/Obs",15,"cm",NA,NA,NA,NA,NA,1253728,"Lead","200.8","USEPA",NA,0,"ug/L","U","Sampled",NA,"Dissolved","Actual",NA,NA,"Water Bottle","Not Detected","Limit of Quantitation",2,"ug/L","Method Detection Level",1.5,"ug/L",NA,"SGS",1253728036,"2025-07-29","14:06:00",NA,NA,"Cold packs","Plastic Bottle","Opaque",NA,"N","AKDT"
"286",10000018,"Water","Surface Water","10000018-2025-07-23-Zn","2025-07-23","10:57:00.000000",NA,NA,60.502005,-151.106973,NA,"Field Msr/Obs",15,"cm",NA,NA,NA,NA,NA,1253728,"Zinc","200.8","USEPA",NA,0,"ug/L","U","Sampled",NA,"Dissolved","Actual",NA,NA,"Water Bottle","Not Detected","Limit of Quantitation",10,"ug/L","Method Detection Level",7.5,"ug/L",NA,"SGS",1253728036,"2025-07-29","14:06:00",NA,NA,"Cold packs","Plastic Bottle","Opaque",NA,"N","AKDT"
"287",10000020,"Water","Surface Water","10000020-2025-07-23-Cu","2025-07-23","10:11:00.000000",NA,NA,60.48175453,-151.1306816,NA,"Field Msr/Obs",15,"cm",NA,NA,NA,NA,NA,1253728,"Copper","200.8","USEPA",NA,0,"ug/L","U","Sampled",NA,"Unfiltered","Actual",NA,NA,"Water Bottle","Not Detected","Limit of Quantitation",3,"ug/L","Method Detection Level",2.25,"ug/L",NA,"SGS",1253728009,"2025-07-28","11:49:00",NA,NA,"Cold packs","Plastic Bottle","Opaque",NA,"N","AKDT"
"288",10000020,"Water","Surface Water","10000020-2025-07-23-Cu","2025-07-23","10:11:00.000000",NA,NA,60.48175453,-151.1306816,NA,"Field Msr/Obs",15,"cm",NA,NA,NA,NA,NA,1253728,"Copper","200.8","USEPA",NA,0,"ug/L","U","Sampled",NA,"Dissolved","Actual",NA,NA,"Water Bottle","Not Detected","Limit of Quantitation",3,"ug/L","Method Detection Level",2.25,"ug/L",NA,"SGS",1253728037,"2025-07-29","14:09:00",NA,NA,"Cold packs","Plastic Bottle","Opaque",NA,"N","AKDT"
"289",10000020,"Water","Surface Water","10000020-2025-07-23-Pb","2025-07-23","10:11:00.000000",NA,NA,60.48175453,-151.1306816,NA,"Field Msr/Obs",15,"cm",NA,NA,NA,NA,NA,1253728,"Lead","200.8","USEPA",NA,0,"ug/L","U","Sampled",NA,"Dissolved","Actual",NA,NA,"Water Bottle","Not Detected","Limit of Quantitation",2,"ug/L","Method Detection Level",1.5,"ug/L",NA,"SGS",1253728037,"2025-07-29","14:09:00",NA,NA,"Cold packs","Plastic Bottle","Opaque",NA,"N","AKDT"
"290",10000021,"Water","Surface Water","10000021-2025-07-23-Cu","2025-07-23","09:42:00.000000",NA,NA,60.476634,-151.082099,NA,"Field Msr/Obs",15,"cm",NA,NA,NA,NA,NA,1253728,"Copper","200.8","USEPA",NA,0,"ug/L","U","Sampled",NA,"Unfiltered","Actual",NA,NA,"Water Bottle","Not Detected","Limit of Quantitation",3,"ug/L","Method Detection Level",2.25,"ug/L",NA,"SGS",1253728010,"2025-07-28","11:52:00",NA,NA,"Cold packs","Plastic Bottle","Opaque",NA,"N","AKDT"
"291",10000021,"Water","Surface Water","10000021-2025-07-23-As","2025-07-23","09:42:00.000000",NA,NA,60.476634,-151.082099,NA,"Field Msr/Obs",15,"cm",NA,NA,NA,NA,NA,1253728,"Arsenic","200.8","USEPA",NA,0,"ug/L","U","Sampled",NA,"Dissolved","Actual",NA,NA,"Water Bottle","Not Detected","Limit of Quantitation",5,"ug/L","Method Detection Level",3.75,"ug/L",NA,"SGS",1253728038,"2025-07-29","14:12:00",NA,NA,"Cold packs","Plastic Bottle","Opaque",NA,"N","AKDT"
"292",10000021,"Water","Surface Water","10000021-2025-07-23-Cd","2025-07-23","09:42:00.000000",NA,NA,60.476634,-151.082099,NA,"Field Msr/Obs",15,"cm",NA,NA,NA,NA,NA,1253728,"Cadmium","200.8","USEPA",NA,0,"ug/L","U","Sampled",NA,"Dissolved","Actual",NA,NA,"Water Bottle","Not Detected","Limit of Quantitation",0.5,"ug/L","Method Detection Level",0.375,"ug/L",NA,"SGS",1253728038,"2025-07-29","14:12:00",NA,NA,"Cold packs","Plastic Bottle","Opaque",NA,"N","AKDT"
"293",10000022,"Water","Surface Water","10000022-2025-07-23-Zn","2025-07-23","08:17:00.000000",NA,NA,60.483364,-151.057656,NA,"Field Msr/Obs",15,"cm",NA,NA,NA,NA,NA,1253728,"Zinc","200.8","USEPA",NA,0,"ug/L","U","Sampled",NA,"Unfiltered","Actual",NA,NA,"Water Bottle","Not Detected","Limit of Quantitation",10,"ug/L","Method Detection Level",7.5,"ug/L",NA,"SGS",1253728011,"2025-07-28","11:55:00",NA,NA,"Cold packs","Plastic Bottle","Opaque",NA,"N","AKDT"
"294",10000022,"Water","Surface Water","10000022-2025-07-23-Cu-NA","2025-07-23","08:17:00.000000",NA,NA,60.483364,-151.057656,NA,"Field Msr/Obs",15,"cm",NA,NA,NA,NA,NA,1253728,"Copper","200.8","USEPA",NA,0,"ug/L","U","Sampled",NA,"Unfiltered","Actual",NA,NA,"Water Bottle","Not Detected","Limit of Quantitation",3,"ug/L","Method Detection Level",2.25,"ug/L",NA,"SGS",1253728026,"2025-07-28","14:46:00",NA,NA,"Cold packs","Plastic Bottle","Opaque",NA,"N","AKDT"
"295",10000022,"Water","Surface Water","10000022-2025-07-23-Fe-NA","2025-07-23","08:17:00.000000",NA,NA,60.483364,-151.057656,NA,"Field Msr/Obs",15,"cm",NA,NA,NA,NA,NA,1253728,"Iron","200.8","USEPA",NA,0,"ug/L","U","Sampled",NA,"Unfiltered","Actual",NA,NA,"Water Bottle","Not Detected","Limit of Quantitation",250,"ug/L","Method Detection Level",188,"ug/L",NA,"SGS",1253728026,"2025-07-28","14:46:00",NA,NA,"Cold packs","Plastic Bottle","Opaque",NA,"N","AKDT"
"296",10000022,"Water","Surface Water","10000022-2025-07-23-Mg-NA","2025-07-23","08:17:00.000000",NA,NA,60.483364,-151.057656,NA,"Field Msr/Obs",15,"cm",NA,NA,NA,NA,NA,1253728,"Magnesium","200.8","USEPA",NA,0,"ug/L","U","Sampled",NA,"Unfiltered","Actual",NA,NA,"Water Bottle","Not Detected","Limit of Quantitation",50,"ug/L","Method Detection Level",37.5,"ug/L",NA,"SGS",1253728026,"2025-07-28","14:46:00",NA,NA,"Cold packs","Plastic Bottle","Opaque",NA,"N","AKDT"
"297",10000022,"Water","Surface Water","10000022-2025-07-23-Zn-NA","2025-07-23","08:17:00.000000",NA,NA,60.483364,-151.057656,NA,"Field Msr/Obs",15,"cm",NA,NA,NA,NA,NA,1253728,"Zinc","200.8","USEPA",NA,0,"ug/L","U","Sampled",NA,"Unfiltered","Actual",NA,NA,"Water Bottle","Not Detected","Limit of Quantitation",10,"ug/L","Method Detection Level",7.5,"ug/L",NA,"SGS",1253728026,"2025-07-28","14:46:00",NA,NA,"Cold packs","Plastic Bottle","Opaque",NA,"N","AKDT"
"298",10000022,"Water","Surface Water","10000022-2025-07-23-As-NA","2025-07-23","08:17:00.000000",NA,NA,60.483364,-151.057656,NA,"Field Msr/Obs",15,"cm",NA,NA,NA,NA,NA,1253728,"Arsenic","200.8","USEPA",NA,0,"ug/L","U","Sampled",NA,"Dissolved","Actual",NA,NA,"Water Bottle","Not Detected","Limit of Quantitation",5,"ug/L","Method Detection Level",3.75,"ug/L",NA,"SGS",1253728045,"2025-07-29","14:42:00",NA,NA,"Cold packs","Plastic Bottle","Opaque",NA,"N","AKDT"
"299",10000022,"Water","Surface Water","10000022-2025-07-23-Cd-NA","2025-07-23","08:17:00.000000",NA,NA,60.483364,-151.057656,NA,"Field Msr/Obs",15,"cm",NA,NA,NA,NA,NA,1253728,"Cadmium","200.8","USEPA",NA,0,"ug/L","U","Sampled",NA,"Dissolved","Actual",NA,NA,"Water Bottle","Not Detected","Limit of Quantitation",0.5,"ug/L","Method Detection Level",0.375,"ug/L",NA,"SGS",1253728045,"2025-07-29","14:42:00",NA,NA,"Cold packs","Plastic Bottle","Opaque",NA,"N","AKDT"
"300",10000023,"Water","Surface Water","10000023-2025-07-23-As","2025-07-23","09:00:00.000000",NA,NA,60.480338,-151.030847,NA,"Field Msr/Obs",15,"cm",NA,NA,NA,NA,NA,1253728,"Arsenic","200.8","USEPA",NA,0,"ug/L","U","Sampled",NA,"Dissolved","Actual",NA,NA,"Water Bottle","Not Detected","Limit of Quantitation",5,"ug/L","Method Detection Level",3.75,"ug/L",NA,"SGS",1253728040,"2025-07-29","14:18:00",NA,NA,"Cold packs","Plastic Bottle","Opaque",NA,"N","AKDT"
"301",10000023,"Water","Surface Water","10000023-2025-07-23-Cu-DUP","2025-07-23","09:13:00.000000",NA,NA,60.480338,-151.030847,NA,"Quality Control Field Replicate Msr/Obs",15,"cm",NA,NA,NA,NA,NA,1253728,"Copper","200.8","USEPA",NA,0,"ug/L","U","Sampled",NA,"Unfiltered","Actual",NA,NA,"Water Bottle","Not Detected","Limit of Quantitation",3,"ug/L","Method Detection Level",2.25,"ug/L",NA,"SGS",1253728013,"2025-07-28","12:09:00",NA,NA,"Cold packs","Plastic Bottle","Opaque",NA,"N","AKDT"
"302",10000023,"Water","Surface Water","10000023-2025-07-23-Zn-DUP","2025-07-23","09:13:00.000000",NA,NA,60.480338,-151.030847,NA,"Quality Control Field Replicate Msr/Obs",15,"cm",NA,NA,NA,NA,NA,1253728,"Zinc","200.8","USEPA",NA,0,"ug/L","U","Sampled",NA,"Unfiltered","Actual",NA,NA,"Water Bottle","Not Detected","Limit of Quantitation",10,"ug/L","Method Detection Level",7.5,"ug/L",NA,"SGS",1253728013,"2025-07-28","12:09:00",NA,NA,"Cold packs","Plastic Bottle","Opaque",NA,"N","AKDT"
"303",10000024,"Water","Surface Water","10000024-2025-07-23-Cu","2025-07-23","08:55:00.000000",NA,NA,60.489963,-150.860982,NA,"Field Msr/Obs",15,"cm",NA,NA,NA,NA,NA,1253728,"Copper","200.8","USEPA",NA,0,"ug/L","U","Sampled",NA,"Unfiltered","Actual",NA,NA,"Water Bottle","Not Detected","Limit of Quantitation",3,"ug/L","Method Detection Level",2.25,"ug/L",NA,"SGS",1253728014,"2025-07-28","12:12:00",NA,NA,"Cold packs","Plastic Bottle","Opaque",NA,"N","AKDT"
"304",10000024,"Water","Surface Water","10000024-2025-07-23-Zn","2025-07-23","08:55:00.000000",NA,NA,60.489963,-150.860982,NA,"Field Msr/Obs",15,"cm",NA,NA,NA,NA,NA,1253728,"Zinc","200.8","USEPA",NA,0,"ug/L","U","Sampled",NA,"Unfiltered","Actual",NA,NA,"Water Bottle","Not Detected","Limit of Quantitation",10,"ug/L","Method Detection Level",7.5,"ug/L",NA,"SGS",1253728014,"2025-07-28","12:12:00",NA,NA,"Cold packs","Plastic Bottle","Opaque",NA,"N","AKDT"
"305",10000024,"Water","Surface Water","10000024-2025-07-23-Zn","2025-07-23","08:55:00.000000",NA,NA,60.489963,-150.860982,NA,"Field Msr/Obs",15,"cm",NA,NA,NA,NA,NA,1253728,"Zinc","200.8","USEPA",NA,0,"ug/L","U","Sampled",NA,"Dissolved","Actual",NA,NA,"Water Bottle","Not Detected","Limit of Quantitation",10,"ug/L","Method Detection Level",7.5,"ug/L",NA,"SGS",1253728042,"2025-07-29","14:33:00",NA,NA,"Cold packs","Plastic Bottle","Opaque",NA,"N","AKDT"
"306",10000025,"Water","Surface Water","10000025-2025-07-23-Cu","2025-07-23","10:30:00.000000",NA,NA,60.498284,-150.863121,NA,"Field Msr/Obs",15,"cm",NA,NA,NA,NA,NA,1253728,"Copper","200.8","USEPA",NA,0,"ug/L","U","Sampled",NA,"Unfiltered","Actual",NA,NA,"Water Bottle","Not Detected","Limit of Quantitation",3,"ug/L","Method Detection Level",2.25,"ug/L",NA,"SGS",1253728015,"2025-07-28","12:15:00",NA,NA,"Cold packs","Plastic Bottle","Opaque",NA,"N","AKDT"
"307",10000025,"Water","Surface Water","10000025-2025-07-23-Pb","2025-07-23","10:30:00.000000",NA,NA,60.498284,-150.863121,NA,"Field Msr/Obs",15,"cm",NA,NA,NA,NA,NA,1253728,"Lead","200.8","USEPA",NA,0,"ug/L","U","Sampled",NA,"Dissolved","Actual",NA,NA,"Water Bottle","Not Detected","Limit of Quantitation",2,"ug/L","Method Detection Level",1.5,"ug/L",NA,"SGS",1253728043,"2025-07-29","14:36:00",NA,NA,"Cold packs","Plastic Bottle","Opaque",NA,"N","AKDT"
"308",10000025,"Water","Surface Water","10000025-2025-07-23-Zn","2025-07-23","10:30:00.000000",NA,NA,60.498284,-150.863121,NA,"Field Msr/Obs",15,"cm",NA,NA,NA,NA,NA,1253728,"Zinc","200.8","USEPA",NA,0,"ug/L","U","Sampled",NA,"Dissolved","Actual",NA,NA,"Water Bottle","Not Detected","Limit of Quantitation",10,"ug/L","Method Detection Level",7.5,"ug/L",NA,"SGS",1253728043,"2025-07-29","14:36:00",NA,NA,"Cold packs","Plastic Bottle","Opaque",NA,"N","AKDT"
"309",10000021,"Water","Surface Water","10000021-2025-07-23-Cr","2025-07-23","09:42:00.000000",NA,NA,60.476634,-151.082099,NA,"Field Msr/Obs",15,"cm",NA,NA,NA,NA,NA,1253728,"Chromium","200.8","USEPA",NA,0,"ug/L","U","Sampled",NA,"Dissolved","Actual",NA,NA,"Water Bottle","Not Detected","Limit of Quantitation",5,"ug/L","Method Detection Level",3.75,"ug/L",NA,"SGS",1253728038,"2025-07-29","14:12:00",NA,NA,"Cold packs","Plastic Bottle","Opaque",NA,"N","AKDT"
"310",10000021,"Water","Surface Water","10000021-2025-07-23-Cu","2025-07-23","09:42:00.000000",NA,NA,60.476634,-151.082099,NA,"Field Msr/Obs",15,"cm",NA,NA,NA,NA,NA,1253728,"Copper","200.8","USEPA",NA,0,"ug/L","U","Sampled",NA,"Dissolved","Actual",NA,NA,"Water Bottle","Not Detected","Limit of Quantitation",3,"ug/L","Method Detection Level",2.25,"ug/L",NA,"SGS",1253728038,"2025-07-29","14:12:00",NA,NA,"Cold packs","Plastic Bottle","Opaque",NA,"N","AKDT"
"311",10000021,"Water","Surface Water","10000021-2025-07-23-Pb","2025-07-23","09:42:00.000000",NA,NA,60.476634,-151.082099,NA,"Field Msr/Obs",15,"cm",NA,NA,NA,NA,NA,1253728,"Lead","200.8","USEPA",NA,0,"ug/L","U","Sampled",NA,"Dissolved","Actual",NA,NA,"Water Bottle","Not Detected","Limit of Quantitation",2,"ug/L","Method Detection Level",1.5,"ug/L",NA,"SGS",1253728038,"2025-07-29","14:12:00",NA,NA,"Cold packs","Plastic Bottle","Opaque",NA,"N","AKDT"
"312",10000021,"Water","Surface Water","10000021-2025-07-23-Zn","2025-07-23","09:42:00.000000",NA,NA,60.476634,-151.082099,NA,"Field Msr/Obs",15,"cm",NA,NA,NA,NA,NA,1253728,"Zinc","200.8","USEPA",NA,0,"ug/L","U","Sampled",NA,"Dissolved","Actual",NA,NA,"Water Bottle","Not Detected","Limit of Quantitation",10,"ug/L","Method Detection Level",7.5,"ug/L",NA,"SGS",1253728038,"2025-07-29","14:12:00",NA,NA,"Cold packs","Plastic Bottle","Opaque",NA,"N","AKDT"
"313",10000022,"Water","Surface Water","10000022-2025-07-23-Cu","2025-07-23","08:17:00.000000",NA,NA,60.483364,-151.057656,NA,"Field Msr/Obs",15,"cm",NA,NA,NA,NA,NA,1253728,"Copper","200.8","USEPA",NA,0,"ug/L","U","Sampled",NA,"Unfiltered","Actual",NA,NA,"Water Bottle","Not Detected","Limit of Quantitation",3,"ug/L","Method Detection Level",2.25,"ug/L",NA,"SGS",1253728011,"2025-07-28","11:55:00",NA,NA,"Cold packs","Plastic Bottle","Opaque",NA,"N","AKDT"
"314",10000022,"Water","Surface Water","10000022-2025-07-23-Cd","2025-07-23","08:17:00.000000",NA,NA,60.483364,-151.057656,NA,"Field Msr/Obs",15,"cm",NA,NA,NA,NA,NA,1253728,"Cadmium","200.8","USEPA",NA,0,"ug/L","U","Sampled",NA,"Dissolved","Actual",NA,NA,"Water Bottle","Not Detected","Limit of Quantitation",0.5,"ug/L","Method Detection Level",0.375,"ug/L",NA,"SGS",1253728039,"2025-07-29","14:15:00",NA,NA,"Cold packs","Plastic Bottle","Opaque",NA,"N","AKDT"
"315",10000022,"Water","Surface Water","10000022-2025-07-23-Cr","2025-07-23","08:17:00.000000",NA,NA,60.483364,-151.057656,NA,"Field Msr/Obs",15,"cm",NA,NA,NA,NA,NA,1253728,"Chromium","200.8","USEPA",NA,0,"ug/L","U","Sampled",NA,"Dissolved","Actual",NA,NA,"Water Bottle","Not Detected","Limit of Quantitation",5,"ug/L","Method Detection Level",3.75,"ug/L",NA,"SGS",1253728039,"2025-07-29","14:15:00",NA,NA,"Cold packs","Plastic Bottle","Opaque",NA,"N","AKDT"
"316",10000022,"Water","Surface Water","10000022-2025-07-23-Cu","2025-07-23","08:17:00.000000",NA,NA,60.483364,-151.057656,NA,"Field Msr/Obs",15,"cm",NA,NA,NA,NA,NA,1253728,"Copper","200.8","USEPA",NA,0,"ug/L","U","Sampled",NA,"Dissolved","Actual",NA,NA,"Water Bottle","Not Detected","Limit of Quantitation",3,"ug/L","Method Detection Level",2.25,"ug/L",NA,"SGS",1253728039,"2025-07-29","14:15:00",NA,NA,"Cold packs","Plastic Bottle","Opaque",NA,"N","AKDT"
"317",10000022,"Water","Surface Water","10000022-2025-07-23-Pb","2025-07-23","08:17:00.000000",NA,NA,60.483364,-151.057656,NA,"Field Msr/Obs",15,"cm",NA,NA,NA,NA,NA,1253728,"Lead","200.8","USEPA",NA,0,"ug/L","U","Sampled",NA,"Dissolved","Actual",NA,NA,"Water Bottle","Not Detected","Limit of Quantitation",2,"ug/L","Method Detection Level",1.5,"ug/L",NA,"SGS",1253728039,"2025-07-29","14:15:00",NA,NA,"Cold packs","Plastic Bottle","Opaque",NA,"N","AKDT"
"318",10000022,"Water","Surface Water","10000022-2025-07-23-Zn","2025-07-23","08:17:00.000000",NA,NA,60.483364,-151.057656,NA,"Field Msr/Obs",15,"cm",NA,NA,NA,NA,NA,1253728,"Zinc","200.8","USEPA",NA,0,"ug/L","U","Sampled",NA,"Dissolved","Actual",NA,NA,"Water Bottle","Not Detected","Limit of Quantitation",10,"ug/L","Method Detection Level",7.5,"ug/L",NA,"SGS",1253728039,"2025-07-29","14:15:00",NA,NA,"Cold packs","Plastic Bottle","Opaque",NA,"N","AKDT"
"319",10000022,"Water","Surface Water","10000022-2025-07-23-Ca-NA","2025-07-23","08:17:00.000000",NA,NA,60.483364,-151.057656,NA,"Field Msr/Obs",15,"cm",NA,NA,NA,NA,NA,1253728,"Calcium","200.8","USEPA",NA,0,"ug/L","U","Sampled",NA,"Unfiltered","Actual",NA,NA,"Water Bottle","Not Detected","Limit of Quantitation",500,"ug/L","Method Detection Level",375,"ug/L",NA,"SGS",1253728026,"2025-07-28","14:46:00",NA,NA,"Cold packs","Plastic Bottle","Opaque",NA,"N","AKDT"
"320",10000022,"Water","Surface Water","10000022-2025-07-23-Cr-NA","2025-07-23","08:17:00.000000",NA,NA,60.483364,-151.057656,NA,"Field Msr/Obs",15,"cm",NA,NA,NA,NA,NA,1253728,"Chromium","200.8","USEPA",NA,0,"ug/L","U","Sampled",NA,"Dissolved","Actual",NA,NA,"Water Bottle","Not Detected","Limit of Quantitation",5,"ug/L","Method Detection Level",3.75,"ug/L",NA,"SGS",1253728045,"2025-07-29","14:42:00",NA,NA,"Cold packs","Plastic Bottle","Opaque",NA,"N","AKDT"
"321",10000022,"Water","Surface Water","10000022-2025-07-23-Cu-NA","2025-07-23","08:17:00.000000",NA,NA,60.483364,-151.057656,NA,"Field Msr/Obs",15,"cm",NA,NA,NA,NA,NA,1253728,"Copper","200.8","USEPA",NA,0,"ug/L","U","Sampled",NA,"Dissolved","Actual",NA,NA,"Water Bottle","Not Detected","Limit of Quantitation",3,"ug/L","Method Detection Level",2.25,"ug/L",NA,"SGS",1253728045,"2025-07-29","14:42:00",NA,NA,"Cold packs","Plastic Bottle","Opaque",NA,"N","AKDT"
"322",10000022,"Water","Surface Water","10000022-2025-07-23-Pb-NA","2025-07-23","08:17:00.000000",NA,NA,60.483364,-151.057656,NA,"Field Msr/Obs",15,"cm",NA,NA,NA,NA,NA,1253728,"Lead","200.8","USEPA",NA,0,"ug/L","U","Sampled",NA,"Dissolved","Actual",NA,NA,"Water Bottle","Not Detected","Limit of Quantitation",2,"ug/L","Method Detection Level",1.5,"ug/L",NA,"SGS",1253728045,"2025-07-29","14:42:00",NA,NA,"Cold packs","Plastic Bottle","Opaque",NA,"N","AKDT"
"323",10000023,"Water","Surface Water","10000023-2025-07-23-Cu","2025-07-23","09:00:00.000000",NA,NA,60.480338,-151.030847,NA,"Field Msr/Obs",15,"cm",NA,NA,NA,NA,NA,1253728,"Copper","200.8","USEPA",NA,0,"ug/L","U","Sampled",NA,"Unfiltered","Actual",NA,NA,"Water Bottle","Not Detected","Limit of Quantitation",3,"ug/L","Method Detection Level",2.25,"ug/L",NA,"SGS",1253728012,"2025-07-28","12:06:00",NA,NA,"Cold packs","Plastic Bottle","Opaque",NA,"N","AKDT"
"324",10000023,"Water","Surface Water","10000023-2025-07-23-Cd","2025-07-23","09:00:00.000000",NA,NA,60.480338,-151.030847,NA,"Field Msr/Obs",15,"cm",NA,NA,NA,NA,NA,1253728,"Cadmium","200.8","USEPA",NA,0,"ug/L","U","Sampled",NA,"Dissolved","Actual",NA,NA,"Water Bottle","Not Detected","Limit of Quantitation",0.5,"ug/L","Method Detection Level",0.375,"ug/L",NA,"SGS",1253728040,"2025-07-29","14:18:00",NA,NA,"Cold packs","Plastic Bottle","Opaque",NA,"N","AKDT"
"325",10000023,"Water","Surface Water","10000023-2025-07-23-Cr","2025-07-23","09:00:00.000000",NA,NA,60.480338,-151.030847,NA,"Field Msr/Obs",15,"cm",NA,NA,NA,NA,NA,1253728,"Chromium","200.8","USEPA",NA,0,"ug/L","U","Sampled",NA,"Dissolved","Actual",NA,NA,"Water Bottle","Not Detected","Limit of Quantitation",5,"ug/L","Method Detection Level",3.75,"ug/L",NA,"SGS",1253728040,"2025-07-29","14:18:00",NA,NA,"Cold packs","Plastic Bottle","Opaque",NA,"N","AKDT"
"326",10000023,"Water","Surface Water","10000023-2025-07-23-Cu","2025-07-23","09:00:00.000000",NA,NA,60.480338,-151.030847,NA,"Field Msr/Obs",15,"cm",NA,NA,NA,NA,NA,1253728,"Copper","200.8","USEPA",NA,0,"ug/L","U","Sampled",NA,"Dissolved","Actual",NA,NA,"Water Bottle","Not Detected","Limit of Quantitation",3,"ug/L","Method Detection Level",2.25,"ug/L",NA,"SGS",1253728040,"2025-07-29","14:18:00",NA,NA,"Cold packs","Plastic Bottle","Opaque",NA,"N","AKDT"
"327",10000023,"Water","Surface Water","10000023-2025-07-23-Pb","2025-07-23","09:00:00.000000",NA,NA,60.480338,-151.030847,NA,"Field Msr/Obs",15,"cm",NA,NA,NA,NA,NA,1253728,"Lead","200.8","USEPA",NA,0,"ug/L","U","Sampled",NA,"Dissolved","Actual",NA,NA,"Water Bottle","Not Detected","Limit of Quantitation",2,"ug/L","Method Detection Level",1.5,"ug/L",NA,"SGS",1253728040,"2025-07-29","14:18:00",NA,NA,"Cold packs","Plastic Bottle","Opaque",NA,"N","AKDT"
"328",10000023,"Water","Surface Water","10000023-2025-07-23-Zn","2025-07-23","09:00:00.000000",NA,NA,60.480338,-151.030847,NA,"Field Msr/Obs",15,"cm",NA,NA,NA,NA,NA,1253728,"Zinc","200.8","USEPA",NA,0,"ug/L","U","Sampled",NA,"Dissolved","Actual",NA,NA,"Water Bottle","Not Detected","Limit of Quantitation",10,"ug/L","Method Detection Level",7.5,"ug/L",NA,"SGS",1253728040,"2025-07-29","14:18:00",NA,NA,"Cold packs","Plastic Bottle","Opaque",NA,"N","AKDT"
"329",10000023,"Water","Surface Water","10000023-2025-07-23-As-DUP","2025-07-23","09:13:00.000000",NA,NA,60.480338,-151.030847,NA,"Quality Control Field Replicate Msr/Obs",15,"cm",NA,NA,NA,NA,NA,1253728,"Arsenic","200.8","USEPA",NA,0,"ug/L","U","Sampled",NA,"Dissolved","Actual",NA,NA,"Water Bottle","Not Detected","Limit of Quantitation",5,"ug/L","Method Detection Level",3.75,"ug/L",NA,"SGS",1253728041,"2025-07-29","14:21:00",NA,NA,"Cold packs","Plastic Bottle","Opaque",NA,"N","AKDT"
"330",10000023,"Water","Surface Water","10000023-2025-07-23-Cd-DUP","2025-07-23","09:13:00.000000",NA,NA,60.480338,-151.030847,NA,"Quality Control Field Replicate Msr/Obs",15,"cm",NA,NA,NA,NA,NA,1253728,"Cadmium","200.8","USEPA",NA,0,"ug/L","U","Sampled",NA,"Dissolved","Actual",NA,NA,"Water Bottle","Not Detected","Limit of Quantitation",0.5,"ug/L","Method Detection Level",0.375,"ug/L",NA,"SGS",1253728041,"2025-07-29","14:21:00",NA,NA,"Cold packs","Plastic Bottle","Opaque",NA,"N","AKDT"
"331",10000023,"Water","Surface Water","10000023-2025-07-23-Cr-DUP","2025-07-23","09:13:00.000000",NA,NA,60.480338,-151.030847,NA,"Quality Control Field Replicate Msr/Obs",15,"cm",NA,NA,NA,NA,NA,1253728,"Chromium","200.8","USEPA",NA,0,"ug/L","U","Sampled",NA,"Dissolved","Actual",NA,NA,"Water Bottle","Not Detected","Limit of Quantitation",5,"ug/L","Method Detection Level",3.75,"ug/L",NA,"SGS",1253728041,"2025-07-29","14:21:00",NA,NA,"Cold packs","Plastic Bottle","Opaque",NA,"N","AKDT"
"332",10000023,"Water","Surface Water","10000023-2025-07-23-Cu-DUP","2025-07-23","09:13:00.000000",NA,NA,60.480338,-151.030847,NA,"Quality Control Field Replicate Msr/Obs",15,"cm",NA,NA,NA,NA,NA,1253728,"Copper","200.8","USEPA",NA,0,"ug/L","U","Sampled",NA,"Dissolved","Actual",NA,NA,"Water Bottle","Not Detected","Limit of Quantitation",3,"ug/L","Method Detection Level",2.25,"ug/L",NA,"SGS",1253728041,"2025-07-29","14:21:00",NA,NA,"Cold packs","Plastic Bottle","Opaque",NA,"N","AKDT"
"333",10000023,"Water","Surface Water","10000023-2025-07-23-Pb-DUP","2025-07-23","09:13:00.000000",NA,NA,60.480338,-151.030847,NA,"Quality Control Field Replicate Msr/Obs",15,"cm",NA,NA,NA,NA,NA,1253728,"Lead","200.8","USEPA",NA,0,"ug/L","U","Sampled",NA,"Dissolved","Actual",NA,NA,"Water Bottle","Not Detected","Limit of Quantitation",2,"ug/L","Method Detection Level",1.5,"ug/L",NA,"SGS",1253728041,"2025-07-29","14:21:00",NA,NA,"Cold packs","Plastic Bottle","Opaque",NA,"N","AKDT"
"334",10000023,"Water","Surface Water","10000023-2025-07-23-Zn-DUP","2025-07-23","09:13:00.000000",NA,NA,60.480338,-151.030847,NA,"Quality Control Field Replicate Msr/Obs",15,"cm",NA,NA,NA,NA,NA,1253728,"Zinc","200.8","USEPA",NA,0,"ug/L","U","Sampled",NA,"Dissolved","Actual",NA,NA,"Water Bottle","Not Detected","Limit of Quantitation",10,"ug/L","Method Detection Level",7.5,"ug/L",NA,"SGS",1253728041,"2025-07-29","14:21:00",NA,NA,"Cold packs","Plastic Bottle","Opaque",NA,"N","AKDT"
"335",10000024,"Water","Surface Water","10000024-2025-07-23-Cd","2025-07-23","08:55:00.000000",NA,NA,60.489963,-150.860982,NA,"Field Msr/Obs",15,"cm",NA,NA,NA,NA,NA,1253728,"Cadmium","200.8","USEPA",NA,0,"ug/L","U","Sampled",NA,"Dissolved","Actual",NA,NA,"Water Bottle","Not Detected","Limit of Quantitation",0.5,"ug/L","Method Detection Level",0.375,"ug/L",NA,"SGS",1253728042,"2025-07-29","14:33:00",NA,NA,"Cold packs","Plastic Bottle","Opaque",NA,"N","AKDT"
"336",10000024,"Water","Surface Water","10000024-2025-07-23-Cr","2025-07-23","08:55:00.000000",NA,NA,60.489963,-150.860982,NA,"Field Msr/Obs",15,"cm",NA,NA,NA,NA,NA,1253728,"Chromium","200.8","USEPA",NA,0,"ug/L","U","Sampled",NA,"Dissolved","Actual",NA,NA,"Water Bottle","Not Detected","Limit of Quantitation",5,"ug/L","Method Detection Level",3.75,"ug/L",NA,"SGS",1253728042,"2025-07-29","14:33:00",NA,NA,"Cold packs","Plastic Bottle","Opaque",NA,"N","AKDT"
"337",10000024,"Water","Surface Water","10000024-2025-07-23-Cu","2025-07-23","08:55:00.000000",NA,NA,60.489963,-150.860982,NA,"Field Msr/Obs",15,"cm",NA,NA,NA,NA,NA,1253728,"Copper","200.8","USEPA",NA,0,"ug/L","U","Sampled",NA,"Dissolved","Actual",NA,NA,"Water Bottle","Not Detected","Limit of Quantitation",3,"ug/L","Method Detection Level",2.25,"ug/L",NA,"SGS",1253728042,"2025-07-29","14:33:00",NA,NA,"Cold packs","Plastic Bottle","Opaque",NA,"N","AKDT"
"338",10000024,"Water","Surface Water","10000024-2025-07-23-Pb","2025-07-23","08:55:00.000000",NA,NA,60.489963,-150.860982,NA,"Field Msr/Obs",15,"cm",NA,NA,NA,NA,NA,1253728,"Lead","200.8","USEPA",NA,0,"ug/L","U","Sampled",NA,"Dissolved","Actual",NA,NA,"Water Bottle","Not Detected","Limit of Quantitation",2,"ug/L","Method Detection Level",1.5,"ug/L",NA,"SGS",1253728042,"2025-07-29","14:33:00",NA,NA,"Cold packs","Plastic Bottle","Opaque",NA,"N","AKDT"
"339",10000025,"Water","Surface Water","10000025-2025-07-23-As","2025-07-23","10:30:00.000000",NA,NA,60.498284,-150.863121,NA,"Field Msr/Obs",15,"cm",NA,NA,NA,NA,NA,1253728,"Arsenic","200.8","USEPA",NA,0,"ug/L","U","Sampled",NA,"Dissolved","Actual",NA,NA,"Water Bottle","Not Detected","Limit of Quantitation",5,"ug/L","Method Detection Level",3.75,"ug/L",NA,"SGS",1253728043,"2025-07-29","14:36:00",NA,NA,"Cold packs","Plastic Bottle","Opaque",NA,"N","AKDT"
"340",10000025,"Water","Surface Water","10000025-2025-07-23-Cd","2025-07-23","10:30:00.000000",NA,NA,60.498284,-150.863121,NA,"Field Msr/Obs",15,"cm",NA,NA,NA,NA,NA,1253728,"Cadmium","200.8","USEPA",NA,0,"ug/L","U","Sampled",NA,"Dissolved","Actual",NA,NA,"Water Bottle","Not Detected","Limit of Quantitation",0.5,"ug/L","Method Detection Level",0.375,"ug/L",NA,"SGS",1253728043,"2025-07-29","14:36:00",NA,NA,"Cold packs","Plastic Bottle","Opaque",NA,"N","AKDT"
"341",10000025,"Water","Surface Water","10000025-2025-07-23-Cr","2025-07-23","10:30:00.000000",NA,NA,60.498284,-150.863121,NA,"Field Msr/Obs",15,"cm",NA,NA,NA,NA,NA,1253728,"Chromium","200.8","USEPA",NA,0,"ug/L","U","Sampled",NA,"Dissolved","Actual",NA,NA,"Water Bottle","Not Detected","Limit of Quantitation",5,"ug/L","Method Detection Level",3.75,"ug/L",NA,"SGS",1253728043,"2025-07-29","14:36:00",NA,NA,"Cold packs","Plastic Bottle","Opaque",NA,"N","AKDT"
"342",10000025,"Water","Surface Water","10000025-2025-07-23-Cu","2025-07-23","10:30:00.000000",NA,NA,60.498284,-150.863121,NA,"Field Msr/Obs",15,"cm",NA,NA,NA,NA,NA,1253728,"Copper","200.8","USEPA",NA,0,"ug/L","U","Sampled",NA,"Dissolved","Actual",NA,NA,"Water Bottle","Not Detected","Limit of Quantitation",3,"ug/L","Method Detection Level",2.25,"ug/L",NA,"SGS",1253728043,"2025-07-29","14:36:00",NA,NA,"Cold packs","Plastic Bottle","Opaque",NA,"N","AKDT"
"343",10000027,"Water","Surface Water","10000027-2025-07-23-Xylenes (total)","2025-07-23","07:50:00.000000",NA,NA,60.515441,-150.702069,NA,"Field Msr/Obs",15,"cm",NA,NA,NA,NA,NA,1253728,"Xylenes (total)","8260D","USEPA",NA,0,"ug/L","U","Sampled",NA,NA,"Actual",NA,NA,"Water Bottle","Not Detected","Limit of Quantitation",3,"ug/L","Method Detection Level",2.25,"ug/L",NA,"SGS",1253728017,"2025-07-25","00:32:00",NA,NA,"Cold packs",NA,NA,NA,"N","AKDT"
"344",10000028,"Water","Surface Water","10000028-2025-07-23-Toluene","2025-07-23","09:50:00.000000",NA,NA,60.489844,-150.636905,NA,"Field Msr/Obs",15,"cm",NA,NA,NA,NA,NA,1253728,"Toluene","8260D","USEPA",NA,0,"ug/L","U","Sampled",NA,NA,"Actual",NA,NA,"Water Bottle","Not Detected","Limit of Quantitation",1,"ug/L","Method Detection Level",0.75,"ug/L",NA,"SGS",1253728018,"2025-07-25","00:47:00",NA,NA,"Cold packs",NA,NA,NA,"N","AKDT"
"345",10000028,"Water","Surface Water","10000028-2025-07-23-Xylenes (total)","2025-07-23","09:50:00.000000",NA,NA,60.489844,-150.636905,NA,"Field Msr/Obs",15,"cm",NA,NA,NA,NA,NA,1253728,"Xylenes (total)","8260D","USEPA",NA,0,"ug/L","U","Sampled",NA,NA,"Actual",NA,NA,"Water Bottle","Not Detected","Limit of Quantitation",3,"ug/L","Method Detection Level",2.25,"ug/L",NA,"SGS",1253728018,"2025-07-25","00:47:00",NA,NA,"Cold packs",NA,NA,NA,"N","AKDT"
"346",10000030,"Water","Surface Water","10000030-2025-07-23-Fe","2025-07-23","08:55:00.000000",NA,NA,60.467517,-150.507789,NA,"Field Msr/Obs",15,"cm",NA,NA,NA,NA,NA,1253728,"Iron","200.8","USEPA",NA,0,"ug/L","U","Sampled",NA,"Unfiltered","Actual",NA,NA,"Water Bottle","Not Detected","Limit of Quantitation",250,"ug/L","Method Detection Level",188,"ug/L",NA,"SGS",1253728020,"2025-07-28","14:19:00",NA,NA,"Cold packs","Plastic Bottle","Opaque",NA,"N","AKDT"
"347",10000005,"Water","Surface Water","10000005-2025-07-23-Toluene","2025-07-23","09:07:00.000000",NA,NA,60.54081,-151.18278,NA,"Field Msr/Obs",15,"cm",NA,NA,NA,NA,NA,1253728,"Toluene","8260D","USEPA",NA,0,"ug/L","U","Sampled",NA,NA,"Actual",NA,NA,"Water Bottle","Not Detected","Limit of Quantitation",1,"ug/L","Method Detection Level",0.75,"ug/L",NA,"SGS",1253728003,"2025-07-25","00:17:00",NA,NA,"Cold packs",NA,NA,NA,"N","AKDT"
"348",10000005,"Water","Surface Water","10000005-2025-07-23-Xylenes (total)","2025-07-23","09:07:00.000000",NA,NA,60.54081,-151.18278,NA,"Field Msr/Obs",15,"cm",NA,NA,NA,NA,NA,1253728,"Xylenes (total)","8260D","USEPA",NA,0,"ug/L","U","Sampled",NA,NA,"Actual",NA,NA,"Water Bottle","Not Detected","Limit of Quantitation",3,"ug/L","Method Detection Level",2.25,"ug/L",NA,"SGS",1253728003,"2025-07-25","00:17:00",NA,NA,"Cold packs",NA,NA,NA,"N","AKDT"
"349",10000005,"Water","Surface Water","10000005-2025-07-23-Cr","2025-07-23","09:07:00.000000",NA,NA,60.54081,-151.18278,NA,"Field Msr/Obs",15,"cm",NA,NA,NA,NA,NA,1253728,"Chromium","200.8","USEPA",NA,0,"ug/L","U","Sampled",NA,"Dissolved","Actual",NA,NA,"Water Bottle","Not Detected","Limit of Quantitation",5,"ug/L","Method Detection Level",3.75,"ug/L",NA,"SGS",1253728031,"2025-07-29","13:43:00",NA,NA,"Cold packs","Plastic Bottle","Opaque",NA,"N","AKDT"
"350",10000005,"Water","Surface Water","10000005-2025-07-23-Cu","2025-07-23","09:07:00.000000",NA,NA,60.54081,-151.18278,NA,"Field Msr/Obs",15,"cm",NA,NA,NA,NA,NA,1253728,"Copper","200.8","USEPA",NA,0,"ug/L","U","Sampled",NA,"Dissolved","Actual",NA,NA,"Water Bottle","Not Detected","Limit of Quantitation",3,"ug/L","Method Detection Level",2.25,"ug/L",NA,"SGS",1253728031,"2025-07-29","13:43:00",NA,NA,"Cold packs","Plastic Bottle","Opaque",NA,"N","AKDT"
"351",10000005,"Water","Surface Water","10000005-2025-07-23-Pb","2025-07-23","09:07:00.000000",NA,NA,60.54081,-151.18278,NA,"Field Msr/Obs",15,"cm",NA,NA,NA,NA,NA,1253728,"Lead","200.8","USEPA",NA,0,"ug/L","U","Sampled",NA,"Dissolved","Actual",NA,NA,"Water Bottle","Not Detected","Limit of Quantitation",2,"ug/L","Method Detection Level",1.5,"ug/L",NA,"SGS",1253728031,"2025-07-29","13:43:00",NA,NA,"Cold packs","Plastic Bottle","Opaque",NA,"N","AKDT"
"352",10000005,"Water","Surface Water","10000005-2025-07-23-Zn","2025-07-23","09:07:00.000000",NA,NA,60.54081,-151.18278,NA,"Field Msr/Obs",15,"cm",NA,NA,NA,NA,NA,1253728,"Zinc","200.8","USEPA",NA,0,"ug/L","U","Sampled",NA,"Dissolved","Actual",NA,NA,"Water Bottle","Not Detected","Limit of Quantitation",10,"ug/L","Method Detection Level",7.5,"ug/L",NA,"SGS",1253728031,"2025-07-29","13:43:00",NA,NA,"Cold packs","Plastic Bottle","Opaque",NA,"N","AKDT"
"353",10000005,"Water","Surface Water","10000005-2025-07-23-Ca-NA","2025-07-23","09:07:00.000000",NA,NA,60.54081,-151.18278,NA,"Field Msr/Obs",15,"cm",NA,NA,NA,NA,NA,1253728,"Calcium","200.8","USEPA",NA,0,"ug/L","U","Sampled",NA,"Unfiltered","Actual",NA,NA,"Water Bottle","Not Detected","Limit of Quantitation",500,"ug/L","Method Detection Level",375,"ug/L",NA,"SGS",1253728025,"2025-07-28","14:43:00",NA,NA,"Cold packs","Plastic Bottle","Opaque",NA,"N","AKDT"
"354",10000005,"Water","Surface Water","10000005-2025-07-23-Cu-NA","2025-07-23","09:07:00.000000",NA,NA,60.54081,-151.18278,NA,"Field Msr/Obs",15,"cm",NA,NA,NA,NA,NA,1253728,"Copper","200.8","USEPA",NA,0,"ug/L","U","Sampled",NA,"Unfiltered","Actual",NA,NA,"Water Bottle","Not Detected","Limit of Quantitation",3,"ug/L","Method Detection Level",2.25,"ug/L",NA,"SGS",1253728025,"2025-07-28","14:43:00",NA,NA,"Cold packs","Plastic Bottle","Opaque",NA,"N","AKDT"
"355",10000005,"Water","Surface Water","10000005-2025-07-23-Cu-NA","2025-07-23","09:07:00.000000",NA,NA,60.54081,-151.18278,NA,"Field Msr/Obs",15,"cm",NA,NA,NA,NA,NA,1253728,"Copper","200.8","USEPA",NA,0,"ug/L","U","Sampled",NA,"Dissolved","Actual",NA,NA,"Water Bottle","Not Detected","Limit of Quantitation",3,"ug/L","Method Detection Level",2.25,"ug/L",NA,"SGS",1253728044,"2025-07-29","14:39:00",NA,NA,"Cold packs","Plastic Bottle","Opaque",NA,"N","AKDT"
"356",10000005,"Water","Surface Water","10000005-2025-07-23-Pb-NA","2025-07-23","09:07:00.000000",NA,NA,60.54081,-151.18278,NA,"Field Msr/Obs",15,"cm",NA,NA,NA,NA,NA,1253728,"Lead","200.8","USEPA",NA,0,"ug/L","U","Sampled",NA,"Dissolved","Actual",NA,NA,"Water Bottle","Not Detected","Limit of Quantitation",2,"ug/L","Method Detection Level",1.5,"ug/L",NA,"SGS",1253728044,"2025-07-29","14:39:00",NA,NA,"Cold packs","Plastic Bottle","Opaque",NA,"N","AKDT"
"357",10000005,"Water","Surface Water","10000005-2025-07-23-Zn-NA","2025-07-23","09:07:00.000000",NA,NA,60.54081,-151.18278,NA,"Field Msr/Obs",15,"cm",NA,NA,NA,NA,NA,1253728,"Zinc","200.8","USEPA",NA,0,"ug/L","U","Sampled",NA,"Dissolved","Actual",NA,NA,"Water Bottle","Not Detected","Limit of Quantitation",10,"ug/L","Method Detection Level",7.5,"ug/L",NA,"SGS",1253728044,"2025-07-29","14:39:00",NA,NA,"Cold packs","Plastic Bottle","Opaque",NA,"N","AKDT"
"358",10000031,"Water","Surface Water","10000031-2025-07-23-Fe","2025-07-23","10:55:00.000000",NA,NA,60.481392,-150.11502,NA,"Field Msr/Obs",15,"cm",NA,NA,NA,NA,NA,1253728,"Iron","200.8","USEPA",NA,0,"ug/L","U","Sampled",NA,"Unfiltered","Actual",NA,NA,"Water Bottle","Not Detected","Limit of Quantitation",250,"ug/L","Method Detection Level",188,"ug/L",NA,"SGS",1253728021,"2025-07-28","14:22:00",NA,NA,"Cold packs","Plastic Bottle","Opaque",NA,"N","AKDT"
"359",10000424,"Water","Surface Water","10000424-2025-07-23-Fe","2025-07-23","09:00:00.000000",NA,NA,60.489,-149.877,NA,"Field Msr/Obs",15,"cm",NA,NA,NA,NA,NA,1253728,"Iron","200.8","USEPA",NA,0,"ug/L","U","Sampled",NA,"Unfiltered","Actual",NA,NA,"Water Bottle","Not Detected","Limit of Quantitation",250,"ug/L","Method Detection Level",188,"ug/L",NA,"SGS",1253728024,"2025-07-28","14:40:00",NA,NA,"Cold packs","Plastic Bottle","Opaque",NA,"N","AKDT"
"360",10000027,"Water","Surface Water","10000027-2025-07-23-Benzene","2025-07-23","07:50:00.000000",NA,NA,60.515441,-150.702069,NA,"Field Msr/Obs",15,"cm",NA,NA,NA,NA,NA,1253728,"Benzene","8260D","USEPA",NA,0,"ug/L","U","Sampled",NA,NA,"Actual",NA,NA,"Water Bottle","Not Detected","Limit of Quantitation",0.4,"ug/L","Method Detection Level",0.3,"ug/L",NA,"SGS",1253728017,"2025-07-25","00:32:00",NA,NA,"Cold packs",NA,NA,NA,"N","AKDT"
"361",10000027,"Water","Surface Water","10000027-2025-07-23-Ethylbenzene","2025-07-23","07:50:00.000000",NA,NA,60.515441,-150.702069,NA,"Field Msr/Obs",15,"cm",NA,NA,NA,NA,NA,1253728,"Ethylbenzene","8260D","USEPA",NA,0,"ug/L","U","Sampled",NA,NA,"Actual",NA,NA,"Water Bottle","Not Detected","Limit of Quantitation",1,"ug/L","Method Detection Level",0.75,"ug/L",NA,"SGS",1253728017,"2025-07-25","00:32:00",NA,NA,"Cold packs",NA,NA,NA,"N","AKDT"
"362",10000027,"Water","Surface Water","10000027-2025-07-23-o-Xylene","2025-07-23","07:50:00.000000",NA,NA,60.515441,-150.702069,NA,"Field Msr/Obs",15,"cm",NA,NA,NA,NA,NA,1253728,"o-Xylene","8260D","USEPA",NA,0,"ug/L","U","Sampled",NA,NA,"Actual",NA,NA,"Water Bottle","Not Detected","Limit of Quantitation",1,"ug/L","Method Detection Level",0.75,"ug/L",NA,"SGS",1253728017,"2025-07-25","00:32:00",NA,NA,"Cold packs",NA,NA,NA,"N","AKDT"
"363",10000027,"Water","Surface Water","10000027-2025-07-23-P & M -Xylene","2025-07-23","07:50:00.000000",NA,NA,60.515441,-150.702069,NA,"Field Msr/Obs",15,"cm",NA,NA,NA,NA,NA,1253728,"P & M -Xylene","8260D","USEPA",NA,0,"ug/L","U","Sampled",NA,NA,"Actual",NA,NA,"Water Bottle","Not Detected","Limit of Quantitation",2,"ug/L","Method Detection Level",1.5,"ug/L",NA,"SGS",1253728017,"2025-07-25","00:32:00",NA,NA,"Cold packs",NA,NA,NA,"N","AKDT"
"364",10000027,"Water","Surface Water","10000027-2025-07-23-Toluene","2025-07-23","07:50:00.000000",NA,NA,60.515441,-150.702069,NA,"Field Msr/Obs",15,"cm",NA,NA,NA,NA,NA,1253728,"Toluene","8260D","USEPA",NA,0,"ug/L","U","Sampled",NA,NA,"Actual",NA,NA,"Water Bottle","Not Detected","Limit of Quantitation",1,"ug/L","Method Detection Level",0.75,"ug/L",NA,"SGS",1253728017,"2025-07-25","00:32:00",NA,NA,"Cold packs",NA,NA,NA,"N","AKDT"
"365",10000028,"Water","Surface Water","10000028-2025-07-23-Benzene","2025-07-23","09:50:00.000000",NA,NA,60.489844,-150.636905,NA,"Field Msr/Obs",15,"cm",NA,NA,NA,NA,NA,1253728,"Benzene","8260D","USEPA",NA,0,"ug/L","U","Sampled",NA,NA,"Actual",NA,NA,"Water Bottle","Not Detected","Limit of Quantitation",0.4,"ug/L","Method Detection Level",0.3,"ug/L",NA,"SGS",1253728018,"2025-07-25","00:47:00",NA,NA,"Cold packs",NA,NA,NA,"N","AKDT"
"366",10000028,"Water","Surface Water","10000028-2025-07-23-Ethylbenzene","2025-07-23","09:50:00.000000",NA,NA,60.489844,-150.636905,NA,"Field Msr/Obs",15,"cm",NA,NA,NA,NA,NA,1253728,"Ethylbenzene","8260D","USEPA",NA,0,"ug/L","U","Sampled",NA,NA,"Actual",NA,NA,"Water Bottle","Not Detected","Limit of Quantitation",1,"ug/L","Method Detection Level",0.75,"ug/L",NA,"SGS",1253728018,"2025-07-25","00:47:00",NA,NA,"Cold packs",NA,NA,NA,"N","AKDT"
"367",10000028,"Water","Surface Water","10000028-2025-07-23-o-Xylene","2025-07-23","09:50:00.000000",NA,NA,60.489844,-150.636905,NA,"Field Msr/Obs",15,"cm",NA,NA,NA,NA,NA,1253728,"o-Xylene","8260D","USEPA",NA,0,"ug/L","U","Sampled",NA,NA,"Actual",NA,NA,"Water Bottle","Not Detected","Limit of Quantitation",1,"ug/L","Method Detection Level",0.75,"ug/L",NA,"SGS",1253728018,"2025-07-25","00:47:00",NA,NA,"Cold packs",NA,NA,NA,"N","AKDT"
"368",10000028,"Water","Surface Water","10000028-2025-07-23-P & M -Xylene","2025-07-23","09:50:00.000000",NA,NA,60.489844,-150.636905,NA,"Field Msr/Obs",15,"cm",NA,NA,NA,NA,NA,1253728,"P & M -Xylene","8260D","USEPA",NA,0,"ug/L","U","Sampled",NA,NA,"Actual",NA,NA,"Water Bottle","Not Detected","Limit of Quantitation",2,"ug/L","Method Detection Level",1.5,"ug/L",NA,"SGS",1253728018,"2025-07-25","00:47:00",NA,NA,"Cold packs",NA,NA,NA,"N","AKDT"
"369",10000005,"Water","Surface Water","10000005-2025-07-23-Benzene","2025-07-23","09:07:00.000000",NA,NA,60.54081,-151.18278,NA,"Field Msr/Obs",15,"cm",NA,NA,NA,NA,NA,1253728,"Benzene","8260D","USEPA",NA,0,"ug/L","U","Sampled",NA,NA,"Actual",NA,NA,"Water Bottle","Not Detected","Limit of Quantitation",0.4,"ug/L","Method Detection Level",0.3,"ug/L",NA,"SGS",1253728003,"2025-07-25","00:17:00",NA,NA,"Cold packs",NA,NA,NA,"N","AKDT"
"370",10000005,"Water","Surface Water","10000005-2025-07-23-Ethylbenzene","2025-07-23","09:07:00.000000",NA,NA,60.54081,-151.18278,NA,"Field Msr/Obs",15,"cm",NA,NA,NA,NA,NA,1253728,"Ethylbenzene","8260D","USEPA",NA,0,"ug/L","U","Sampled",NA,NA,"Actual",NA,NA,"Water Bottle","Not Detected","Limit of Quantitation",1,"ug/L","Method Detection Level",0.75,"ug/L",NA,"SGS",1253728003,"2025-07-25","00:17:00",NA,NA,"Cold packs",NA,NA,NA,"N","AKDT"
"371",10000005,"Water","Surface Water","10000005-2025-07-23-o-Xylene","2025-07-23","09:07:00.000000",NA,NA,60.54081,-151.18278,NA,"Field Msr/Obs",15,"cm",NA,NA,NA,NA,NA,1253728,"o-Xylene","8260D","USEPA",NA,0,"ug/L","U","Sampled",NA,NA,"Actual",NA,NA,"Water Bottle","Not Detected","Limit of Quantitation",1,"ug/L","Method Detection Level",0.75,"ug/L",NA,"SGS",1253728003,"2025-07-25","00:17:00",NA,NA,"Cold packs",NA,NA,NA,"N","AKDT"
"372",10000005,"Water","Surface Water","10000005-2025-07-23-P & M -Xylene","2025-07-23","09:07:00.000000",NA,NA,60.54081,-151.18278,NA,"Field Msr/Obs",15,"cm",NA,NA,NA,NA,NA,1253728,"P & M -Xylene","8260D","USEPA",NA,0,"ug/L","U","Sampled",NA,NA,"Actual",NA,NA,"Water Bottle","Not Detected","Limit of Quantitation",2,"ug/L","Method Detection Level",1.5,"ug/L",NA,"SGS",1253728003,"2025-07-25","00:17:00",NA,NA,"Cold packs",NA,NA,NA,"N","AKDT"
"373",10000005,"Water","Surface Water","10000005-2025-07-23-As","2025-07-23","09:07:00.000000",NA,NA,60.54081,-151.18278,NA,"Field Msr/Obs",15,"cm",NA,NA,NA,NA,NA,1253728,"Arsenic","200.8","USEPA",NA,0,"ug/L","U","Sampled",NA,"Dissolved","Actual",NA,NA,"Water Bottle","Not Detected","Limit of Quantitation",5,"ug/L","Method Detection Level",3.75,"ug/L",NA,"SGS",1253728031,"2025-07-29","13:43:00",NA,NA,"Cold packs","Plastic Bottle","Opaque",NA,"N","AKDT"
"374",10000005,"Water","Surface Water","10000005-2025-07-23-Cd","2025-07-23","09:07:00.000000",NA,NA,60.54081,-151.18278,NA,"Field Msr/Obs",15,"cm",NA,NA,NA,NA,NA,1253728,"Cadmium","200.8","USEPA",NA,0,"ug/L","U","Sampled",NA,"Dissolved","Actual",NA,NA,"Water Bottle","Not Detected","Limit of Quantitation",0.5,"ug/L","Method Detection Level",0.375,"ug/L",NA,"SGS",1253728031,"2025-07-29","13:43:00",NA,NA,"Cold packs","Plastic Bottle","Opaque",NA,"N","AKDT"
"375",10000005,"Water","Surface Water","10000005-2025-07-23-Fe-NA","2025-07-23","09:07:00.000000",NA,NA,60.54081,-151.18278,NA,"Field Msr/Obs",15,"cm",NA,NA,NA,NA,NA,1253728,"Iron","200.8","USEPA",NA,0,"ug/L","U","Sampled",NA,"Unfiltered","Actual",NA,NA,"Water Bottle","Not Detected","Limit of Quantitation",250,"ug/L","Method Detection Level",188,"ug/L",NA,"SGS",1253728025,"2025-07-28","14:43:00",NA,NA,"Cold packs","Plastic Bottle","Opaque",NA,"N","AKDT"
"376",10000005,"Water","Surface Water","10000005-2025-07-23-Mg-NA","2025-07-23","09:07:00.000000",NA,NA,60.54081,-151.18278,NA,"Field Msr/Obs",15,"cm",NA,NA,NA,NA,NA,1253728,"Magnesium","200.8","USEPA",NA,0,"ug/L","U","Sampled",NA,"Unfiltered","Actual",NA,NA,"Water Bottle","Not Detected","Limit of Quantitation",50,"ug/L","Method Detection Level",37.5,"ug/L",NA,"SGS",1253728025,"2025-07-28","14:43:00",NA,NA,"Cold packs","Plastic Bottle","Opaque",NA,"N","AKDT"
"377",10000005,"Water","Surface Water","10000005-2025-07-23-Zn-NA","2025-07-23","09:07:00.000000",NA,NA,60.54081,-151.18278,NA,"Field Msr/Obs",15,"cm",NA,NA,NA,NA,NA,1253728,"Zinc","200.8","USEPA",NA,0,"ug/L","U","Sampled",NA,"Unfiltered","Actual",NA,NA,"Water Bottle","Not Detected","Limit of Quantitation",10,"ug/L","Method Detection Level",7.5,"ug/L",NA,"SGS",1253728025,"2025-07-28","14:43:00",NA,NA,"Cold packs","Plastic Bottle","Opaque",NA,"N","AKDT"
"378",10000005,"Water","Surface Water","10000005-2025-07-23-As-NA","2025-07-23","09:07:00.000000",NA,NA,60.54081,-151.18278,NA,"Field Msr/Obs",15,"cm",NA,NA,NA,NA,NA,1253728,"Arsenic","200.8","USEPA",NA,0,"ug/L","U","Sampled",NA,"Dissolved","Actual",NA,NA,"Water Bottle","Not Detected","Limit of Quantitation",5,"ug/L","Method Detection Level",3.75,"ug/L",NA,"SGS",1253728044,"2025-07-29","14:39:00",NA,NA,"Cold packs","Plastic Bottle","Opaque",NA,"N","AKDT"
"379",10000005,"Water","Surface Water","10000005-2025-07-23-Cd-NA","2025-07-23","09:07:00.000000",NA,NA,60.54081,-151.18278,NA,"Field Msr/Obs",15,"cm",NA,NA,NA,NA,NA,1253728,"Cadmium","200.8","USEPA",NA,0,"ug/L","U","Sampled",NA,"Dissolved","Actual",NA,NA,"Water Bottle","Not Detected","Limit of Quantitation",0.5,"ug/L","Method Detection Level",0.375,"ug/L",NA,"SGS",1253728044,"2025-07-29","14:39:00",NA,NA,"Cold packs","Plastic Bottle","Opaque",NA,"N","AKDT"
"380",10000005,"Water","Surface Water","10000005-2025-07-23-Cr-NA","2025-07-23","09:07:00.000000",NA,NA,60.54081,-151.18278,NA,"Field Msr/Obs",15,"cm",NA,NA,NA,NA,NA,1253728,"Chromium","200.8","USEPA",NA,0,"ug/L","U","Sampled",NA,"Dissolved","Actual",NA,NA,"Water Bottle","Not Detected","Limit of Quantitation",5,"ug/L","Method Detection Level",3.75,"ug/L",NA,"SGS",1253728044,"2025-07-29","14:39:00",NA,NA,"Cold packs","Plastic Bottle","Opaque",NA,"N","AKDT"
"381",10000032,"Water","Surface Water","10000032-2025-07-23-Fe","2025-07-23","10:05:00.000000",NA,NA,60.484622,-149.993955,NA,"Field Msr/Obs",15,"cm",NA,NA,NA,NA,NA,1253728,"Iron","200.8","USEPA",NA,0,"ug/L","U","Sampled",NA,"Unfiltered","Actual",NA,NA,"Water Bottle","Not Detected","Limit of Quantitation",250,"ug/L","Method Detection Level",188,"ug/L",NA,"SGS",1253728022,"2025-07-28","14:25:00",NA,NA,"Cold packs","Plastic Bottle","Opaque",NA,"N","AKDT"
"382",10000425,"Water","Surface Water","10000425-2025-07-23-Fe","2025-07-23","08:15:00.000000",NA,NA,60.492007,-149.810844,NA,"Field Msr/Obs",15,"cm",NA,NA,NA,NA,NA,1253728,"Iron","200.8","USEPA",NA,0,"ug/L","U","Sampled",NA,"Unfiltered","Actual",NA,NA,"Water Bottle","Not Detected","Limit of Quantitation",250,"ug/L","Method Detection Level",188,"ug/L",NA,"SGS",1253728023,"2025-07-28","14:37:00",NA,NA,"Cold packs","Plastic Bottle","Opaque",NA,"N","AKDT"
"383",10000018,"Water","Surface Water","10000018-2025-07-23-Total P","2025-07-23","10:57:00.000000",NA,NA,60.502005,-151.106973,NA,"Field Msr/Obs",15,"cm",NA,NA,NA,NA,NA,1253728,"Total Phosphorus","4500-P-E","APHA",NA,0,"mg/L","U","Sampled",NA,"Total","Actual",NA,NA,"Water Bottle","Not Detected","Limit of Quantitation",0.04,"mg/L","Method Detection Level",0.03,"mg/L",NA,"SGS",1253728008,"2025-07-30","13:32:00",NA,NA,"Cold packs","Plastic Bottle","Opaque","H2SO4","N","AKDT"
"384",10000016,"Water","Surface Water","10000016-2025-07-23-Total P","2025-07-23","10:05:00.000000",NA,NA,60.539279,-151.142263,NA,"Field Msr/Obs",15,"cm",NA,NA,NA,NA,NA,1253728,"Total Phosphorus","4500-P-E","APHA",NA,0,"mg/L","U","Sampled",NA,"Total","Actual",NA,NA,"Water Bottle","Not Detected","Limit of Quantitation",0.04,"mg/L","Method Detection Level",0.03,"mg/L",NA,"SGS",1253728006,"2025-07-30","13:30:00",NA,NA,"Cold packs","Plastic Bottle","Opaque","H2SO4","N","AKDT"
"385",10000021,"Water","Surface Water","10000021-2025-07-23-Total P","2025-07-23","09:42:00.000000",NA,NA,60.476634,-151.082099,NA,"Field Msr/Obs",15,"cm",NA,NA,NA,NA,NA,1253728,"Total Phosphorus","4500-P-E","APHA",NA,0,"mg/L","U","Sampled",NA,"Total","Actual",NA,NA,"Water Bottle","Not Detected","Limit of Quantitation",0.04,"mg/L","Method Detection Level",0.03,"mg/L",NA,"SGS",1253728010,"2025-07-30","13:34:00",NA,NA,"Cold packs","Plastic Bottle","Opaque","H2SO4","N","AKDT"
"386",10000023,"Water","Surface Water","10000023-2025-07-23-Total P","2025-07-23","09:00:00.000000",NA,NA,60.480338,-151.030847,NA,"Field Msr/Obs",15,"cm",NA,NA,NA,NA,NA,1253728,"Total Phosphorus","4500-P-E","APHA",NA,0,"mg/L","U","Sampled",NA,"Total","Actual",NA,NA,"Water Bottle","Not Detected","Limit of Quantitation",0.04,"mg/L","Method Detection Level",0.03,"mg/L",NA,"SGS",1253728012,"2025-07-30","13:41:00",NA,NA,"Cold packs","Plastic Bottle","Opaque","H2SO4","N","AKDT"
"387",10000023,"Water","Surface Water","10000023-2025-07-23-Total P-DUP","2025-07-23","09:13:00.000000",NA,NA,60.480338,-151.030847,NA,"Quality Control Field Replicate Msr/Obs",15,"cm",NA,NA,NA,NA,NA,1253728,"Total Phosphorus","4500-P-E","APHA",NA,0,"mg/L","U","Sampled",NA,"Total","Actual",NA,NA,"Water Bottle","Not Detected","Limit of Quantitation",0.04,"mg/L","Method Detection Level",0.03,"mg/L",NA,"SGS",1253728013,"2025-07-30","13:44:00",NA,NA,"Cold packs","Plastic Bottle","Opaque","H2SO4","N","AKDT"
"388",10000025,"Water","Surface Water","10000025-2025-07-23-Total P","2025-07-23","10:30:00.000000",NA,NA,60.498284,-150.863121,NA,"Field Msr/Obs",15,"cm",NA,NA,NA,NA,NA,1253728,"Total Phosphorus","4500-P-E","APHA",NA,0,"mg/L","U","Sampled",NA,"Total","Actual",NA,NA,"Water Bottle","Not Detected","Limit of Quantitation",0.04,"mg/L","Method Detection Level",0.03,"mg/L",NA,"SGS",1253728015,"2025-07-30","13:46:00",NA,NA,"Cold packs","Plastic Bottle","Opaque","H2SO4","N","AKDT"
"389",10000027,"Water","Surface Water","10000027-2025-07-23-Total P","2025-07-23","07:50:00.000000",NA,NA,60.515441,-150.702069,NA,"Field Msr/Obs",15,"cm",NA,NA,NA,NA,NA,1253728,"Total Phosphorus","4500-P-E","APHA",NA,0,"mg/L","U","Sampled",NA,"Total","Actual",NA,NA,"Water Bottle","Not Detected","Limit of Quantitation",0.04,"mg/L","Method Detection Level",0.03,"mg/L",NA,"SGS",1253728017,"2025-07-30","13:48:00",NA,NA,"Cold packs","Plastic Bottle","Opaque","H2SO4","N","AKDT"
"390",10000029,"Water","Surface Water","10000029-2025-07-23-Total P","2025-07-23","09:30:00.000000",NA,NA,60.481518,-150.632498,NA,"Field Msr/Obs",15,"cm",NA,NA,NA,NA,NA,1253728,"Total Phosphorus","4500-P-E","APHA",NA,0,"mg/L","U","Sampled",NA,"Total","Actual",NA,NA,"Water Bottle","Not Detected","Limit of Quantitation",0.04,"mg/L","Method Detection Level",0.03,"mg/L",NA,"SGS",1253728019,"2025-07-30","13:50:00",NA,NA,"Cold packs","Plastic Bottle","Opaque","H2SO4","N","AKDT"
"391",10000030,"Water","Surface Water","10000030-2025-07-23-Total P","2025-07-23","08:55:00.000000",NA,NA,60.467517,-150.507789,NA,"Field Msr/Obs",15,"cm",NA,NA,NA,NA,NA,1253728,"Total Phosphorus","4500-P-E","APHA",NA,0,"mg/L","U","Sampled",NA,"Total","Actual",NA,NA,"Water Bottle","Not Detected","Limit of Quantitation",0.04,"mg/L","Method Detection Level",0.03,"mg/L",NA,"SGS",1253728020,"2025-07-30","13:52:00",NA,NA,"Cold packs","Plastic Bottle","Opaque","H2SO4","N","AKDT"
"392",10000424,"Water","Surface Water","10000424-2025-07-23-Total P","2025-07-23","09:00:00.000000",NA,NA,60.489,-149.877,NA,"Field Msr/Obs",15,"cm",NA,NA,NA,NA,NA,1253728,"Total Phosphorus","4500-P-E","APHA",NA,0,"mg/L","U","Sampled",NA,"Total","Actual",NA,NA,"Water Bottle","Not Detected","Limit of Quantitation",0.04,"mg/L","Method Detection Level",0.03,"mg/L",NA,"SGS",1253728024,"2025-07-30","13:56:00",NA,NA,"Cold packs","Plastic Bottle","Opaque","H2SO4","N","AKDT"
"393",10000028,"Water","Surface Water","10000028-2025-07-23-Total P","2025-07-23","09:50:00.000000",NA,NA,60.489844,-150.636905,NA,"Field Msr/Obs",15,"cm",NA,NA,NA,NA,NA,1253728,"Total Phosphorus","4500-P-E","APHA",NA,0,"mg/L","U","Sampled",NA,"Total","Actual",NA,NA,"Water Bottle","Not Detected","Limit of Quantitation",0.04,"mg/L","Method Detection Level",0.03,"mg/L",NA,"SGS",1253728018,"2025-07-30","13:49:00",NA,NA,"Cold packs","Plastic Bottle","Opaque","H2SO4","N","AKDT"
"394",10000031,"Water","Surface Water","10000031-2025-07-23-Total P","2025-07-23","10:55:00.000000",NA,NA,60.481392,-150.11502,NA,"Field Msr/Obs",15,"cm",NA,NA,NA,NA,NA,1253728,"Total Phosphorus","4500-P-E","APHA",NA,0,"mg/L","U","Sampled",NA,"Total","Actual",NA,NA,"Water Bottle","Not Detected","Limit of Quantitation",0.04,"mg/L","Method Detection Level",0.03,"mg/L",NA,"SGS",1253728021,"2025-07-30","13:53:00",NA,NA,"Cold packs","Plastic Bottle","Opaque","H2SO4","N","AKDT"
"395",10000032,"Water","Surface Water","10000032-2025-07-23-Total P","2025-07-23","10:05:00.000000",NA,NA,60.484622,-149.993955,NA,"Field Msr/Obs",15,"cm",NA,NA,NA,NA,NA,1253728,"Total Phosphorus","4500-P-E","APHA",NA,0,"mg/L","U","Sampled",NA,"Total","Actual",NA,NA,"Water Bottle","Not Detected","Limit of Quantitation",0.04,"mg/L","Method Detection Level",0.03,"mg/L",NA,"SGS",1253728022,"2025-07-30","13:54:00",NA,NA,"Cold packs","Plastic Bottle","Opaque","H2SO4","N","AKDT"
"396",10000425,"Water","Surface Water","10000425-2025-07-23-Total P","2025-07-23","08:15:00.000000",NA,NA,60.492007,-149.810844,NA,"Field Msr/Obs",15,"cm",NA,NA,NA,NA,NA,1253728,"Total Phosphorus","4500-P-E","APHA",NA,0,"mg/L","U","Sampled",NA,"Total","Actual",NA,NA,"Water Bottle","Not Detected","Limit of Quantitation",0.04,"mg/L","Method Detection Level",0.03,"mg/L",NA,"SGS",1253728023,"2025-07-30","13:55:00",NA,NA,"Cold packs","Plastic Bottle","Opaque","H2SO4","N","AKDT"
"397",10000008,"Water","Surface Water","10000008-2025-07-23-Total P","2025-07-23","10:57:00.000000",NA,NA,60.550888,-151.268417,NA,"Field Msr/Obs",15,"cm",NA,NA,NA,NA,NA,1253728,"Total Phosphorus","4500-P-E","APHA",NA,0.0156,"mg/L","J","Sampled",NA,"Total","Actual",NA,NA,"Water Bottle","Present Below Quantification Limit","Limit of Quantitation",0.04,"mg/L","Method Detection Level",0.03,"mg/L",NA,"SGS",1253728001,"2025-07-30","13:23:00",NA,NA,"Cold packs","Plastic Bottle","Opaque","H2SO4","N","AKDT"
"398",10000008,"Water","Surface Water","10000008-2025-07-23-As","2025-07-23","10:57:00.000000",NA,NA,60.550888,-151.268417,NA,"Field Msr/Obs",15,"cm",NA,NA,NA,NA,NA,1253728,"Arsenic","200.8","USEPA",NA,1.5,"ug/L","J","Sampled",NA,"Dissolved","Actual",NA,NA,"Water Bottle","Present Below Quantification Limit","Limit of Quantitation",5,"ug/L","Method Detection Level",3.75,"ug/L",NA,"SGS",1253728029,"2025-07-29","13:31:00",NA,NA,"Cold packs","Plastic Bottle","Opaque",NA,"N","AKDT"
"399",10000015,"Water","Surface Water","10000015-2025-07-23-Pb","2025-07-23","09:28:00.000000",NA,NA,60.548029,-151.14324,NA,"Field Msr/Obs",15,"cm",NA,NA,NA,NA,NA,1253728,"Lead","200.8","USEPA",NA,7.36,"ug/L","=","Sampled",NA,"Dissolved","Actual",NA,NA,"Water Bottle",NA,"Limit of Quantitation",2,"ug/L","Method Detection Level",1.5,"ug/L",NA,"SGS",1253728032,"2025-07-29","13:46:00",NA,NA,"Cold packs","Plastic Bottle","Opaque",NA,"N","AKDT"
"400",10000015,"Water","Surface Water","10000015-2025-07-23-As-DUP","2025-07-23","09:40:00.000000",NA,NA,60.548029,-151.14324,NA,"Quality Control Field Replicate Msr/Obs",15,"cm",NA,NA,NA,NA,NA,1253728,"Arsenic","200.8","USEPA",NA,6,"ug/L","=","Sampled",NA,"Dissolved","Actual",NA,NA,"Water Bottle",NA,"Limit of Quantitation",5,"ug/L","Method Detection Level",3.75,"ug/L",NA,"SGS",1253728033,"2025-07-29","13:57:00",NA,NA,"Cold packs","Plastic Bottle","Opaque",NA,"N","AKDT"
"401",10000020,"Water","Surface Water","10000020-2025-07-23-Total P","2025-07-23","10:11:00.000000",NA,NA,60.48175453,-151.1306816,NA,"Field Msr/Obs",15,"cm",NA,NA,NA,NA,NA,1253728,"Total Phosphorus","4500-P-E","APHA",NA,0.0251,"mg/L","J","Sampled",NA,"Total","Actual",NA,NA,"Water Bottle","Present Below Quantification Limit","Limit of Quantitation",0.04,"mg/L","Method Detection Level",0.03,"mg/L",NA,"SGS",1253728009,"2025-07-30","13:33:00",NA,NA,"Cold packs","Plastic Bottle","Opaque","H2SO4","N","AKDT"
"402",10000020,"Water","Surface Water","10000020-2025-07-23-As","2025-07-23","10:11:00.000000",NA,NA,60.48175453,-151.1306816,NA,"Field Msr/Obs",15,"cm",NA,NA,NA,NA,NA,1253728,"Arsenic","200.8","USEPA",NA,3.84,"ug/L","J","Sampled",NA,"Dissolved","Actual",NA,NA,"Water Bottle","Present Below Quantification Limit","Limit of Quantitation",5,"ug/L","Method Detection Level",3.75,"ug/L",NA,"SGS",1253728037,"2025-07-29","14:09:00",NA,NA,"Cold packs","Plastic Bottle","Opaque",NA,"N","AKDT"
"403",10000002,"Water","Surface Water","10000002-2025-07-23-Total P","2025-07-23","10:00:00.000000",NA,NA,60.54368,-151.22294,NA,"Field Msr/Obs",15,"cm",NA,NA,NA,NA,NA,1253728,"Total Phosphorus","4500-P-E","APHA",NA,0.662,"mg/L","=","Sampled",NA,"Total","Actual",NA,NA,"Water Bottle",NA,"Limit of Quantitation",0.4,"mg/L","Method Detection Level",0.3,"mg/L",NA,"SGS",1253728002,"2025-08-07","16:07:00",NA,NA,"Cold packs","Plastic Bottle","Opaque","H2SO4","N","AKDT"
"404",10000002,"Water","Surface Water","10000002-2025-07-23-As","2025-07-23","10:00:00.000000",NA,NA,60.54368,-151.22294,NA,"Field Msr/Obs",15,"cm",NA,NA,NA,NA,NA,1253728,"Arsenic","200.8","USEPA",NA,1.68,"ug/L","J","Sampled",NA,"Dissolved","Actual",NA,NA,"Water Bottle","Present Below Quantification Limit","Limit of Quantitation",5,"ug/L","Method Detection Level",3.75,"ug/L",NA,"SGS",1253728030,"2025-07-29","13:37:00",NA,NA,"Cold packs","Plastic Bottle","Opaque",NA,"N","AKDT"
"405",10000015,"Water","Surface Water","10000015-2025-07-23-Total P","2025-07-23","09:28:00.000000",NA,NA,60.548029,-151.14324,NA,"Field Msr/Obs",15,"cm",NA,NA,NA,NA,NA,1253728,"Total Phosphorus","4500-P-E","APHA",NA,0.0656,"mg/L","=","Sampled",NA,"Total","Actual",NA,NA,"Water Bottle",NA,"Limit of Quantitation",0.04,"mg/L","Method Detection Level",0.03,"mg/L",NA,"SGS",1253728004,"2025-07-30","13:26:00",NA,NA,"Cold packs","Plastic Bottle","Opaque","H2SO4","N","AKDT"
"406",10000015,"Water","Surface Water","10000015-2025-07-23-As","2025-07-23","09:28:00.000000",NA,NA,60.548029,-151.14324,NA,"Field Msr/Obs",15,"cm",NA,NA,NA,NA,NA,1253728,"Arsenic","200.8","USEPA",NA,6.35,"ug/L","=","Sampled",NA,"Dissolved","Actual",NA,NA,"Water Bottle",NA,"Limit of Quantitation",5,"ug/L","Method Detection Level",3.75,"ug/L",NA,"SGS",1253728032,"2025-07-29","13:46:00",NA,NA,"Cold packs","Plastic Bottle","Opaque",NA,"N","AKDT"
"407",10000015,"Water","Surface Water","10000015-2025-07-23-Total P-DUP","2025-07-23","09:40:00.000000",NA,NA,60.548029,-151.14324,NA,"Quality Control Field Replicate Msr/Obs",15,"cm",NA,NA,NA,NA,NA,1253728,"Total Phosphorus","4500-P-E","APHA",NA,0.0643,"mg/L","=","Sampled",NA,"Total","Actual",NA,NA,"Water Bottle",NA,"Limit of Quantitation",0.04,"mg/L","Method Detection Level",0.03,"mg/L",NA,"SGS",1253728005,"2025-07-30","13:29:00",NA,NA,"Cold packs","Plastic Bottle","Opaque","H2SO4","N","AKDT"
"408",10000017,"Water","Surface Water","10000017-2025-07-23-Total P","2025-07-23","10:25:00.000000",NA,NA,60.533743,-151.099258,NA,"Field Msr/Obs",15,"cm",NA,NA,NA,NA,NA,1253728,"Total Phosphorus","4500-P-E","APHA",NA,0.0478,"mg/L","=","Sampled",NA,"Total","Actual",NA,NA,"Water Bottle",NA,"Limit of Quantitation",0.04,"mg/L","Method Detection Level",0.03,"mg/L",NA,"SGS",1253728007,"2025-07-30","13:31:00",NA,NA,"Cold packs","Plastic Bottle","Opaque","H2SO4","N","AKDT"
"409",10000020,"Water","Surface Water","10000020-2025-07-23-Zn","2025-07-23","10:11:00.000000",NA,NA,60.48175453,-151.1306816,NA,"Field Msr/Obs",15,"cm",NA,NA,NA,NA,NA,1253728,"Zinc","200.8","USEPA",NA,17.1,"ug/L","=","Sampled",NA,"Dissolved","Actual",NA,NA,"Water Bottle",NA,"Limit of Quantitation",10,"ug/L","Method Detection Level",7.5,"ug/L",NA,"SGS",1253728037,"2025-07-29","14:09:00",NA,NA,"Cold packs","Plastic Bottle","Opaque",NA,"N","AKDT"
"410",10000022,"Water","Surface Water","10000022-2025-07-23-Total P","2025-07-23","08:17:00.000000",NA,NA,60.483364,-151.057656,NA,"Field Msr/Obs",15,"cm",NA,NA,NA,NA,NA,1253728,"Total Phosphorus","4500-P-E","APHA",NA,0.0682,"mg/L","=","Sampled",NA,"Total","Actual",NA,NA,"Water Bottle",NA,"Limit of Quantitation",0.04,"mg/L","Method Detection Level",0.03,"mg/L",NA,"SGS",1253728011,"2025-07-30","13:35:00",NA,NA,"Cold packs","Plastic Bottle","Opaque","H2SO4","N","AKDT"
"411",10000022,"Water","Surface Water","10000022-2025-07-23-As","2025-07-23","08:17:00.000000",NA,NA,60.483364,-151.057656,NA,"Field Msr/Obs",15,"cm",NA,NA,NA,NA,NA,1253728,"Arsenic","200.8","USEPA",NA,7.57,"ug/L","=","Sampled",NA,"Dissolved","Actual",NA,NA,"Water Bottle",NA,"Limit of Quantitation",5,"ug/L","Method Detection Level",3.75,"ug/L",NA,"SGS",1253728039,"2025-07-29","14:15:00",NA,NA,"Cold packs","Plastic Bottle","Opaque",NA,"N","AKDT"
"412",10000022,"Water","Surface Water","10000022-2025-07-23-Zn-NA","2025-07-23","08:17:00.000000",NA,NA,60.483364,-151.057656,NA,"Field Msr/Obs",15,"cm",NA,NA,NA,NA,NA,1253728,"Zinc","200.8","USEPA",NA,3.61,"ug/L","J","Sampled",NA,"Dissolved","Actual",NA,NA,"Water Bottle","Present Below Quantification Limit","Limit of Quantitation",10,"ug/L","Method Detection Level",7.5,"ug/L",NA,"SGS",1253728045,"2025-07-29","14:42:00",NA,NA,"Cold packs","Plastic Bottle","Opaque",NA,"N","AKDT"
"413",10000024,"Water","Surface Water","10000024-2025-07-23-Total P","2025-07-23","08:55:00.000000",NA,NA,60.489963,-150.860982,NA,"Field Msr/Obs",15,"cm",NA,NA,NA,NA,NA,1253728,"Total Phosphorus","4500-P-E","APHA",NA,0.02,"mg/L","J","Sampled",NA,"Total","Actual",NA,NA,"Water Bottle","Present Below Quantification Limit","Limit of Quantitation",0.04,"mg/L","Method Detection Level",0.03,"mg/L",NA,"SGS",1253728014,"2025-07-30","13:45:00",NA,NA,"Cold packs","Plastic Bottle","Opaque","H2SO4","N","AKDT"
"414",10000024,"Water","Surface Water","10000024-2025-07-23-As","2025-07-23","08:55:00.000000",NA,NA,60.489963,-150.860982,NA,"Field Msr/Obs",15,"cm",NA,NA,NA,NA,NA,1253728,"Arsenic","200.8","USEPA",NA,2.3,"ug/L","J","Sampled",NA,"Dissolved","Actual",NA,NA,"Water Bottle","Present Below Quantification Limit","Limit of Quantitation",5,"ug/L","Method Detection Level",3.75,"ug/L",NA,"SGS",1253728042,"2025-07-29","14:33:00",NA,NA,"Cold packs","Plastic Bottle","Opaque",NA,"N","AKDT"
"415",10000026,"Water","Surface Water","10000026-2025-07-23-Total P","2025-07-23","09:50:00.000000",NA,NA,60.53687,-150.754724,NA,"Field Msr/Obs",15,"cm",NA,NA,NA,NA,NA,1253728,"Total Phosphorus","4500-P-E","APHA",NA,0.0219,"mg/L","J","Sampled",NA,"Total","Actual",NA,NA,"Water Bottle","Present Below Quantification Limit","Limit of Quantitation",0.04,"mg/L","Method Detection Level",0.03,"mg/L",NA,"SGS",1253728016,"2025-07-30","13:47:00",NA,NA,"Cold packs","Plastic Bottle","Opaque","H2SO4","N","AKDT"
"416",10000005,"Water","Surface Water","10000005-2025-07-23-Total P","2025-07-23","09:07:00.000000",NA,NA,60.54081,-151.18278,NA,"Field Msr/Obs",15,"cm",NA,NA,NA,NA,NA,1253728,"Total Phosphorus","4500-P-E","APHA",NA,0.0287,"mg/L","J","Sampled",NA,"Total","Actual",NA,NA,"Water Bottle","Present Below Quantification Limit","Limit of Quantitation",0.04,"mg/L","Method Detection Level",0.03,"mg/L",NA,"SGS",1253728003,"2025-07-30","13:25:00",NA,NA,"Cold packs","Plastic Bottle","Opaque","H2SO4","N","AKDT"
"417",10000008,"Water","Surface Water","10000008-2025-07-23-Zn","2025-07-23","10:57:00.000000",NA,NA,60.550888,-151.268417,NA,"Field Msr/Obs",15,"cm",NA,NA,NA,NA,NA,1253728,"Zinc","200.8","USEPA",NA,5.19,"ug/L","J","Sampled",NA,"Unfiltered","Actual",NA,NA,"Water Bottle","Present Below Quantification Limit","Limit of Quantitation",10,"ug/L","Method Detection Level",7.5,"ug/L",NA,"SGS",1253728001,"2025-07-28","11:16:00",NA,NA,"Cold packs","Plastic Bottle","Opaque",NA,"N","AKDT"
"418",10000008,"Water","Surface Water","10000008-2025-07-23-Total Nitrate/Nitrite-N","2025-07-23","10:57:00.000000",NA,NA,60.550888,-151.268417,NA,"Field Msr/Obs",15,"cm",NA,NA,NA,NA,NA,1253728,"Total Nitrate/Nitrite-N","4500-NO3(F)","APHA",NA,0.198,"mg/L","J","Sampled",NA,"Total","Actual",NA,NA,"Water Bottle","Present Below Quantification Limit","Limit of Quantitation",0.2,"mg/L","Method Detection Level",0.15,"mg/L",NA,"SGS",1253728001,"2025-07-28","10:34:00",NA,NA,"Cold packs","Plastic Bottle","Opaque","H2SO4","N","AKDT"
"419",10000008,"Water","Surface Water","10000008-2025-07-23-Cu","2025-07-23","10:57:00.000000",NA,NA,60.550888,-151.268417,NA,"Field Msr/Obs",15,"cm",NA,NA,NA,NA,NA,1253728,"Copper","200.8","USEPA",NA,1.25,"ug/L","J","Sampled",NA,"Unfiltered","Actual",NA,NA,"Water Bottle","Present Below Quantification Limit","Limit of Quantitation",3,"ug/L","Method Detection Level",2.25,"ug/L",NA,"SGS",1253728001,"2025-07-28","11:16:00",NA,NA,"Cold packs","Plastic Bottle","Opaque",NA,"N","AKDT"
"420",10000016,"Water","Surface Water","10000016-2025-07-23-Zn","2025-07-23","10:05:00.000000",NA,NA,60.539279,-151.142263,NA,"Field Msr/Obs",15,"cm",NA,NA,NA,NA,NA,1253728,"Zinc","200.8","USEPA",NA,3.85,"ug/L","J","Sampled",NA,"Unfiltered","Actual",NA,NA,"Water Bottle","Present Below Quantification Limit","Limit of Quantitation",10,"ug/L","Method Detection Level",7.5,"ug/L",NA,"SGS",1253728006,"2025-07-28","11:40:00",NA,NA,"Cold packs","Plastic Bottle","Opaque",NA,"N","AKDT"
"421",10000015,"Water","Surface Water","10000015-2025-07-23-Total Nitrate/Nitrite-N","2025-07-23","09:28:00.000000",NA,NA,60.548029,-151.14324,NA,"Field Msr/Obs",15,"cm",NA,NA,NA,NA,NA,1253728,"Total Nitrate/Nitrite-N","4500-NO3(F)","APHA",NA,0.0532,"mg/L","J","Sampled",NA,"Total","Actual",NA,NA,"Water Bottle","Present Below Quantification Limit","Limit of Quantitation",0.2,"mg/L","Method Detection Level",0.15,"mg/L",NA,"SGS",1253728004,"2025-07-28","13:10:00",NA,NA,"Cold packs","Plastic Bottle","Opaque","H2SO4","N","AKDT"
"422",10000015,"Water","Surface Water","10000015-2025-07-23-Zn-DUP","2025-07-23","09:40:00.000000",NA,NA,60.548029,-151.14324,NA,"Quality Control Field Replicate Msr/Obs",15,"cm",NA,NA,NA,NA,NA,1253728,"Zinc","200.8","USEPA",NA,5.94,"ug/L","J","Sampled",NA,"Unfiltered","Actual",NA,NA,"Water Bottle","Present Below Quantification Limit","Limit of Quantitation",10,"ug/L","Method Detection Level",7.5,"ug/L",NA,"SGS",1253728005,"2025-07-28","11:37:00",NA,NA,"Cold packs","Plastic Bottle","Opaque",NA,"N","AKDT"
"423",10000015,"Water","Surface Water","10000015-2025-07-23-Total Nitrate/Nitrite-N-DUP","2025-07-23","09:40:00.000000",NA,NA,60.548029,-151.14324,NA,"Quality Control Field Replicate Msr/Obs",15,"cm",NA,NA,NA,NA,NA,1253728,"Total Nitrate/Nitrite-N","4500-NO3(F)","APHA",NA,0.088,"mg/L","J","Sampled",NA,"Total","Actual",NA,NA,"Water Bottle","Present Below Quantification Limit","Limit of Quantitation",0.2,"mg/L","Method Detection Level",0.15,"mg/L",NA,"SGS",1253728005,"2025-07-28","13:15:00",NA,NA,"Cold packs","Plastic Bottle","Opaque","H2SO4","N","AKDT"
"424",10000017,"Water","Surface Water","10000017-2025-07-23-Fe","2025-07-23","10:25:00.000000",NA,NA,60.533743,-151.099258,NA,"Field Msr/Obs",15,"cm",NA,NA,NA,NA,NA,1253728,"Iron","200.8","USEPA",NA,227,"ug/L","J","Sampled",NA,"Unfiltered","Actual",NA,NA,"Water Bottle","Present Below Quantification Limit","Limit of Quantitation",250,"ug/L","Method Detection Level",188,"ug/L",NA,"SGS",1253728007,"2025-07-28","11:43:00",NA,NA,"Cold packs","Plastic Bottle","Opaque",NA,"N","AKDT"
"425",10000018,"Water","Surface Water","10000018-2025-07-23-Fe","2025-07-23","10:57:00.000000",NA,NA,60.502005,-151.106973,NA,"Field Msr/Obs",15,"cm",NA,NA,NA,NA,NA,1253728,"Iron","200.8","USEPA",NA,237,"ug/L","J","Sampled",NA,"Unfiltered","Actual",NA,NA,"Water Bottle","Present Below Quantification Limit","Limit of Quantitation",250,"ug/L","Method Detection Level",188,"ug/L",NA,"SGS",1253728008,"2025-07-28","11:46:00",NA,NA,"Cold packs","Plastic Bottle","Opaque",NA,"N","AKDT"
"426",10000018,"Water","Surface Water","10000018-2025-07-23-Zn","2025-07-23","10:57:00.000000",NA,NA,60.502005,-151.106973,NA,"Field Msr/Obs",15,"cm",NA,NA,NA,NA,NA,1253728,"Zinc","200.8","USEPA",NA,6.64,"ug/L","J","Sampled",NA,"Unfiltered","Actual",NA,NA,"Water Bottle","Present Below Quantification Limit","Limit of Quantitation",10,"ug/L","Method Detection Level",7.5,"ug/L",NA,"SGS",1253728008,"2025-07-28","11:46:00",NA,NA,"Cold packs","Plastic Bottle","Opaque",NA,"N","AKDT"
"427",10000021,"Water","Surface Water","10000021-2025-07-23-Fe","2025-07-23","09:42:00.000000",NA,NA,60.476634,-151.082099,NA,"Field Msr/Obs",15,"cm",NA,NA,NA,NA,NA,1253728,"Iron","200.8","USEPA",NA,244,"ug/L","J","Sampled",NA,"Unfiltered","Actual",NA,NA,"Water Bottle","Present Below Quantification Limit","Limit of Quantitation",250,"ug/L","Method Detection Level",188,"ug/L",NA,"SGS",1253728010,"2025-07-28","11:52:00",NA,NA,"Cold packs","Plastic Bottle","Opaque",NA,"N","AKDT"
"428",10000021,"Water","Surface Water","10000021-2025-07-23-Zn","2025-07-23","09:42:00.000000",NA,NA,60.476634,-151.082099,NA,"Field Msr/Obs",15,"cm",NA,NA,NA,NA,NA,1253728,"Zinc","200.8","USEPA",NA,3.81,"ug/L","J","Sampled",NA,"Unfiltered","Actual",NA,NA,"Water Bottle","Present Below Quantification Limit","Limit of Quantitation",10,"ug/L","Method Detection Level",7.5,"ug/L",NA,"SGS",1253728010,"2025-07-28","11:52:00",NA,NA,"Cold packs","Plastic Bottle","Opaque",NA,"N","AKDT"
"429",10000022,"Water","Surface Water","10000022-2025-07-23-Total Nitrate/Nitrite-N","2025-07-23","08:17:00.000000",NA,NA,60.483364,-151.057656,NA,"Field Msr/Obs",15,"cm",NA,NA,NA,NA,NA,1253728,"Total Nitrate/Nitrite-N","4500-NO3(F)","APHA",NA,0.112,"mg/L","J","Sampled",NA,"Total","Actual",NA,NA,"Water Bottle","Present Below Quantification Limit","Limit of Quantitation",0.2,"mg/L","Method Detection Level",0.15,"mg/L",NA,"SGS",1253728011,"2025-07-28","13:26:00",NA,NA,"Cold packs","Plastic Bottle","Opaque","H2SO4","N","AKDT"
"430",10000023,"Water","Surface Water","10000023-2025-07-23-Fe","2025-07-23","09:00:00.000000",NA,NA,60.480338,-151.030847,NA,"Field Msr/Obs",15,"cm",NA,NA,NA,NA,NA,1253728,"Iron","200.8","USEPA",NA,215,"ug/L","J","Sampled",NA,"Unfiltered","Actual",NA,NA,"Water Bottle","Present Below Quantification Limit","Limit of Quantitation",250,"ug/L","Method Detection Level",188,"ug/L",NA,"SGS",1253728012,"2025-07-28","12:06:00",NA,NA,"Cold packs","Plastic Bottle","Opaque",NA,"N","AKDT"
"431",10000023,"Water","Surface Water","10000023-2025-07-23-Zn","2025-07-23","09:00:00.000000",NA,NA,60.480338,-151.030847,NA,"Field Msr/Obs",15,"cm",NA,NA,NA,NA,NA,1253728,"Zinc","200.8","USEPA",NA,3.36,"ug/L","J","Sampled",NA,"Unfiltered","Actual",NA,NA,"Water Bottle","Present Below Quantification Limit","Limit of Quantitation",10,"ug/L","Method Detection Level",7.5,"ug/L",NA,"SGS",1253728012,"2025-07-28","12:06:00",NA,NA,"Cold packs","Plastic Bottle","Opaque",NA,"N","AKDT"
"432",10000023,"Water","Surface Water","10000023-2025-07-23-Fe-DUP","2025-07-23","09:13:00.000000",NA,NA,60.480338,-151.030847,NA,"Quality Control Field Replicate Msr/Obs",15,"cm",NA,NA,NA,NA,NA,1253728,"Iron","200.8","USEPA",NA,248,"ug/L","J","Sampled",NA,"Unfiltered","Actual",NA,NA,"Water Bottle","Present Below Quantification Limit","Limit of Quantitation",250,"ug/L","Method Detection Level",188,"ug/L",NA,"SGS",1253728013,"2025-07-28","12:09:00",NA,NA,"Cold packs","Plastic Bottle","Opaque",NA,"N","AKDT"
"433",10000024,"Water","Surface Water","10000024-2025-07-23-Total Nitrate/Nitrite-N","2025-07-23","08:55:00.000000",NA,NA,60.489963,-150.860982,NA,"Field Msr/Obs",15,"cm",NA,NA,NA,NA,NA,1253728,"Total Nitrate/Nitrite-N","4500-NO3(F)","APHA",NA,0.14,"mg/L","J","Sampled",NA,"Total","Actual",NA,NA,"Water Bottle","Present Below Quantification Limit","Limit of Quantitation",0.2,"mg/L","Method Detection Level",0.15,"mg/L",NA,"SGS",1253728014,"2025-07-28","13:36:00",NA,NA,"Cold packs","Plastic Bottle","Opaque","H2SO4","N","AKDT"
"434",10000025,"Water","Surface Water","10000025-2025-07-23-Zn","2025-07-23","10:30:00.000000",NA,NA,60.498284,-150.863121,NA,"Field Msr/Obs",15,"cm",NA,NA,NA,NA,NA,1253728,"Zinc","200.8","USEPA",NA,3.91,"ug/L","J","Sampled",NA,"Unfiltered","Actual",NA,NA,"Water Bottle","Present Below Quantification Limit","Limit of Quantitation",10,"ug/L","Method Detection Level",7.5,"ug/L",NA,"SGS",1253728015,"2025-07-28","12:15:00",NA,NA,"Cold packs","Plastic Bottle","Opaque",NA,"N","AKDT"
"435",10000027,"Water","Surface Water","10000027-2025-07-23-Fe","2025-07-23","07:50:00.000000",NA,NA,60.515441,-150.702069,NA,"Field Msr/Obs",15,"cm",NA,NA,NA,NA,NA,1253728,"Iron","200.8","USEPA",NA,222,"ug/L","J","Sampled",NA,"Unfiltered","Actual",NA,NA,"Water Bottle","Present Below Quantification Limit","Limit of Quantitation",250,"ug/L","Method Detection Level",188,"ug/L",NA,"SGS",1253728017,"2025-07-28","12:21:00",NA,NA,"Cold packs","Plastic Bottle","Opaque",NA,"N","AKDT"
"436",10000005,"Water","Surface Water","10000005-2025-07-23-Cu","2025-07-23","09:07:00.000000",NA,NA,60.54081,-151.18278,NA,"Field Msr/Obs",15,"cm",NA,NA,NA,NA,NA,1253728,"Copper","200.8","USEPA",NA,1.45,"ug/L","J","Sampled",NA,"Unfiltered","Actual",NA,NA,"Water Bottle","Present Below Quantification Limit","Limit of Quantitation",3,"ug/L","Method Detection Level",2.25,"ug/L",NA,"SGS",1253728003,"2025-07-28","11:31:00",NA,NA,"Cold packs","Plastic Bottle","Opaque",NA,"N","AKDT"
"437",10000424,"Water","Surface Water","10000424-2025-07-23-Total Nitrate/Nitrite-N","2025-07-23","09:00:00.000000",NA,NA,60.489,-149.877,NA,"Field Msr/Obs",15,"cm",NA,NA,NA,NA,NA,1253728,"Total Nitrate/Nitrite-N","4500-NO3(F)","APHA",NA,0.133,"mg/L","J","Sampled",NA,"Total","Actual",NA,NA,"Water Bottle","Present Below Quantification Limit","Limit of Quantitation",0.2,"mg/L","Method Detection Level",0.15,"mg/L",NA,"SGS",1253728024,"2025-07-31","12:57:00",NA,NA,"Cold packs","Plastic Bottle","Opaque","H2SO4","N","AKDT"
"438",10000005,"Water","Surface Water","10000005-2025-07-23-Zn","2025-07-23","09:07:00.000000",NA,NA,60.54081,-151.18278,NA,"Field Msr/Obs",15,"cm",NA,NA,NA,NA,NA,1253728,"Zinc","200.8","USEPA",NA,5.97,"ug/L","J","Sampled",NA,"Unfiltered","Actual",NA,NA,"Water Bottle","Present Below Quantification Limit","Limit of Quantitation",10,"ug/L","Method Detection Level",7.5,"ug/L",NA,"SGS",1253728003,"2025-07-28","11:31:00",NA,NA,"Cold packs","Plastic Bottle","Opaque",NA,"N","AKDT"
"439",10000002,"Water","Surface Water","10000002-2025-07-23-Total Nitrate/Nitrite-N","2025-07-23","10:00:00.000000",NA,NA,60.54368,-151.22294,NA,"Field Msr/Obs",15,"cm",NA,NA,NA,NA,NA,1253728,"Total Nitrate/Nitrite-N","4500-NO3(F)","APHA",NA,0.245,"mg/L","=","Sampled",NA,"Total","Actual",NA,NA,"Water Bottle",NA,"Limit of Quantitation",0.2,"mg/L","Method Detection Level",0.15,"mg/L",NA,"SGS",1253728002,"2025-07-28","10:36:00",NA,NA,"Cold packs","Plastic Bottle","Opaque","H2SO4","N","AKDT"
"440",10000017,"Water","Surface Water","10000017-2025-07-23-Total Nitrate/Nitrite-N","2025-07-23","10:25:00.000000",NA,NA,60.533743,-151.099258,NA,"Field Msr/Obs",15,"cm",NA,NA,NA,NA,NA,1253728,"Total Nitrate/Nitrite-N","4500-NO3(F)","APHA",NA,0.517,"mg/L","=","Sampled",NA,"Total","Actual",NA,NA,"Water Bottle",NA,"Limit of Quantitation",0.2,"mg/L","Method Detection Level",0.15,"mg/L",NA,"SGS",1253728007,"2025-07-31","12:41:00",NA,NA,"Cold packs","Plastic Bottle","Opaque","H2SO4","N","AKDT"
"441",10000018,"Water","Surface Water","10000018-2025-07-23-Total Nitrate/Nitrite-N","2025-07-23","10:57:00.000000",NA,NA,60.502005,-151.106973,NA,"Field Msr/Obs",15,"cm",NA,NA,NA,NA,NA,1253728,"Total Nitrate/Nitrite-N","4500-NO3(F)","APHA",NA,0.331,"mg/L","=","Sampled",NA,"Total","Actual",NA,NA,"Water Bottle",NA,"Limit of Quantitation",0.2,"mg/L","Method Detection Level",0.15,"mg/L",NA,"SGS",1253728008,"2025-07-31","12:48:00",NA,NA,"Cold packs","Plastic Bottle","Opaque","H2SO4","N","AKDT"
"442",10000020,"Water","Surface Water","10000020-2025-07-23-Total Nitrate/Nitrite-N","2025-07-23","10:11:00.000000",NA,NA,60.48175453,-151.1306816,NA,"Field Msr/Obs",15,"cm",NA,NA,NA,NA,NA,1253728,"Total Nitrate/Nitrite-N","4500-NO3(F)","APHA",NA,0.258,"mg/L","=","Sampled",NA,"Total","Actual",NA,NA,"Water Bottle",NA,"Limit of Quantitation",0.2,"mg/L","Method Detection Level",0.15,"mg/L",NA,"SGS",1253728009,"2025-07-31","12:50:00",NA,NA,"Cold packs","Plastic Bottle","Opaque","H2SO4","N","AKDT"
"443",10000016,"Water","Surface Water","10000016-2025-07-23-Total Nitrate/Nitrite-N","2025-07-23","10:05:00.000000",NA,NA,60.539279,-151.142263,NA,"Field Msr/Obs",15,"cm",NA,NA,NA,NA,NA,1253728,"Total Nitrate/Nitrite-N","4500-NO3(F)","APHA",NA,0.277,"mg/L","=","Sampled",NA,"Total","Actual",NA,NA,"Water Bottle",NA,"Limit of Quantitation",0.2,"mg/L","Method Detection Level",0.15,"mg/L",NA,"SGS",1253728006,"2025-07-31","12:39:00",NA,NA,"Cold packs","Plastic Bottle","Opaque","H2SO4","N","AKDT"
"444",10000021,"Water","Surface Water","10000021-2025-07-23-Total Nitrate/Nitrite-N","2025-07-23","09:42:00.000000",NA,NA,60.476634,-151.082099,NA,"Field Msr/Obs",15,"cm",NA,NA,NA,NA,NA,1253728,"Total Nitrate/Nitrite-N","4500-NO3(F)","APHA",NA,1.02,"mg/L","=","Sampled",NA,"Total","Actual",NA,NA,"Water Bottle",NA,"Limit of Quantitation",0.2,"mg/L","Method Detection Level",0.15,"mg/L",NA,"SGS",1253728010,"2025-07-31","12:51:00",NA,NA,"Cold packs","Plastic Bottle","Opaque","H2SO4","N","AKDT"
"445",10000023,"Water","Surface Water","10000023-2025-07-23-Total Nitrate/Nitrite-N","2025-07-23","09:00:00.000000",NA,NA,60.480338,-151.030847,NA,"Field Msr/Obs",15,"cm",NA,NA,NA,NA,NA,1253728,"Total Nitrate/Nitrite-N","4500-NO3(F)","APHA",NA,0.375,"mg/L","=","Sampled",NA,"Total","Actual",NA,NA,"Water Bottle",NA,"Limit of Quantitation",0.2,"mg/L","Method Detection Level",0.15,"mg/L",NA,"SGS",1253728012,"2025-07-28","13:33:00",NA,NA,"Cold packs","Plastic Bottle","Opaque","H2SO4","N","AKDT"
"446",10000023,"Water","Surface Water","10000023-2025-07-23-Total Nitrate/Nitrite-N-DUP","2025-07-23","09:13:00.000000",NA,NA,60.480338,-151.030847,NA,"Quality Control Field Replicate Msr/Obs",15,"cm",NA,NA,NA,NA,NA,1253728,"Total Nitrate/Nitrite-N","4500-NO3(F)","APHA",NA,0.32,"mg/L","=","Sampled",NA,"Total","Actual",NA,NA,"Water Bottle",NA,"Limit of Quantitation",0.2,"mg/L","Method Detection Level",0.15,"mg/L",NA,"SGS",1253728013,"2025-07-28","13:34:00",NA,NA,"Cold packs","Plastic Bottle","Opaque","H2SO4","N","AKDT"
"447",10000026,"Water","Surface Water","10000026-2025-07-23-Total Nitrate/Nitrite-N","2025-07-23","09:50:00.000000",NA,NA,60.53687,-150.754724,NA,"Field Msr/Obs",15,"cm",NA,NA,NA,NA,NA,1253728,"Total Nitrate/Nitrite-N","4500-NO3(F)","APHA",NA,0.304,"mg/L","=","Sampled",NA,"Total","Actual",NA,NA,"Water Bottle",NA,"Limit of Quantitation",0.2,"mg/L","Method Detection Level",0.15,"mg/L",NA,"SGS",1253728016,"2025-07-28","13:40:00",NA,NA,"Cold packs","Plastic Bottle","Opaque","H2SO4","N","AKDT"
"448",10000025,"Water","Surface Water","10000025-2025-07-23-Total Nitrate/Nitrite-N","2025-07-23","10:30:00.000000",NA,NA,60.498284,-150.863121,NA,"Field Msr/Obs",15,"cm",NA,NA,NA,NA,NA,1253728,"Total Nitrate/Nitrite-N","4500-NO3(F)","APHA",NA,0.299,"mg/L","=","Sampled",NA,"Total","Actual",NA,NA,"Water Bottle",NA,"Limit of Quantitation",0.2,"mg/L","Method Detection Level",0.15,"mg/L",NA,"SGS",1253728015,"2025-07-28","13:38:00",NA,NA,"Cold packs","Plastic Bottle","Opaque","H2SO4","N","AKDT"
"449",10000027,"Water","Surface Water","10000027-2025-07-23-Total Nitrate/Nitrite-N","2025-07-23","07:50:00.000000",NA,NA,60.515441,-150.702069,NA,"Field Msr/Obs",15,"cm",NA,NA,NA,NA,NA,1253728,"Total Nitrate/Nitrite-N","4500-NO3(F)","APHA",NA,0.322,"mg/L","=","Sampled",NA,"Total","Actual",NA,NA,"Water Bottle",NA,"Limit of Quantitation",0.2,"mg/L","Method Detection Level",0.15,"mg/L",NA,"SGS",1253728017,"2025-07-28","13:41:00",NA,NA,"Cold packs","Plastic Bottle","Opaque","H2SO4","N","AKDT"
"450",10000028,"Water","Surface Water","10000028-2025-07-23-Total Nitrate/Nitrite-N","2025-07-23","09:50:00.000000",NA,NA,60.489844,-150.636905,NA,"Field Msr/Obs",15,"cm",NA,NA,NA,NA,NA,1253728,"Total Nitrate/Nitrite-N","4500-NO3(F)","APHA",NA,0.329,"mg/L","=","Sampled",NA,"Total","Actual",NA,NA,"Water Bottle",NA,"Limit of Quantitation",0.2,"mg/L","Method Detection Level",0.15,"mg/L",NA,"SGS",1253728018,"2025-07-28","13:43:00",NA,NA,"Cold packs","Plastic Bottle","Opaque","H2SO4","N","AKDT"
"451",10000030,"Water","Surface Water","10000030-2025-07-23-Total Nitrate/Nitrite-N","2025-07-23","08:55:00.000000",NA,NA,60.467517,-150.507789,NA,"Field Msr/Obs",15,"cm",NA,NA,NA,NA,NA,1253728,"Total Nitrate/Nitrite-N","4500-NO3(F)","APHA",NA,0.356,"mg/L","=","Sampled",NA,"Total","Actual",NA,NA,"Water Bottle",NA,"Limit of Quantitation",0.2,"mg/L","Method Detection Level",0.15,"mg/L",NA,"SGS",1253728020,"2025-07-28","13:47:00",NA,NA,"Cold packs","Plastic Bottle","Opaque","H2SO4","N","AKDT"
"452",10000005,"Water","Surface Water","10000005-2025-07-23-Total Nitrate/Nitrite-N","2025-07-23","09:07:00.000000",NA,NA,60.54081,-151.18278,NA,"Field Msr/Obs",15,"cm",NA,NA,NA,NA,NA,1253728,"Total Nitrate/Nitrite-N","4500-NO3(F)","APHA",NA,0.392,"mg/L","=","Sampled",NA,"Total","Actual",NA,NA,"Water Bottle",NA,"Limit of Quantitation",0.2,"mg/L","Method Detection Level",0.15,"mg/L",NA,"SGS",1253728003,"2025-07-28","10:38:00",NA,NA,"Cold packs","Plastic Bottle","Opaque","H2SO4","N","AKDT"
"453",10000031,"Water","Surface Water","10000031-2025-07-23-Total Nitrate/Nitrite-N","2025-07-23","10:55:00.000000",NA,NA,60.481392,-150.11502,NA,"Field Msr/Obs",15,"cm",NA,NA,NA,NA,NA,1253728,"Total Nitrate/Nitrite-N","4500-NO3(F)","APHA",NA,0.477,"mg/L","=","Sampled",NA,"Total","Actual",NA,NA,"Water Bottle",NA,"Limit of Quantitation",0.2,"mg/L","Method Detection Level",0.15,"mg/L",NA,"SGS",1253728021,"2025-07-28","13:48:00",NA,NA,"Cold packs","Plastic Bottle","Opaque","H2SO4","N","AKDT"
"454",10000032,"Water","Surface Water","10000032-2025-07-23-Total Nitrate/Nitrite-N","2025-07-23","10:05:00.000000",NA,NA,60.484622,-149.993955,NA,"Field Msr/Obs",15,"cm",NA,NA,NA,NA,NA,1253728,"Total Nitrate/Nitrite-N","4500-NO3(F)","APHA",NA,0.482,"mg/L","=","Sampled",NA,"Total","Actual",NA,NA,"Water Bottle",NA,"Limit of Quantitation",0.2,"mg/L","Method Detection Level",0.15,"mg/L",NA,"SGS",1253728022,"2025-07-31","12:53:00",NA,NA,"Cold packs","Plastic Bottle","Opaque","H2SO4","N","AKDT"
"455",10000029,"Water","Surface Water","10000029-2025-07-23-Total Nitrate/Nitrite-N","2025-07-23","09:30:00.000000",NA,NA,60.481518,-150.632498,NA,"Field Msr/Obs",15,"cm",NA,NA,NA,NA,NA,1253728,"Total Nitrate/Nitrite-N","4500-NO3(F)","APHA",NA,0.244,"mg/L","=","Sampled",NA,"Total","Actual",NA,NA,"Water Bottle",NA,"Limit of Quantitation",0.2,"mg/L","Method Detection Level",0.15,"mg/L",NA,"SGS",1253728019,"2025-07-28","13:45:00",NA,NA,"Cold packs","Plastic Bottle","Opaque","H2SO4","N","AKDT"
"456",10000425,"Water","Surface Water","10000425-2025-07-23-Total Nitrate/Nitrite-N","2025-07-23","08:15:00.000000",NA,NA,60.492007,-149.810844,NA,"Field Msr/Obs",15,"cm",NA,NA,NA,NA,NA,1253728,"Total Nitrate/Nitrite-N","4500-NO3(F)","APHA",NA,0.386,"mg/L","=","Sampled",NA,"Total","Actual",NA,NA,"Water Bottle",NA,"Limit of Quantitation",0.2,"mg/L","Method Detection Level",0.15,"mg/L",NA,"SGS",1253728023,"2025-07-31","12:55:00",NA,NA,"Cold packs","Plastic Bottle","Opaque","H2SO4","N","AKDT"
"457",10000002,"Water","Surface Water","10000002-2025-07-23-NA","2025-07-23","10:00:00.000000",NA,NA,60.54368,-151.22294,NA,"Field Msr/Obs",15,"cm",NA,NA,NA,NA,NA,1253728,"1,2-Dichloroethane-D4 (surr)","8260D","USEPA",NA,106,"%","=","Sampled",NA,NA,"Actual",NA,NA,"Water Bottle",NA,"Limit of Quantitation",0,"%","Method Detection Level",0,"%",NA,"SGS",1253728002,"2025-07-25","00:02:00",NA,NA,"Cold packs",NA,NA,NA,"N","AKDT"
"458",10000002,"Water","Surface Water","10000002-2025-07-23-NA","2025-07-23","10:00:00.000000",NA,NA,60.54368,-151.22294,NA,"Field Msr/Obs",15,"cm",NA,NA,NA,NA,NA,1253728,"4-Bromofluorobenzene (surr)","8260D","USEPA",NA,101,"%","=","Sampled",NA,NA,"Actual",NA,NA,"Water Bottle",NA,"Limit of Quantitation",0,"%","Method Detection Level",0,"%",NA,"SGS",1253728002,"2025-07-25","00:02:00",NA,NA,"Cold packs",NA,NA,NA,"N","AKDT"
"459",10000002,"Water","Surface Water","10000002-2025-07-23-NA","2025-07-23","10:00:00.000000",NA,NA,60.54368,-151.22294,NA,"Field Msr/Obs",15,"cm",NA,NA,NA,NA,NA,1253728,"Toluene-d8 (surr)","8260D","USEPA",NA,100,"%","=","Sampled",NA,NA,"Actual",NA,NA,"Water Bottle",NA,"Limit of Quantitation",0,"%","Method Detection Level",0,"%",NA,"SGS",1253728002,"2025-07-25","00:02:00",NA,NA,"Cold packs",NA,NA,NA,"N","AKDT"
"460",10000027,"Water","Surface Water","10000027-2025-07-23-NA","2025-07-23","07:50:00.000000",NA,NA,60.515441,-150.702069,NA,"Field Msr/Obs",15,"cm",NA,NA,NA,NA,NA,1253728,"1,2-Dichloroethane-D4 (surr)","8260D","USEPA",NA,112,"%","=","Sampled",NA,NA,"Actual",NA,NA,"Water Bottle",NA,"Limit of Quantitation",0,"%","Method Detection Level",0,"%",NA,"SGS",1253728017,"2025-07-25","00:32:00",NA,NA,"Cold packs",NA,NA,NA,"N","AKDT"
"461",10000027,"Water","Surface Water","10000027-2025-07-23-NA","2025-07-23","07:50:00.000000",NA,NA,60.515441,-150.702069,NA,"Field Msr/Obs",15,"cm",NA,NA,NA,NA,NA,1253728,"4-Bromofluorobenzene (surr)","8260D","USEPA",NA,101,"%","=","Sampled",NA,NA,"Actual",NA,NA,"Water Bottle",NA,"Limit of Quantitation",0,"%","Method Detection Level",0,"%",NA,"SGS",1253728017,"2025-07-25","00:32:00",NA,NA,"Cold packs",NA,NA,NA,"N","AKDT"
"462",10000028,"Water","Surface Water","10000028-2025-07-23-NA","2025-07-23","09:50:00.000000",NA,NA,60.489844,-150.636905,NA,"Field Msr/Obs",15,"cm",NA,NA,NA,NA,NA,1253728,"Toluene-d8 (surr)","8260D","USEPA",NA,99.7,"%","=","Sampled",NA,NA,"Actual",NA,NA,"Water Bottle",NA,"Limit of Quantitation",0,"%","Method Detection Level",0,"%",NA,"SGS",1253728018,"2025-07-25","00:47:00",NA,NA,"Cold packs",NA,NA,NA,"N","AKDT"
"463",10000005,"Water","Surface Water","10000005-2025-07-23-NA","2025-07-23","09:07:00.000000",NA,NA,60.54081,-151.18278,NA,"Field Msr/Obs",15,"cm",NA,NA,NA,NA,NA,1253728,"Toluene-d8 (surr)","8260D","USEPA",NA,99.5,"%","=","Sampled",NA,NA,"Actual",NA,NA,"Water Bottle",NA,"Limit of Quantitation",0,"%","Method Detection Level",0,"%",NA,"SGS",1253728003,"2025-07-25","00:17:00",NA,NA,"Cold packs",NA,NA,NA,"N","AKDT"
"464",10000027,"Water","Surface Water","10000027-2025-07-23-NA","2025-07-23","07:50:00.000000",NA,NA,60.515441,-150.702069,NA,"Field Msr/Obs",15,"cm",NA,NA,NA,NA,NA,1253728,"Toluene-d8 (surr)","8260D","USEPA",NA,98.7,"%","=","Sampled",NA,NA,"Actual",NA,NA,"Water Bottle",NA,"Limit of Quantitation",0,"%","Method Detection Level",0,"%",NA,"SGS",1253728017,"2025-07-25","00:32:00",NA,NA,"Cold packs",NA,NA,NA,"N","AKDT"
"465",10000028,"Water","Surface Water","10000028-2025-07-23-NA","2025-07-23","09:50:00.000000",NA,NA,60.489844,-150.636905,NA,"Field Msr/Obs",15,"cm",NA,NA,NA,NA,NA,1253728,"1,2-Dichloroethane-D4 (surr)","8260D","USEPA",NA,112,"%","=","Sampled",NA,NA,"Actual",NA,NA,"Water Bottle",NA,"Limit of Quantitation",0,"%","Method Detection Level",0,"%",NA,"SGS",1253728018,"2025-07-25","00:47:00",NA,NA,"Cold packs",NA,NA,NA,"N","AKDT"
"466",10000028,"Water","Surface Water","10000028-2025-07-23-NA","2025-07-23","09:50:00.000000",NA,NA,60.489844,-150.636905,NA,"Field Msr/Obs",15,"cm",NA,NA,NA,NA,NA,1253728,"4-Bromofluorobenzene (surr)","8260D","USEPA",NA,99.5,"%","=","Sampled",NA,NA,"Actual",NA,NA,"Water Bottle",NA,"Limit of Quantitation",0,"%","Method Detection Level",0,"%",NA,"SGS",1253728018,"2025-07-25","00:47:00",NA,NA,"Cold packs",NA,NA,NA,"N","AKDT"
"467",10000005,"Water","Surface Water","10000005-2025-07-23-NA","2025-07-23","09:07:00.000000",NA,NA,60.54081,-151.18278,NA,"Field Msr/Obs",15,"cm",NA,NA,NA,NA,NA,1253728,"1,2-Dichloroethane-D4 (surr)","8260D","USEPA",NA,107,"%","=","Sampled",NA,NA,"Actual",NA,NA,"Water Bottle",NA,"Limit of Quantitation",0,"%","Method Detection Level",0,"%",NA,"SGS",1253728003,"2025-07-25","00:17:00",NA,NA,"Cold packs",NA,NA,NA,"N","AKDT"
"468",10000005,"Water","Surface Water","10000005-2025-07-23-NA","2025-07-23","09:07:00.000000",NA,NA,60.54081,-151.18278,NA,"Field Msr/Obs",15,"cm",NA,NA,NA,NA,NA,1253728,"4-Bromofluorobenzene (surr)","8260D","USEPA",NA,103,"%","=","Sampled",NA,NA,"Actual",NA,NA,"Water Bottle",NA,"Limit of Quantitation",0,"%","Method Detection Level",0,"%",NA,"SGS",1253728003,"2025-07-25","00:17:00",NA,NA,"Cold packs",NA,NA,NA,"N","AKDT"
"469",10000008,"Water","Surface Water","10000008-2025-07-23-Ca","2025-07-23","10:57:00.000000",NA,NA,60.550888,-151.268417,NA,"Field Msr/Obs",15,"cm",NA,NA,NA,NA,NA,1253728,"Calcium","200.8","USEPA",NA,14600,"ug/L","=","Sampled",NA,"Unfiltered","Actual",NA,NA,"Water Bottle",NA,"Limit of Quantitation",500,"ug/L","Method Detection Level",375,"ug/L",NA,"SGS",1253728001,"2025-07-28","11:16:00",NA,NA,"Cold packs","Plastic Bottle","Opaque",NA,"N","AKDT"
"470",10000008,"Water","Surface Water","10000008-2025-07-23-Fe","2025-07-23","10:57:00.000000",NA,NA,60.550888,-151.268417,NA,"Field Msr/Obs",15,"cm",NA,NA,NA,NA,NA,1253728,"Iron","200.8","USEPA",NA,3610,"ug/L","=","Sampled",NA,"Unfiltered","Actual",NA,NA,"Water Bottle",NA,"Limit of Quantitation",250,"ug/L","Method Detection Level",188,"ug/L",NA,"SGS",1253728001,"2025-07-28","11:16:00",NA,NA,"Cold packs","Plastic Bottle","Opaque",NA,"N","AKDT"
"471",10000008,"Water","Surface Water","10000008-2025-07-23-Mg","2025-07-23","10:57:00.000000",NA,NA,60.550888,-151.268417,NA,"Field Msr/Obs",15,"cm",NA,NA,NA,NA,NA,1253728,"Magnesium","200.8","USEPA",NA,3700,"ug/L","=","Sampled",NA,"Unfiltered","Actual",NA,NA,"Water Bottle",NA,"Limit of Quantitation",50,"ug/L","Method Detection Level",37.5,"ug/L",NA,"SGS",1253728001,"2025-07-28","11:16:00",NA,NA,"Cold packs","Plastic Bottle","Opaque",NA,"N","AKDT"
"472",10000002,"Water","Surface Water","10000002-2025-07-23-Ca","2025-07-23","10:00:00.000000",NA,NA,60.54368,-151.22294,NA,"Field Msr/Obs",15,"cm",NA,NA,NA,NA,NA,1253728,"Calcium","200.8","USEPA",NA,20900,"ug/L","=","Sampled",NA,"Unfiltered","Actual",NA,NA,"Water Bottle",NA,"Limit of Quantitation",500,"ug/L","Method Detection Level",375,"ug/L",NA,"SGS",1253728002,"2025-07-28","11:19:00",NA,NA,"Cold packs","Plastic Bottle","Opaque",NA,"N","AKDT"
"473",10000002,"Water","Surface Water","10000002-2025-07-23-Cu","2025-07-23","10:00:00.000000",NA,NA,60.54368,-151.22294,NA,"Field Msr/Obs",15,"cm",NA,NA,NA,NA,NA,1253728,"Copper","200.8","USEPA",NA,36,"ug/L","=","Sampled",NA,"Unfiltered","Actual",NA,NA,"Water Bottle",NA,"Limit of Quantitation",3,"ug/L","Method Detection Level",2.25,"ug/L",NA,"SGS",1253728002,"2025-07-28","11:19:00",NA,NA,"Cold packs","Plastic Bottle","Opaque",NA,"N","AKDT"
"474",10000002,"Water","Surface Water","10000002-2025-07-23-Fe","2025-07-23","10:00:00.000000",NA,NA,60.54368,-151.22294,NA,"Field Msr/Obs",15,"cm",NA,NA,NA,NA,NA,1253728,"Iron","200.8","USEPA",NA,26400,"ug/L","=","Sampled",NA,"Unfiltered","Actual",NA,NA,"Water Bottle",NA,"Limit of Quantitation",250,"ug/L","Method Detection Level",188,"ug/L",NA,"SGS",1253728002,"2025-07-28","11:19:00",NA,NA,"Cold packs","Plastic Bottle","Opaque",NA,"N","AKDT"
"475",10000016,"Water","Surface Water","10000016-2025-07-23-Ca","2025-07-23","10:05:00.000000",NA,NA,60.539279,-151.142263,NA,"Field Msr/Obs",15,"cm",NA,NA,NA,NA,NA,1253728,"Calcium","200.8","USEPA",NA,14600,"ug/L","=","Sampled",NA,"Unfiltered","Actual",NA,NA,"Water Bottle",NA,"Limit of Quantitation",500,"ug/L","Method Detection Level",375,"ug/L",NA,"SGS",1253728006,"2025-07-28","11:40:00",NA,NA,"Cold packs","Plastic Bottle","Opaque",NA,"N","AKDT"
"476",10000016,"Water","Surface Water","10000016-2025-07-23-Fe","2025-07-23","10:05:00.000000",NA,NA,60.539279,-151.142263,NA,"Field Msr/Obs",15,"cm",NA,NA,NA,NA,NA,1253728,"Iron","200.8","USEPA",NA,432,"ug/L","=","Sampled",NA,"Unfiltered","Actual",NA,NA,"Water Bottle",NA,"Limit of Quantitation",250,"ug/L","Method Detection Level",188,"ug/L",NA,"SGS",1253728006,"2025-07-28","11:40:00",NA,NA,"Cold packs","Plastic Bottle","Opaque",NA,"N","AKDT"
"477",10000015,"Water","Surface Water","10000015-2025-07-23-Ca","2025-07-23","09:28:00.000000",NA,NA,60.548029,-151.14324,NA,"Field Msr/Obs",15,"cm",NA,NA,NA,NA,NA,1253728,"Calcium","200.8","USEPA",NA,21200,"ug/L","=","Sampled",NA,"Unfiltered","Actual",NA,NA,"Water Bottle",NA,"Limit of Quantitation",500,"ug/L","Method Detection Level",375,"ug/L",NA,"SGS",1253728004,"2025-07-28","11:34:00",NA,NA,"Cold packs","Plastic Bottle","Opaque",NA,"N","AKDT"
"478",10000015,"Water","Surface Water","10000015-2025-07-23-Ca-DUP","2025-07-23","09:40:00.000000",NA,NA,60.548029,-151.14324,NA,"Quality Control Field Replicate Msr/Obs",15,"cm",NA,NA,NA,NA,NA,1253728,"Calcium","200.8","USEPA",NA,20800,"ug/L","=","Sampled",NA,"Unfiltered","Actual",NA,NA,"Water Bottle",NA,"Limit of Quantitation",500,"ug/L","Method Detection Level",375,"ug/L",NA,"SGS",1253728005,"2025-07-28","11:37:00",NA,NA,"Cold packs","Plastic Bottle","Opaque",NA,"N","AKDT"
"479",10000002,"Water","Surface Water","10000002-2025-07-23-Mg","2025-07-23","10:00:00.000000",NA,NA,60.54368,-151.22294,NA,"Field Msr/Obs",15,"cm",NA,NA,NA,NA,NA,1253728,"Magnesium","200.8","USEPA",NA,13900,"ug/L","=","Sampled",NA,"Unfiltered","Actual",NA,NA,"Water Bottle",NA,"Limit of Quantitation",50,"ug/L","Method Detection Level",37.5,"ug/L",NA,"SGS",1253728002,"2025-07-28","11:19:00",NA,NA,"Cold packs","Plastic Bottle","Opaque",NA,"N","AKDT"
"480",10000002,"Water","Surface Water","10000002-2025-07-23-Zn","2025-07-23","10:00:00.000000",NA,NA,60.54368,-151.22294,NA,"Field Msr/Obs",15,"cm",NA,NA,NA,NA,NA,1253728,"Zinc","200.8","USEPA",NA,87.2,"ug/L","=","Sampled",NA,"Unfiltered","Actual",NA,NA,"Water Bottle",NA,"Limit of Quantitation",10,"ug/L","Method Detection Level",7.5,"ug/L",NA,"SGS",1253728002,"2025-07-28","11:19:00",NA,NA,"Cold packs","Plastic Bottle","Opaque",NA,"N","AKDT"
"481",10000016,"Water","Surface Water","10000016-2025-07-23-Mg","2025-07-23","10:05:00.000000",NA,NA,60.539279,-151.142263,NA,"Field Msr/Obs",15,"cm",NA,NA,NA,NA,NA,1253728,"Magnesium","200.8","USEPA",NA,1160,"ug/L","=","Sampled",NA,"Unfiltered","Actual",NA,NA,"Water Bottle",NA,"Limit of Quantitation",50,"ug/L","Method Detection Level",37.5,"ug/L",NA,"SGS",1253728006,"2025-07-28","11:40:00",NA,NA,"Cold packs","Plastic Bottle","Opaque",NA,"N","AKDT"
"482",10000015,"Water","Surface Water","10000015-2025-07-23-Fe","2025-07-23","09:28:00.000000",NA,NA,60.548029,-151.14324,NA,"Field Msr/Obs",15,"cm",NA,NA,NA,NA,NA,1253728,"Iron","200.8","USEPA",NA,2760,"ug/L","=","Sampled",NA,"Unfiltered","Actual",NA,NA,"Water Bottle",NA,"Limit of Quantitation",250,"ug/L","Method Detection Level",188,"ug/L",NA,"SGS",1253728004,"2025-07-28","11:34:00",NA,NA,"Cold packs","Plastic Bottle","Opaque",NA,"N","AKDT"
"483",10000015,"Water","Surface Water","10000015-2025-07-23-Mg","2025-07-23","09:28:00.000000",NA,NA,60.548029,-151.14324,NA,"Field Msr/Obs",15,"cm",NA,NA,NA,NA,NA,1253728,"Magnesium","200.8","USEPA",NA,4270,"ug/L","=","Sampled",NA,"Unfiltered","Actual",NA,NA,"Water Bottle",NA,"Limit of Quantitation",50,"ug/L","Method Detection Level",37.5,"ug/L",NA,"SGS",1253728004,"2025-07-28","11:34:00",NA,NA,"Cold packs","Plastic Bottle","Opaque",NA,"N","AKDT"
"484",10000015,"Water","Surface Water","10000015-2025-07-23-Fe-DUP","2025-07-23","09:40:00.000000",NA,NA,60.548029,-151.14324,NA,"Quality Control Field Replicate Msr/Obs",15,"cm",NA,NA,NA,NA,NA,1253728,"Iron","200.8","USEPA",NA,2740,"ug/L","=","Sampled",NA,"Unfiltered","Actual",NA,NA,"Water Bottle",NA,"Limit of Quantitation",250,"ug/L","Method Detection Level",188,"ug/L",NA,"SGS",1253728005,"2025-07-28","11:37:00",NA,NA,"Cold packs","Plastic Bottle","Opaque",NA,"N","AKDT"
"485",10000015,"Water","Surface Water","10000015-2025-07-23-Mg-DUP","2025-07-23","09:40:00.000000",NA,NA,60.548029,-151.14324,NA,"Quality Control Field Replicate Msr/Obs",15,"cm",NA,NA,NA,NA,NA,1253728,"Magnesium","200.8","USEPA",NA,4190,"ug/L","=","Sampled",NA,"Unfiltered","Actual",NA,NA,"Water Bottle",NA,"Limit of Quantitation",50,"ug/L","Method Detection Level",37.5,"ug/L",NA,"SGS",1253728005,"2025-07-28","11:37:00",NA,NA,"Cold packs","Plastic Bottle","Opaque",NA,"N","AKDT"
"486",10000017,"Water","Surface Water","10000017-2025-07-23-Ca","2025-07-23","10:25:00.000000",NA,NA,60.533743,-151.099258,NA,"Field Msr/Obs",15,"cm",NA,NA,NA,NA,NA,1253728,"Calcium","200.8","USEPA",NA,13800,"ug/L","=","Sampled",NA,"Unfiltered","Actual",NA,NA,"Water Bottle",NA,"Limit of Quantitation",500,"ug/L","Method Detection Level",375,"ug/L",NA,"SGS",1253728007,"2025-07-28","11:43:00",NA,NA,"Cold packs","Plastic Bottle","Opaque",NA,"N","AKDT"
"487",10000017,"Water","Surface Water","10000017-2025-07-23-Mg","2025-07-23","10:25:00.000000",NA,NA,60.533743,-151.099258,NA,"Field Msr/Obs",15,"cm",NA,NA,NA,NA,NA,1253728,"Magnesium","200.8","USEPA",NA,1040,"ug/L","=","Sampled",NA,"Unfiltered","Actual",NA,NA,"Water Bottle",NA,"Limit of Quantitation",50,"ug/L","Method Detection Level",37.5,"ug/L",NA,"SGS",1253728007,"2025-07-28","11:43:00",NA,NA,"Cold packs","Plastic Bottle","Opaque",NA,"N","AKDT"
"488",10000018,"Water","Surface Water","10000018-2025-07-23-Ca","2025-07-23","10:57:00.000000",NA,NA,60.502005,-151.106973,NA,"Field Msr/Obs",15,"cm",NA,NA,NA,NA,NA,1253728,"Calcium","200.8","USEPA",NA,14000,"ug/L","=","Sampled",NA,"Unfiltered","Actual",NA,NA,"Water Bottle",NA,"Limit of Quantitation",500,"ug/L","Method Detection Level",375,"ug/L",NA,"SGS",1253728008,"2025-07-28","11:46:00",NA,NA,"Cold packs","Plastic Bottle","Opaque",NA,"N","AKDT"
"489",10000018,"Water","Surface Water","10000018-2025-07-23-Mg","2025-07-23","10:57:00.000000",NA,NA,60.502005,-151.106973,NA,"Field Msr/Obs",15,"cm",NA,NA,NA,NA,NA,1253728,"Magnesium","200.8","USEPA",NA,1060,"ug/L","=","Sampled",NA,"Unfiltered","Actual",NA,NA,"Water Bottle",NA,"Limit of Quantitation",50,"ug/L","Method Detection Level",37.5,"ug/L",NA,"SGS",1253728008,"2025-07-28","11:46:00",NA,NA,"Cold packs","Plastic Bottle","Opaque",NA,"N","AKDT"
"490",10000020,"Water","Surface Water","10000020-2025-07-23-Ca","2025-07-23","10:11:00.000000",NA,NA,60.48175453,-151.1306816,NA,"Field Msr/Obs",15,"cm",NA,NA,NA,NA,NA,1253728,"Calcium","200.8","USEPA",NA,22900,"ug/L","=","Sampled",NA,"Unfiltered","Actual",NA,NA,"Water Bottle",NA,"Limit of Quantitation",500,"ug/L","Method Detection Level",375,"ug/L",NA,"SGS",1253728009,"2025-07-28","11:49:00",NA,NA,"Cold packs","Plastic Bottle","Opaque",NA,"N","AKDT"
"491",10000020,"Water","Surface Water","10000020-2025-07-23-Fe","2025-07-23","10:11:00.000000",NA,NA,60.48175453,-151.1306816,NA,"Field Msr/Obs",15,"cm",NA,NA,NA,NA,NA,1253728,"Iron","200.8","USEPA",NA,1870,"ug/L","=","Sampled",NA,"Unfiltered","Actual",NA,NA,"Water Bottle",NA,"Limit of Quantitation",250,"ug/L","Method Detection Level",188,"ug/L",NA,"SGS",1253728009,"2025-07-28","11:49:00",NA,NA,"Cold packs","Plastic Bottle","Opaque",NA,"N","AKDT"
"492",10000020,"Water","Surface Water","10000020-2025-07-23-Mg","2025-07-23","10:11:00.000000",NA,NA,60.48175453,-151.1306816,NA,"Field Msr/Obs",15,"cm",NA,NA,NA,NA,NA,1253728,"Magnesium","200.8","USEPA",NA,5490,"ug/L","=","Sampled",NA,"Unfiltered","Actual",NA,NA,"Water Bottle",NA,"Limit of Quantitation",50,"ug/L","Method Detection Level",37.5,"ug/L",NA,"SGS",1253728009,"2025-07-28","11:49:00",NA,NA,"Cold packs","Plastic Bottle","Opaque",NA,"N","AKDT"
"493",10000021,"Water","Surface Water","10000021-2025-07-23-Ca","2025-07-23","09:42:00.000000",NA,NA,60.476634,-151.082099,NA,"Field Msr/Obs",15,"cm",NA,NA,NA,NA,NA,1253728,"Calcium","200.8","USEPA",NA,14000,"ug/L","=","Sampled",NA,"Unfiltered","Actual",NA,NA,"Water Bottle",NA,"Limit of Quantitation",500,"ug/L","Method Detection Level",375,"ug/L",NA,"SGS",1253728010,"2025-07-28","11:52:00",NA,NA,"Cold packs","Plastic Bottle","Opaque",NA,"N","AKDT"
"494",10000021,"Water","Surface Water","10000021-2025-07-23-Mg","2025-07-23","09:42:00.000000",NA,NA,60.476634,-151.082099,NA,"Field Msr/Obs",15,"cm",NA,NA,NA,NA,NA,1253728,"Magnesium","200.8","USEPA",NA,1060,"ug/L","=","Sampled",NA,"Unfiltered","Actual",NA,NA,"Water Bottle",NA,"Limit of Quantitation",50,"ug/L","Method Detection Level",37.5,"ug/L",NA,"SGS",1253728010,"2025-07-28","11:52:00",NA,NA,"Cold packs","Plastic Bottle","Opaque",NA,"N","AKDT"
"495",10000022,"Water","Surface Water","10000022-2025-07-23-Fe","2025-07-23","08:17:00.000000",NA,NA,60.483364,-151.057656,NA,"Field Msr/Obs",15,"cm",NA,NA,NA,NA,NA,1253728,"Iron","200.8","USEPA",NA,654,"ug/L","=","Sampled",NA,"Unfiltered","Actual",NA,NA,"Water Bottle",NA,"Limit of Quantitation",250,"ug/L","Method Detection Level",188,"ug/L",NA,"SGS",1253728011,"2025-07-28","11:55:00",NA,NA,"Cold packs","Plastic Bottle","Opaque",NA,"N","AKDT"
"496",10000022,"Water","Surface Water","10000022-2025-07-23-Mg","2025-07-23","08:17:00.000000",NA,NA,60.483364,-151.057656,NA,"Field Msr/Obs",15,"cm",NA,NA,NA,NA,NA,1253728,"Magnesium","200.8","USEPA",NA,5460,"ug/L","=","Sampled",NA,"Unfiltered","Actual",NA,NA,"Water Bottle",NA,"Limit of Quantitation",50,"ug/L","Method Detection Level",37.5,"ug/L",NA,"SGS",1253728011,"2025-07-28","11:55:00",NA,NA,"Cold packs","Plastic Bottle","Opaque",NA,"N","AKDT"
"497",10000023,"Water","Surface Water","10000023-2025-07-23-Mg","2025-07-23","09:00:00.000000",NA,NA,60.480338,-151.030847,NA,"Field Msr/Obs",15,"cm",NA,NA,NA,NA,NA,1253728,"Magnesium","200.8","USEPA",NA,1040,"ug/L","=","Sampled",NA,"Unfiltered","Actual",NA,NA,"Water Bottle",NA,"Limit of Quantitation",50,"ug/L","Method Detection Level",37.5,"ug/L",NA,"SGS",1253728012,"2025-07-28","12:06:00",NA,NA,"Cold packs","Plastic Bottle","Opaque",NA,"N","AKDT"
"498",10000023,"Water","Surface Water","10000023-2025-07-23-Mg-DUP","2025-07-23","09:13:00.000000",NA,NA,60.480338,-151.030847,NA,"Quality Control Field Replicate Msr/Obs",15,"cm",NA,NA,NA,NA,NA,1253728,"Magnesium","200.8","USEPA",NA,1070,"ug/L","=","Sampled",NA,"Unfiltered","Actual",NA,NA,"Water Bottle",NA,"Limit of Quantitation",50,"ug/L","Method Detection Level",37.5,"ug/L",NA,"SGS",1253728013,"2025-07-28","12:09:00",NA,NA,"Cold packs","Plastic Bottle","Opaque",NA,"N","AKDT"
"499",10000024,"Water","Surface Water","10000024-2025-07-23-Ca","2025-07-23","08:55:00.000000",NA,NA,60.489963,-150.860982,NA,"Field Msr/Obs",15,"cm",NA,NA,NA,NA,NA,1253728,"Calcium","200.8","USEPA",NA,11000,"ug/L","=","Sampled",NA,"Unfiltered","Actual",NA,NA,"Water Bottle",NA,"Limit of Quantitation",500,"ug/L","Method Detection Level",375,"ug/L",NA,"SGS",1253728014,"2025-07-28","12:12:00",NA,NA,"Cold packs","Plastic Bottle","Opaque",NA,"N","AKDT"
"500",10000024,"Water","Surface Water","10000024-2025-07-23-Fe","2025-07-23","08:55:00.000000",NA,NA,60.489963,-150.860982,NA,"Field Msr/Obs",15,"cm",NA,NA,NA,NA,NA,1253728,"Iron","200.8","USEPA",NA,561,"ug/L","=","Sampled",NA,"Unfiltered","Actual",NA,NA,"Water Bottle",NA,"Limit of Quantitation",250,"ug/L","Method Detection Level",188,"ug/L",NA,"SGS",1253728014,"2025-07-28","12:12:00",NA,NA,"Cold packs","Plastic Bottle","Opaque",NA,"N","AKDT"
"501",10000024,"Water","Surface Water","10000024-2025-07-23-Mg","2025-07-23","08:55:00.000000",NA,NA,60.489963,-150.860982,NA,"Field Msr/Obs",15,"cm",NA,NA,NA,NA,NA,1253728,"Magnesium","200.8","USEPA",NA,2910,"ug/L","=","Sampled",NA,"Unfiltered","Actual",NA,NA,"Water Bottle",NA,"Limit of Quantitation",50,"ug/L","Method Detection Level",37.5,"ug/L",NA,"SGS",1253728014,"2025-07-28","12:12:00",NA,NA,"Cold packs","Plastic Bottle","Opaque",NA,"N","AKDT"
"502",10000025,"Water","Surface Water","10000025-2025-07-23-Ca","2025-07-23","10:30:00.000000",NA,NA,60.498284,-150.863121,NA,"Field Msr/Obs",15,"cm",NA,NA,NA,NA,NA,1253728,"Calcium","200.8","USEPA",NA,14200,"ug/L","=","Sampled",NA,"Unfiltered","Actual",NA,NA,"Water Bottle",NA,"Limit of Quantitation",500,"ug/L","Method Detection Level",375,"ug/L",NA,"SGS",1253728015,"2025-07-28","12:15:00",NA,NA,"Cold packs","Plastic Bottle","Opaque",NA,"N","AKDT"
"503",10000025,"Water","Surface Water","10000025-2025-07-23-Fe","2025-07-23","10:30:00.000000",NA,NA,60.498284,-150.863121,NA,"Field Msr/Obs",15,"cm",NA,NA,NA,NA,NA,1253728,"Iron","200.8","USEPA",NA,318,"ug/L","=","Sampled",NA,"Unfiltered","Actual",NA,NA,"Water Bottle",NA,"Limit of Quantitation",250,"ug/L","Method Detection Level",188,"ug/L",NA,"SGS",1253728015,"2025-07-28","12:15:00",NA,NA,"Cold packs","Plastic Bottle","Opaque",NA,"N","AKDT"
"504",10000025,"Water","Surface Water","10000025-2025-07-23-Mg","2025-07-23","10:30:00.000000",NA,NA,60.498284,-150.863121,NA,"Field Msr/Obs",15,"cm",NA,NA,NA,NA,NA,1253728,"Magnesium","200.8","USEPA",NA,1060,"ug/L","=","Sampled",NA,"Unfiltered","Actual",NA,NA,"Water Bottle",NA,"Limit of Quantitation",50,"ug/L","Method Detection Level",37.5,"ug/L",NA,"SGS",1253728015,"2025-07-28","12:15:00",NA,NA,"Cold packs","Plastic Bottle","Opaque",NA,"N","AKDT"
"505",10000026,"Water","Surface Water","10000026-2025-07-23-Ca","2025-07-23","09:50:00.000000",NA,NA,60.53687,-150.754724,NA,"Field Msr/Obs",15,"cm",NA,NA,NA,NA,NA,1253728,"Calcium","200.8","USEPA",NA,24900,"ug/L","=","Sampled",NA,"Unfiltered","Actual",NA,NA,"Water Bottle",NA,"Limit of Quantitation",500,"ug/L","Method Detection Level",375,"ug/L",NA,"SGS",1253728016,"2025-07-28","12:18:00",NA,NA,"Cold packs","Plastic Bottle","Opaque",NA,"N","AKDT"
"506",10000026,"Water","Surface Water","10000026-2025-07-23-Fe","2025-07-23","09:50:00.000000",NA,NA,60.53687,-150.754724,NA,"Field Msr/Obs",15,"cm",NA,NA,NA,NA,NA,1253728,"Iron","200.8","USEPA",NA,773,"ug/L","=","Sampled",NA,"Unfiltered","Actual",NA,NA,"Water Bottle",NA,"Limit of Quantitation",250,"ug/L","Method Detection Level",188,"ug/L",NA,"SGS",1253728016,"2025-07-28","12:18:00",NA,NA,"Cold packs","Plastic Bottle","Opaque",NA,"N","AKDT"
"507",10000026,"Water","Surface Water","10000026-2025-07-23-Mg","2025-07-23","09:50:00.000000",NA,NA,60.53687,-150.754724,NA,"Field Msr/Obs",15,"cm",NA,NA,NA,NA,NA,1253728,"Magnesium","200.8","USEPA",NA,3360,"ug/L","=","Sampled",NA,"Unfiltered","Actual",NA,NA,"Water Bottle",NA,"Limit of Quantitation",50,"ug/L","Method Detection Level",37.5,"ug/L",NA,"SGS",1253728016,"2025-07-28","12:18:00",NA,NA,"Cold packs","Plastic Bottle","Opaque",NA,"N","AKDT"
"508",10000022,"Water","Surface Water","10000022-2025-07-23-Ca","2025-07-23","08:17:00.000000",NA,NA,60.483364,-151.057656,NA,"Field Msr/Obs",15,"cm",NA,NA,NA,NA,NA,1253728,"Calcium","200.8","USEPA",NA,23600,"ug/L","=","Sampled",NA,"Unfiltered","Actual",NA,NA,"Water Bottle",NA,"Limit of Quantitation",500,"ug/L","Method Detection Level",375,"ug/L",NA,"SGS",1253728011,"2025-07-28","11:55:00",NA,NA,"Cold packs","Plastic Bottle","Opaque",NA,"N","AKDT"
"509",10000023,"Water","Surface Water","10000023-2025-07-23-Ca","2025-07-23","09:00:00.000000",NA,NA,60.480338,-151.030847,NA,"Field Msr/Obs",15,"cm",NA,NA,NA,NA,NA,1253728,"Calcium","200.8","USEPA",NA,14000,"ug/L","=","Sampled",NA,"Unfiltered","Actual",NA,NA,"Water Bottle",NA,"Limit of Quantitation",500,"ug/L","Method Detection Level",375,"ug/L",NA,"SGS",1253728012,"2025-07-28","12:06:00",NA,NA,"Cold packs","Plastic Bottle","Opaque",NA,"N","AKDT"
"510",10000023,"Water","Surface Water","10000023-2025-07-23-Ca-DUP","2025-07-23","09:13:00.000000",NA,NA,60.480338,-151.030847,NA,"Quality Control Field Replicate Msr/Obs",15,"cm",NA,NA,NA,NA,NA,1253728,"Calcium","200.8","USEPA",NA,14300,"ug/L","=","Sampled",NA,"Unfiltered","Actual",NA,NA,"Water Bottle",NA,"Limit of Quantitation",500,"ug/L","Method Detection Level",375,"ug/L",NA,"SGS",1253728013,"2025-07-28","12:09:00",NA,NA,"Cold packs","Plastic Bottle","Opaque",NA,"N","AKDT"
"511",10000027,"Water","Surface Water","10000027-2025-07-23-Ca","2025-07-23","07:50:00.000000",NA,NA,60.515441,-150.702069,NA,"Field Msr/Obs",15,"cm",NA,NA,NA,NA,NA,1253728,"Calcium","200.8","USEPA",NA,13900,"ug/L","=","Sampled",NA,"Unfiltered","Actual",NA,NA,"Water Bottle",NA,"Limit of Quantitation",500,"ug/L","Method Detection Level",375,"ug/L",NA,"SGS",1253728017,"2025-07-28","12:21:00",NA,NA,"Cold packs","Plastic Bottle","Opaque",NA,"N","AKDT"
"512",10000027,"Water","Surface Water","10000027-2025-07-23-Mg","2025-07-23","07:50:00.000000",NA,NA,60.515441,-150.702069,NA,"Field Msr/Obs",15,"cm",NA,NA,NA,NA,NA,1253728,"Magnesium","200.8","USEPA",NA,992,"ug/L","=","Sampled",NA,"Unfiltered","Actual",NA,NA,"Water Bottle",NA,"Limit of Quantitation",50,"ug/L","Method Detection Level",37.5,"ug/L",NA,"SGS",1253728017,"2025-07-28","12:21:00",NA,NA,"Cold packs","Plastic Bottle","Opaque",NA,"N","AKDT"
"513",10000028,"Water","Surface Water","10000028-2025-07-23-Ca","2025-07-23","09:50:00.000000",NA,NA,60.489844,-150.636905,NA,"Field Msr/Obs",15,"cm",NA,NA,NA,NA,NA,1253728,"Calcium","200.8","USEPA",NA,13700,"ug/L","=","Sampled",NA,"Unfiltered","Actual",NA,NA,"Water Bottle",NA,"Limit of Quantitation",500,"ug/L","Method Detection Level",375,"ug/L",NA,"SGS",1253728018,"2025-07-28","14:10:00",NA,NA,"Cold packs","Plastic Bottle","Opaque",NA,"N","AKDT"
"514",10000028,"Water","Surface Water","10000028-2025-07-23-Fe","2025-07-23","09:50:00.000000",NA,NA,60.489844,-150.636905,NA,"Field Msr/Obs",15,"cm",NA,NA,NA,NA,NA,1253728,"Iron","200.8","USEPA",NA,327,"ug/L","=","Sampled",NA,"Unfiltered","Actual",NA,NA,"Water Bottle",NA,"Limit of Quantitation",250,"ug/L","Method Detection Level",188,"ug/L",NA,"SGS",1253728018,"2025-07-28","14:10:00",NA,NA,"Cold packs","Plastic Bottle","Opaque",NA,"N","AKDT"
"515",10000030,"Water","Surface Water","10000030-2025-07-23-Ca","2025-07-23","08:55:00.000000",NA,NA,60.467517,-150.507789,NA,"Field Msr/Obs",15,"cm",NA,NA,NA,NA,NA,1253728,"Calcium","200.8","USEPA",NA,14100,"ug/L","=","Sampled",NA,"Unfiltered","Actual",NA,NA,"Water Bottle",NA,"Limit of Quantitation",500,"ug/L","Method Detection Level",375,"ug/L",NA,"SGS",1253728020,"2025-07-28","14:19:00",NA,NA,"Cold packs","Plastic Bottle","Opaque",NA,"N","AKDT"
"516",10000030,"Water","Surface Water","10000030-2025-07-23-Mg","2025-07-23","08:55:00.000000",NA,NA,60.467517,-150.507789,NA,"Field Msr/Obs",15,"cm",NA,NA,NA,NA,NA,1253728,"Magnesium","200.8","USEPA",NA,920,"ug/L","=","Sampled",NA,"Unfiltered","Actual",NA,NA,"Water Bottle",NA,"Limit of Quantitation",50,"ug/L","Method Detection Level",37.5,"ug/L",NA,"SGS",1253728020,"2025-07-28","14:19:00",NA,NA,"Cold packs","Plastic Bottle","Opaque",NA,"N","AKDT"
"517",10000005,"Water","Surface Water","10000005-2025-07-23-Ca","2025-07-23","09:07:00.000000",NA,NA,60.54081,-151.18278,NA,"Field Msr/Obs",15,"cm",NA,NA,NA,NA,NA,1253728,"Calcium","200.8","USEPA",NA,14700,"ug/L","=","Sampled",NA,"Unfiltered","Actual",NA,NA,"Water Bottle",NA,"Limit of Quantitation",500,"ug/L","Method Detection Level",375,"ug/L",NA,"SGS",1253728003,"2025-07-28","11:31:00",NA,NA,"Cold packs","Plastic Bottle","Opaque",NA,"N","AKDT"
"518",10000031,"Water","Surface Water","10000031-2025-07-23-Ca","2025-07-23","10:55:00.000000",NA,NA,60.481392,-150.11502,NA,"Field Msr/Obs",15,"cm",NA,NA,NA,NA,NA,1253728,"Calcium","200.8","USEPA",NA,16800,"ug/L","=","Sampled",NA,"Unfiltered","Actual",NA,NA,"Water Bottle",NA,"Limit of Quantitation",500,"ug/L","Method Detection Level",375,"ug/L",NA,"SGS",1253728021,"2025-07-28","14:22:00",NA,NA,"Cold packs","Plastic Bottle","Opaque",NA,"N","AKDT"
"519",10000424,"Water","Surface Water","10000424-2025-07-23-Ca","2025-07-23","09:00:00.000000",NA,NA,60.489,-149.877,NA,"Field Msr/Obs",15,"cm",NA,NA,NA,NA,NA,1253728,"Calcium","200.8","USEPA",NA,15500,"ug/L","=","Sampled",NA,"Unfiltered","Actual",NA,NA,"Water Bottle",NA,"Limit of Quantitation",500,"ug/L","Method Detection Level",375,"ug/L",NA,"SGS",1253728024,"2025-07-28","14:40:00",NA,NA,"Cold packs","Plastic Bottle","Opaque",NA,"N","AKDT"
"520",10000424,"Water","Surface Water","10000424-2025-07-23-Mg","2025-07-23","09:00:00.000000",NA,NA,60.489,-149.877,NA,"Field Msr/Obs",15,"cm",NA,NA,NA,NA,NA,1253728,"Magnesium","200.8","USEPA",NA,990,"ug/L","=","Sampled",NA,"Unfiltered","Actual",NA,NA,"Water Bottle",NA,"Limit of Quantitation",50,"ug/L","Method Detection Level",37.5,"ug/L",NA,"SGS",1253728024,"2025-07-28","14:40:00",NA,NA,"Cold packs","Plastic Bottle","Opaque",NA,"N","AKDT"
"521",10000028,"Water","Surface Water","10000028-2025-07-23-Mg","2025-07-23","09:50:00.000000",NA,NA,60.489844,-150.636905,NA,"Field Msr/Obs",15,"cm",NA,NA,NA,NA,NA,1253728,"Magnesium","200.8","USEPA",NA,1030,"ug/L","=","Sampled",NA,"Unfiltered","Actual",NA,NA,"Water Bottle",NA,"Limit of Quantitation",50,"ug/L","Method Detection Level",37.5,"ug/L",NA,"SGS",1253728018,"2025-07-28","14:10:00",NA,NA,"Cold packs","Plastic Bottle","Opaque",NA,"N","AKDT"
"522",10000029,"Water","Surface Water","10000029-2025-07-23-Ca","2025-07-23","09:30:00.000000",NA,NA,60.481518,-150.632498,NA,"Field Msr/Obs",15,"cm",NA,NA,NA,NA,NA,1253728,"Calcium","200.8","USEPA",NA,6540,"ug/L","=","Sampled",NA,"Unfiltered","Actual",NA,NA,"Water Bottle",NA,"Limit of Quantitation",500,"ug/L","Method Detection Level",375,"ug/L",NA,"SGS",1253728019,"2025-07-28","14:16:00",NA,NA,"Cold packs","Plastic Bottle","Opaque",NA,"N","AKDT"
"523",10000029,"Water","Surface Water","10000029-2025-07-23-Fe","2025-07-23","09:30:00.000000",NA,NA,60.481518,-150.632498,NA,"Field Msr/Obs",15,"cm",NA,NA,NA,NA,NA,1253728,"Iron","200.8","USEPA",NA,821,"ug/L","=","Sampled",NA,"Unfiltered","Actual",NA,NA,"Water Bottle",NA,"Limit of Quantitation",250,"ug/L","Method Detection Level",188,"ug/L",NA,"SGS",1253728019,"2025-07-28","14:16:00",NA,NA,"Cold packs","Plastic Bottle","Opaque",NA,"N","AKDT"
"524",10000029,"Water","Surface Water","10000029-2025-07-23-Mg","2025-07-23","09:30:00.000000",NA,NA,60.481518,-150.632498,NA,"Field Msr/Obs",15,"cm",NA,NA,NA,NA,NA,1253728,"Magnesium","200.8","USEPA",NA,1100,"ug/L","=","Sampled",NA,"Unfiltered","Actual",NA,NA,"Water Bottle",NA,"Limit of Quantitation",50,"ug/L","Method Detection Level",37.5,"ug/L",NA,"SGS",1253728019,"2025-07-28","14:16:00",NA,NA,"Cold packs","Plastic Bottle","Opaque",NA,"N","AKDT"
"525",10000005,"Water","Surface Water","10000005-2025-07-23-Fe","2025-07-23","09:07:00.000000",NA,NA,60.54081,-151.18278,NA,"Field Msr/Obs",15,"cm",NA,NA,NA,NA,NA,1253728,"Iron","200.8","USEPA",NA,1240,"ug/L","=","Sampled",NA,"Unfiltered","Actual",NA,NA,"Water Bottle",NA,"Limit of Quantitation",250,"ug/L","Method Detection Level",188,"ug/L",NA,"SGS",1253728003,"2025-07-28","11:31:00",NA,NA,"Cold packs","Plastic Bottle","Opaque",NA,"N","AKDT"
"526",10000005,"Water","Surface Water","10000005-2025-07-23-Mg","2025-07-23","09:07:00.000000",NA,NA,60.54081,-151.18278,NA,"Field Msr/Obs",15,"cm",NA,NA,NA,NA,NA,1253728,"Magnesium","200.8","USEPA",NA,1480,"ug/L","=","Sampled",NA,"Unfiltered","Actual",NA,NA,"Water Bottle",NA,"Limit of Quantitation",50,"ug/L","Method Detection Level",37.5,"ug/L",NA,"SGS",1253728003,"2025-07-28","11:31:00",NA,NA,"Cold packs","Plastic Bottle","Opaque",NA,"N","AKDT"
"527",10000031,"Water","Surface Water","10000031-2025-07-23-Mg","2025-07-23","10:55:00.000000",NA,NA,60.481392,-150.11502,NA,"Field Msr/Obs",15,"cm",NA,NA,NA,NA,NA,1253728,"Magnesium","200.8","USEPA",NA,1090,"ug/L","=","Sampled",NA,"Unfiltered","Actual",NA,NA,"Water Bottle",NA,"Limit of Quantitation",50,"ug/L","Method Detection Level",37.5,"ug/L",NA,"SGS",1253728021,"2025-07-28","14:22:00",NA,NA,"Cold packs","Plastic Bottle","Opaque",NA,"N","AKDT"
"528",10000032,"Water","Surface Water","10000032-2025-07-23-Ca","2025-07-23","10:05:00.000000",NA,NA,60.484622,-149.993955,NA,"Field Msr/Obs",15,"cm",NA,NA,NA,NA,NA,1253728,"Calcium","200.8","USEPA",NA,18200,"ug/L","=","Sampled",NA,"Unfiltered","Actual",NA,NA,"Water Bottle",NA,"Limit of Quantitation",500,"ug/L","Method Detection Level",375,"ug/L",NA,"SGS",1253728022,"2025-07-28","14:25:00",NA,NA,"Cold packs","Plastic Bottle","Opaque",NA,"N","AKDT"
"529",10000032,"Water","Surface Water","10000032-2025-07-23-Mg","2025-07-23","10:05:00.000000",NA,NA,60.484622,-149.993955,NA,"Field Msr/Obs",15,"cm",NA,NA,NA,NA,NA,1253728,"Magnesium","200.8","USEPA",NA,1020,"ug/L","=","Sampled",NA,"Unfiltered","Actual",NA,NA,"Water Bottle",NA,"Limit of Quantitation",50,"ug/L","Method Detection Level",37.5,"ug/L",NA,"SGS",1253728022,"2025-07-28","14:25:00",NA,NA,"Cold packs","Plastic Bottle","Opaque",NA,"N","AKDT"
"530",10000425,"Water","Surface Water","10000425-2025-07-23-Ca","2025-07-23","08:15:00.000000",NA,NA,60.492007,-149.810844,NA,"Field Msr/Obs",15,"cm",NA,NA,NA,NA,NA,1253728,"Calcium","200.8","USEPA",NA,17500,"ug/L","=","Sampled",NA,"Unfiltered","Actual",NA,NA,"Water Bottle",NA,"Limit of Quantitation",500,"ug/L","Method Detection Level",375,"ug/L",NA,"SGS",1253728023,"2025-07-28","14:37:00",NA,NA,"Cold packs","Plastic Bottle","Opaque",NA,"N","AKDT"
"531",10000425,"Water","Surface Water","10000425-2025-07-23-Mg","2025-07-23","08:15:00.000000",NA,NA,60.492007,-149.810844,NA,"Field Msr/Obs",15,"cm",NA,NA,NA,NA,NA,1253728,"Magnesium","200.8","USEPA",NA,1140,"ug/L","=","Sampled",NA,"Unfiltered","Actual",NA,NA,"Water Bottle",NA,"Limit of Quantitation",50,"ug/L","Method Detection Level",37.5,"ug/L",NA,"SGS",1253728023,"2025-07-28","14:37:00",NA,NA,"Cold packs","Plastic Bottle","Opaque",NA,"N","AKDT"
"532",10000002,"Water","Surface Water","10000002-2025-07-23-o-Xylene-Blank","2025-07-23","09:50:00.000000",NA,NA,60.54368,-151.22294,NA,"Quality Control Sample-Trip Blank",15,"cm",NA,NA,NA,NA,NA,1253728,"o-Xylene","8260D","USEPA",NA,0,"ug/L","U","Sampled",NA,NA,"Actual",NA,NA,"Water Bottle","Not Detected","Limit of Quantitation",1,"ug/L","Method Detection Level",0.75,"ug/L",NA,"SGS",1253728028,"2025-07-24","19:14:00",NA,NA,"Cold packs",NA,NA,NA,"N","AKDT"
"533",10000005,"Water","Surface Water","10000005-2025-07-23-o-Xylene-Blank","2025-07-23","09:50:00.000000",NA,NA,60.54081,-151.18278,NA,"Quality Control Sample-Trip Blank",15,"cm",NA,NA,NA,NA,NA,1253728,"o-Xylene","8260D","USEPA",NA,0,"ug/L","U","Sampled",NA,NA,"Actual",NA,NA,"Water Bottle","Not Detected","Limit of Quantitation",1,"ug/L","Method Detection Level",0.75,"ug/L",NA,"SGS",1253728028,"2025-07-24","19:14:00",NA,NA,"Cold packs",NA,NA,NA,"N","AKDT"
"534",10000002,"Water","Surface Water","10000002-2025-07-23-P & M -Xylene-Blank","2025-07-23","09:50:00.000000",NA,NA,60.54368,-151.22294,NA,"Quality Control Sample-Trip Blank",15,"cm",NA,NA,NA,NA,NA,1253728,"P & M -Xylene","8260D","USEPA",NA,0,"ug/L","U","Sampled",NA,NA,"Actual",NA,NA,"Water Bottle","Not Detected","Limit of Quantitation",2,"ug/L","Method Detection Level",1.5,"ug/L",NA,"SGS",1253728028,"2025-07-24","19:14:00",NA,NA,"Cold packs",NA,NA,NA,"N","AKDT"
"535",10000005,"Water","Surface Water","10000005-2025-07-23-P & M -Xylene-Blank","2025-07-23","09:50:00.000000",NA,NA,60.54081,-151.18278,NA,"Quality Control Sample-Trip Blank",15,"cm",NA,NA,NA,NA,NA,1253728,"P & M -Xylene","8260D","USEPA",NA,0,"ug/L","U","Sampled",NA,NA,"Actual",NA,NA,"Water Bottle","Not Detected","Limit of Quantitation",2,"ug/L","Method Detection Level",1.5,"ug/L",NA,"SGS",1253728028,"2025-07-24","19:14:00",NA,NA,"Cold packs",NA,NA,NA,"N","AKDT"
"536",10000002,"Water","Surface Water","10000002-2025-07-23-Toluene-Blank","2025-07-23","09:50:00.000000",NA,NA,60.54368,-151.22294,NA,"Quality Control Sample-Trip Blank",15,"cm",NA,NA,NA,NA,NA,1253728,"Toluene","8260D","USEPA",NA,0,"ug/L","U","Sampled",NA,NA,"Actual",NA,NA,"Water Bottle","Not Detected","Limit of Quantitation",1,"ug/L","Method Detection Level",0.75,"ug/L",NA,"SGS",1253728028,"2025-07-24","19:14:00",NA,NA,"Cold packs",NA,NA,NA,"N","AKDT"
"537",10000005,"Water","Surface Water","10000005-2025-07-23-Toluene-Blank","2025-07-23","09:50:00.000000",NA,NA,60.54081,-151.18278,NA,"Quality Control Sample-Trip Blank",15,"cm",NA,NA,NA,NA,NA,1253728,"Toluene","8260D","USEPA",NA,0,"ug/L","U","Sampled",NA,NA,"Actual",NA,NA,"Water Bottle","Not Detected","Limit of Quantitation",1,"ug/L","Method Detection Level",0.75,"ug/L",NA,"SGS",1253728028,"2025-07-24","19:14:00",NA,NA,"Cold packs",NA,NA,NA,"N","AKDT"
"538",10000002,"Water","Surface Water","10000002-2025-07-23-Xylenes (total)-Blank","2025-07-23","09:50:00.000000",NA,NA,60.54368,-151.22294,NA,"Quality Control Sample-Trip Blank",15,"cm",NA,NA,NA,NA,NA,1253728,"Xylenes (total)","8260D","USEPA",NA,0,"ug/L","U","Sampled",NA,NA,"Actual",NA,NA,"Water Bottle","Not Detected","Limit of Quantitation",3,"ug/L","Method Detection Level",2.25,"ug/L",NA,"SGS",1253728028,"2025-07-24","19:14:00",NA,NA,"Cold packs",NA,NA,NA,"N","AKDT"
"539",10000005,"Water","Surface Water","10000005-2025-07-23-Xylenes (total)-Blank","2025-07-23","09:50:00.000000",NA,NA,60.54081,-151.18278,NA,"Quality Control Sample-Trip Blank",15,"cm",NA,NA,NA,NA,NA,1253728,"Xylenes (total)","8260D","USEPA",NA,0,"ug/L","U","Sampled",NA,NA,"Actual",NA,NA,"Water Bottle","Not Detected","Limit of Quantitation",3,"ug/L","Method Detection Level",2.25,"ug/L",NA,"SGS",1253728028,"2025-07-24","19:14:00",NA,NA,"Cold packs",NA,NA,NA,"N","AKDT"
"540",10000002,"Water","Surface Water","10000002-2025-07-23-Benzene-Blank","2025-07-23","09:50:00.000000",NA,NA,60.54368,-151.22294,NA,"Quality Control Sample-Trip Blank",15,"cm",NA,NA,NA,NA,NA,1253728,"Benzene","8260D","USEPA",NA,0,"ug/L","U","Sampled",NA,NA,"Actual",NA,NA,"Water Bottle","Not Detected","Limit of Quantitation",0.4,"ug/L","Method Detection Level",0.3,"ug/L",NA,"SGS",1253728028,"2025-07-24","19:14:00",NA,NA,"Cold packs",NA,NA,NA,"N","AKDT"
"541",10000005,"Water","Surface Water","10000005-2025-07-23-Benzene-Blank","2025-07-23","09:50:00.000000",NA,NA,60.54081,-151.18278,NA,"Quality Control Sample-Trip Blank",15,"cm",NA,NA,NA,NA,NA,1253728,"Benzene","8260D","USEPA",NA,0,"ug/L","U","Sampled",NA,NA,"Actual",NA,NA,"Water Bottle","Not Detected","Limit of Quantitation",0.4,"ug/L","Method Detection Level",0.3,"ug/L",NA,"SGS",1253728028,"2025-07-24","19:14:00",NA,NA,"Cold packs",NA,NA,NA,"N","AKDT"
"542",10000002,"Water","Surface Water","10000002-2025-07-23-Ethylbenzene-Blank","2025-07-23","09:50:00.000000",NA,NA,60.54368,-151.22294,NA,"Quality Control Sample-Trip Blank",15,"cm",NA,NA,NA,NA,NA,1253728,"Ethylbenzene","8260D","USEPA",NA,0,"ug/L","U","Sampled",NA,NA,"Actual",NA,NA,"Water Bottle","Not Detected","Limit of Quantitation",1,"ug/L","Method Detection Level",0.75,"ug/L",NA,"SGS",1253728028,"2025-07-24","19:14:00",NA,NA,"Cold packs",NA,NA,NA,"N","AKDT"
"543",10000005,"Water","Surface Water","10000005-2025-07-23-Ethylbenzene-Blank","2025-07-23","09:50:00.000000",NA,NA,60.54081,-151.18278,NA,"Quality Control Sample-Trip Blank",15,"cm",NA,NA,NA,NA,NA,1253728,"Ethylbenzene","8260D","USEPA",NA,0,"ug/L","U","Sampled",NA,NA,"Actual",NA,NA,"Water Bottle","Not Detected","Limit of Quantitation",1,"ug/L","Method Detection Level",0.75,"ug/L",NA,"SGS",1253728028,"2025-07-24","19:14:00",NA,NA,"Cold packs",NA,NA,NA,"N","AKDT"
"544",10000027,"Water","Surface Water","10000027-2025-07-23-Benzene-Blank","2025-07-23","09:07:00.000000",NA,NA,60.515441,-150.702069,NA,"Quality Control Sample-Trip Blank",15,"cm",NA,NA,NA,NA,NA,1253728,"Benzene","8260D","USEPA",NA,0,"ug/L","U","Sampled",NA,NA,"Actual",NA,NA,"Water Bottle","Not Detected","Limit of Quantitation",0.4,"ug/L","Method Detection Level",0.3,"ug/L",NA,"SGS",1253728027,"2025-07-24","18:59:00",NA,NA,"Cold packs",NA,NA,NA,"N","AKDT"
"545",10000028,"Water","Surface Water","10000028-2025-07-23-Benzene-Blank","2025-07-23","09:07:00.000000",NA,NA,60.489844,-150.636905,NA,"Quality Control Sample-Trip Blank",15,"cm",NA,NA,NA,NA,NA,1253728,"Benzene","8260D","USEPA",NA,0,"ug/L","U","Sampled",NA,NA,"Actual",NA,NA,"Water Bottle","Not Detected","Limit of Quantitation",0.4,"ug/L","Method Detection Level",0.3,"ug/L",NA,"SGS",1253728027,"2025-07-24","18:59:00",NA,NA,"Cold packs",NA,NA,NA,"N","AKDT"
"546",10000027,"Water","Surface Water","10000027-2025-07-23-Ethylbenzene-Blank","2025-07-23","09:07:00.000000",NA,NA,60.515441,-150.702069,NA,"Quality Control Sample-Trip Blank",15,"cm",NA,NA,NA,NA,NA,1253728,"Ethylbenzene","8260D","USEPA",NA,0,"ug/L","U","Sampled",NA,NA,"Actual",NA,NA,"Water Bottle","Not Detected","Limit of Quantitation",1,"ug/L","Method Detection Level",0.75,"ug/L",NA,"SGS",1253728027,"2025-07-24","18:59:00",NA,NA,"Cold packs",NA,NA,NA,"N","AKDT"
"547",10000028,"Water","Surface Water","10000028-2025-07-23-Ethylbenzene-Blank","2025-07-23","09:07:00.000000",NA,NA,60.489844,-150.636905,NA,"Quality Control Sample-Trip Blank",15,"cm",NA,NA,NA,NA,NA,1253728,"Ethylbenzene","8260D","USEPA",NA,0,"ug/L","U","Sampled",NA,NA,"Actual",NA,NA,"Water Bottle","Not Detected","Limit of Quantitation",1,"ug/L","Method Detection Level",0.75,"ug/L",NA,"SGS",1253728027,"2025-07-24","18:59:00",NA,NA,"Cold packs",NA,NA,NA,"N","AKDT"
"548",10000027,"Water","Surface Water","10000027-2025-07-23-o-Xylene-Blank","2025-07-23","09:07:00.000000",NA,NA,60.515441,-150.702069,NA,"Quality Control Sample-Trip Blank",15,"cm",NA,NA,NA,NA,NA,1253728,"o-Xylene","8260D","USEPA",NA,0,"ug/L","U","Sampled",NA,NA,"Actual",NA,NA,"Water Bottle","Not Detected","Limit of Quantitation",1,"ug/L","Method Detection Level",0.75,"ug/L",NA,"SGS",1253728027,"2025-07-24","18:59:00",NA,NA,"Cold packs",NA,NA,NA,"N","AKDT"
"549",10000028,"Water","Surface Water","10000028-2025-07-23-o-Xylene-Blank","2025-07-23","09:07:00.000000",NA,NA,60.489844,-150.636905,NA,"Quality Control Sample-Trip Blank",15,"cm",NA,NA,NA,NA,NA,1253728,"o-Xylene","8260D","USEPA",NA,0,"ug/L","U","Sampled",NA,NA,"Actual",NA,NA,"Water Bottle","Not Detected","Limit of Quantitation",1,"ug/L","Method Detection Level",0.75,"ug/L",NA,"SGS",1253728027,"2025-07-24","18:59:00",NA,NA,"Cold packs",NA,NA,NA,"N","AKDT"
"550",10000027,"Water","Surface Water","10000027-2025-07-23-P & M -Xylene-Blank","2025-07-23","09:07:00.000000",NA,NA,60.515441,-150.702069,NA,"Quality Control Sample-Trip Blank",15,"cm",NA,NA,NA,NA,NA,1253728,"P & M -Xylene","8260D","USEPA",NA,0,"ug/L","U","Sampled",NA,NA,"Actual",NA,NA,"Water Bottle","Not Detected","Limit of Quantitation",2,"ug/L","Method Detection Level",1.5,"ug/L",NA,"SGS",1253728027,"2025-07-24","18:59:00",NA,NA,"Cold packs",NA,NA,NA,"N","AKDT"
"551",10000028,"Water","Surface Water","10000028-2025-07-23-P & M -Xylene-Blank","2025-07-23","09:07:00.000000",NA,NA,60.489844,-150.636905,NA,"Quality Control Sample-Trip Blank",15,"cm",NA,NA,NA,NA,NA,1253728,"P & M -Xylene","8260D","USEPA",NA,0,"ug/L","U","Sampled",NA,NA,"Actual",NA,NA,"Water Bottle","Not Detected","Limit of Quantitation",2,"ug/L","Method Detection Level",1.5,"ug/L",NA,"SGS",1253728027,"2025-07-24","18:59:00",NA,NA,"Cold packs",NA,NA,NA,"N","AKDT"
"552",10000027,"Water","Surface Water","10000027-2025-07-23-Toluene-Blank","2025-07-23","09:07:00.000000",NA,NA,60.515441,-150.702069,NA,"Quality Control Sample-Trip Blank",15,"cm",NA,NA,NA,NA,NA,1253728,"Toluene","8260D","USEPA",NA,0,"ug/L","U","Sampled",NA,NA,"Actual",NA,NA,"Water Bottle","Not Detected","Limit of Quantitation",1,"ug/L","Method Detection Level",0.75,"ug/L",NA,"SGS",1253728027,"2025-07-24","18:59:00",NA,NA,"Cold packs",NA,NA,NA,"N","AKDT"
"553",10000028,"Water","Surface Water","10000028-2025-07-23-Toluene-Blank","2025-07-23","09:07:00.000000",NA,NA,60.489844,-150.636905,NA,"Quality Control Sample-Trip Blank",15,"cm",NA,NA,NA,NA,NA,1253728,"Toluene","8260D","USEPA",NA,0,"ug/L","U","Sampled",NA,NA,"Actual",NA,NA,"Water Bottle","Not Detected","Limit of Quantitation",1,"ug/L","Method Detection Level",0.75,"ug/L",NA,"SGS",1253728027,"2025-07-24","18:59:00",NA,NA,"Cold packs",NA,NA,NA,"N","AKDT"
"554",10000027,"Water","Surface Water","10000027-2025-07-23-Xylenes (total)-Blank","2025-07-23","09:07:00.000000",NA,NA,60.515441,-150.702069,NA,"Quality Control Sample-Trip Blank",15,"cm",NA,NA,NA,NA,NA,1253728,"Xylenes (total)","8260D","USEPA",NA,0,"ug/L","U","Sampled",NA,NA,"Actual",NA,NA,"Water Bottle","Not Detected","Limit of Quantitation",3,"ug/L","Method Detection Level",2.25,"ug/L",NA,"SGS",1253728027,"2025-07-24","18:59:00",NA,NA,"Cold packs",NA,NA,NA,"N","AKDT"
"555",10000028,"Water","Surface Water","10000028-2025-07-23-Xylenes (total)-Blank","2025-07-23","09:07:00.000000",NA,NA,60.489844,-150.636905,NA,"Quality Control Sample-Trip Blank",15,"cm",NA,NA,NA,NA,NA,1253728,"Xylenes (total)","8260D","USEPA",NA,0,"ug/L","U","Sampled",NA,NA,"Actual",NA,NA,"Water Bottle","Not Detected","Limit of Quantitation",3,"ug/L","Method Detection Level",2.25,"ug/L",NA,"SGS",1253728027,"2025-07-24","18:59:00",NA,NA,"Cold packs",NA,NA,NA,"N","AKDT"
"556",10000002,"Water","Surface Water","10000002-2025-07-23-NA-Blank","2025-07-23","09:50:00.000000",NA,NA,60.54368,-151.22294,NA,"Quality Control Sample-Trip Blank",15,"cm",NA,NA,NA,NA,NA,1253728,"Toluene-d8 (surr)","8260D","USEPA",NA,98.7,"%","=","Sampled",NA,NA,"Actual",NA,NA,"Water Bottle",NA,"Limit of Quantitation",0,"%","Method Detection Level",0,"%",NA,"SGS",1253728028,"2025-07-24","19:14:00",NA,NA,"Cold packs",NA,NA,NA,"N","AKDT"
"557",10000005,"Water","Surface Water","10000005-2025-07-23-NA-Blank","2025-07-23","09:50:00.000000",NA,NA,60.54081,-151.18278,NA,"Quality Control Sample-Trip Blank",15,"cm",NA,NA,NA,NA,NA,1253728,"Toluene-d8 (surr)","8260D","USEPA",NA,98.7,"%","=","Sampled",NA,NA,"Actual",NA,NA,"Water Bottle",NA,"Limit of Quantitation",0,"%","Method Detection Level",0,"%",NA,"SGS",1253728028,"2025-07-24","19:14:00",NA,NA,"Cold packs",NA,NA,NA,"N","AKDT"
"558",10000002,"Water","Surface Water","10000002-2025-07-23-NA-Blank","2025-07-23","09:50:00.000000",NA,NA,60.54368,-151.22294,NA,"Quality Control Sample-Trip Blank",15,"cm",NA,NA,NA,NA,NA,1253728,"1,2-Dichloroethane-D4 (surr)","8260D","USEPA",NA,118,"%","=","Sampled",NA,NA,"Actual",NA,NA,"Water Bottle",NA,"Limit of Quantitation",0,"%","Method Detection Level",0,"%",NA,"SGS",1253728028,"2025-07-24","19:14:00",NA,NA,"Cold packs",NA,NA,NA,"N","AKDT"
"559",10000005,"Water","Surface Water","10000005-2025-07-23-NA-Blank","2025-07-23","09:50:00.000000",NA,NA,60.54081,-151.18278,NA,"Quality Control Sample-Trip Blank",15,"cm",NA,NA,NA,NA,NA,1253728,"1,2-Dichloroethane-D4 (surr)","8260D","USEPA",NA,118,"%","=","Sampled",NA,NA,"Actual",NA,NA,"Water Bottle",NA,"Limit of Quantitation",0,"%","Method Detection Level",0,"%",NA,"SGS",1253728028,"2025-07-24","19:14:00",NA,NA,"Cold packs",NA,NA,NA,"N","AKDT"
"560",10000002,"Water","Surface Water","10000002-2025-07-23-NA-Blank","2025-07-23","09:50:00.000000",NA,NA,60.54368,-151.22294,NA,"Quality Control Sample-Trip Blank",15,"cm",NA,NA,NA,NA,NA,1253728,"4-Bromofluorobenzene (surr)","8260D","USEPA",NA,98.6,"%","=","Sampled",NA,NA,"Actual",NA,NA,"Water Bottle",NA,"Limit of Quantitation",0,"%","Method Detection Level",0,"%",NA,"SGS",1253728028,"2025-07-24","19:14:00",NA,NA,"Cold packs",NA,NA,NA,"N","AKDT"
"561",10000005,"Water","Surface Water","10000005-2025-07-23-NA-Blank","2025-07-23","09:50:00.000000",NA,NA,60.54081,-151.18278,NA,"Quality Control Sample-Trip Blank",15,"cm",NA,NA,NA,NA,NA,1253728,"4-Bromofluorobenzene (surr)","8260D","USEPA",NA,98.6,"%","=","Sampled",NA,NA,"Actual",NA,NA,"Water Bottle",NA,"Limit of Quantitation",0,"%","Method Detection Level",0,"%",NA,"SGS",1253728028,"2025-07-24","19:14:00",NA,NA,"Cold packs",NA,NA,NA,"N","AKDT"
"562",10000027,"Water","Surface Water","10000027-2025-07-23-NA-Blank","2025-07-23","09:07:00.000000",NA,NA,60.515441,-150.702069,NA,"Quality Control Sample-Trip Blank",15,"cm",NA,NA,NA,NA,NA,1253728,"1,2-Dichloroethane-D4 (surr)","8260D","USEPA",NA,105,"%","=","Sampled",NA,NA,"Actual",NA,NA,"Water Bottle",NA,"Limit of Quantitation",0,"%","Method Detection Level",0,"%",NA,"SGS",1253728027,"2025-07-24","18:59:00",NA,NA,"Cold packs",NA,NA,NA,"N","AKDT"
"563",10000028,"Water","Surface Water","10000028-2025-07-23-NA-Blank","2025-07-23","09:07:00.000000",NA,NA,60.489844,-150.636905,NA,"Quality Control Sample-Trip Blank",15,"cm",NA,NA,NA,NA,NA,1253728,"1,2-Dichloroethane-D4 (surr)","8260D","USEPA",NA,105,"%","=","Sampled",NA,NA,"Actual",NA,NA,"Water Bottle",NA,"Limit of Quantitation",0,"%","Method Detection Level",0,"%",NA,"SGS",1253728027,"2025-07-24","18:59:00",NA,NA,"Cold packs",NA,NA,NA,"N","AKDT"
"564",10000027,"Water","Surface Water","10000027-2025-07-23-NA-Blank","2025-07-23","09:07:00.000000",NA,NA,60.515441,-150.702069,NA,"Quality Control Sample-Trip Blank",15,"cm",NA,NA,NA,NA,NA,1253728,"4-Bromofluorobenzene (surr)","8260D","USEPA",NA,104,"%","=","Sampled",NA,NA,"Actual",NA,NA,"Water Bottle",NA,"Limit of Quantitation",0,"%","Method Detection Level",0,"%",NA,"SGS",1253728027,"2025-07-24","18:59:00",NA,NA,"Cold packs",NA,NA,NA,"N","AKDT"
"565",10000028,"Water","Surface Water","10000028-2025-07-23-NA-Blank","2025-07-23","09:07:00.000000",NA,NA,60.489844,-150.636905,NA,"Quality Control Sample-Trip Blank",15,"cm",NA,NA,NA,NA,NA,1253728,"4-Bromofluorobenzene (surr)","8260D","USEPA",NA,104,"%","=","Sampled",NA,NA,"Actual",NA,NA,"Water Bottle",NA,"Limit of Quantitation",0,"%","Method Detection Level",0,"%",NA,"SGS",1253728027,"2025-07-24","18:59:00",NA,NA,"Cold packs",NA,NA,NA,"N","AKDT"
"566",10000027,"Water","Surface Water","10000027-2025-07-23-NA-Blank","2025-07-23","09:07:00.000000",NA,NA,60.515441,-150.702069,NA,"Quality Control Sample-Trip Blank",15,"cm",NA,NA,NA,NA,NA,1253728,"Toluene-d8 (surr)","8260D","USEPA",NA,101,"%","=","Sampled",NA,NA,"Actual",NA,NA,"Water Bottle",NA,"Limit of Quantitation",0,"%","Method Detection Level",0,"%",NA,"SGS",1253728027,"2025-07-24","18:59:00",NA,NA,"Cold packs",NA,NA,NA,"N","AKDT"
"567",10000028,"Water","Surface Water","10000028-2025-07-23-NA-Blank","2025-07-23","09:07:00.000000",NA,NA,60.489844,-150.636905,NA,"Quality Control Sample-Trip Blank",15,"cm",NA,NA,NA,NA,NA,1253728,"Toluene-d8 (surr)","8260D","USEPA",NA,101,"%","=","Sampled",NA,NA,"Actual",NA,NA,"Water Bottle",NA,"Limit of Quantitation",0,"%","Method Detection Level",0,"%",NA,"SGS",1253728027,"2025-07-24","18:59:00",NA,NA,"Cold packs",NA,NA,NA,"N","AKDT"
"568",10000008,"Water","Surface Water","10000008-2025-04-30-FC","2025-04-30","09:49:00.000000",NA,NA,60.550888,-151.268417,NA,"Field Msr/Obs",15,"cm",NA,NA,NA,NA,NA,NA,"Fecal Coliform","9222D","APHA",NA,0,"MPN/100ml","U","Sampled","Count","None","Actual",NA,NA,"Water Bottle","Not Detected","Limit of Quantitation",NA,"MPN/100ml","Method Detection Level",NA,"MPN/100ml",NA,"SWWTP",2,"2025-05-01","00:00:00",NA,NA,"Cold packs",NA,NA,NA,"N","AKDT"
"569",10000002,"Water","Surface Water","10000002-2025-04-30-FC","2025-04-30","10:23:00.000000",NA,NA,60.54368,-151.22294,NA,"Field Msr/Obs",15,"cm",NA,NA,NA,NA,NA,NA,"Fecal Coliform","9222D","APHA",NA,10,"MPN/100ml","=","Sampled","Count","None","Actual",NA,NA,"Water Bottle",NA,"Limit of Quantitation",NA,"MPN/100ml","Method Detection Level",NA,"MPN/100ml",NA,"SWWTP",3,"2025-05-01","00:00:00",NA,NA,"Cold packs",NA,NA,NA,"N","AKDT"
"570",10000015,"Water","Surface Water","10000015-2025-04-30-FC","2025-04-30","09:50:00.000000",NA,NA,60.548029,-151.14324,NA,"Field Msr/Obs",15,"cm",NA,NA,NA,NA,NA,NA,"Fecal Coliform","9222D","APHA",NA,164,"MPN/100ml","=","Sampled","Count","None","Actual",NA,NA,"Water Bottle",NA,"Limit of Quantitation",NA,"MPN/100ml","Method Detection Level",NA,"MPN/100ml",NA,"SWWTP",5,"2025-05-01","00:00:00",NA,NA,"Cold packs",NA,NA,NA,"N","AKDT"
"571",10000017,"Water","Surface Water","10000017-2025-04-30-FC","2025-04-30","10:15:00.000000",NA,NA,60.533743,-151.099258,NA,"Field Msr/Obs",15,"cm",NA,NA,NA,NA,NA,NA,"Fecal Coliform","9222D","APHA",NA,1,"MPN/100ml","=","Sampled","Count","None","Actual",NA,NA,"Water Bottle",NA,"Limit of Quantitation",NA,"MPN/100ml","Method Detection Level",NA,"MPN/100ml",NA,"SWWTP",7,"2025-05-01","00:00:00",NA,NA,"Cold packs",NA,NA,NA,"N","AKDT"
"572",10000018,"Water","Surface Water","10000018-2025-04-30-FC","2025-04-30","10:47:00.000000",NA,NA,60.502005,-151.106973,NA,"Field Msr/Obs",15,"cm",NA,NA,NA,NA,NA,NA,"Fecal Coliform","9222D","APHA",NA,2,"MPN/100ml","=","Sampled","Count","None","Actual",NA,NA,"Water Bottle",NA,"Limit of Quantitation",NA,"MPN/100ml","Method Detection Level",NA,"MPN/100ml",NA,"SWWTP",8,"2025-05-01","00:00:00",NA,NA,"Cold packs",NA,NA,NA,"N","AKDT"
"573",10000018,"Water","Surface Water","10000018-2025-04-30-FC-DUP","2025-04-30","10:47:00.000000",NA,NA,60.502005,-151.106973,NA,"Quality Control Field Replicate Msr/Obs",15,"cm",NA,NA,NA,NA,NA,NA,"Fecal Coliform","9222D","APHA",NA,5,"MPN/100ml","=","Sampled","Count","None","Actual",NA,NA,"Water Bottle",NA,"Limit of Quantitation",NA,"MPN/100ml","Method Detection Level",NA,"MPN/100ml",NA,"SWWTP",9,"2025-05-01","00:00:00",NA,NA,"Cold packs",NA,NA,NA,"N","AKDT"
"574",10000020,"Water","Surface Water","10000020-2025-04-30-FC","2025-04-30","09:58:00.000000",NA,NA,60.48175453,-151.1306816,NA,"Field Msr/Obs",15,"cm",NA,NA,NA,NA,NA,NA,"Fecal Coliform","9222D","APHA",NA,17,"MPN/100ml","=","Sampled","Count","None","Actual",NA,NA,"Water Bottle",NA,"Limit of Quantitation",NA,"MPN/100ml","Method Detection Level",NA,"MPN/100ml",NA,"SWWTP",11,"2025-05-01","00:00:00",NA,NA,"Cold packs",NA,NA,NA,"N","AKDT"
"575",10000021,"Water","Surface Water","10000021-2025-04-30-FC","2025-04-30","09:32:00.000000",NA,NA,60.476634,-151.082099,NA,"Field Msr/Obs",15,"cm",NA,NA,NA,NA,NA,NA,"Fecal Coliform","9222D","APHA",NA,0,"MPN/100ml","U","Sampled","Count","None","Actual",NA,NA,"Water Bottle","Not Detected","Limit of Quantitation",NA,"MPN/100ml","Method Detection Level",NA,"MPN/100ml",NA,"SWWTP",12,"2025-05-01","00:00:00",NA,NA,"Cold packs",NA,NA,NA,"N","AKDT"
"576",10000022,"Water","Surface Water","10000022-2025-04-30-FC","2025-04-30","10:30:00.000000",NA,NA,60.483364,-151.057656,NA,"Field Msr/Obs",15,"cm",NA,NA,NA,NA,NA,NA,"Fecal Coliform","9222D","APHA",NA,16,"MPN/100ml","=","Sampled","Count","None","Actual",NA,NA,"Water Bottle",NA,"Limit of Quantitation",NA,"MPN/100ml","Method Detection Level",NA,"MPN/100ml",NA,"SWWTP",13,"2025-05-01","00:00:00",NA,NA,"Cold packs",NA,NA,NA,"N","AKDT"
"577",10000022,"Water","Surface Water","10000022-2025-04-30-FC-DUP","2025-04-30","10:42:00.000000",NA,NA,60.483364,-151.057656,NA,"Quality Control Field Replicate Msr/Obs",15,"cm",NA,NA,NA,NA,NA,NA,"Fecal Coliform","9222D","APHA",NA,14,"MPN/100ml","=","Sampled","Count","None","Actual",NA,NA,"Water Bottle",NA,"Limit of Quantitation",NA,"MPN/100ml","Method Detection Level",NA,"MPN/100ml",NA,"SWWTP",14,"2025-05-01","00:00:00",NA,NA,"Cold packs",NA,NA,NA,"N","AKDT"
"578",10000023,"Water","Surface Water","10000023-2025-04-30-FC","2025-04-30","09:06:00.000000",NA,NA,60.480338,-151.030847,NA,"Field Msr/Obs",15,"cm",NA,NA,NA,NA,NA,NA,"Fecal Coliform","9222D","APHA",NA,1,"MPN/100ml","=","Sampled","Count","None","Actual",NA,NA,"Water Bottle",NA,"Limit of Quantitation",NA,"MPN/100ml","Method Detection Level",NA,"MPN/100ml",NA,"SWWTP",15,"2025-05-01","00:00:00",NA,NA,"Cold packs",NA,NA,NA,"N","AKDT"
"579",10000024,"Water","Surface Water","10000024-2025-04-30-FC","2025-04-30","10:26:00.000000",NA,NA,60.489963,-150.860982,NA,"Field Msr/Obs",15,"cm",NA,NA,NA,NA,NA,NA,"Fecal Coliform","9222D","APHA",NA,1,"MPN/100ml","=","Sampled","Count","None","Actual",NA,NA,"Water Bottle",NA,"Limit of Quantitation",NA,"MPN/100ml","Method Detection Level",NA,"MPN/100ml",NA,"SWWTP",16,"2025-05-01","00:00:00",NA,NA,"Cold packs",NA,NA,NA,"N","AKDT"
"580",10000025,"Water","Surface Water","10000025-2025-04-30-FC","2025-04-30","10:26:00.000000",NA,NA,60.498284,-150.863121,NA,"Field Msr/Obs",15,"cm",NA,NA,NA,NA,NA,NA,"Fecal Coliform","9222D","APHA",NA,1,"MPN/100ml","=","Sampled","Count","None","Actual",NA,NA,"Water Bottle",NA,"Limit of Quantitation",NA,"MPN/100ml","Method Detection Level",NA,"MPN/100ml",NA,"SWWTP",17,"2025-05-01","00:00:00",NA,NA,"Cold packs",NA,NA,NA,"N","AKDT"
"581",10000026,"Water","Surface Water","10000026-2025-04-30-FC","2025-04-30","11:05:00.000000",NA,NA,60.53687,-150.754724,NA,"Field Msr/Obs",15,"cm",NA,NA,NA,NA,NA,NA,"Fecal Coliform","9222D","APHA",NA,7,"MPN/100ml","=","Sampled","Count","None","Actual",NA,NA,"Water Bottle",NA,"Limit of Quantitation",NA,"MPN/100ml","Method Detection Level",NA,"MPN/100ml",NA,"SWWTP",18,"2025-05-01","00:00:00",NA,NA,"Cold packs",NA,NA,NA,"N","AKDT"
"582",10000027,"Water","Surface Water","10000027-2025-04-30-FC","2025-04-30","09:20:00.000000",NA,NA,60.515441,-150.702069,NA,"Field Msr/Obs",15,"cm",NA,NA,NA,NA,NA,NA,"Fecal Coliform","9222D","APHA",NA,1,"MPN/100ml","=","Sampled","Count","None","Actual",NA,NA,"Water Bottle",NA,"Limit of Quantitation",NA,"MPN/100ml","Method Detection Level",NA,"MPN/100ml",NA,"SWWTP",20,"2025-05-01","00:00:00",NA,NA,"Cold packs",NA,NA,NA,"N","AKDT"
"583",10000028,"Water","Surface Water","10000028-2025-04-30-FC","2025-04-30","09:48:00.000000",NA,NA,60.489844,-150.636905,NA,"Field Msr/Obs",15,"cm",NA,NA,NA,NA,NA,NA,"Fecal Coliform","9222D","APHA",NA,0,"MPN/100ml","U","Sampled","Count","None","Actual",NA,NA,"Water Bottle","Not Detected","Limit of Quantitation",NA,"MPN/100ml","Method Detection Level",NA,"MPN/100ml",NA,"SWWTP",21,"2025-05-01","00:00:00",NA,NA,"Cold packs",NA,NA,NA,"N","AKDT"
"584",10000029,"Water","Surface Water","10000029-2025-04-30-FC","2025-04-30","09:12:00.000000",NA,NA,60.481518,-150.632498,NA,"Field Msr/Obs",15,"cm",NA,NA,NA,NA,NA,NA,"Fecal Coliform","9222D","APHA",NA,1,"MPN/100ml","=","Sampled","Count","None","Actual",NA,NA,"Water Bottle",NA,"Limit of Quantitation",NA,"MPN/100ml","Method Detection Level",NA,"MPN/100ml",NA,"SWWTP",22,"2025-05-01","00:00:00",NA,NA,"Cold packs",NA,NA,NA,"N","AKDT"
"585",10000030,"Water","Surface Water","10000030-2025-04-30-FC","2025-04-30","09:25:00.000000",NA,NA,60.467517,-150.507789,NA,"Field Msr/Obs",15,"cm",NA,NA,NA,NA,NA,NA,"Fecal Coliform","9222D","APHA",NA,0,"MPN/100ml","U","Sampled","Count","None","Actual",NA,NA,"Water Bottle","Not Detected","Limit of Quantitation",NA,"MPN/100ml","Method Detection Level",NA,"MPN/100ml",NA,"SWWTP",23,"2025-05-01","00:00:00",NA,NA,"Cold packs",NA,NA,NA,"N","AKDT"
"586",10000031,"Water","Surface Water","10000031-2025-04-30-FC","2025-04-30","10:45:00.000000",NA,NA,60.481392,-150.11502,NA,"Field Msr/Obs",15,"cm",NA,NA,NA,NA,NA,NA,"Fecal Coliform","9222D","APHA",NA,0,"MPN/100ml","U","Sampled","Count","None","Actual",NA,NA,"Water Bottle","Not Detected","Limit of Quantitation",NA,"MPN/100ml","Method Detection Level",NA,"MPN/100ml",NA,"SWWTP",24,"2025-05-01","00:00:00",NA,NA,"Cold packs",NA,NA,NA,"N","AKDT"
"587",10000032,"Water","Surface Water","10000032-2025-04-30-FC","2025-04-30","10:05:00.000000",NA,NA,60.484622,-149.993955,NA,"Field Msr/Obs",15,"cm",NA,NA,NA,NA,NA,NA,"Fecal Coliform","9222D","APHA",NA,0,"MPN/100ml","U","Sampled","Count","None","Actual",NA,NA,"Water Bottle","Not Detected","Limit of Quantitation",NA,"MPN/100ml","Method Detection Level",NA,"MPN/100ml",NA,"SWWTP",25,"2025-05-01","00:00:00",NA,NA,"Cold packs",NA,NA,NA,"N","AKDT"
"588",10000424,"Water","Surface Water","10000424-2025-04-30-FC","2025-04-30","09:05:00.000000",NA,NA,60.489,-149.877,NA,"Field Msr/Obs",15,"cm",NA,NA,NA,NA,NA,NA,"Fecal Coliform","9222D","APHA",NA,0,"MPN/100ml","U","Sampled","Count","None","Actual",NA,NA,"Water Bottle","Not Detected","Limit of Quantitation",NA,"MPN/100ml","Method Detection Level",NA,"MPN/100ml",NA,"SWWTP",26,"2025-05-01","00:00:00",NA,NA,"Cold packs",NA,NA,NA,"N","AKDT"
"589",10000425,"Water","Surface Water","10000425-2025-04-30-FC","2025-04-30","08:15:00.000000",NA,NA,60.492007,-149.810844,NA,"Field Msr/Obs",15,"cm",NA,NA,NA,NA,NA,NA,"Fecal Coliform","9222D","APHA",NA,0,"MPN/100ml","U","Sampled","Count","None","Actual",NA,NA,"Water Bottle","Not Detected","Limit of Quantitation",NA,"MPN/100ml","Method Detection Level",NA,"MPN/100ml",NA,"SWWTP",27,"2025-05-01","00:00:00",NA,NA,"Cold packs",NA,NA,NA,"N","AKDT"
"590",10000008,"Water","Surface Water","10000008-2025-07-23-FC","2025-07-23","10:57:00.000000",NA,NA,60.550888,-151.268417,NA,"Field Msr/Obs",15,"cm",NA,NA,NA,NA,NA,NA,"Fecal Coliform","9222D","APHA",NA,73,"MPN/100ml","=","Sampled","Count","None","Actual",NA,NA,"Water Bottle",NA,"Limit of Quantitation",NA,"MPN/100ml","Method Detection Level",NA,"MPN/100ml",NA,"SWWTP",2,"2025-07-24","00:00:00",NA,NA,"Cold packs",NA,NA,NA,"N","AKDT"
"591",10000002,"Water","Surface Water","10000002-2025-07-23-FC","2025-07-23","10:00:00.000000",NA,NA,60.54368,-151.22294,NA,"Field Msr/Obs",15,"cm",NA,NA,NA,NA,NA,NA,"Fecal Coliform","9222D","APHA",NA,180,"MPN/100ml","=","Sampled","Count","None","Actual",NA,NA,"Water Bottle",NA,"Limit of Quantitation",NA,"MPN/100ml","Method Detection Level",NA,"MPN/100ml",NA,"SWWTP",3,"2025-07-24","00:00:00",NA,NA,"Cold packs",NA,NA,NA,"N","AKDT"
"592",10000005,"Water","Surface Water","10000005-2025-07-23-FC","2025-07-23","09:07:00.000000",NA,NA,60.54081,-151.18278,NA,"Field Msr/Obs",15,"cm",NA,NA,NA,NA,NA,NA,"Fecal Coliform","9222D","APHA",NA,400,"MPN/100ml","=","Sampled","Count","None","Actual",NA,NA,"Water Bottle",NA,"Limit of Quantitation",NA,"MPN/100ml","Method Detection Level",NA,"MPN/100ml",NA,"SWWTP",4,"2025-07-24","00:00:00",NA,NA,"Cold packs",NA,NA,NA,"N","AKDT"
"593",10000015,"Water","Surface Water","10000015-2025-07-23-FC","2025-07-23","09:28:00.000000",NA,NA,60.548029,-151.14324,NA,"Field Msr/Obs",15,"cm",NA,NA,NA,NA,NA,NA,"Fecal Coliform","9222D","APHA",NA,45,"MPN/100ml","=","Sampled","Count","None","Actual",NA,NA,"Water Bottle",NA,"Limit of Quantitation",NA,"MPN/100ml","Method Detection Level",NA,"MPN/100ml",NA,"SWWTP",5,"2025-07-24","00:00:00",NA,NA,"Cold packs",NA,NA,NA,"N","AKDT"
"594",10000015,"Water","Surface Water","10000015-2025-07-23-FC-DUP","2025-07-23","09:40:00.000000",NA,NA,60.548029,-151.14324,NA,"Quality Control Field Replicate Msr/Obs",15,"cm",NA,NA,NA,NA,NA,NA,"Fecal Coliform","9222D","APHA",NA,57,"MPN/100ml","=","Sampled","Count","None","Actual",NA,NA,"Water Bottle",NA,"Limit of Quantitation",NA,"MPN/100ml","Method Detection Level",NA,"MPN/100ml",NA,"SWWTP",6,"2025-07-24","00:00:00",NA,NA,"Cold packs",NA,NA,NA,"N","AKDT"
"595",10000016,"Water","Surface Water","10000016-2025-07-23-FC","2025-07-23","10:05:00.000000",NA,NA,60.539279,-151.142263,NA,"Field Msr/Obs",15,"cm",NA,NA,NA,NA,NA,NA,"Fecal Coliform","9222D","APHA",NA,2,"MPN/100ml","=","Sampled","Count","None","Actual",NA,NA,"Water Bottle",NA,"Limit of Quantitation",NA,"MPN/100ml","Method Detection Level",NA,"MPN/100ml",NA,"SWWTP",7,"2025-07-24","00:00:00",NA,NA,"Cold packs",NA,NA,NA,"N","AKDT"
"596",10000017,"Water","Surface Water","10000017-2025-07-23-FC","2025-07-23","10:25:00.000000",NA,NA,60.533743,-151.099258,NA,"Field Msr/Obs",15,"cm",NA,NA,NA,NA,NA,NA,"Fecal Coliform","9222D","APHA",NA,0,"MPN/100ml","U","Sampled","Count","None","Actual",NA,NA,"Water Bottle","Not Detected","Limit of Quantitation",NA,"MPN/100ml","Method Detection Level",NA,"MPN/100ml",NA,"SWWTP",8,"2025-07-24","00:00:00",NA,NA,"Cold packs",NA,NA,NA,"N","AKDT"
"597",10000018,"Water","Surface Water","10000018-2025-07-23-FC","2025-07-23","10:57:00.000000",NA,NA,60.502005,-151.106973,NA,"Field Msr/Obs",15,"cm",NA,NA,NA,NA,NA,NA,"Fecal Coliform","9222D","APHA",NA,1,"MPN/100ml","=","Sampled","Count","None","Actual",NA,NA,"Water Bottle",NA,"Limit of Quantitation",NA,"MPN/100ml","Method Detection Level",NA,"MPN/100ml",NA,"SWWTP",9,"2025-07-24","00:00:00",NA,NA,"Cold packs",NA,NA,NA,"N","AKDT"
"598",10000020,"Water","Surface Water","10000020-2025-07-23-FC","2025-07-23","10:11:00.000000",NA,NA,60.48175453,-151.1306816,NA,"Field Msr/Obs",15,"cm",NA,NA,NA,NA,NA,NA,"Fecal Coliform","9222D","APHA",NA,53,"MPN/100ml","=","Sampled","Count","None","Actual",NA,NA,"Water Bottle",NA,"Limit of Quantitation",NA,"MPN/100ml","Method Detection Level",NA,"MPN/100ml",NA,"SWWTP",11,"2025-07-24","00:00:00",NA,NA,"Cold packs",NA,NA,NA,"N","AKDT"
"599",10000021,"Water","Surface Water","10000021-2025-07-23-FC","2025-07-23","09:42:00.000000",NA,NA,60.476634,-151.082099,NA,"Field Msr/Obs",15,"cm",NA,NA,NA,NA,NA,NA,"Fecal Coliform","9222D","APHA",NA,0,"MPN/100ml","U","Sampled","Count","None","Actual",NA,NA,"Water Bottle","Not Detected","Limit of Quantitation",NA,"MPN/100ml","Method Detection Level",NA,"MPN/100ml",NA,"SWWTP",12,"2025-07-24","00:00:00",NA,NA,"Cold packs",NA,NA,NA,"N","AKDT"
"600",10000022,"Water","Surface Water","10000022-2025-07-23-FC","2025-07-23","08:17:00.000000",NA,NA,60.483364,-151.057656,NA,"Field Msr/Obs",15,"cm",NA,NA,NA,NA,NA,NA,"Fecal Coliform","9222D","APHA",NA,35,"MPN/100ml","=","Sampled","Count","None","Actual",NA,NA,"Water Bottle",NA,"Limit of Quantitation",NA,"MPN/100ml","Method Detection Level",NA,"MPN/100ml",NA,"SWWTP",13,"2025-07-24","00:00:00",NA,NA,"Cold packs",NA,NA,NA,"N","AKDT"
"601",10000023,"Water","Surface Water","10000023-2025-07-23-FC","2025-07-23","09:00:00.000000",NA,NA,60.480338,-151.030847,NA,"Field Msr/Obs",15,"cm",NA,NA,NA,NA,NA,NA,"Fecal Coliform","9222D","APHA",NA,0,"MPN/100ml","U","Sampled","Count","None","Actual",NA,NA,"Water Bottle","Not Detected","Limit of Quantitation",NA,"MPN/100ml","Method Detection Level",NA,"MPN/100ml",NA,"SWWTP",14,"2025-07-24","00:00:00",NA,NA,"Cold packs",NA,NA,NA,"N","AKDT"
"602",10000023,"Water","Surface Water","10000023-2025-07-23-FC-DUP","2025-07-23","09:13:00.000000",NA,NA,60.480338,-151.030847,NA,"Quality Control Field Replicate Msr/Obs",15,"cm",NA,NA,NA,NA,NA,NA,"Fecal Coliform","9222D","APHA",NA,4,"MPN/100ml","=","Sampled","Count","None","Actual",NA,NA,"Water Bottle",NA,"Limit of Quantitation",NA,"MPN/100ml","Method Detection Level",NA,"MPN/100ml",NA,"SWWTP",15,"2025-07-24","00:00:00",NA,NA,"Cold packs",NA,NA,NA,"N","AKDT"
"603",10000024,"Water","Surface Water","10000024-2025-07-23-FC","2025-07-23","08:55:00.000000",NA,NA,60.489963,-150.860982,NA,"Field Msr/Obs",15,"cm",NA,NA,NA,NA,NA,NA,"Fecal Coliform","9222D","APHA",NA,4,"MPN/100ml","=","Sampled","Count","None","Actual",NA,NA,"Water Bottle",NA,"Limit of Quantitation",NA,"MPN/100ml","Method Detection Level",NA,"MPN/100ml",NA,"SWWTP",16,"2025-07-24","00:00:00",NA,NA,"Cold packs",NA,NA,NA,"N","AKDT"
"604",10000025,"Water","Surface Water","10000025-2025-07-23-FC","2025-07-23","10:30:00.000000",NA,NA,60.498284,-150.863121,NA,"Field Msr/Obs",15,"cm",NA,NA,NA,NA,NA,NA,"Fecal Coliform","9222D","APHA",NA,1,"MPN/100ml","=","Sampled","Count","None","Actual",NA,NA,"Water Bottle",NA,"Limit of Quantitation",NA,"MPN/100ml","Method Detection Level",NA,"MPN/100ml",NA,"SWWTP",17,"2025-07-24","00:00:00",NA,NA,"Cold packs",NA,NA,NA,"N","AKDT"
"605",10000026,"Water","Surface Water","10000026-2025-07-23-FC","2025-07-23","09:50:00.000000",NA,NA,60.53687,-150.754724,NA,"Field Msr/Obs",15,"cm",NA,NA,NA,NA,NA,NA,"Fecal Coliform","9222D","APHA",NA,4,"MPN/100ml","=","Sampled","Count","None","Actual",NA,NA,"Water Bottle",NA,"Limit of Quantitation",NA,"MPN/100ml","Method Detection Level",NA,"MPN/100ml",NA,"SWWTP",18,"2025-07-24","00:00:00",NA,NA,"Cold packs",NA,NA,NA,"N","AKDT"
"606",10000027,"Water","Surface Water","10000027-2025-07-23-FC","2025-07-23","07:50:00.000000",NA,NA,60.515441,-150.702069,NA,"Field Msr/Obs",15,"cm",NA,NA,NA,NA,NA,NA,"Fecal Coliform","9222D","APHA",NA,7,"MPN/100ml","=","Sampled","Count","None","Actual",NA,NA,"Water Bottle",NA,"Limit of Quantitation",NA,"MPN/100ml","Method Detection Level",NA,"MPN/100ml",NA,"SWWTP",20,"2025-07-24","00:00:00",NA,NA,"Cold packs",NA,NA,NA,"N","AKDT"
"607",10000028,"Water","Surface Water","10000028-2025-07-23-FC","2025-07-23","09:50:00.000000",NA,NA,60.489844,-150.636905,NA,"Field Msr/Obs",15,"cm",NA,NA,NA,NA,NA,NA,"Fecal Coliform","9222D","APHA",NA,2,"MPN/100ml","=","Sampled","Count","None","Actual",NA,NA,"Water Bottle",NA,"Limit of Quantitation",NA,"MPN/100ml","Method Detection Level",NA,"MPN/100ml",NA,"SWWTP",21,"2025-07-24","00:00:00",NA,NA,"Cold packs",NA,NA,NA,"N","AKDT"
"608",10000029,"Water","Surface Water","10000029-2025-07-23-FC","2025-07-23","09:30:00.000000",NA,NA,60.481518,-150.632498,NA,"Field Msr/Obs",15,"cm",NA,NA,NA,NA,NA,NA,"Fecal Coliform","9222D","APHA",NA,14,"MPN/100ml","=","Sampled","Count","None","Actual",NA,NA,"Water Bottle",NA,"Limit of Quantitation",NA,"MPN/100ml","Method Detection Level",NA,"MPN/100ml",NA,"SWWTP",22,"2025-07-24","00:00:00",NA,NA,"Cold packs",NA,NA,NA,"N","AKDT"
"609",10000030,"Water","Surface Water","10000030-2025-07-23-FC","2025-07-23","08:55:00.000000",NA,NA,60.467517,-150.507789,NA,"Field Msr/Obs",15,"cm",NA,NA,NA,NA,NA,NA,"Fecal Coliform","9222D","APHA",NA,0,"MPN/100ml","U","Sampled","Count","None","Actual",NA,NA,"Water Bottle","Not Detected","Limit of Quantitation",NA,"MPN/100ml","Method Detection Level",NA,"MPN/100ml",NA,"SWWTP",23,"2025-07-24","00:00:00",NA,NA,"Cold packs",NA,NA,NA,"N","AKDT"
"610",10000031,"Water","Surface Water","10000031-2025-07-23-FC","2025-07-23","10:55:00.000000",NA,NA,60.481392,-150.11502,NA,"Field Msr/Obs",15,"cm",NA,NA,NA,NA,NA,NA,"Fecal Coliform","9222D","APHA",NA,0,"MPN/100ml","U","Sampled","Count","None","Actual",NA,NA,"Water Bottle","Not Detected","Limit of Quantitation",NA,"MPN/100ml","Method Detection Level",NA,"MPN/100ml",NA,"SWWTP",24,"2025-07-24","00:00:00",NA,NA,"Cold packs",NA,NA,NA,"N","AKDT"
"611",10000032,"Water","Surface Water","10000032-2025-07-23-FC","2025-07-23","10:05:00.000000",NA,NA,60.484622,-149.993955,NA,"Field Msr/Obs",15,"cm",NA,NA,NA,NA,NA,NA,"Fecal Coliform","9222D","APHA",NA,2,"MPN/100ml","=","Sampled","Count","None","Actual",NA,NA,"Water Bottle",NA,"Limit of Quantitation",NA,"MPN/100ml","Method Detection Level",NA,"MPN/100ml",NA,"SWWTP",25,"2025-07-24","00:00:00",NA,NA,"Cold packs",NA,NA,NA,"N","AKDT"
"612",10000424,"Water","Surface Water","10000424-2025-07-23-FC","2025-07-23","09:00:00.000000",NA,NA,60.489,-149.877,NA,"Field Msr/Obs",15,"cm",NA,NA,NA,NA,NA,NA,"Fecal Coliform","9222D","APHA",NA,0,"MPN/100ml","U","Sampled","Count","None","Actual",NA,NA,"Water Bottle","Not Detected","Limit of Quantitation",NA,"MPN/100ml","Method Detection Level",NA,"MPN/100ml",NA,"SWWTP",26,"2025-07-24","00:00:00",NA,NA,"Cold packs",NA,NA,NA,"N","AKDT"
"613",10000425,"Water","Surface Water","10000425-2025-07-23-FC","2025-07-23","08:15:00.000000",NA,NA,60.492007,-149.810844,NA,"Field Msr/Obs",15,"cm",NA,NA,NA,NA,NA,NA,"Fecal Coliform","9222D","APHA",NA,0,"MPN/100ml","U","Sampled","Count","None","Actual",NA,NA,"Water Bottle","Not Detected","Limit of Quantitation",NA,"MPN/100ml","Method Detection Level",NA,"MPN/100ml",NA,"SWWTP",27,"2025-07-24","00:00:00",NA,NA,"Cold packs",NA,NA,NA,"N","AKDT"
"614",10000008,"Water","Surface Water","10000008-2025-04-30-TSS","2025-04-30","09:49:00.000000",NA,NA,60.550888,-151.268417,NA,"Field Msr/Obs",15,"cm",NA,NA,NA,NA,NA,NA,"Total suspended solids","2540-D","APHA",NA,15.0000000000002,"mg/L","=","Sampled",NA,"Suspended","Actual",NA,NA,"Water Bottle",NA,"Limit of Quantitation",1,"mg/L","Method Detection Level",0.5,"mg/L",NA,"SWWTP",1,"2025-05-01","00:00:00",NA,NA,"Cold packs",NA,NA,NA,"N","AKDT"
"615",10000002,"Water","Surface Water","10000002-2025-04-30-TSS","2025-04-30","10:23:00.000000",NA,NA,60.54368,-151.22294,NA,"Field Msr/Obs",15,"cm",NA,NA,NA,NA,NA,NA,"Total suspended solids","2540-D","APHA",NA,493,"mg/L","=","Sampled",NA,"Suspended","Actual",NA,NA,"Water Bottle",NA,"Limit of Quantitation",1,"mg/L","Method Detection Level",0.5,"mg/L",NA,"SWWTP",2,"2025-05-01","00:00:00",NA,NA,"Cold packs",NA,NA,NA,"N","AKDT"
"616",10000005,"Water","Surface Water","10000005-2025-04-30-TSS","2025-04-30",NA,NA,NA,60.54081,-151.18278,NA,"Field Msr/Obs",15,"cm",NA,NA,NA,NA,NA,NA,"Total suspended solids","2540-D","APHA",NA,NA,"mg/L","U","Sampled",NA,"Suspended","Actual",NA,NA,"Water Bottle","Not Detected","Limit of Quantitation",1,"mg/L","Method Detection Level",0.5,"mg/L",NA,"SWWTP",3,"2025-05-01","00:00:00",NA,NA,"Cold packs",NA,NA,NA,"N","AKDT"
"617",10000015,"Water","Surface Water","10000015-2025-04-30-TSS","2025-04-30","09:50:00.000000",NA,NA,60.548029,-151.14324,NA,"Field Msr/Obs",15,"cm",NA,NA,NA,NA,NA,NA,"Total suspended solids","2540-D","APHA",NA,51.0000000000002,"mg/L","=","Sampled",NA,"Suspended","Actual",NA,NA,"Water Bottle",NA,"Limit of Quantitation",1,"mg/L","Method Detection Level",0.5,"mg/L",NA,"SWWTP",4,"2025-05-01","00:00:00",NA,NA,"Cold packs",NA,NA,NA,"N","AKDT"
"618",10000016,"Water","Surface Water","10000016-2025-04-30-TSS","2025-04-30",NA,NA,NA,60.539279,-151.142263,NA,"Field Msr/Obs",15,"cm",NA,NA,NA,NA,NA,NA,"Total suspended solids","2540-D","APHA",NA,NA,"mg/L","U","Sampled",NA,"Suspended","Actual",NA,NA,"Water Bottle","Not Detected","Limit of Quantitation",1,"mg/L","Method Detection Level",0.5,"mg/L",NA,"SWWTP",5,"2025-05-01","00:00:00",NA,NA,"Cold packs",NA,NA,NA,"N","AKDT"
"619",10000017,"Water","Surface Water","10000017-2025-04-30-TSS","2025-04-30","10:15:00.000000",NA,NA,60.533743,-151.099258,NA,"Field Msr/Obs",15,"cm",NA,NA,NA,NA,NA,NA,"Total suspended solids","2540-D","APHA",NA,5,"mg/L","=","Sampled",NA,"Suspended","Actual",NA,NA,"Water Bottle",NA,"Limit of Quantitation",1,"mg/L","Method Detection Level",0.5,"mg/L",NA,"SWWTP",6,"2025-05-01","00:00:00",NA,NA,"Cold packs",NA,NA,NA,"N","AKDT"
"620",10000018,"Water","Surface Water","10000018-2025-04-30-TSS","2025-04-30","10:47:00.000000",NA,NA,60.502005,-151.106973,NA,"Field Msr/Obs",15,"cm",NA,NA,NA,NA,NA,NA,"Total suspended solids","2540-D","APHA",NA,1.33333333333333,"mg/L","=","Sampled",NA,"Suspended","Actual",NA,NA,"Water Bottle",NA,"Limit of Quantitation",1,"mg/L","Method Detection Level",0.5,"mg/L",NA,"SWWTP",7,"2025-05-01","00:00:00",NA,NA,"Cold packs",NA,NA,NA,"N","AKDT"
"621",10000018,"Water","Surface Water","10000018-2025-04-30-TSS-DUP","2025-04-30","10:47:00.000000",NA,NA,60.502005,-151.106973,NA,"Quality Control Field Replicate Msr/Obs",15,"cm",NA,NA,NA,NA,NA,NA,"Total suspended solids","2540-D","APHA",NA,7.00000000000002,"mg/L","=","Sampled",NA,"Suspended","Actual",NA,NA,"Water Bottle",NA,"Limit of Quantitation",1,"mg/L","Method Detection Level",0.5,"mg/L",NA,"SWWTP",8,"2025-05-01","00:00:00",NA,NA,"Cold packs",NA,NA,NA,"N","AKDT"
"622",10000020,"Water","Surface Water","10000020-2025-04-30-TSS","2025-04-30","09:58:00.000000",NA,NA,60.48175453,-151.1306816,NA,"Field Msr/Obs",15,"cm",NA,NA,NA,NA,NA,NA,"Total suspended solids","2540-D","APHA",NA,9.33333333333328,"mg/L","=","Sampled",NA,"Suspended","Actual",NA,NA,"Water Bottle",NA,"Limit of Quantitation",1,"mg/L","Method Detection Level",0.5,"mg/L",NA,"SWWTP",9,"2025-05-01","00:00:00",NA,NA,"Cold packs",NA,NA,NA,"N","AKDT"
"623",10000021,"Water","Surface Water","10000021-2025-04-30-TSS","2025-04-30","09:32:00.000000",NA,NA,60.476634,-151.082099,NA,"Field Msr/Obs",15,"cm",NA,NA,NA,NA,NA,NA,"Total suspended solids","2540-D","APHA",NA,2.33333333333335,"mg/L","=","Sampled",NA,"Suspended","Actual",NA,NA,"Water Bottle",NA,"Limit of Quantitation",1,"mg/L","Method Detection Level",0.5,"mg/L",NA,"SWWTP",10,"2025-05-01","00:00:00",NA,NA,"Cold packs",NA,NA,NA,"N","AKDT"
"624",10000022,"Water","Surface Water","10000022-2025-04-30-TSS","2025-04-30","10:30:00.000000",NA,NA,60.483364,-151.057656,NA,"Field Msr/Obs",15,"cm",NA,NA,NA,NA,NA,NA,"Total suspended solids","2540-D","APHA",NA,7.33333333333336,"mg/L","=","Sampled",NA,"Suspended","Actual",NA,NA,"Water Bottle",NA,"Limit of Quantitation",1,"mg/L","Method Detection Level",0.5,"mg/L",NA,"SWWTP",11,"2025-05-01","00:00:00",NA,NA,"Cold packs",NA,NA,NA,"N","AKDT"
"625",10000022,"Water","Surface Water","10000022-2025-04-30-TSS-DUP","2025-04-30","10:42:00.000000",NA,NA,60.483364,-151.057656,NA,"Quality Control Field Replicate Msr/Obs",15,"cm",NA,NA,NA,NA,NA,NA,"Total suspended solids","2540-D","APHA",NA,8.99999999999998,"mg/L","=","Sampled",NA,"Suspended","Actual",NA,NA,"Water Bottle",NA,"Limit of Quantitation",1,"mg/L","Method Detection Level",0.5,"mg/L",NA,"SWWTP",12,"2025-05-01","00:00:00",NA,NA,"Cold packs",NA,NA,NA,"N","AKDT"
"626",10000023,"Water","Surface Water","10000023-2025-04-30-TSS","2025-04-30","09:06:00.000000",NA,NA,60.480338,-151.030847,NA,"Field Msr/Obs",15,"cm",NA,NA,NA,NA,NA,NA,"Total suspended solids","2540-D","APHA",NA,2.00000000000001,"mg/L","=","Sampled",NA,"Suspended","Actual",NA,NA,"Water Bottle",NA,"Limit of Quantitation",1,"mg/L","Method Detection Level",0.5,"mg/L",NA,"SWWTP",13,"2025-05-01","00:00:00",NA,NA,"Cold packs",NA,NA,NA,"N","AKDT"
"627",10000024,"Water","Surface Water","10000024-2025-04-30-TSS","2025-04-30","10:26:00.000000",NA,NA,60.489963,-150.860982,NA,"Field Msr/Obs",15,"cm",NA,NA,NA,NA,NA,NA,"Total suspended solids","2540-D","APHA",NA,22,"mg/L","=","Sampled",NA,"Suspended","Actual",NA,NA,"Water Bottle",NA,"Limit of Quantitation",1,"mg/L","Method Detection Level",0.5,"mg/L",NA,"SWWTP",14,"2025-05-01","00:00:00",NA,NA,"Cold packs",NA,NA,NA,"N","AKDT"
"628",10000025,"Water","Surface Water","10000025-2025-04-30-TSS","2025-04-30","10:26:00.000000",NA,NA,60.498284,-150.863121,NA,"Field Msr/Obs",15,"cm",NA,NA,NA,NA,NA,NA,"Total suspended solids","2540-D","APHA",NA,3.99999999999998,"mg/L","=","Sampled",NA,"Suspended","Actual",NA,NA,"Water Bottle",NA,"Limit of Quantitation",1,"mg/L","Method Detection Level",0.5,"mg/L",NA,"SWWTP",15,"2025-05-01","00:00:00",NA,NA,"Cold packs",NA,NA,NA,"N","AKDT"
"629",10000026,"Water","Surface Water","10000026-2025-04-30-TSS","2025-04-30","11:05:00.000000",NA,NA,60.53687,-150.754724,NA,"Field Msr/Obs",15,"cm",NA,NA,NA,NA,NA,NA,"Total suspended solids","2540-D","APHA",NA,5.66666666666664,"mg/L","=","Sampled",NA,"Suspended","Actual",NA,NA,"Water Bottle",NA,"Limit of Quantitation",1,"mg/L","Method Detection Level",0.5,"mg/L",NA,"SWWTP",16,"2025-05-01","00:00:00",NA,NA,"Cold packs",NA,NA,NA,"N","AKDT"
"630",10000027,"Water","Surface Water","10000027-2025-04-30-TSS","2025-04-30","09:20:00.000000",NA,NA,60.515441,-150.702069,NA,"Field Msr/Obs",15,"cm",NA,NA,NA,NA,NA,NA,"Total suspended solids","2540-D","APHA",NA,2.33333333333331,"mg/L","=","Sampled",NA,"Suspended","Actual",NA,NA,"Water Bottle",NA,"Limit of Quantitation",1,"mg/L","Method Detection Level",0.5,"mg/L",NA,"SWWTP",17,"2025-05-01","00:00:00",NA,NA,"Cold packs",NA,NA,NA,"N","AKDT"
"631",10000028,"Water","Surface Water","10000028-2025-04-30-TSS","2025-04-30","09:48:00.000000",NA,NA,60.489844,-150.636905,NA,"Field Msr/Obs",15,"cm",NA,NA,NA,NA,NA,NA,"Total suspended solids","2540-D","APHA",NA,0.666666666666686,"mg/L","J","Sampled",NA,"Suspended","Actual",NA,NA,"Water Bottle","Present Below Quantification Limit","Limit of Quantitation",1,"mg/L","Method Detection Level",0.5,"mg/L",NA,"SWWTP",18,"2025-05-01","00:00:00",NA,NA,"Cold packs",NA,NA,NA,"N","AKDT"
"632",10000029,"Water","Surface Water","10000029-2025-04-30-TSS","2025-04-30","09:12:00.000000",NA,NA,60.481518,-150.632498,NA,"Field Msr/Obs",15,"cm",NA,NA,NA,NA,NA,NA,"Total suspended solids","2540-D","APHA",NA,3.00000000000004,"mg/L","=","Sampled",NA,"Suspended","Actual",NA,NA,"Water Bottle",NA,"Limit of Quantitation",1,"mg/L","Method Detection Level",0.5,"mg/L",NA,"SWWTP",19,"2025-05-01","00:00:00",NA,NA,"Cold packs",NA,NA,NA,"N","AKDT"
"633",10000030,"Water","Surface Water","10000030-2025-04-30-TSS","2025-04-30","09:25:00.000000",NA,NA,60.467517,-150.507789,NA,"Field Msr/Obs",15,"cm",NA,NA,NA,NA,NA,NA,"Total suspended solids","2540-D","APHA",NA,1.99999999999996,"mg/L","=","Sampled",NA,"Suspended","Actual",NA,NA,"Water Bottle",NA,"Limit of Quantitation",1,"mg/L","Method Detection Level",0.5,"mg/L",NA,"SWWTP",20,"2025-05-01","00:00:00",NA,NA,"Cold packs",NA,NA,NA,"N","AKDT"
"634",10000031,"Water","Surface Water","10000031-2025-04-30-TSS","2025-04-30","10:45:00.000000",NA,NA,60.481392,-150.11502,NA,"Field Msr/Obs",15,"cm",NA,NA,NA,NA,NA,NA,"Total suspended solids","2540-D","APHA",NA,0.599999999999989,"mg/L","J","Sampled",NA,"Suspended","Actual",NA,NA,"Water Bottle","Present Below Quantification Limit","Limit of Quantitation",1,"mg/L","Method Detection Level",0.5,"mg/L",NA,"SWWTP",21,"2025-05-01","00:00:00",NA,NA,"Cold packs",NA,NA,NA,"N","AKDT"
"635",10000032,"Water","Surface Water","10000032-2025-04-30-TSS","2025-04-30","10:05:00.000000",NA,NA,60.484622,-149.993955,NA,"Field Msr/Obs",15,"cm",NA,NA,NA,NA,NA,NA,"Total suspended solids","2540-D","APHA",NA,0.666666666666639,"mg/L","J","Sampled",NA,"Suspended","Actual",NA,NA,"Water Bottle","Present Below Quantification Limit","Limit of Quantitation",1,"mg/L","Method Detection Level",0.5,"mg/L",NA,"SWWTP",22,"2025-05-01","00:00:00",NA,NA,"Cold packs",NA,NA,NA,"N","AKDT"
"636",10000424,"Water","Surface Water","10000424-2025-04-30-TSS","2025-04-30","09:05:00.000000",NA,NA,60.489,-149.877,NA,"Field Msr/Obs",15,"cm",NA,NA,NA,NA,NA,NA,"Total suspended solids","2540-D","APHA",NA,0.666666666666686,"mg/L","J","Sampled",NA,"Suspended","Actual",NA,NA,"Water Bottle","Present Below Quantification Limit","Limit of Quantitation",1,"mg/L","Method Detection Level",0.5,"mg/L",NA,"SWWTP",23,"2025-05-01","00:00:00",NA,NA,"Cold packs",NA,NA,NA,"N","AKDT"
"637",10000425,"Water","Surface Water","10000425-2025-04-30-TSS","2025-04-30","08:15:00.000000",NA,NA,60.492007,-149.810844,NA,"Field Msr/Obs",15,"cm",NA,NA,NA,NA,NA,NA,"Total suspended solids","2540-D","APHA",NA,NA,"mg/L","U","Sampled",NA,"Suspended","Actual",NA,NA,"Water Bottle","Not Detected","Limit of Quantitation",1,"mg/L","Method Detection Level",0.5,"mg/L",NA,"SWWTP",24,"2025-05-01","00:00:00",NA,NA,"Cold packs",NA,NA,NA,"N","AKDT"
"638",10000008,"Water","Surface Water","10000008-2025-07-23-TSS","2025-07-23","10:57:00.000000",NA,NA,60.550888,-151.268417,NA,"Field Msr/Obs",15,"cm",NA,NA,NA,NA,NA,NA,"Total suspended solids","2540-D","APHA",NA,10,"mg/L","=","Sampled",NA,"Suspended","Actual",NA,NA,"Water Bottle",NA,"Limit of Quantitation",1,"mg/L","Method Detection Level",0.5,"mg/L",NA,"SWWTP",1,"2025-07-25","00:00:00",NA,NA,"Cold packs",NA,NA,NA,"N","AKDT"
"639",10000002,"Water","Surface Water","10000002-2025-07-23-TSS","2025-07-23","10:00:00.000000",NA,NA,60.54368,-151.22294,NA,"Field Msr/Obs",15,"cm",NA,NA,NA,NA,NA,NA,"Total suspended solids","2540-D","APHA",NA,763,"mg/L","=","Sampled",NA,"Suspended","Actual",NA,NA,"Water Bottle",NA,"Limit of Quantitation",1,"mg/L","Method Detection Level",0.5,"mg/L",NA,"SWWTP",2,"2025-07-25","00:00:00",NA,NA,"Cold packs",NA,NA,NA,"N","AKDT"
"640",10000005,"Water","Surface Water","10000005-2025-07-23-TSS","2025-07-23","09:07:00.000000",NA,NA,60.54081,-151.18278,NA,"Field Msr/Obs",15,"cm",NA,NA,NA,NA,NA,NA,"Total suspended solids","2540-D","APHA",NA,100,"mg/L","=","Sampled",NA,"Suspended","Actual",NA,NA,"Water Bottle",NA,"Limit of Quantitation",1,"mg/L","Method Detection Level",0.5,"mg/L",NA,"SWWTP",3,"2025-07-25","00:00:00",NA,NA,"Cold packs",NA,NA,NA,"N","AKDT"
"641",10000015,"Water","Surface Water","10000015-2025-07-23-TSS","2025-07-23","09:28:00.000000",NA,NA,60.548029,-151.14324,NA,"Field Msr/Obs",15,"cm",NA,NA,NA,NA,NA,NA,"Total suspended solids","2540-D","APHA",NA,8,"mg/L","=","Sampled",NA,"Suspended","Actual",NA,NA,"Water Bottle",NA,"Limit of Quantitation",1,"mg/L","Method Detection Level",0.5,"mg/L",NA,"SWWTP",4,"2025-07-25","00:00:00",NA,NA,"Cold packs",NA,NA,NA,"N","AKDT"
"642",10000015,"Water","Surface Water","10000015-2025-07-23-TSS-DUP","2025-07-23","09:40:00.000000",NA,NA,60.548029,-151.14324,NA,"Quality Control Field Replicate Msr/Obs",15,"cm",NA,NA,NA,NA,NA,NA,"Total suspended solids","2540-D","APHA",NA,10,"mg/L","=","Sampled",NA,"Suspended","Actual",NA,NA,"Water Bottle",NA,"Limit of Quantitation",1,"mg/L","Method Detection Level",0.5,"mg/L",NA,"SWWTP",5,"2025-07-25","00:00:00",NA,NA,"Cold packs",NA,NA,NA,"N","AKDT"
"643",10000016,"Water","Surface Water","10000016-2025-07-23-TSS","2025-07-23","10:05:00.000000",NA,NA,60.539279,-151.142263,NA,"Field Msr/Obs",15,"cm",NA,NA,NA,NA,NA,NA,"Total suspended solids","2540-D","APHA",NA,20,"mg/L","=","Sampled",NA,"Suspended","Actual",NA,NA,"Water Bottle",NA,"Limit of Quantitation",1,"mg/L","Method Detection Level",0.5,"mg/L",NA,"SWWTP",6,"2025-07-25","00:00:00",NA,NA,"Cold packs",NA,NA,NA,"N","AKDT"
"644",10000017,"Water","Surface Water","10000017-2025-07-23-TSS","2025-07-23","10:25:00.000000",NA,NA,60.533743,-151.099258,NA,"Field Msr/Obs",15,"cm",NA,NA,NA,NA,NA,NA,"Total suspended solids","2540-D","APHA",NA,15.7,"mg/L","=","Sampled",NA,"Suspended","Actual",NA,NA,"Water Bottle",NA,"Limit of Quantitation",1,"mg/L","Method Detection Level",0.5,"mg/L",NA,"SWWTP",7,"2025-07-25","00:00:00",NA,NA,"Cold packs",NA,NA,NA,"N","AKDT"
"645",10000018,"Water","Surface Water","10000018-2025-07-23-TSS","2025-07-23","10:57:00.000000",NA,NA,60.502005,-151.106973,NA,"Field Msr/Obs",15,"cm",NA,NA,NA,NA,NA,NA,"Total suspended solids","2540-D","APHA",NA,14.3,"mg/L","=","Sampled",NA,"Suspended","Actual",NA,NA,"Water Bottle",NA,"Limit of Quantitation",1,"mg/L","Method Detection Level",0.5,"mg/L",NA,"SWWTP",8,"2025-07-25","00:00:00",NA,NA,"Cold packs",NA,NA,NA,"N","AKDT"
"646",10000020,"Water","Surface Water","10000020-2025-07-23-TSS","2025-07-23","10:11:00.000000",NA,NA,60.48175453,-151.1306816,NA,"Field Msr/Obs",15,"cm",NA,NA,NA,NA,NA,NA,"Total suspended solids","2540-D","APHA",NA,6,"mg/L","=","Sampled",NA,"Suspended","Actual",NA,NA,"Water Bottle",NA,"Limit of Quantitation",1,"mg/L","Method Detection Level",0.5,"mg/L",NA,"SWWTP",9,"2025-07-25","00:00:00",NA,NA,"Cold packs",NA,NA,NA,"N","AKDT"
"647",10000021,"Water","Surface Water","10000021-2025-07-23-TSS","2025-07-23","09:42:00.000000",NA,NA,60.476634,-151.082099,NA,"Field Msr/Obs",15,"cm",NA,NA,NA,NA,NA,NA,"Total suspended solids","2540-D","APHA",NA,15,"mg/L","=","Sampled",NA,"Suspended","Actual",NA,NA,"Water Bottle",NA,"Limit of Quantitation",1,"mg/L","Method Detection Level",0.5,"mg/L",NA,"SWWTP",10,"2025-07-25","00:00:00",NA,NA,"Cold packs",NA,NA,NA,"N","AKDT"
"648",10000022,"Water","Surface Water","10000022-2025-07-23-TSS","2025-07-23","08:17:00.000000",NA,NA,60.483364,-151.057656,NA,"Field Msr/Obs",15,"cm",NA,NA,NA,NA,NA,NA,"Total suspended solids","2540-D","APHA",NA,5,"mg/L","=","Sampled",NA,"Suspended","Actual",NA,NA,"Water Bottle",NA,"Limit of Quantitation",1,"mg/L","Method Detection Level",0.5,"mg/L",NA,"SWWTP",11,"2025-07-25","00:00:00",NA,NA,"Cold packs",NA,NA,NA,"N","AKDT"
"649",10000023,"Water","Surface Water","10000023-2025-07-23-TSS","2025-07-23","09:00:00.000000",NA,NA,60.480338,-151.030847,NA,"Field Msr/Obs",15,"cm",NA,NA,NA,NA,NA,NA,"Total suspended solids","2540-D","APHA",NA,11,"mg/L","=","Sampled",NA,"Suspended","Actual",NA,NA,"Water Bottle",NA,"Limit of Quantitation",1,"mg/L","Method Detection Level",0.5,"mg/L",NA,"SWWTP",12,"2025-07-25","00:00:00",NA,NA,"Cold packs",NA,NA,NA,"N","AKDT"
"650",10000023,"Water","Surface Water","10000023-2025-07-23-TSS-DUP","2025-07-23","09:13:00.000000",NA,NA,60.480338,-151.030847,NA,"Quality Control Field Replicate Msr/Obs",15,"cm",NA,NA,NA,NA,NA,NA,"Total suspended solids","2540-D","APHA",NA,22.3,"mg/L","=","Sampled",NA,"Suspended","Actual",NA,NA,"Water Bottle",NA,"Limit of Quantitation",1,"mg/L","Method Detection Level",0.5,"mg/L",NA,"SWWTP",13,"2025-07-25","00:00:00",NA,NA,"Cold packs",NA,NA,NA,"N","AKDT"
"651",10000024,"Water","Surface Water","10000024-2025-07-23-TSS","2025-07-23","08:55:00.000000",NA,NA,60.489963,-150.860982,NA,"Field Msr/Obs",15,"cm",NA,NA,NA,NA,NA,NA,"Total suspended solids","2540-D","APHA",NA,12.7,"mg/L","=","Sampled",NA,"Suspended","Actual",NA,NA,"Water Bottle",NA,"Limit of Quantitation",1,"mg/L","Method Detection Level",0.5,"mg/L",NA,"SWWTP",14,"2025-07-25","00:00:00",NA,NA,"Cold packs",NA,NA,NA,"N","AKDT"
"652",10000025,"Water","Surface Water","10000025-2025-07-23-TSS","2025-07-23","10:30:00.000000",NA,NA,60.498284,-150.863121,NA,"Field Msr/Obs",15,"cm",NA,NA,NA,NA,NA,NA,"Total suspended solids","2540-D","APHA",NA,20,"mg/L","=","Sampled",NA,"Suspended","Actual",NA,NA,"Water Bottle",NA,"Limit of Quantitation",1,"mg/L","Method Detection Level",0.5,"mg/L",NA,"SWWTP",15,"2025-07-25","00:00:00",NA,NA,"Cold packs",NA,NA,NA,"N","AKDT"
"653",10000026,"Water","Surface Water","10000026-2025-07-23-TSS","2025-07-23","09:50:00.000000",NA,NA,60.53687,-150.754724,NA,"Field Msr/Obs",15,"cm",NA,NA,NA,NA,NA,NA,"Total suspended solids","2540-D","APHA",NA,1,"mg/L","=","Sampled",NA,"Suspended","Actual",NA,NA,"Water Bottle",NA,"Limit of Quantitation",1,"mg/L","Method Detection Level",0.5,"mg/L",NA,"SWWTP",16,"2025-07-25","00:00:00",NA,NA,"Cold packs",NA,NA,NA,"N","AKDT"
"654",10000027,"Water","Surface Water","10000027-2025-07-23-TSS","2025-07-23","07:50:00.000000",NA,NA,60.515441,-150.702069,NA,"Field Msr/Obs",15,"cm",NA,NA,NA,NA,NA,NA,"Total suspended solids","2540-D","APHA",NA,10,"mg/L","=","Sampled",NA,"Suspended","Actual",NA,NA,"Water Bottle",NA,"Limit of Quantitation",1,"mg/L","Method Detection Level",0.5,"mg/L",NA,"SWWTP",17,"2025-07-25","00:00:00",NA,NA,"Cold packs",NA,NA,NA,"N","AKDT"
"655",10000028,"Water","Surface Water","10000028-2025-07-23-TSS","2025-07-23","09:50:00.000000",NA,NA,60.489844,-150.636905,NA,"Field Msr/Obs",15,"cm",NA,NA,NA,NA,NA,NA,"Total suspended solids","2540-D","APHA",NA,11.3,"mg/L","=","Sampled",NA,"Suspended","Actual",NA,NA,"Water Bottle",NA,"Limit of Quantitation",1,"mg/L","Method Detection Level",0.5,"mg/L",NA,"SWWTP",18,"2025-07-25","00:00:00",NA,NA,"Cold packs",NA,NA,NA,"N","AKDT"
"656",10000029,"Water","Surface Water","10000029-2025-07-23-TSS","2025-07-23","09:30:00.000000",NA,NA,60.481518,-150.632498,NA,"Field Msr/Obs",15,"cm",NA,NA,NA,NA,NA,NA,"Total suspended solids","2540-D","APHA",NA,15.3,"mg/L","=","Sampled",NA,"Suspended","Actual",NA,NA,"Water Bottle",NA,"Limit of Quantitation",1,"mg/L","Method Detection Level",0.5,"mg/L",NA,"SWWTP",19,"2025-07-25","00:00:00",NA,NA,"Cold packs",NA,NA,NA,"N","AKDT"
"657",10000030,"Water","Surface Water","10000030-2025-07-23-TSS","2025-07-23","08:55:00.000000",NA,NA,60.467517,-150.507789,NA,"Field Msr/Obs",15,"cm",NA,NA,NA,NA,NA,NA,"Total suspended solids","2540-D","APHA",NA,1.7,"mg/L","=","Sampled",NA,"Suspended","Actual",NA,NA,"Water Bottle",NA,"Limit of Quantitation",1,"mg/L","Method Detection Level",0.5,"mg/L",NA,"SWWTP",20,"2025-07-25","00:00:00",NA,NA,"Cold packs",NA,NA,NA,"N","AKDT"
"658",10000031,"Water","Surface Water","10000031-2025-07-23-TSS","2025-07-23","10:55:00.000000",NA,NA,60.481392,-150.11502,NA,"Field Msr/Obs",15,"cm",NA,NA,NA,NA,NA,NA,"Total suspended solids","2540-D","APHA",NA,1.2,"mg/L","=","Sampled",NA,"Suspended","Actual",NA,NA,"Water Bottle",NA,"Limit of Quantitation",1,"mg/L","Method Detection Level",0.5,"mg/L",NA,"SWWTP",21,"2025-07-25","00:00:00",NA,NA,"Cold packs",NA,NA,NA,"N","AKDT"
"659",10000032,"Water","Surface Water","10000032-2025-07-23-TSS","2025-07-23","10:05:00.000000",NA,NA,60.484622,-149.993955,NA,"Field Msr/Obs",15,"cm",NA,NA,NA,NA,NA,NA,"Total suspended solids","2540-D","APHA",NA,1.7,"mg/L","=","Sampled",NA,"Suspended","Actual",NA,NA,"Water Bottle",NA,"Limit of Quantitation",1,"mg/L","Method Detection Level",0.5,"mg/L",NA,"SWWTP",22,"2025-07-25","00:00:00",NA,NA,"Cold packs",NA,NA,NA,"N","AKDT"
"660",10000424,"Water","Surface Water","10000424-2025-07-23-TSS","2025-07-23","09:00:00.000000",NA,NA,60.489,-149.877,NA,"Field Msr/Obs",15,"cm",NA,NA,NA,NA,NA,NA,"Total suspended solids","2540-D","APHA",NA,3.3,"mg/L","=","Sampled",NA,"Suspended","Actual",NA,NA,"Water Bottle",NA,"Limit of Quantitation",1,"mg/L","Method Detection Level",0.5,"mg/L",NA,"SWWTP",23,"2025-07-25","00:00:00",NA,NA,"Cold packs",NA,NA,NA,"N","AKDT"
"661",10000425,"Water","Surface Water","10000425-2025-07-23-TSS","2025-07-23","08:15:00.000000",NA,NA,60.492007,-149.810844,NA,"Field Msr/Obs",15,"cm",NA,NA,NA,NA,NA,NA,"Total suspended solids","2540-D","APHA",NA,1.2,"mg/L","=","Sampled",NA,"Suspended","Actual",NA,NA,"Water Bottle",NA,"Limit of Quantitation",1,"mg/L","Method Detection Level",0.5,"mg/L",NA,"SWWTP",24,"2025-07-25","00:00:00",NA,NA,"Cold packs",NA,NA,NA,"N","AKDT"
"662",10000002,"Water","Surface Water","10000002-2025-04-30-DO","2025-04-30",NA,NA,NA,60.54368,-151.22294,NA,"Field Msr/Obs",15,"cm",NA,NA,NA,NA,NA,NA,"Dissolved Oxygen","360.1","USEPA",NA,10.71,"mg/L","=","Sampled",NA,"Total","Actual",NA,NA,"Water Bottle",NA,"Limit of Quantitation",NA,"mg/L","Method Detection Level",NA,"mg/L",NA,"YSI",NA,"2025-04-30",NA,NA,NA,"Cold packs",NA,NA,NA,"N","AKDT"
"663",10000002,"Water","Surface Water","10000002-2025-07-23-DO","2025-07-23",NA,NA,NA,60.54368,-151.22294,NA,"Field Msr/Obs",15,"cm",NA,NA,NA,NA,NA,NA,"Dissolved Oxygen","360.1","USEPA",NA,10.74,"mg/L","=","Sampled",NA,"Total","Actual",NA,NA,"Water Bottle",NA,"Limit of Quantitation",NA,"mg/L","Method Detection Level",NA,"mg/L",NA,"YSI",NA,"2025-07-23",NA,NA,NA,"Cold packs",NA,NA,NA,"N","AKDT"
"664",10000002,"Water","Surface Water","10000002-2025-04-30-SpCond","2025-04-30",NA,NA,NA,60.54368,-151.22294,NA,"Field Msr/Obs",15,"cm",NA,NA,NA,NA,NA,NA,"Specific Conductance","120.1","USEPA",NA,21438,"uS/cm","=","Sampled",NA,"Total","Actual",NA,NA,"Water Bottle",NA,"Limit of Quantitation",NA,"uS/cm","Method Detection Level",NA,"uS/cm",NA,"YSI",NA,"2025-04-30",NA,NA,NA,"Cold packs",NA,NA,NA,"N","AKDT"
"665",10000002,"Water","Surface Water","10000002-2025-07-23-SpCond","2025-07-23",NA,NA,NA,60.54368,-151.22294,NA,"Field Msr/Obs",15,"cm",NA,NA,NA,NA,NA,NA,"Specific Conductance","120.1","USEPA",NA,0.331,"uS/cm","=","Sampled",NA,"Total","Actual",NA,NA,"Water Bottle",NA,"Limit of Quantitation",NA,"uS/cm","Method Detection Level",NA,"uS/cm",NA,"YSI",NA,"2025-07-23",NA,NA,NA,"Cold packs",NA,NA,NA,"N","AKDT"
"666",10000002,"Water","Surface Water","10000002-2025-04-30-Turb","2025-04-30","10:23:00.000000",NA,NA,60.54368,-151.22294,NA,"Field Msr/Obs",15,"cm",NA,NA,NA,NA,NA,NA,"Turbidity","180.1","USEPA",NA,344,"NTU","=","Sampled",NA,"Total","Actual",NA,NA,"Water Bottle",NA,"Limit of Quantitation",NA,"NTU","Method Detection Level",NA,"NTU",NA,"YSI",NA,"2025-04-30","10:23:00",NA,NA,"Cold packs",NA,NA,NA,"N","AKDT"
"667",10000002,"Water","Surface Water","10000002-2025-07-23-Turb","2025-07-23","10:00:00.000000",NA,NA,60.54368,-151.22294,NA,"Field Msr/Obs",15,"cm",NA,NA,NA,NA,NA,NA,"Turbidity","180.1","USEPA",NA,895.5,"NTU","=","Sampled",NA,"Total","Actual",NA,NA,"Water Bottle",NA,"Limit of Quantitation",NA,"NTU","Method Detection Level",NA,"NTU",NA,"YSI",NA,"2025-07-23","10:00:00",NA,NA,"Cold packs",NA,NA,NA,"N","AKDT"
"668",10000002,"Water","Surface Water","10000002-2025-04-30-Temp","2025-04-30",NA,NA,NA,60.54368,-151.22294,NA,"Field Msr/Obs",15,"cm",NA,NA,NA,NA,NA,NA,"Water Temperature","170.1","USEPA",NA,6.1,"deg C","=","Sampled",NA,"Total","Actual",NA,NA,"Water Bottle",NA,"Limit of Quantitation",NA,"deg C","Method Detection Level",NA,"deg C",NA,"YSI",NA,"2025-04-30",NA,NA,NA,"Cold packs",NA,NA,NA,"N","AKDT"
"669",10000002,"Water","Surface Water","10000002-2025-07-23-Temp","2025-07-23",NA,NA,NA,60.54368,-151.22294,NA,"Field Msr/Obs",15,"cm",NA,NA,NA,NA,NA,NA,"Water Temperature","170.1","USEPA",NA,13.1,"deg C","=","Sampled",NA,"Total","Actual",NA,NA,"Water Bottle",NA,"Limit of Quantitation",NA,"deg C","Method Detection Level",NA,"deg C",NA,"YSI",NA,"2025-07-23",NA,NA,NA,"Cold packs",NA,NA,NA,"N","AKDT"
"670",10000002,"Water","Surface Water","10000002-2025-04-30-pH","2025-04-30",NA,NA,NA,60.54368,-151.22294,NA,"Field Msr/Obs",15,"cm",NA,NA,NA,NA,NA,NA,"pH","150.1","USEPA",NA,7.8,"None","=","Sampled",NA,"Total","Actual",NA,NA,"Water Bottle",NA,"Limit of Quantitation",NA,"None","Method Detection Level",NA,"None",NA,"YSI",NA,"2025-04-30",NA,NA,NA,"Cold packs",NA,NA,NA,"N","AKDT"
"671",10000002,"Water","Surface Water","10000002-2025-07-23-pH","2025-07-23",NA,NA,NA,60.54368,-151.22294,NA,"Field Msr/Obs",15,"cm",NA,NA,NA,NA,NA,NA,"pH","150.1","USEPA",NA,7.345,"None","=","Sampled",NA,"Total","Actual",NA,NA,"Water Bottle",NA,"Limit of Quantitation",NA,"None","Method Detection Level",NA,"None",NA,"YSI",NA,"2025-07-23",NA,NA,NA,"Cold packs",NA,NA,NA,"N","AKDT"
"672",10000005,"Water","Surface Water","10000005-2025-07-23-DO","2025-07-23",NA,NA,NA,60.54081,-151.18278,NA,"Field Msr/Obs",15,"cm",NA,NA,NA,NA,NA,NA,"Dissolved Oxygen","360.1","USEPA",NA,11.58,"mg/L","=","Sampled",NA,"Total","Actual",NA,NA,"Water Bottle",NA,"Limit of Quantitation",NA,"mg/L","Method Detection Level",NA,"mg/L",NA,"YSI",NA,"2025-07-23",NA,NA,NA,"Cold packs",NA,NA,NA,"N","AKDT"
"673",10000005,"Water","Surface Water","10000005-2025-07-23-SpCond","2025-07-23",NA,NA,NA,60.54081,-151.18278,NA,"Field Msr/Obs",15,"cm",NA,NA,NA,NA,NA,NA,"Specific Conductance","120.1","USEPA",NA,0.092,"uS/cm","=","Sampled",NA,"Total","Actual",NA,NA,"Water Bottle",NA,"Limit of Quantitation",NA,"uS/cm","Method Detection Level",NA,"uS/cm",NA,"YSI",NA,"2025-07-23",NA,NA,NA,"Cold packs",NA,NA,NA,"N","AKDT"
"674",10000005,"Water","Surface Water","10000005-2025-07-23-Turb","2025-07-23","09:07:00.000000",NA,NA,60.54081,-151.18278,NA,"Field Msr/Obs",15,"cm",NA,NA,NA,NA,NA,NA,"Turbidity","180.1","USEPA",NA,41.65,"NTU","=","Sampled",NA,"Total","Actual",NA,NA,"Water Bottle",NA,"Limit of Quantitation",NA,"NTU","Method Detection Level",NA,"NTU",NA,"YSI",NA,"2025-07-23","09:07:00",NA,NA,"Cold packs",NA,NA,NA,"N","AKDT"
"675",10000005,"Water","Surface Water","10000005-2025-07-23-Temp","2025-07-23",NA,NA,NA,60.54081,-151.18278,NA,"Field Msr/Obs",15,"cm",NA,NA,NA,NA,NA,NA,"Water Temperature","170.1","USEPA",NA,12,"deg C","=","Sampled",NA,"Total","Actual",NA,NA,"Water Bottle",NA,"Limit of Quantitation",NA,"deg C","Method Detection Level",NA,"deg C",NA,"YSI",NA,"2025-07-23",NA,NA,NA,"Cold packs",NA,NA,NA,"N","AKDT"
"676",10000005,"Water","Surface Water","10000005-2025-07-23-pH","2025-07-23",NA,NA,NA,60.54081,-151.18278,NA,"Field Msr/Obs",15,"cm",NA,NA,NA,NA,NA,NA,"pH","150.1","USEPA",NA,7.075,"None","=","Sampled",NA,"Total","Actual",NA,NA,"Water Bottle",NA,"Limit of Quantitation",NA,"None","Method Detection Level",NA,"None",NA,"YSI",NA,"2025-07-23",NA,NA,NA,"Cold packs",NA,NA,NA,"N","AKDT"
"677",10000008,"Water","Surface Water","10000008-2025-04-30-DO","2025-04-30",NA,NA,NA,60.550888,-151.268417,NA,"Field Msr/Obs",15,"cm",NA,NA,NA,NA,NA,NA,"Dissolved Oxygen","360.1","USEPA",NA,10.985,"mg/L","=","Sampled",NA,"Total","Actual",NA,NA,"Water Bottle",NA,"Limit of Quantitation",NA,"mg/L","Method Detection Level",NA,"mg/L",NA,"YSI",NA,"2025-04-30",NA,NA,NA,"Cold packs",NA,NA,NA,"N","AKDT"
"678",10000008,"Water","Surface Water","10000008-2025-07-23-DO","2025-07-23",NA,NA,NA,60.550888,-151.268417,NA,"Field Msr/Obs",15,"cm",NA,NA,NA,NA,NA,NA,"Dissolved Oxygen","360.1","USEPA",NA,10.42,"mg/L","=","Sampled",NA,"Total","Actual",NA,NA,"Water Bottle",NA,"Limit of Quantitation",NA,"mg/L","Method Detection Level",NA,"mg/L",NA,"YSI",NA,"2025-07-23",NA,NA,NA,"Cold packs",NA,NA,NA,"N","AKDT"
"679",10000008,"Water","Surface Water","10000008-2025-04-30-SpCond","2025-04-30",NA,NA,NA,60.550888,-151.268417,NA,"Field Msr/Obs",15,"cm",NA,NA,NA,NA,NA,NA,"Specific Conductance","120.1","USEPA",NA,373.5,"uS/cm","=","Sampled",NA,"Total","Actual",NA,NA,"Water Bottle",NA,"Limit of Quantitation",NA,"uS/cm","Method Detection Level",NA,"uS/cm",NA,"YSI",NA,"2025-04-30",NA,NA,NA,"Cold packs",NA,NA,NA,"N","AKDT"
"680",10000008,"Water","Surface Water","10000008-2025-07-23-SpCond","2025-07-23",NA,NA,NA,60.550888,-151.268417,NA,"Field Msr/Obs",15,"cm",NA,NA,NA,NA,NA,NA,"Specific Conductance","120.1","USEPA",NA,0.135,"uS/cm","=","Sampled",NA,"Total","Actual",NA,NA,"Water Bottle",NA,"Limit of Quantitation",NA,"uS/cm","Method Detection Level",NA,"uS/cm",NA,"YSI",NA,"2025-07-23",NA,NA,NA,"Cold packs",NA,NA,NA,"N","AKDT"
"681",10000008,"Water","Surface Water","10000008-2025-04-30-Turb","2025-04-30","09:48:00.000000",NA,NA,60.550888,-151.268417,NA,"Field Msr/Obs",15,"cm",NA,NA,NA,NA,NA,NA,"Turbidity","180.1","USEPA",NA,10.95,"NTU","=","Sampled",NA,"Total","Actual",NA,NA,"Water Bottle",NA,"Limit of Quantitation",NA,"NTU","Method Detection Level",NA,"NTU",NA,"YSI",NA,"2025-04-30","09:48:00",NA,NA,"Cold packs",NA,NA,NA,"N","AKDT"
"682",10000008,"Water","Surface Water","10000008-2025-07-23-Turb","2025-07-23","10:57:00.000000",NA,NA,60.550888,-151.268417,NA,"Field Msr/Obs",15,"cm",NA,NA,NA,NA,NA,NA,"Turbidity","180.1","USEPA",NA,17.8,"NTU","=","Sampled",NA,"Total","Actual",NA,NA,"Water Bottle",NA,"Limit of Quantitation",NA,"NTU","Method Detection Level",NA,"NTU",NA,"YSI",NA,"2025-07-23","10:57:00",NA,NA,"Cold packs",NA,NA,NA,"N","AKDT"
"683",10000008,"Water","Surface Water","10000008-2025-04-30-Temp","2025-04-30",NA,NA,NA,60.550888,-151.268417,NA,"Field Msr/Obs",15,"cm",NA,NA,NA,NA,NA,NA,"Water Temperature","170.1","USEPA",NA,6,"deg C","=","Sampled",NA,"Total","Actual",NA,NA,"Water Bottle",NA,"Limit of Quantitation",NA,"deg C","Method Detection Level",NA,"deg C",NA,"YSI",NA,"2025-04-30",NA,NA,NA,"Cold packs",NA,NA,NA,"N","AKDT"
"684",10000008,"Water","Surface Water","10000008-2025-07-23-Temp","2025-07-23",NA,NA,NA,60.550888,-151.268417,NA,"Field Msr/Obs",15,"cm",NA,NA,NA,NA,NA,NA,"Water Temperature","170.1","USEPA",NA,14.6,"deg C","=","Sampled",NA,"Total","Actual",NA,NA,"Water Bottle",NA,"Limit of Quantitation",NA,"deg C","Method Detection Level",NA,"deg C",NA,"YSI",NA,"2025-07-23",NA,NA,NA,"Cold packs",NA,NA,NA,"N","AKDT"
"685",10000008,"Water","Surface Water","10000008-2025-04-30-pH","2025-04-30",NA,NA,NA,60.550888,-151.268417,NA,"Field Msr/Obs",15,"cm",NA,NA,NA,NA,NA,NA,"pH","150.1","USEPA",NA,6.895,"None","=","Sampled",NA,"Total","Actual",NA,NA,"Water Bottle",NA,"Limit of Quantitation",NA,"None","Method Detection Level",NA,"None",NA,"YSI",NA,"2025-04-30",NA,NA,NA,"Cold packs",NA,NA,NA,"N","AKDT"
"686",10000008,"Water","Surface Water","10000008-2025-07-23-pH","2025-07-23",NA,NA,NA,60.550888,-151.268417,NA,"Field Msr/Obs",15,"cm",NA,NA,NA,NA,NA,NA,"pH","150.1","USEPA",NA,7.15,"None","=","Sampled",NA,"Total","Actual",NA,NA,"Water Bottle",NA,"Limit of Quantitation",NA,"None","Method Detection Level",NA,"None",NA,"YSI",NA,"2025-07-23",NA,NA,NA,"Cold packs",NA,NA,NA,"N","AKDT"
"687",10000015,"Water","Surface Water","10000015-2025-07-23-DO-DUP","2025-07-23",NA,NA,NA,60.548029,-151.14324,NA,"Quality Control Field Replicate Msr/Obs",15,"cm",NA,NA,NA,NA,NA,NA,"Dissolved Oxygen","360.1","USEPA",NA,6.83,"mg/L","=","Sampled",NA,"Total","Actual",NA,NA,"Water Bottle",NA,"Limit of Quantitation",NA,"mg/L","Method Detection Level",NA,"mg/L",NA,"YSI",NA,"2025-07-23",NA,NA,NA,"Cold packs",NA,NA,NA,"N","AKDT"
"688",10000015,"Water","Surface Water","10000015-2025-07-23-SpCond-DUP","2025-07-23",NA,NA,NA,60.548029,-151.14324,NA,"Quality Control Field Replicate Msr/Obs",15,"cm",NA,NA,NA,NA,NA,NA,"Specific Conductance","120.1","USEPA",NA,144.8,"uS/cm","=","Sampled",NA,"Total","Actual",NA,NA,"Water Bottle",NA,"Limit of Quantitation",NA,"uS/cm","Method Detection Level",NA,"uS/cm",NA,"YSI",NA,"2025-07-23",NA,NA,NA,"Cold packs",NA,NA,NA,"N","AKDT"
"689",10000015,"Water","Surface Water","10000015-2025-07-23-Turb-DUP","2025-07-23","09:40:00.000000",NA,NA,60.548029,-151.14324,NA,"Quality Control Field Replicate Msr/Obs",15,"cm",NA,NA,NA,NA,NA,NA,"Turbidity","180.1","USEPA",NA,10.65,"NTU","=","Sampled",NA,"Total","Actual",NA,NA,"Water Bottle",NA,"Limit of Quantitation",NA,"NTU","Method Detection Level",NA,"NTU",NA,"YSI",NA,"2025-07-23","09:40:00",NA,NA,"Cold packs",NA,NA,NA,"N","AKDT"
"690",10000015,"Water","Surface Water","10000015-2025-07-23-Temp-DUP","2025-07-23",NA,NA,NA,60.548029,-151.14324,NA,"Quality Control Field Replicate Msr/Obs",15,"cm",NA,NA,NA,NA,NA,NA,"Water Temperature","170.1","USEPA",NA,12.5,"deg C","=","Sampled",NA,"Total","Actual",NA,NA,"Water Bottle",NA,"Limit of Quantitation",NA,"deg C","Method Detection Level",NA,"deg C",NA,"YSI",NA,"2025-07-23",NA,NA,NA,"Cold packs",NA,NA,NA,"N","AKDT"
"691",10000015,"Water","Surface Water","10000015-2025-07-23-pH-DUP","2025-07-23",NA,NA,NA,60.548029,-151.14324,NA,"Quality Control Field Replicate Msr/Obs",15,"cm",NA,NA,NA,NA,NA,NA,"pH","150.1","USEPA",NA,7.235,"None","=","Sampled",NA,"Total","Actual",NA,NA,"Water Bottle",NA,"Limit of Quantitation",NA,"None","Method Detection Level",NA,"None",NA,"YSI",NA,"2025-07-23",NA,NA,NA,"Cold packs",NA,NA,NA,"N","AKDT"
"692",10000015,"Water","Surface Water","10000015-2025-04-30-DO","2025-04-30",NA,NA,NA,60.548029,-151.14324,NA,"Field Msr/Obs",15,"cm",NA,NA,NA,NA,NA,NA,"Dissolved Oxygen","360.1","USEPA",NA,12.075,"mg/L","=","Sampled",NA,"Total","Actual",NA,NA,"Water Bottle",NA,"Limit of Quantitation",NA,"mg/L","Method Detection Level",NA,"mg/L",NA,"YSI",NA,"2025-04-30",NA,NA,NA,"Cold packs",NA,NA,NA,"N","AKDT"
"693",10000015,"Water","Surface Water","10000015-2025-07-23-DO","2025-07-23",NA,NA,NA,60.548029,-151.14324,NA,"Field Msr/Obs",15,"cm",NA,NA,NA,NA,NA,NA,"Dissolved Oxygen","360.1","USEPA",NA,8.81,"mg/L","=","Sampled",NA,"Total","Actual",NA,NA,"Water Bottle",NA,"Limit of Quantitation",NA,"mg/L","Method Detection Level",NA,"mg/L",NA,"YSI",NA,"2025-07-23",NA,NA,NA,"Cold packs",NA,NA,NA,"N","AKDT"
"694",10000015,"Water","Surface Water","10000015-2025-04-30-SpCond","2025-04-30",NA,NA,NA,60.548029,-151.14324,NA,"Field Msr/Obs",15,"cm",NA,NA,NA,NA,NA,NA,"Specific Conductance","120.1","USEPA",NA,88.45,"uS/cm","=","Sampled",NA,"Total","Actual",NA,NA,"Water Bottle",NA,"Limit of Quantitation",NA,"uS/cm","Method Detection Level",NA,"uS/cm",NA,"YSI",NA,"2025-04-30",NA,NA,NA,"Cold packs",NA,NA,NA,"N","AKDT"
"695",10000015,"Water","Surface Water","10000015-2025-07-23-SpCond","2025-07-23",NA,NA,NA,60.548029,-151.14324,NA,"Field Msr/Obs",15,"cm",NA,NA,NA,NA,NA,NA,"Specific Conductance","120.1","USEPA",NA,144.9,"uS/cm","=","Sampled",NA,"Total","Actual",NA,NA,"Water Bottle",NA,"Limit of Quantitation",NA,"uS/cm","Method Detection Level",NA,"uS/cm",NA,"YSI",NA,"2025-07-23",NA,NA,NA,"Cold packs",NA,NA,NA,"N","AKDT"
"696",10000015,"Water","Surface Water","10000015-2025-04-30-Turb","2025-04-30","09:32:00.000000",NA,NA,60.548029,-151.14324,NA,"Field Msr/Obs",15,"cm",NA,NA,NA,NA,NA,NA,"Turbidity","180.1","USEPA",NA,25.25,"NTU","=","Sampled",NA,"Total","Actual",NA,NA,"Water Bottle",NA,"Limit of Quantitation",NA,"NTU","Method Detection Level",NA,"NTU",NA,"YSI",NA,"2025-04-30","09:32:00",NA,NA,"Cold packs",NA,NA,NA,"N","AKDT"
"697",10000015,"Water","Surface Water","10000015-2025-07-23-Turb","2025-07-23","09:28:00.000000",NA,NA,60.548029,-151.14324,NA,"Field Msr/Obs",15,"cm",NA,NA,NA,NA,NA,NA,"Turbidity","180.1","USEPA",NA,11,"NTU","=","Sampled",NA,"Total","Actual",NA,NA,"Water Bottle",NA,"Limit of Quantitation",NA,"NTU","Method Detection Level",NA,"NTU",NA,"YSI",NA,"2025-07-23","09:28:00",NA,NA,"Cold packs",NA,NA,NA,"N","AKDT"
"698",10000015,"Water","Surface Water","10000015-2025-04-30-Temp","2025-04-30",NA,NA,NA,60.548029,-151.14324,NA,"Field Msr/Obs",15,"cm",NA,NA,NA,NA,NA,NA,"Water Temperature","170.1","USEPA",NA,3.85,"deg C","=","Sampled",NA,"Total","Actual",NA,NA,"Water Bottle",NA,"Limit of Quantitation",NA,"deg C","Method Detection Level",NA,"deg C",NA,"YSI",NA,"2025-04-30",NA,NA,NA,"Cold packs",NA,NA,NA,"N","AKDT"
"699",10000015,"Water","Surface Water","10000015-2025-07-23-Temp","2025-07-23",NA,NA,NA,60.548029,-151.14324,NA,"Field Msr/Obs",15,"cm",NA,NA,NA,NA,NA,NA,"Water Temperature","170.1","USEPA",NA,12.5,"deg C","=","Sampled",NA,"Total","Actual",NA,NA,"Water Bottle",NA,"Limit of Quantitation",NA,"deg C","Method Detection Level",NA,"deg C",NA,"YSI",NA,"2025-07-23",NA,NA,NA,"Cold packs",NA,NA,NA,"N","AKDT"
"700",10000015,"Water","Surface Water","10000015-2025-04-30-pH","2025-04-30",NA,NA,NA,60.548029,-151.14324,NA,"Field Msr/Obs",15,"cm",NA,NA,NA,NA,NA,NA,"pH","150.1","USEPA",NA,6.535,"None","=","Sampled",NA,"Total","Actual",NA,NA,"Water Bottle",NA,"Limit of Quantitation",NA,"None","Method Detection Level",NA,"None",NA,"YSI",NA,"2025-04-30",NA,NA,NA,"Cold packs",NA,NA,NA,"N","AKDT"
"701",10000015,"Water","Surface Water","10000015-2025-07-23-pH","2025-07-23",NA,NA,NA,60.548029,-151.14324,NA,"Field Msr/Obs",15,"cm",NA,NA,NA,NA,NA,NA,"pH","150.1","USEPA",NA,7.03,"None","=","Sampled",NA,"Total","Actual",NA,NA,"Water Bottle",NA,"Limit of Quantitation",NA,"None","Method Detection Level",NA,"None",NA,"YSI",NA,"2025-07-23",NA,NA,NA,"Cold packs",NA,NA,NA,"N","AKDT"
"702",10000016,"Water","Surface Water","10000016-2025-07-23-DO","2025-07-23",NA,NA,NA,60.539279,-151.142263,NA,"Field Msr/Obs",15,"cm",NA,NA,NA,NA,NA,NA,"Dissolved Oxygen","360.1","USEPA",NA,8.3,"mg/L","=","Sampled",NA,"Total","Actual",NA,NA,"Water Bottle",NA,"Limit of Quantitation",NA,"mg/L","Method Detection Level",NA,"mg/L",NA,"YSI",NA,"2025-07-23",NA,NA,NA,"Cold packs",NA,NA,NA,"N","AKDT"
"703",10000016,"Water","Surface Water","10000016-2025-07-23-SpCond","2025-07-23",NA,NA,NA,60.539279,-151.142263,NA,"Field Msr/Obs",15,"cm",NA,NA,NA,NA,NA,NA,"Specific Conductance","120.1","USEPA",NA,82.25,"uS/cm","=","Sampled",NA,"Total","Actual",NA,NA,"Water Bottle",NA,"Limit of Quantitation",NA,"uS/cm","Method Detection Level",NA,"uS/cm",NA,"YSI",NA,"2025-07-23",NA,NA,NA,"Cold packs",NA,NA,NA,"N","AKDT"
"704",10000016,"Water","Surface Water","10000016-2025-07-23-Turb","2025-07-23","10:05:00.000000",NA,NA,60.539279,-151.142263,NA,"Field Msr/Obs",15,"cm",NA,NA,NA,NA,NA,NA,"Turbidity","180.1","USEPA",NA,7.14,"NTU","=","Sampled",NA,"Total","Actual",NA,NA,"Water Bottle",NA,"Limit of Quantitation",NA,"NTU","Method Detection Level",NA,"NTU",NA,"YSI",NA,"2025-07-23","10:05:00",NA,NA,"Cold packs",NA,NA,NA,"N","AKDT"
"705",10000016,"Water","Surface Water","10000016-2025-07-23-Temp","2025-07-23",NA,NA,NA,60.539279,-151.142263,NA,"Field Msr/Obs",15,"cm",NA,NA,NA,NA,NA,NA,"Water Temperature","170.1","USEPA",NA,11.65,"deg C","=","Sampled",NA,"Total","Actual",NA,NA,"Water Bottle",NA,"Limit of Quantitation",NA,"deg C","Method Detection Level",NA,"deg C",NA,"YSI",NA,"2025-07-23",NA,NA,NA,"Cold packs",NA,NA,NA,"N","AKDT"
"706",10000016,"Water","Surface Water","10000016-2025-07-23-pH","2025-07-23",NA,NA,NA,60.539279,-151.142263,NA,"Field Msr/Obs",15,"cm",NA,NA,NA,NA,NA,NA,"pH","150.1","USEPA",NA,7.385,"None","=","Sampled",NA,"Total","Actual",NA,NA,"Water Bottle",NA,"Limit of Quantitation",NA,"None","Method Detection Level",NA,"None",NA,"YSI",NA,"2025-07-23",NA,NA,NA,"Cold packs",NA,NA,NA,"N","AKDT"
"707",10000017,"Water","Surface Water","10000017-2025-04-30-DO","2025-04-30",NA,NA,NA,60.533743,-151.099258,NA,"Field Msr/Obs",15,"cm",NA,NA,NA,NA,NA,NA,"Dissolved Oxygen","360.1","USEPA",NA,13.375,"mg/L","=","Sampled",NA,"Total","Actual",NA,NA,"Water Bottle",NA,"Limit of Quantitation",NA,"mg/L","Method Detection Level",NA,"mg/L",NA,"YSI",NA,"2025-04-30",NA,NA,NA,"Cold packs",NA,NA,NA,"N","AKDT"
"708",10000017,"Water","Surface Water","10000017-2025-07-23-DO","2025-07-23",NA,NA,NA,60.533743,-151.099258,NA,"Field Msr/Obs",15,"cm",NA,NA,NA,NA,NA,NA,"Dissolved Oxygen","360.1","USEPA",NA,8.555,"mg/L","=","Sampled",NA,"Total","Actual",NA,NA,"Water Bottle",NA,"Limit of Quantitation",NA,"mg/L","Method Detection Level",NA,"mg/L",NA,"YSI",NA,"2025-07-23",NA,NA,NA,"Cold packs",NA,NA,NA,"N","AKDT"
"709",10000017,"Water","Surface Water","10000017-2025-04-30-SpCond","2025-04-30",NA,NA,NA,60.533743,-151.099258,NA,"Field Msr/Obs",15,"cm",NA,NA,NA,NA,NA,NA,"Specific Conductance","120.1","USEPA",NA,93.8,"uS/cm","=","Sampled",NA,"Total","Actual",NA,NA,"Water Bottle",NA,"Limit of Quantitation",NA,"uS/cm","Method Detection Level",NA,"uS/cm",NA,"YSI",NA,"2025-04-30",NA,NA,NA,"Cold packs",NA,NA,NA,"N","AKDT"
"710",10000017,"Water","Surface Water","10000017-2025-07-23-SpCond","2025-07-23",NA,NA,NA,60.533743,-151.099258,NA,"Field Msr/Obs",15,"cm",NA,NA,NA,NA,NA,NA,"Specific Conductance","120.1","USEPA",NA,82.3,"uS/cm","=","Sampled",NA,"Total","Actual",NA,NA,"Water Bottle",NA,"Limit of Quantitation",NA,"uS/cm","Method Detection Level",NA,"uS/cm",NA,"YSI",NA,"2025-07-23",NA,NA,NA,"Cold packs",NA,NA,NA,"N","AKDT"
"711",10000017,"Water","Surface Water","10000017-2025-04-30-Turb","2025-04-30","10:15:00.000000",NA,NA,60.533743,-151.099258,NA,"Field Msr/Obs",15,"cm",NA,NA,NA,NA,NA,NA,"Turbidity","180.1","USEPA",NA,2.855,"NTU","=","Sampled",NA,"Total","Actual",NA,NA,"Water Bottle",NA,"Limit of Quantitation",NA,"NTU","Method Detection Level",NA,"NTU",NA,"YSI",NA,"2025-04-30","10:15:00",NA,NA,"Cold packs",NA,NA,NA,"N","AKDT"
"712",10000017,"Water","Surface Water","10000017-2025-07-23-Turb","2025-07-23","10:25:00.000000",NA,NA,60.533743,-151.099258,NA,"Field Msr/Obs",15,"cm",NA,NA,NA,NA,NA,NA,"Turbidity","180.1","USEPA",NA,7.045,"NTU","=","Sampled",NA,"Total","Actual",NA,NA,"Water Bottle",NA,"Limit of Quantitation",NA,"NTU","Method Detection Level",NA,"NTU",NA,"YSI",NA,"2025-07-23","10:25:00",NA,NA,"Cold packs",NA,NA,NA,"N","AKDT"
"713",10000017,"Water","Surface Water","10000017-2025-04-30-Temp","2025-04-30",NA,NA,NA,60.533743,-151.099258,NA,"Field Msr/Obs",15,"cm",NA,NA,NA,NA,NA,NA,"Water Temperature","170.1","USEPA",NA,4.6,"deg C","=","Sampled",NA,"Total","Actual",NA,NA,"Water Bottle",NA,"Limit of Quantitation",NA,"deg C","Method Detection Level",NA,"deg C",NA,"YSI",NA,"2025-04-30",NA,NA,NA,"Cold packs",NA,NA,NA,"N","AKDT"
"714",10000017,"Water","Surface Water","10000017-2025-07-23-Temp","2025-07-23",NA,NA,NA,60.533743,-151.099258,NA,"Field Msr/Obs",15,"cm",NA,NA,NA,NA,NA,NA,"Water Temperature","170.1","USEPA",NA,11.4,"deg C","=","Sampled",NA,"Total","Actual",NA,NA,"Water Bottle",NA,"Limit of Quantitation",NA,"deg C","Method Detection Level",NA,"deg C",NA,"YSI",NA,"2025-07-23",NA,NA,NA,"Cold packs",NA,NA,NA,"N","AKDT"
"715",10000017,"Water","Surface Water","10000017-2025-04-30-pH","2025-04-30",NA,NA,NA,60.533743,-151.099258,NA,"Field Msr/Obs",15,"cm",NA,NA,NA,NA,NA,NA,"pH","150.1","USEPA",NA,6.9,"None","=","Sampled",NA,"Total","Actual",NA,NA,"Water Bottle",NA,"Limit of Quantitation",NA,"None","Method Detection Level",NA,"None",NA,"YSI",NA,"2025-04-30",NA,NA,NA,"Cold packs",NA,NA,NA,"N","AKDT"
"716",10000017,"Water","Surface Water","10000017-2025-07-23-pH","2025-07-23",NA,NA,NA,60.533743,-151.099258,NA,"Field Msr/Obs",15,"cm",NA,NA,NA,NA,NA,NA,"pH","150.1","USEPA",NA,7.37,"None","=","Sampled",NA,"Total","Actual",NA,NA,"Water Bottle",NA,"Limit of Quantitation",NA,"None","Method Detection Level",NA,"None",NA,"YSI",NA,"2025-07-23",NA,NA,NA,"Cold packs",NA,NA,NA,"N","AKDT"
"717",10000018,"Water","Surface Water","10000018-2025-04-30-DO-DUP","2025-04-30",NA,NA,NA,60.502005,-151.106973,NA,"Quality Control Field Replicate Msr/Obs",15,"cm",NA,NA,NA,NA,NA,NA,"Dissolved Oxygen","360.1","USEPA",NA,13.09,"mg/L","=","Sampled",NA,"Total","Actual",NA,NA,"Water Bottle",NA,"Limit of Quantitation",NA,"mg/L","Method Detection Level",NA,"mg/L",NA,"YSI",NA,"2025-04-30",NA,NA,NA,"Cold packs",NA,NA,NA,"N","AKDT"
"718",10000018,"Water","Surface Water","10000018-2025-04-30-SpCond-DUP","2025-04-30",NA,NA,NA,60.502005,-151.106973,NA,"Quality Control Field Replicate Msr/Obs",15,"cm",NA,NA,NA,NA,NA,NA,"Specific Conductance","120.1","USEPA",NA,99.2,"uS/cm","=","Sampled",NA,"Total","Actual",NA,NA,"Water Bottle",NA,"Limit of Quantitation",NA,"uS/cm","Method Detection Level",NA,"uS/cm",NA,"YSI",NA,"2025-04-30",NA,NA,NA,"Cold packs",NA,NA,NA,"N","AKDT"
"719",10000018,"Water","Surface Water","10000018-2025-04-30-Turb-DUP","2025-04-30","10:47:00.000000",NA,NA,60.502005,-151.106973,NA,"Quality Control Field Replicate Msr/Obs",15,"cm",NA,NA,NA,NA,NA,NA,"Turbidity","180.1","USEPA",NA,2.35,"NTU","=","Sampled",NA,"Total","Actual",NA,NA,"Water Bottle",NA,"Limit of Quantitation",NA,"NTU","Method Detection Level",NA,"NTU",NA,"YSI",NA,"2025-04-30","10:47:00",NA,NA,"Cold packs",NA,NA,NA,"N","AKDT"
"720",10000018,"Water","Surface Water","10000018-2025-04-30-Temp-DUP","2025-04-30",NA,NA,NA,60.502005,-151.106973,NA,"Quality Control Field Replicate Msr/Obs",15,"cm",NA,NA,NA,NA,NA,NA,"Water Temperature","170.1","USEPA",NA,4.7,"deg C","=","Sampled",NA,"Total","Actual",NA,NA,"Water Bottle",NA,"Limit of Quantitation",NA,"deg C","Method Detection Level",NA,"deg C",NA,"YSI",NA,"2025-04-30",NA,NA,NA,"Cold packs",NA,NA,NA,"N","AKDT"
"721",10000018,"Water","Surface Water","10000018-2025-04-30-pH-DUP","2025-04-30",NA,NA,NA,60.502005,-151.106973,NA,"Quality Control Field Replicate Msr/Obs",15,"cm",NA,NA,NA,NA,NA,NA,"pH","150.1","USEPA",NA,6.89,"None","=","Sampled",NA,"Total","Actual",NA,NA,"Water Bottle",NA,"Limit of Quantitation",NA,"None","Method Detection Level",NA,"None",NA,"YSI",NA,"2025-04-30",NA,NA,NA,"Cold packs",NA,NA,NA,"N","AKDT"
"722",10000018,"Water","Surface Water","10000018-2025-04-30-DO","2025-04-30",NA,NA,NA,60.502005,-151.106973,NA,"Field Msr/Obs",15,"cm",NA,NA,NA,NA,NA,NA,"Dissolved Oxygen","360.1","USEPA",NA,13.605,"mg/L","=","Sampled",NA,"Total","Actual",NA,NA,"Water Bottle",NA,"Limit of Quantitation",NA,"mg/L","Method Detection Level",NA,"mg/L",NA,"YSI",NA,"2025-04-30",NA,NA,NA,"Cold packs",NA,NA,NA,"N","AKDT"
"723",10000018,"Water","Surface Water","10000018-2025-07-23-DO","2025-07-23",NA,NA,NA,60.502005,-151.106973,NA,"Field Msr/Obs",15,"cm",NA,NA,NA,NA,NA,NA,"Dissolved Oxygen","360.1","USEPA",NA,8.555,"mg/L","=","Sampled",NA,"Total","Actual",NA,NA,"Water Bottle",NA,"Limit of Quantitation",NA,"mg/L","Method Detection Level",NA,"mg/L",NA,"YSI",NA,"2025-07-23",NA,NA,NA,"Cold packs",NA,NA,NA,"N","AKDT"
"724",10000018,"Water","Surface Water","10000018-2025-04-30-SpCond","2025-04-30",NA,NA,NA,60.502005,-151.106973,NA,"Field Msr/Obs",15,"cm",NA,NA,NA,NA,NA,NA,"Specific Conductance","120.1","USEPA",NA,99.95,"uS/cm","=","Sampled",NA,"Total","Actual",NA,NA,"Water Bottle",NA,"Limit of Quantitation",NA,"uS/cm","Method Detection Level",NA,"uS/cm",NA,"YSI",NA,"2025-04-30",NA,NA,NA,"Cold packs",NA,NA,NA,"N","AKDT"
"725",10000018,"Water","Surface Water","10000018-2025-07-23-SpCond","2025-07-23",NA,NA,NA,60.502005,-151.106973,NA,"Field Msr/Obs",15,"cm",NA,NA,NA,NA,NA,NA,"Specific Conductance","120.1","USEPA",NA,82.4,"uS/cm","=","Sampled",NA,"Total","Actual",NA,NA,"Water Bottle",NA,"Limit of Quantitation",NA,"uS/cm","Method Detection Level",NA,"uS/cm",NA,"YSI",NA,"2025-07-23",NA,NA,NA,"Cold packs",NA,NA,NA,"N","AKDT"
"726",10000018,"Water","Surface Water","10000018-2025-04-30-Turb","2025-04-30","10:47:00.000000",NA,NA,60.502005,-151.106973,NA,"Field Msr/Obs",15,"cm",NA,NA,NA,NA,NA,NA,"Turbidity","180.1","USEPA",NA,2.485,"NTU","=","Sampled",NA,"Total","Actual",NA,NA,"Water Bottle",NA,"Limit of Quantitation",NA,"NTU","Method Detection Level",NA,"NTU",NA,"YSI",NA,"2025-04-30","10:47:00",NA,NA,"Cold packs",NA,NA,NA,"N","AKDT"
"727",10000018,"Water","Surface Water","10000018-2025-07-23-Turb","2025-07-23","10:57:00.000000",NA,NA,60.502005,-151.106973,NA,"Field Msr/Obs",15,"cm",NA,NA,NA,NA,NA,NA,"Turbidity","180.1","USEPA",NA,6.825,"NTU","=","Sampled",NA,"Total","Actual",NA,NA,"Water Bottle",NA,"Limit of Quantitation",NA,"NTU","Method Detection Level",NA,"NTU",NA,"YSI",NA,"2025-07-23","10:57:00",NA,NA,"Cold packs",NA,NA,NA,"N","AKDT"
"728",10000018,"Water","Surface Water","10000018-2025-04-30-Temp","2025-04-30",NA,NA,NA,60.502005,-151.106973,NA,"Field Msr/Obs",15,"cm",NA,NA,NA,NA,NA,NA,"Water Temperature","170.1","USEPA",NA,4.7,"deg C","=","Sampled",NA,"Total","Actual",NA,NA,"Water Bottle",NA,"Limit of Quantitation",NA,"deg C","Method Detection Level",NA,"deg C",NA,"YSI",NA,"2025-04-30",NA,NA,NA,"Cold packs",NA,NA,NA,"N","AKDT"
"729",10000018,"Water","Surface Water","10000018-2025-07-23-Temp","2025-07-23",NA,NA,NA,60.502005,-151.106973,NA,"Field Msr/Obs",15,"cm",NA,NA,NA,NA,NA,NA,"Water Temperature","170.1","USEPA",NA,11.3,"deg C","=","Sampled",NA,"Total","Actual",NA,NA,"Water Bottle",NA,"Limit of Quantitation",NA,"deg C","Method Detection Level",NA,"deg C",NA,"YSI",NA,"2025-07-23",NA,NA,NA,"Cold packs",NA,NA,NA,"N","AKDT"
"730",10000018,"Water","Surface Water","10000018-2025-04-30-pH","2025-04-30",NA,NA,NA,60.502005,-151.106973,NA,"Field Msr/Obs",15,"cm",NA,NA,NA,NA,NA,NA,"pH","150.1","USEPA",NA,6.695,"None","=","Sampled",NA,"Total","Actual",NA,NA,"Water Bottle",NA,"Limit of Quantitation",NA,"None","Method Detection Level",NA,"None",NA,"YSI",NA,"2025-04-30",NA,NA,NA,"Cold packs",NA,NA,NA,"N","AKDT"
"731",10000018,"Water","Surface Water","10000018-2025-07-23-pH","2025-07-23",NA,NA,NA,60.502005,-151.106973,NA,"Field Msr/Obs",15,"cm",NA,NA,NA,NA,NA,NA,"pH","150.1","USEPA",NA,7.445,"None","=","Sampled",NA,"Total","Actual",NA,NA,"Water Bottle",NA,"Limit of Quantitation",NA,"None","Method Detection Level",NA,"None",NA,"YSI",NA,"2025-07-23",NA,NA,NA,"Cold packs",NA,NA,NA,"N","AKDT"
"732",10000020,"Water","Surface Water","10000020-2025-04-30-DO","2025-04-30",NA,NA,NA,60.48175453,-151.1306816,NA,"Field Msr/Obs",15,"cm",NA,NA,NA,NA,NA,NA,"Dissolved Oxygen","360.1","USEPA",NA,13.825,"mg/L","=","Sampled",NA,"Total","Actual",NA,NA,"Water Bottle",NA,"Limit of Quantitation",NA,"mg/L","Method Detection Level",NA,"mg/L",NA,"YSI",NA,"2025-04-30",NA,NA,NA,"Cold packs",NA,NA,NA,"N","AKDT"
"733",10000020,"Water","Surface Water","10000020-2025-07-23-DO","2025-07-23",NA,NA,NA,60.48175453,-151.1306816,NA,"Field Msr/Obs",15,"cm",NA,NA,NA,NA,NA,NA,"Dissolved Oxygen","360.1","USEPA",NA,12.41,"mg/L","=","Sampled",NA,"Total","Actual",NA,NA,"Water Bottle",NA,"Limit of Quantitation",NA,"mg/L","Method Detection Level",NA,"mg/L",NA,"YSI",NA,"2025-07-23",NA,NA,NA,"Cold packs",NA,NA,NA,"N","AKDT"
"734",10000020,"Water","Surface Water","10000020-2025-04-30-SpCond","2025-04-30",NA,NA,NA,60.48175453,-151.1306816,NA,"Field Msr/Obs",15,"cm",NA,NA,NA,NA,NA,NA,"Specific Conductance","120.1","USEPA",NA,78.05,"uS/cm","=","Sampled",NA,"Total","Actual",NA,NA,"Water Bottle",NA,"Limit of Quantitation",NA,"uS/cm","Method Detection Level",NA,"uS/cm",NA,"YSI",NA,"2025-04-30",NA,NA,NA,"Cold packs",NA,NA,NA,"N","AKDT"
"735",10000020,"Water","Surface Water","10000020-2025-07-23-SpCond","2025-07-23",NA,NA,NA,60.48175453,-151.1306816,NA,"Field Msr/Obs",15,"cm",NA,NA,NA,NA,NA,NA,"Specific Conductance","120.1","USEPA",NA,0.17305,"uS/cm","=","Sampled",NA,"Total","Actual",NA,NA,"Water Bottle",NA,"Limit of Quantitation",NA,"uS/cm","Method Detection Level",NA,"uS/cm",NA,"YSI",NA,"2025-07-23",NA,NA,NA,"Cold packs",NA,NA,NA,"N","AKDT"
"736",10000020,"Water","Surface Water","10000020-2025-04-30-Turb","2025-04-30","09:50:00.000000",NA,NA,60.48175453,-151.1306816,NA,"Field Msr/Obs",15,"cm",NA,NA,NA,NA,NA,NA,"Turbidity","180.1","USEPA",NA,3.025,"NTU","=","Sampled",NA,"Total","Actual",NA,NA,"Water Bottle",NA,"Limit of Quantitation",NA,"NTU","Method Detection Level",NA,"NTU",NA,"YSI",NA,"2025-04-30","09:50:00",NA,NA,"Cold packs",NA,NA,NA,"N","AKDT"
"737",10000020,"Water","Surface Water","10000020-2025-07-23-Turb","2025-07-23","10:11:00.000000",NA,NA,60.48175453,-151.1306816,NA,"Field Msr/Obs",15,"cm",NA,NA,NA,NA,NA,NA,"Turbidity","180.1","USEPA",NA,5.875,"NTU","=","Sampled",NA,"Total","Actual",NA,NA,"Water Bottle",NA,"Limit of Quantitation",NA,"NTU","Method Detection Level",NA,"NTU",NA,"YSI",NA,"2025-07-23","10:11:00",NA,NA,"Cold packs",NA,NA,NA,"N","AKDT"
"738",10000020,"Water","Surface Water","10000020-2025-04-30-Temp","2025-04-30",NA,NA,NA,60.48175453,-151.1306816,NA,"Field Msr/Obs",15,"cm",NA,NA,NA,NA,NA,NA,"Water Temperature","170.1","USEPA",NA,4.5,"deg C","=","Sampled",NA,"Total","Actual",NA,NA,"Water Bottle",NA,"Limit of Quantitation",NA,"deg C","Method Detection Level",NA,"deg C",NA,"YSI",NA,"2025-04-30",NA,NA,NA,"Cold packs",NA,NA,NA,"N","AKDT"
"739",10000020,"Water","Surface Water","10000020-2025-07-23-Temp","2025-07-23",NA,NA,NA,60.48175453,-151.1306816,NA,"Field Msr/Obs",15,"cm",NA,NA,NA,NA,NA,NA,"Water Temperature","170.1","USEPA",NA,10,"deg C","=","Sampled",NA,"Total","Actual",NA,NA,"Water Bottle",NA,"Limit of Quantitation",NA,"deg C","Method Detection Level",NA,"deg C",NA,"YSI",NA,"2025-07-23",NA,NA,NA,"Cold packs",NA,NA,NA,"N","AKDT"
"740",10000020,"Water","Surface Water","10000020-2025-04-30-pH","2025-04-30",NA,NA,NA,60.48175453,-151.1306816,NA,"Field Msr/Obs",15,"cm",NA,NA,NA,NA,NA,NA,"pH","150.1","USEPA",NA,6.53,"None","=","Sampled",NA,"Total","Actual",NA,NA,"Water Bottle",NA,"Limit of Quantitation",NA,"None","Method Detection Level",NA,"None",NA,"YSI",NA,"2025-04-30",NA,NA,NA,"Cold packs",NA,NA,NA,"N","AKDT"
"741",10000020,"Water","Surface Water","10000020-2025-07-23-pH","2025-07-23",NA,NA,NA,60.48175453,-151.1306816,NA,"Field Msr/Obs",15,"cm",NA,NA,NA,NA,NA,NA,"pH","150.1","USEPA",NA,6.485,"None","=","Sampled",NA,"Total","Actual",NA,NA,"Water Bottle",NA,"Limit of Quantitation",NA,"None","Method Detection Level",NA,"None",NA,"YSI",NA,"2025-07-23",NA,NA,NA,"Cold packs",NA,NA,NA,"N","AKDT"
"742",10000021,"Water","Surface Water","10000021-2025-04-30-DO","2025-04-30",NA,NA,NA,60.476634,-151.082099,NA,"Field Msr/Obs",15,"cm",NA,NA,NA,NA,NA,NA,"Dissolved Oxygen","360.1","USEPA",NA,12.25,"mg/L","=","Sampled",NA,"Total","Actual",NA,NA,"Water Bottle",NA,"Limit of Quantitation",NA,"mg/L","Method Detection Level",NA,"mg/L",NA,"YSI",NA,"2025-04-30",NA,NA,NA,"Cold packs",NA,NA,NA,"N","AKDT"
"743",10000021,"Water","Surface Water","10000021-2025-07-23-DO","2025-07-23",NA,NA,NA,60.476634,-151.082099,NA,"Field Msr/Obs",15,"cm",NA,NA,NA,NA,NA,NA,"Dissolved Oxygen","360.1","USEPA",NA,11.905,"mg/L","=","Sampled",NA,"Total","Actual",NA,NA,"Water Bottle",NA,"Limit of Quantitation",NA,"mg/L","Method Detection Level",NA,"mg/L",NA,"YSI",NA,"2025-07-23",NA,NA,NA,"Cold packs",NA,NA,NA,"N","AKDT"
"744",10000021,"Water","Surface Water","10000021-2025-04-30-SpCond","2025-04-30",NA,NA,NA,60.476634,-151.082099,NA,"Field Msr/Obs",15,"cm",NA,NA,NA,NA,NA,NA,"Specific Conductance","120.1","USEPA",NA,81.05,"uS/cm","=","Sampled",NA,"Total","Actual",NA,NA,"Water Bottle",NA,"Limit of Quantitation",NA,"uS/cm","Method Detection Level",NA,"uS/cm",NA,"YSI",NA,"2025-04-30",NA,NA,NA,"Cold packs",NA,NA,NA,"N","AKDT"
"745",10000021,"Water","Surface Water","10000021-2025-07-23-SpCond","2025-07-23",NA,NA,NA,60.476634,-151.082099,NA,"Field Msr/Obs",15,"cm",NA,NA,NA,NA,NA,NA,"Specific Conductance","120.1","USEPA",NA,0.08035,"uS/cm","=","Sampled",NA,"Total","Actual",NA,NA,"Water Bottle",NA,"Limit of Quantitation",NA,"uS/cm","Method Detection Level",NA,"uS/cm",NA,"YSI",NA,"2025-07-23",NA,NA,NA,"Cold packs",NA,NA,NA,"N","AKDT"
"746",10000021,"Water","Surface Water","10000021-2025-04-30-Turb","2025-04-30","09:31:00.000000",NA,NA,60.476634,-151.082099,NA,"Field Msr/Obs",15,"cm",NA,NA,NA,NA,NA,NA,"Turbidity","180.1","USEPA",NA,3.655,"NTU","=","Sampled",NA,"Total","Actual",NA,NA,"Water Bottle",NA,"Limit of Quantitation",NA,"NTU","Method Detection Level",NA,"NTU",NA,"YSI",NA,"2025-04-30","09:31:00",NA,NA,"Cold packs",NA,NA,NA,"N","AKDT"
"747",10000021,"Water","Surface Water","10000021-2025-07-23-Turb","2025-07-23","09:42:00.000000",NA,NA,60.476634,-151.082099,NA,"Field Msr/Obs",15,"cm",NA,NA,NA,NA,NA,NA,"Turbidity","180.1","USEPA",NA,6.605,"NTU","=","Sampled",NA,"Total","Actual",NA,NA,"Water Bottle",NA,"Limit of Quantitation",NA,"NTU","Method Detection Level",NA,"NTU",NA,"YSI",NA,"2025-07-23","09:42:00",NA,NA,"Cold packs",NA,NA,NA,"N","AKDT"
"748",10000021,"Water","Surface Water","10000021-2025-04-30-Temp","2025-04-30",NA,NA,NA,60.476634,-151.082099,NA,"Field Msr/Obs",15,"cm",NA,NA,NA,NA,NA,NA,"Water Temperature","170.1","USEPA",NA,4.665,"deg C","=","Sampled",NA,"Total","Actual",NA,NA,"Water Bottle",NA,"Limit of Quantitation",NA,"deg C","Method Detection Level",NA,"deg C",NA,"YSI",NA,"2025-04-30",NA,NA,NA,"Cold packs",NA,NA,NA,"N","AKDT"
"749",10000021,"Water","Surface Water","10000021-2025-07-23-Temp","2025-07-23",NA,NA,NA,60.476634,-151.082099,NA,"Field Msr/Obs",15,"cm",NA,NA,NA,NA,NA,NA,"Water Temperature","170.1","USEPA",NA,11,"deg C","=","Sampled",NA,"Total","Actual",NA,NA,"Water Bottle",NA,"Limit of Quantitation",NA,"deg C","Method Detection Level",NA,"deg C",NA,"YSI",NA,"2025-07-23",NA,NA,NA,"Cold packs",NA,NA,NA,"N","AKDT"
"750",10000021,"Water","Surface Water","10000021-2025-04-30-pH","2025-04-30",NA,NA,NA,60.476634,-151.082099,NA,"Field Msr/Obs",15,"cm",NA,NA,NA,NA,NA,NA,"pH","150.1","USEPA",NA,6.425,"None","=","Sampled",NA,"Total","Actual",NA,NA,"Water Bottle",NA,"Limit of Quantitation",NA,"None","Method Detection Level",NA,"None",NA,"YSI",NA,"2025-04-30",NA,NA,NA,"Cold packs",NA,NA,NA,"N","AKDT"
"751",10000021,"Water","Surface Water","10000021-2025-07-23-pH","2025-07-23",NA,NA,NA,60.476634,-151.082099,NA,"Field Msr/Obs",15,"cm",NA,NA,NA,NA,NA,NA,"pH","150.1","USEPA",NA,6.735,"None","=","Sampled",NA,"Total","Actual",NA,NA,"Water Bottle",NA,"Limit of Quantitation",NA,"None","Method Detection Level",NA,"None",NA,"YSI",NA,"2025-07-23",NA,NA,NA,"Cold packs",NA,NA,NA,"N","AKDT"
"752",10000022,"Water","Surface Water","10000022-2025-04-30-DO-DUP","2025-04-30",NA,NA,NA,60.483364,-151.057656,NA,"Quality Control Field Replicate Msr/Obs",15,"cm",NA,NA,NA,NA,NA,NA,"Dissolved Oxygen","360.1","USEPA",NA,13.755,"mg/L","=","Sampled",NA,"Total","Actual",NA,NA,"Water Bottle",NA,"Limit of Quantitation",NA,"mg/L","Method Detection Level",NA,"mg/L",NA,"YSI",NA,"2025-04-30",NA,NA,NA,"Cold packs",NA,NA,NA,"N","AKDT"
"753",10000022,"Water","Surface Water","10000022-2025-04-30-SpCond-DUP","2025-04-30",NA,NA,NA,60.483364,-151.057656,NA,"Quality Control Field Replicate Msr/Obs",15,"cm",NA,NA,NA,NA,NA,NA,"Specific Conductance","120.1","USEPA",NA,123.75,"uS/cm","=","Sampled",NA,"Total","Actual",NA,NA,"Water Bottle",NA,"Limit of Quantitation",NA,"uS/cm","Method Detection Level",NA,"uS/cm",NA,"YSI",NA,"2025-04-30",NA,NA,NA,"Cold packs",NA,NA,NA,"N","AKDT"
"754",10000022,"Water","Surface Water","10000022-2025-04-30-Turb-DUP","2025-04-30","10:26:00.000000",NA,NA,60.483364,-151.057656,NA,"Quality Control Field Replicate Msr/Obs",15,"cm",NA,NA,NA,NA,NA,NA,"Turbidity","180.1","USEPA",NA,2.74,"NTU","=","Sampled",NA,"Total","Actual",NA,NA,"Water Bottle",NA,"Limit of Quantitation",NA,"NTU","Method Detection Level",NA,"NTU",NA,"YSI",NA,"2025-04-30","10:26:00",NA,NA,"Cold packs",NA,NA,NA,"N","AKDT"
"755",10000022,"Water","Surface Water","10000022-2025-04-30-Temp-DUP","2025-04-30",NA,NA,NA,60.483364,-151.057656,NA,"Quality Control Field Replicate Msr/Obs",15,"cm",NA,NA,NA,NA,NA,NA,"Water Temperature","170.1","USEPA",NA,4.9,"deg C","=","Sampled",NA,"Total","Actual",NA,NA,"Water Bottle",NA,"Limit of Quantitation",NA,"deg C","Method Detection Level",NA,"deg C",NA,"YSI",NA,"2025-04-30",NA,NA,NA,"Cold packs",NA,NA,NA,"N","AKDT"
"756",10000022,"Water","Surface Water","10000022-2025-04-30-pH-DUP","2025-04-30",NA,NA,NA,60.483364,-151.057656,NA,"Quality Control Field Replicate Msr/Obs",15,"cm",NA,NA,NA,NA,NA,NA,"pH","150.1","USEPA",NA,7.16,"None","=","Sampled",NA,"Total","Actual",NA,NA,"Water Bottle",NA,"Limit of Quantitation",NA,"None","Method Detection Level",NA,"None",NA,"YSI",NA,"2025-04-30",NA,NA,NA,"Cold packs",NA,NA,NA,"N","AKDT"
"757",10000022,"Water","Surface Water","10000022-2025-04-30-DO","2025-04-30",NA,NA,NA,60.483364,-151.057656,NA,"Field Msr/Obs",15,"cm",NA,NA,NA,NA,NA,NA,"Dissolved Oxygen","360.1","USEPA",NA,14.86,"mg/L","=","Sampled",NA,"Total","Actual",NA,NA,"Water Bottle",NA,"Limit of Quantitation",NA,"mg/L","Method Detection Level",NA,"mg/L",NA,"YSI",NA,"2025-04-30",NA,NA,NA,"Cold packs",NA,NA,NA,"N","AKDT"
"758",10000022,"Water","Surface Water","10000022-2025-07-23-DO","2025-07-23",NA,NA,NA,60.483364,-151.057656,NA,"Field Msr/Obs",15,"cm",NA,NA,NA,NA,NA,NA,"Dissolved Oxygen","360.1","USEPA",NA,10.075,"mg/L","=","Sampled",NA,"Total","Actual",NA,NA,"Water Bottle",NA,"Limit of Quantitation",NA,"mg/L","Method Detection Level",NA,"mg/L",NA,"YSI",NA,"2025-07-23",NA,NA,NA,"Cold packs",NA,NA,NA,"N","AKDT"
"759",10000022,"Water","Surface Water","10000022-2025-04-30-SpCond","2025-04-30",NA,NA,NA,60.483364,-151.057656,NA,"Field Msr/Obs",15,"cm",NA,NA,NA,NA,NA,NA,"Specific Conductance","120.1","USEPA",NA,124.5,"uS/cm","=","Sampled",NA,"Total","Actual",NA,NA,"Water Bottle",NA,"Limit of Quantitation",NA,"uS/cm","Method Detection Level",NA,"uS/cm",NA,"YSI",NA,"2025-04-30",NA,NA,NA,"Cold packs",NA,NA,NA,"N","AKDT"
"760",10000022,"Water","Surface Water","10000022-2025-07-23-SpCond","2025-07-23",NA,NA,NA,60.483364,-151.057656,NA,"Field Msr/Obs",15,"cm",NA,NA,NA,NA,NA,NA,"Specific Conductance","120.1","USEPA",NA,0.17705,"uS/cm","=","Sampled",NA,"Total","Actual",NA,NA,"Water Bottle",NA,"Limit of Quantitation",NA,"uS/cm","Method Detection Level",NA,"uS/cm",NA,"YSI",NA,"2025-07-23",NA,NA,NA,"Cold packs",NA,NA,NA,"N","AKDT"
"761",10000022,"Water","Surface Water","10000022-2025-04-30-Turb","2025-04-30","10:28:00.000000",NA,NA,60.483364,-151.057656,NA,"Field Msr/Obs",15,"cm",NA,NA,NA,NA,NA,NA,"Turbidity","180.1","USEPA",NA,3.655,"NTU","=","Sampled",NA,"Total","Actual",NA,NA,"Water Bottle",NA,"Limit of Quantitation",NA,"NTU","Method Detection Level",NA,"NTU",NA,"YSI",NA,"2025-04-30","10:28:00",NA,NA,"Cold packs",NA,NA,NA,"N","AKDT"
"762",10000022,"Water","Surface Water","10000022-2025-07-23-Turb","2025-07-23","08:17:00.000000",NA,NA,60.483364,-151.057656,NA,"Field Msr/Obs",15,"cm",NA,NA,NA,NA,NA,NA,"Turbidity","180.1","USEPA",NA,2.075,"NTU","=","Sampled",NA,"Total","Actual",NA,NA,"Water Bottle",NA,"Limit of Quantitation",NA,"NTU","Method Detection Level",NA,"NTU",NA,"YSI",NA,"2025-07-23","08:17:00",NA,NA,"Cold packs",NA,NA,NA,"N","AKDT"
"763",10000022,"Water","Surface Water","10000022-2025-04-30-Temp","2025-04-30",NA,NA,NA,60.483364,-151.057656,NA,"Field Msr/Obs",15,"cm",NA,NA,NA,NA,NA,NA,"Water Temperature","170.1","USEPA",NA,4.9,"deg C","=","Sampled",NA,"Total","Actual",NA,NA,"Water Bottle",NA,"Limit of Quantitation",NA,"deg C","Method Detection Level",NA,"deg C",NA,"YSI",NA,"2025-04-30",NA,NA,NA,"Cold packs",NA,NA,NA,"N","AKDT"
"764",10000022,"Water","Surface Water","10000022-2025-07-23-Temp","2025-07-23",NA,NA,NA,60.483364,-151.057656,NA,"Field Msr/Obs",15,"cm",NA,NA,NA,NA,NA,NA,"Water Temperature","170.1","USEPA",NA,13.05,"deg C","=","Sampled",NA,"Total","Actual",NA,NA,"Water Bottle",NA,"Limit of Quantitation",NA,"deg C","Method Detection Level",NA,"deg C",NA,"YSI",NA,"2025-07-23",NA,NA,NA,"Cold packs",NA,NA,NA,"N","AKDT"
"765",10000022,"Water","Surface Water","10000022-2025-04-30-pH","2025-04-30",NA,NA,NA,60.483364,-151.057656,NA,"Field Msr/Obs",15,"cm",NA,NA,NA,NA,NA,NA,"pH","150.1","USEPA",NA,6.985,"None","=","Sampled",NA,"Total","Actual",NA,NA,"Water Bottle",NA,"Limit of Quantitation",NA,"None","Method Detection Level",NA,"None",NA,"YSI",NA,"2025-04-30",NA,NA,NA,"Cold packs",NA,NA,NA,"N","AKDT"
"766",10000022,"Water","Surface Water","10000022-2025-07-23-pH","2025-07-23",NA,NA,NA,60.483364,-151.057656,NA,"Field Msr/Obs",15,"cm",NA,NA,NA,NA,NA,NA,"pH","150.1","USEPA",NA,6.89,"None","=","Sampled",NA,"Total","Actual",NA,NA,"Water Bottle",NA,"Limit of Quantitation",NA,"None","Method Detection Level",NA,"None",NA,"YSI",NA,"2025-07-23",NA,NA,NA,"Cold packs",NA,NA,NA,"N","AKDT"
"767",10000023,"Water","Surface Water","10000023-2025-07-23-DO-DUP","2025-07-23",NA,NA,NA,60.480338,-151.030847,NA,"Quality Control Field Replicate Msr/Obs",15,"cm",NA,NA,NA,NA,NA,NA,"Dissolved Oxygen","360.1","USEPA",NA,11.03,"mg/L","=","Sampled",NA,"Total","Actual",NA,NA,"Water Bottle",NA,"Limit of Quantitation",NA,"mg/L","Method Detection Level",NA,"mg/L",NA,"YSI",NA,"2025-07-23",NA,NA,NA,"Cold packs",NA,NA,NA,"N","AKDT"
"768",10000023,"Water","Surface Water","10000023-2025-07-23-SpCond-DUP","2025-07-23",NA,NA,NA,60.480338,-151.030847,NA,"Quality Control Field Replicate Msr/Obs",15,"cm",NA,NA,NA,NA,NA,NA,"Specific Conductance","120.1","USEPA",NA,0.081,"uS/cm","=","Sampled",NA,"Total","Actual",NA,NA,"Water Bottle",NA,"Limit of Quantitation",NA,"uS/cm","Method Detection Level",NA,"uS/cm",NA,"YSI",NA,"2025-07-23",NA,NA,NA,"Cold packs",NA,NA,NA,"N","AKDT"
"769",10000023,"Water","Surface Water","10000023-2025-07-23-Turb-DUP","2025-07-23","09:13:00.000000",NA,NA,60.480338,-151.030847,NA,"Quality Control Field Replicate Msr/Obs",15,"cm",NA,NA,NA,NA,NA,NA,"Turbidity","180.1","USEPA",NA,6.235,"NTU","=","Sampled",NA,"Total","Actual",NA,NA,"Water Bottle",NA,"Limit of Quantitation",NA,"NTU","Method Detection Level",NA,"NTU",NA,"YSI",NA,"2025-07-23","09:13:00",NA,NA,"Cold packs",NA,NA,NA,"N","AKDT"
"770",10000023,"Water","Surface Water","10000023-2025-07-23-Temp-DUP","2025-07-23",NA,NA,NA,60.480338,-151.030847,NA,"Quality Control Field Replicate Msr/Obs",15,"cm",NA,NA,NA,NA,NA,NA,"Water Temperature","170.1","USEPA",NA,11,"deg C","=","Sampled",NA,"Total","Actual",NA,NA,"Water Bottle",NA,"Limit of Quantitation",NA,"deg C","Method Detection Level",NA,"deg C",NA,"YSI",NA,"2025-07-23",NA,NA,NA,"Cold packs",NA,NA,NA,"N","AKDT"
"771",10000023,"Water","Surface Water","10000023-2025-07-23-pH-DUP","2025-07-23",NA,NA,NA,60.480338,-151.030847,NA,"Quality Control Field Replicate Msr/Obs",15,"cm",NA,NA,NA,NA,NA,NA,"pH","150.1","USEPA",NA,6.655,"None","=","Sampled",NA,"Total","Actual",NA,NA,"Water Bottle",NA,"Limit of Quantitation",NA,"None","Method Detection Level",NA,"None",NA,"YSI",NA,"2025-07-23",NA,NA,NA,"Cold packs",NA,NA,NA,"N","AKDT"
"772",10000023,"Water","Surface Water","10000023-2025-04-30-DO","2025-04-30",NA,NA,NA,60.480338,-151.030847,NA,"Field Msr/Obs",15,"cm",NA,NA,NA,NA,NA,NA,"Dissolved Oxygen","360.1","USEPA",NA,14.59,"mg/L","=","Sampled",NA,"Total","Actual",NA,NA,"Water Bottle",NA,"Limit of Quantitation",NA,"mg/L","Method Detection Level",NA,"mg/L",NA,"YSI",NA,"2025-04-30",NA,NA,NA,"Cold packs",NA,NA,NA,"N","AKDT"
"773",10000023,"Water","Surface Water","10000023-2025-07-23-DO","2025-07-23",NA,NA,NA,60.480338,-151.030847,NA,"Field Msr/Obs",15,"cm",NA,NA,NA,NA,NA,NA,"Dissolved Oxygen","360.1","USEPA",NA,11.02,"mg/L","=","Sampled",NA,"Total","Actual",NA,NA,"Water Bottle",NA,"Limit of Quantitation",NA,"mg/L","Method Detection Level",NA,"mg/L",NA,"YSI",NA,"2025-07-23",NA,NA,NA,"Cold packs",NA,NA,NA,"N","AKDT"
"774",10000023,"Water","Surface Water","10000023-2025-04-30-SpCond","2025-04-30",NA,NA,NA,60.480338,-151.030847,NA,"Field Msr/Obs",15,"cm",NA,NA,NA,NA,NA,NA,"Specific Conductance","120.1","USEPA",NA,86.65,"uS/cm","=","Sampled",NA,"Total","Actual",NA,NA,"Water Bottle",NA,"Limit of Quantitation",NA,"uS/cm","Method Detection Level",NA,"uS/cm",NA,"YSI",NA,"2025-04-30",NA,NA,NA,"Cold packs",NA,NA,NA,"N","AKDT"
"775",10000023,"Water","Surface Water","10000023-2025-07-23-SpCond","2025-07-23",NA,NA,NA,60.480338,-151.030847,NA,"Field Msr/Obs",15,"cm",NA,NA,NA,NA,NA,NA,"Specific Conductance","120.1","USEPA",NA,0.0946,"uS/cm","=","Sampled",NA,"Total","Actual",NA,NA,"Water Bottle",NA,"Limit of Quantitation",NA,"uS/cm","Method Detection Level",NA,"uS/cm",NA,"YSI",NA,"2025-07-23",NA,NA,NA,"Cold packs",NA,NA,NA,"N","AKDT"
"776",10000023,"Water","Surface Water","10000023-2025-04-30-Turb","2025-04-30","08:50:00.000000",NA,NA,60.480338,-151.030847,NA,"Field Msr/Obs",15,"cm",NA,NA,NA,NA,NA,NA,"Turbidity","180.1","USEPA",NA,2.635,"NTU","=","Sampled",NA,"Total","Actual",NA,NA,"Water Bottle",NA,"Limit of Quantitation",NA,"NTU","Method Detection Level",NA,"NTU",NA,"YSI",NA,"2025-04-30","08:50:00",NA,NA,"Cold packs",NA,NA,NA,"N","AKDT"
"777",10000023,"Water","Surface Water","10000023-2025-07-23-Turb","2025-07-23","09:00:00.000000",NA,NA,60.480338,-151.030847,NA,"Field Msr/Obs",15,"cm",NA,NA,NA,NA,NA,NA,"Turbidity","180.1","USEPA",NA,6.145,"NTU","=","Sampled",NA,"Total","Actual",NA,NA,"Water Bottle",NA,"Limit of Quantitation",NA,"NTU","Method Detection Level",NA,"NTU",NA,"YSI",NA,"2025-07-23","09:00:00",NA,NA,"Cold packs",NA,NA,NA,"N","AKDT"
"778",10000023,"Water","Surface Water","10000023-2025-04-30-Temp","2025-04-30",NA,NA,NA,60.480338,-151.030847,NA,"Field Msr/Obs",15,"cm",NA,NA,NA,NA,NA,NA,"Water Temperature","170.1","USEPA",NA,4.65,"deg C","=","Sampled",NA,"Total","Actual",NA,NA,"Water Bottle",NA,"Limit of Quantitation",NA,"deg C","Method Detection Level",NA,"deg C",NA,"YSI",NA,"2025-04-30",NA,NA,NA,"Cold packs",NA,NA,NA,"N","AKDT"
"779",10000023,"Water","Surface Water","10000023-2025-07-23-Temp","2025-07-23",NA,NA,NA,60.480338,-151.030847,NA,"Field Msr/Obs",15,"cm",NA,NA,NA,NA,NA,NA,"Water Temperature","170.1","USEPA",NA,11,"deg C","=","Sampled",NA,"Total","Actual",NA,NA,"Water Bottle",NA,"Limit of Quantitation",NA,"deg C","Method Detection Level",NA,"deg C",NA,"YSI",NA,"2025-07-23",NA,NA,NA,"Cold packs",NA,NA,NA,"N","AKDT"
"780",10000023,"Water","Surface Water","10000023-2025-04-30-pH","2025-04-30",NA,NA,NA,60.480338,-151.030847,NA,"Field Msr/Obs",15,"cm",NA,NA,NA,NA,NA,NA,"pH","150.1","USEPA",NA,7.14,"None","=","Sampled",NA,"Total","Actual",NA,NA,"Water Bottle",NA,"Limit of Quantitation",NA,"None","Method Detection Level",NA,"None",NA,"YSI",NA,"2025-04-30",NA,NA,NA,"Cold packs",NA,NA,NA,"N","AKDT"
"781",10000023,"Water","Surface Water","10000023-2025-07-23-pH","2025-07-23",NA,NA,NA,60.480338,-151.030847,NA,"Field Msr/Obs",15,"cm",NA,NA,NA,NA,NA,NA,"pH","150.1","USEPA",NA,6.635,"None","=","Sampled",NA,"Total","Actual",NA,NA,"Water Bottle",NA,"Limit of Quantitation",NA,"None","Method Detection Level",NA,"None",NA,"YSI",NA,"2025-07-23",NA,NA,NA,"Cold packs",NA,NA,NA,"N","AKDT"
"782",10000024,"Water","Surface Water","10000024-2025-04-30-DO","2025-04-30",NA,NA,NA,60.489963,-150.860982,NA,"Field Msr/Obs",15,"cm",NA,NA,NA,NA,NA,NA,"Dissolved Oxygen","360.1","USEPA",NA,14.075,"mg/L","=","Sampled",NA,"Total","Actual",NA,NA,"Water Bottle",NA,"Limit of Quantitation",NA,"mg/L","Method Detection Level",NA,"mg/L",NA,"YSI",NA,"2025-04-30",NA,NA,NA,"Cold packs",NA,NA,NA,"N","AKDT"
"783",10000024,"Water","Surface Water","10000024-2025-07-23-DO","2025-07-23",NA,NA,NA,60.489963,-150.860982,NA,"Field Msr/Obs",15,"cm",NA,NA,NA,NA,NA,NA,"Dissolved Oxygen","360.1","USEPA",NA,11.45,"mg/L","=","Sampled",NA,"Total","Actual",NA,NA,"Water Bottle",NA,"Limit of Quantitation",NA,"mg/L","Method Detection Level",NA,"mg/L",NA,"YSI",NA,"2025-07-23",NA,NA,NA,"Cold packs",NA,NA,NA,"N","AKDT"
"784",10000024,"Water","Surface Water","10000024-2025-04-30-SpCond","2025-04-30",NA,NA,NA,60.489963,-150.860982,NA,"Field Msr/Obs",15,"cm",NA,NA,NA,NA,NA,NA,"Specific Conductance","120.1","USEPA",NA,67,"uS/cm","=","Sampled",NA,"Total","Actual",NA,NA,"Water Bottle",NA,"Limit of Quantitation",NA,"uS/cm","Method Detection Level",NA,"uS/cm",NA,"YSI",NA,"2025-04-30",NA,NA,NA,"Cold packs",NA,NA,NA,"N","AKDT"
"785",10000024,"Water","Surface Water","10000024-2025-07-23-SpCond","2025-07-23",NA,NA,NA,60.489963,-150.860982,NA,"Field Msr/Obs",15,"cm",NA,NA,NA,NA,NA,NA,"Specific Conductance","120.1","USEPA",NA,0.08395,"uS/cm","=","Sampled",NA,"Total","Actual",NA,NA,"Water Bottle",NA,"Limit of Quantitation",NA,"uS/cm","Method Detection Level",NA,"uS/cm",NA,"YSI",NA,"2025-07-23",NA,NA,NA,"Cold packs",NA,NA,NA,"N","AKDT"
"786",10000024,"Water","Surface Water","10000024-2025-04-30-Turb","2025-04-30","10:26:00.000000",NA,NA,60.489963,-150.860982,NA,"Field Msr/Obs",15,"cm",NA,NA,NA,NA,NA,NA,"Turbidity","180.1","USEPA",NA,6.97,"NTU","=","Sampled",NA,"Total","Actual",NA,NA,"Water Bottle",NA,"Limit of Quantitation",NA,"NTU","Method Detection Level",NA,"NTU",NA,"YSI",NA,"2025-04-30","10:26:00",NA,NA,"Cold packs",NA,NA,NA,"N","AKDT"
"787",10000024,"Water","Surface Water","10000024-2025-07-23-Turb","2025-07-23","08:55:00.000000",NA,NA,60.489963,-150.860982,NA,"Field Msr/Obs",15,"cm",NA,NA,NA,NA,NA,NA,"Turbidity","180.1","USEPA",NA,2.985,"NTU","=","Sampled",NA,"Total","Actual",NA,NA,"Water Bottle",NA,"Limit of Quantitation",NA,"NTU","Method Detection Level",NA,"NTU",NA,"YSI",NA,"2025-07-23","08:55:00",NA,NA,"Cold packs",NA,NA,NA,"N","AKDT"
"788",10000024,"Water","Surface Water","10000024-2025-04-30-Temp","2025-04-30",NA,NA,NA,60.489963,-150.860982,NA,"Field Msr/Obs",15,"cm",NA,NA,NA,NA,NA,NA,"Water Temperature","170.1","USEPA",NA,3,"deg C","=","Sampled",NA,"Total","Actual",NA,NA,"Water Bottle",NA,"Limit of Quantitation",NA,"deg C","Method Detection Level",NA,"deg C",NA,"YSI",NA,"2025-04-30",NA,NA,NA,"Cold packs",NA,NA,NA,"N","AKDT"
"789",10000024,"Water","Surface Water","10000024-2025-07-23-Temp","2025-07-23",NA,NA,NA,60.489963,-150.860982,NA,"Field Msr/Obs",15,"cm",NA,NA,NA,NA,NA,NA,"Water Temperature","170.1","USEPA",NA,10.7,"deg C","=","Sampled",NA,"Total","Actual",NA,NA,"Water Bottle",NA,"Limit of Quantitation",NA,"deg C","Method Detection Level",NA,"deg C",NA,"YSI",NA,"2025-07-23",NA,NA,NA,"Cold packs",NA,NA,NA,"N","AKDT"
"790",10000024,"Water","Surface Water","10000024-2025-04-30-pH","2025-04-30",NA,NA,NA,60.489963,-150.860982,NA,"Field Msr/Obs",15,"cm",NA,NA,NA,NA,NA,NA,"pH","150.1","USEPA",NA,7.23,"None","=","Sampled",NA,"Total","Actual",NA,NA,"Water Bottle",NA,"Limit of Quantitation",NA,"None","Method Detection Level",NA,"None",NA,"YSI",NA,"2025-04-30",NA,NA,NA,"Cold packs",NA,NA,NA,"N","AKDT"
"791",10000024,"Water","Surface Water","10000024-2025-07-23-pH","2025-07-23",NA,NA,NA,60.489963,-150.860982,NA,"Field Msr/Obs",15,"cm",NA,NA,NA,NA,NA,NA,"pH","150.1","USEPA",NA,7.01,"None","=","Sampled",NA,"Total","Actual",NA,NA,"Water Bottle",NA,"Limit of Quantitation",NA,"None","Method Detection Level",NA,"None",NA,"YSI",NA,"2025-07-23",NA,NA,NA,"Cold packs",NA,NA,NA,"N","AKDT"
"792",10000025,"Water","Surface Water","10000025-2025-04-30-DO","2025-04-30",NA,NA,NA,60.498284,-150.863121,NA,"Field Msr/Obs",15,"cm",NA,NA,NA,NA,NA,NA,"Dissolved Oxygen","360.1","USEPA",NA,13.51,"mg/L","=","Sampled",NA,"Total","Actual",NA,NA,"Water Bottle",NA,"Limit of Quantitation",NA,"mg/L","Method Detection Level",NA,"mg/L",NA,"YSI",NA,"2025-04-30",NA,NA,NA,"Cold packs",NA,NA,NA,"N","AKDT"
"793",10000025,"Water","Surface Water","10000025-2025-07-23-DO","2025-07-23",NA,NA,NA,60.498284,-150.863121,NA,"Field Msr/Obs",15,"cm",NA,NA,NA,NA,NA,NA,"Dissolved Oxygen","360.1","USEPA",NA,12.725,"mg/L","=","Sampled",NA,"Total","Actual",NA,NA,"Water Bottle",NA,"Limit of Quantitation",NA,"mg/L","Method Detection Level",NA,"mg/L",NA,"YSI",NA,"2025-07-23",NA,NA,NA,"Cold packs",NA,NA,NA,"N","AKDT"
"794",10000025,"Water","Surface Water","10000025-2025-04-30-SpCond","2025-04-30",NA,NA,NA,60.498284,-150.863121,NA,"Field Msr/Obs",15,"cm",NA,NA,NA,NA,NA,NA,"Specific Conductance","120.1","USEPA",NA,98.25,"uS/cm","=","Sampled",NA,"Total","Actual",NA,NA,"Water Bottle",NA,"Limit of Quantitation",NA,"uS/cm","Method Detection Level",NA,"uS/cm",NA,"YSI",NA,"2025-04-30",NA,NA,NA,"Cold packs",NA,NA,NA,"N","AKDT"
"795",10000025,"Water","Surface Water","10000025-2025-07-23-SpCond","2025-07-23",NA,NA,NA,60.498284,-150.863121,NA,"Field Msr/Obs",15,"cm",NA,NA,NA,NA,NA,NA,"Specific Conductance","120.1","USEPA",NA,0.0816,"uS/cm","=","Sampled",NA,"Total","Actual",NA,NA,"Water Bottle",NA,"Limit of Quantitation",NA,"uS/cm","Method Detection Level",NA,"uS/cm",NA,"YSI",NA,"2025-07-23",NA,NA,NA,"Cold packs",NA,NA,NA,"N","AKDT"
"796",10000025,"Water","Surface Water","10000025-2025-04-30-Turb","2025-04-30","10:26:00.000000",NA,NA,60.498284,-150.863121,NA,"Field Msr/Obs",15,"cm",NA,NA,NA,NA,NA,NA,"Turbidity","180.1","USEPA",NA,3.125,"NTU","=","Sampled",NA,"Total","Actual",NA,NA,"Water Bottle",NA,"Limit of Quantitation",NA,"NTU","Method Detection Level",NA,"NTU",NA,"YSI",NA,"2025-04-30","10:26:00",NA,NA,"Cold packs",NA,NA,NA,"N","AKDT"
"797",10000025,"Water","Surface Water","10000025-2025-07-23-Turb","2025-07-23","10:30:00.000000",NA,NA,60.498284,-150.863121,NA,"Field Msr/Obs",15,"cm",NA,NA,NA,NA,NA,NA,"Turbidity","180.1","USEPA",NA,5.53,"NTU","=","Sampled",NA,"Total","Actual",NA,NA,"Water Bottle",NA,"Limit of Quantitation",NA,"NTU","Method Detection Level",NA,"NTU",NA,"YSI",NA,"2025-07-23","10:30:00",NA,NA,"Cold packs",NA,NA,NA,"N","AKDT"
"798",10000025,"Water","Surface Water","10000025-2025-04-30-Temp","2025-04-30",NA,NA,NA,60.498284,-150.863121,NA,"Field Msr/Obs",15,"cm",NA,NA,NA,NA,NA,NA,"Water Temperature","170.1","USEPA",NA,4.75,"deg C","=","Sampled",NA,"Total","Actual",NA,NA,"Water Bottle",NA,"Limit of Quantitation",NA,"deg C","Method Detection Level",NA,"deg C",NA,"YSI",NA,"2025-04-30",NA,NA,NA,"Cold packs",NA,NA,NA,"N","AKDT"
"799",10000025,"Water","Surface Water","10000025-2025-07-23-Temp","2025-07-23",NA,NA,NA,60.498284,-150.863121,NA,"Field Msr/Obs",15,"cm",NA,NA,NA,NA,NA,NA,"Water Temperature","170.1","USEPA",NA,11.55,"deg C","=","Sampled",NA,"Total","Actual",NA,NA,"Water Bottle",NA,"Limit of Quantitation",NA,"deg C","Method Detection Level",NA,"deg C",NA,"YSI",NA,"2025-07-23",NA,NA,NA,"Cold packs",NA,NA,NA,"N","AKDT"
"800",10000025,"Water","Surface Water","10000025-2025-04-30-pH","2025-04-30",NA,NA,NA,60.498284,-150.863121,NA,"Field Msr/Obs",15,"cm",NA,NA,NA,NA,NA,NA,"pH","150.1","USEPA",NA,6.385,"None","=","Sampled",NA,"Total","Actual",NA,NA,"Water Bottle",NA,"Limit of Quantitation",NA,"None","Method Detection Level",NA,"None",NA,"YSI",NA,"2025-04-30",NA,NA,NA,"Cold packs",NA,NA,NA,"N","AKDT"
"801",10000025,"Water","Surface Water","10000025-2025-07-23-pH","2025-07-23",NA,NA,NA,60.498284,-150.863121,NA,"Field Msr/Obs",15,"cm",NA,NA,NA,NA,NA,NA,"pH","150.1","USEPA",NA,6.3,"None","=","Sampled",NA,"Total","Actual",NA,NA,"Water Bottle",NA,"Limit of Quantitation",NA,"None","Method Detection Level",NA,"None",NA,"YSI",NA,"2025-07-23",NA,NA,NA,"Cold packs",NA,NA,NA,"N","AKDT"
"802",10000026,"Water","Surface Water","10000026-2025-04-30-DO","2025-04-30",NA,NA,NA,60.53687,-150.754724,NA,"Field Msr/Obs",15,"cm",NA,NA,NA,NA,NA,NA,"Dissolved Oxygen","360.1","USEPA",NA,12.4666666666667,"mg/L","=","Sampled",NA,"Total","Actual",NA,NA,"Water Bottle",NA,"Limit of Quantitation",NA,"mg/L","Method Detection Level",NA,"mg/L",NA,"YSI",NA,"2025-04-30",NA,NA,NA,"Cold packs",NA,NA,NA,"N","AKDT"
"803",10000026,"Water","Surface Water","10000026-2025-07-23-DO","2025-07-23",NA,NA,NA,60.53687,-150.754724,NA,"Field Msr/Obs",15,"cm",NA,NA,NA,NA,NA,NA,"Dissolved Oxygen","360.1","USEPA",NA,11.57,"mg/L","=","Sampled",NA,"Total","Actual",NA,NA,"Water Bottle",NA,"Limit of Quantitation",NA,"mg/L","Method Detection Level",NA,"mg/L",NA,"YSI",NA,"2025-07-23",NA,NA,NA,"Cold packs",NA,NA,NA,"N","AKDT"
"804",10000026,"Water","Surface Water","10000026-2025-04-30-SpCond","2025-04-30",NA,NA,NA,60.53687,-150.754724,NA,"Field Msr/Obs",15,"cm",NA,NA,NA,NA,NA,NA,"Specific Conductance","120.1","USEPA",NA,113.433333333333,"uS/cm","=","Sampled",NA,"Total","Actual",NA,NA,"Water Bottle",NA,"Limit of Quantitation",NA,"uS/cm","Method Detection Level",NA,"uS/cm",NA,"YSI",NA,"2025-04-30",NA,NA,NA,"Cold packs",NA,NA,NA,"N","AKDT"
"805",10000026,"Water","Surface Water","10000026-2025-07-23-SpCond","2025-07-23",NA,NA,NA,60.53687,-150.754724,NA,"Field Msr/Obs",15,"cm",NA,NA,NA,NA,NA,NA,"Specific Conductance","120.1","USEPA",NA,0.1488,"uS/cm","=","Sampled",NA,"Total","Actual",NA,NA,"Water Bottle",NA,"Limit of Quantitation",NA,"uS/cm","Method Detection Level",NA,"uS/cm",NA,"YSI",NA,"2025-07-23",NA,NA,NA,"Cold packs",NA,NA,NA,"N","AKDT"
"806",10000026,"Water","Surface Water","10000026-2025-04-30-Turb","2025-04-30","11:05:00.000000",NA,NA,60.53687,-150.754724,NA,"Field Msr/Obs",15,"cm",NA,NA,NA,NA,NA,NA,"Turbidity","180.1","USEPA",NA,3.175,"NTU","=","Sampled",NA,"Total","Actual",NA,NA,"Water Bottle",NA,"Limit of Quantitation",NA,"NTU","Method Detection Level",NA,"NTU",NA,"YSI",NA,"2025-04-30","11:05:00",NA,NA,"Cold packs",NA,NA,NA,"N","AKDT"
"807",10000026,"Water","Surface Water","10000026-2025-07-23-Turb","2025-07-23","09:50:00.000000",NA,NA,60.53687,-150.754724,NA,"Field Msr/Obs",15,"cm",NA,NA,NA,NA,NA,NA,"Turbidity","180.1","USEPA",NA,2.225,"NTU","=","Sampled",NA,"Total","Actual",NA,NA,"Water Bottle",NA,"Limit of Quantitation",NA,"NTU","Method Detection Level",NA,"NTU",NA,"YSI",NA,"2025-07-23","09:50:00",NA,NA,"Cold packs",NA,NA,NA,"N","AKDT"
"808",10000026,"Water","Surface Water","10000026-2025-04-30-Temp","2025-04-30",NA,NA,NA,60.53687,-150.754724,NA,"Field Msr/Obs",15,"cm",NA,NA,NA,NA,NA,NA,"Water Temperature","170.1","USEPA",NA,4.9,"deg C","=","Sampled",NA,"Total","Actual",NA,NA,"Water Bottle",NA,"Limit of Quantitation",NA,"deg C","Method Detection Level",NA,"deg C",NA,"YSI",NA,"2025-04-30",NA,NA,NA,"Cold packs",NA,NA,NA,"N","AKDT"
"809",10000026,"Water","Surface Water","10000026-2025-07-23-Temp","2025-07-23",NA,NA,NA,60.53687,-150.754724,NA,"Field Msr/Obs",15,"cm",NA,NA,NA,NA,NA,NA,"Water Temperature","170.1","USEPA",NA,16.7,"deg C","=","Sampled",NA,"Total","Actual",NA,NA,"Water Bottle",NA,"Limit of Quantitation",NA,"deg C","Method Detection Level",NA,"deg C",NA,"YSI",NA,"2025-07-23",NA,NA,NA,"Cold packs",NA,NA,NA,"N","AKDT"
"810",10000026,"Water","Surface Water","10000026-2025-04-30-pH","2025-04-30",NA,NA,NA,60.53687,-150.754724,NA,"Field Msr/Obs",15,"cm",NA,NA,NA,NA,NA,NA,"pH","150.1","USEPA",NA,6.23333333333333,"None","=","Sampled",NA,"Total","Actual",NA,NA,"Water Bottle",NA,"Limit of Quantitation",NA,"None","Method Detection Level",NA,"None",NA,"YSI",NA,"2025-04-30",NA,NA,NA,"Cold packs",NA,NA,NA,"N","AKDT"
"811",10000026,"Water","Surface Water","10000026-2025-07-23-pH","2025-07-23",NA,NA,NA,60.53687,-150.754724,NA,"Field Msr/Obs",15,"cm",NA,NA,NA,NA,NA,NA,"pH","150.1","USEPA",NA,8.03,"None","=","Sampled",NA,"Total","Actual",NA,NA,"Water Bottle",NA,"Limit of Quantitation",NA,"None","Method Detection Level",NA,"None",NA,"YSI",NA,"2025-07-23",NA,NA,NA,"Cold packs",NA,NA,NA,"N","AKDT"
"812",10000027,"Water","Surface Water","10000027-2025-04-30-DO","2025-04-30",NA,NA,NA,60.515441,-150.702069,NA,"Field Msr/Obs",15,"cm",NA,NA,NA,NA,NA,NA,"Dissolved Oxygen","360.1","USEPA",NA,14.375,"mg/L","=","Sampled",NA,"Total","Actual",NA,NA,"Water Bottle",NA,"Limit of Quantitation",NA,"mg/L","Method Detection Level",NA,"mg/L",NA,"YSI",NA,"2025-04-30",NA,NA,NA,"Cold packs",NA,NA,NA,"N","AKDT"
"813",10000027,"Water","Surface Water","10000027-2025-07-23-DO","2025-07-23",NA,NA,NA,60.515441,-150.702069,NA,"Field Msr/Obs",15,"cm",NA,NA,NA,NA,NA,NA,"Dissolved Oxygen","360.1","USEPA",NA,10.835,"mg/L","=","Sampled",NA,"Total","Actual",NA,NA,"Water Bottle",NA,"Limit of Quantitation",NA,"mg/L","Method Detection Level",NA,"mg/L",NA,"YSI",NA,"2025-07-23",NA,NA,NA,"Cold packs",NA,NA,NA,"N","AKDT"
"814",10000027,"Water","Surface Water","10000027-2025-04-30-SpCond","2025-04-30",NA,NA,NA,60.515441,-150.702069,NA,"Field Msr/Obs",15,"cm",NA,NA,NA,NA,NA,NA,"Specific Conductance","120.1","USEPA",NA,91,"uS/cm","=","Sampled",NA,"Total","Actual",NA,NA,"Water Bottle",NA,"Limit of Quantitation",NA,"uS/cm","Method Detection Level",NA,"uS/cm",NA,"YSI",NA,"2025-04-30",NA,NA,NA,"Cold packs",NA,NA,NA,"N","AKDT"
"815",10000027,"Water","Surface Water","10000027-2025-07-23-SpCond","2025-07-23",NA,NA,NA,60.515441,-150.702069,NA,"Field Msr/Obs",15,"cm",NA,NA,NA,NA,NA,NA,"Specific Conductance","120.1","USEPA",NA,0.0646,"uS/cm","=","Sampled",NA,"Total","Actual",NA,NA,"Water Bottle",NA,"Limit of Quantitation",NA,"uS/cm","Method Detection Level",NA,"uS/cm",NA,"YSI",NA,"2025-07-23",NA,NA,NA,"Cold packs",NA,NA,NA,"N","AKDT"
"816",10000027,"Water","Surface Water","10000027-2025-04-30-Turb","2025-04-30","09:26:00.000000",NA,NA,60.515441,-150.702069,NA,"Field Msr/Obs",15,"cm",NA,NA,NA,NA,NA,NA,"Turbidity","180.1","USEPA",NA,2.915,"NTU","=","Sampled",NA,"Total","Actual",NA,NA,"Water Bottle",NA,"Limit of Quantitation",NA,"NTU","Method Detection Level",NA,"NTU",NA,"YSI",NA,"2025-04-30","09:26:00",NA,NA,"Cold packs",NA,NA,NA,"N","AKDT"
"817",10000027,"Water","Surface Water","10000027-2025-07-23-Turb","2025-07-23","07:50:00.000000",NA,NA,60.515441,-150.702069,NA,"Field Msr/Obs",15,"cm",NA,NA,NA,NA,NA,NA,"Turbidity","180.1","USEPA",NA,4.665,"NTU","=","Sampled",NA,"Total","Actual",NA,NA,"Water Bottle",NA,"Limit of Quantitation",NA,"NTU","Method Detection Level",NA,"NTU",NA,"YSI",NA,"2025-07-23","07:50:00",NA,NA,"Cold packs",NA,NA,NA,"N","AKDT"
"818",10000027,"Water","Surface Water","10000027-2025-04-30-Temp","2025-04-30",NA,NA,NA,60.515441,-150.702069,NA,"Field Msr/Obs",15,"cm",NA,NA,NA,NA,NA,NA,"Water Temperature","170.1","USEPA",NA,4.25,"deg C","=","Sampled",NA,"Total","Actual",NA,NA,"Water Bottle",NA,"Limit of Quantitation",NA,"deg C","Method Detection Level",NA,"deg C",NA,"YSI",NA,"2025-04-30",NA,NA,NA,"Cold packs",NA,NA,NA,"N","AKDT"
"819",10000027,"Water","Surface Water","10000027-2025-07-23-Temp","2025-07-23",NA,NA,NA,60.515441,-150.702069,NA,"Field Msr/Obs",15,"cm",NA,NA,NA,NA,NA,NA,"Water Temperature","170.1","USEPA",NA,11.1,"deg C","=","Sampled",NA,"Total","Actual",NA,NA,"Water Bottle",NA,"Limit of Quantitation",NA,"deg C","Method Detection Level",NA,"deg C",NA,"YSI",NA,"2025-07-23",NA,NA,NA,"Cold packs",NA,NA,NA,"N","AKDT"
"820",10000027,"Water","Surface Water","10000027-2025-04-30-pH","2025-04-30",NA,NA,NA,60.515441,-150.702069,NA,"Field Msr/Obs",15,"cm",NA,NA,NA,NA,NA,NA,"pH","150.1","USEPA",NA,6.14,"None","=","Sampled",NA,"Total","Actual",NA,NA,"Water Bottle",NA,"Limit of Quantitation",NA,"None","Method Detection Level",NA,"None",NA,"YSI",NA,"2025-04-30",NA,NA,NA,"Cold packs",NA,NA,NA,"N","AKDT"
"821",10000027,"Water","Surface Water","10000027-2025-07-23-pH","2025-07-23",NA,NA,NA,60.515441,-150.702069,NA,"Field Msr/Obs",15,"cm",NA,NA,NA,NA,NA,NA,"pH","150.1","USEPA",NA,7.2,"None","=","Sampled",NA,"Total","Actual",NA,NA,"Water Bottle",NA,"Limit of Quantitation",NA,"None","Method Detection Level",NA,"None",NA,"YSI",NA,"2025-07-23",NA,NA,NA,"Cold packs",NA,NA,NA,"N","AKDT"
"822",10000028,"Water","Surface Water","10000028-2025-04-30-DO","2025-04-30",NA,NA,NA,60.489844,-150.636905,NA,"Field Msr/Obs",15,"cm",NA,NA,NA,NA,NA,NA,"Dissolved Oxygen","360.1","USEPA",NA,14.62,"mg/L","=","Sampled",NA,"Total","Actual",NA,NA,"Water Bottle",NA,"Limit of Quantitation",NA,"mg/L","Method Detection Level",NA,"mg/L",NA,"YSI",NA,"2025-04-30",NA,NA,NA,"Cold packs",NA,NA,NA,"N","AKDT"
"823",10000028,"Water","Surface Water","10000028-2025-07-23-DO","2025-07-23",NA,NA,NA,60.489844,-150.636905,NA,"Field Msr/Obs",15,"cm",NA,NA,NA,NA,NA,NA,"Dissolved Oxygen","360.1","USEPA",NA,12.2,"mg/L","=","Sampled",NA,"Total","Actual",NA,NA,"Water Bottle",NA,"Limit of Quantitation",NA,"mg/L","Method Detection Level",NA,"mg/L",NA,"YSI",NA,"2025-07-23",NA,NA,NA,"Cold packs",NA,NA,NA,"N","AKDT"
"824",10000028,"Water","Surface Water","10000028-2025-04-30-SpCond","2025-04-30",NA,NA,NA,60.489844,-150.636905,NA,"Field Msr/Obs",15,"cm",NA,NA,NA,NA,NA,NA,"Specific Conductance","120.1","USEPA",NA,79.8,"uS/cm","=","Sampled",NA,"Total","Actual",NA,NA,"Water Bottle",NA,"Limit of Quantitation",NA,"uS/cm","Method Detection Level",NA,"uS/cm",NA,"YSI",NA,"2025-04-30",NA,NA,NA,"Cold packs",NA,NA,NA,"N","AKDT"
"825",10000028,"Water","Surface Water","10000028-2025-07-23-SpCond","2025-07-23",NA,NA,NA,60.489844,-150.636905,NA,"Field Msr/Obs",15,"cm",NA,NA,NA,NA,NA,NA,"Specific Conductance","120.1","USEPA",NA,0.06335,"uS/cm","=","Sampled",NA,"Total","Actual",NA,NA,"Water Bottle",NA,"Limit of Quantitation",NA,"uS/cm","Method Detection Level",NA,"uS/cm",NA,"YSI",NA,"2025-07-23",NA,NA,NA,"Cold packs",NA,NA,NA,"N","AKDT"
"826",10000028,"Water","Surface Water","10000028-2025-04-30-Turb","2025-04-30","09:48:00.000000",NA,NA,60.489844,-150.636905,NA,"Field Msr/Obs",15,"cm",NA,NA,NA,NA,NA,NA,"Turbidity","180.1","USEPA",NA,2.935,"NTU","=","Sampled",NA,"Total","Actual",NA,NA,"Water Bottle",NA,"Limit of Quantitation",NA,"NTU","Method Detection Level",NA,"NTU",NA,"YSI",NA,"2025-04-30","09:48:00",NA,NA,"Cold packs",NA,NA,NA,"N","AKDT"
"827",10000028,"Water","Surface Water","10000028-2025-07-23-Turb","2025-07-23","09:50:00.000000",NA,NA,60.489844,-150.636905,NA,"Field Msr/Obs",15,"cm",NA,NA,NA,NA,NA,NA,"Turbidity","180.1","USEPA",NA,6.225,"NTU","=","Sampled",NA,"Total","Actual",NA,NA,"Water Bottle",NA,"Limit of Quantitation",NA,"NTU","Method Detection Level",NA,"NTU",NA,"YSI",NA,"2025-07-23","09:50:00",NA,NA,"Cold packs",NA,NA,NA,"N","AKDT"
"828",10000028,"Water","Surface Water","10000028-2025-04-30-Temp","2025-04-30",NA,NA,NA,60.489844,-150.636905,NA,"Field Msr/Obs",15,"cm",NA,NA,NA,NA,NA,NA,"Water Temperature","170.1","USEPA",NA,3.9,"deg C","=","Sampled",NA,"Total","Actual",NA,NA,"Water Bottle",NA,"Limit of Quantitation",NA,"deg C","Method Detection Level",NA,"deg C",NA,"YSI",NA,"2025-04-30",NA,NA,NA,"Cold packs",NA,NA,NA,"N","AKDT"
"829",10000028,"Water","Surface Water","10000028-2025-07-23-Temp","2025-07-23",NA,NA,NA,60.489844,-150.636905,NA,"Field Msr/Obs",15,"cm",NA,NA,NA,NA,NA,NA,"Water Temperature","170.1","USEPA",NA,11.45,"deg C","=","Sampled",NA,"Total","Actual",NA,NA,"Water Bottle",NA,"Limit of Quantitation",NA,"deg C","Method Detection Level",NA,"deg C",NA,"YSI",NA,"2025-07-23",NA,NA,NA,"Cold packs",NA,NA,NA,"N","AKDT"
"830",10000028,"Water","Surface Water","10000028-2025-04-30-pH","2025-04-30",NA,NA,NA,60.489844,-150.636905,NA,"Field Msr/Obs",15,"cm",NA,NA,NA,NA,NA,NA,"pH","150.1","USEPA",NA,7.03,"None","=","Sampled",NA,"Total","Actual",NA,NA,"Water Bottle",NA,"Limit of Quantitation",NA,"None","Method Detection Level",NA,"None",NA,"YSI",NA,"2025-04-30",NA,NA,NA,"Cold packs",NA,NA,NA,"N","AKDT"
"831",10000028,"Water","Surface Water","10000028-2025-07-23-pH","2025-07-23",NA,NA,NA,60.489844,-150.636905,NA,"Field Msr/Obs",15,"cm",NA,NA,NA,NA,NA,NA,"pH","150.1","USEPA",NA,7.74,"None","=","Sampled",NA,"Total","Actual",NA,NA,"Water Bottle",NA,"Limit of Quantitation",NA,"None","Method Detection Level",NA,"None",NA,"YSI",NA,"2025-07-23",NA,NA,NA,"Cold packs",NA,NA,NA,"N","AKDT"
"832",10000029,"Water","Surface Water","10000029-2025-04-30-DO","2025-04-30",NA,NA,NA,60.481518,-150.632498,NA,"Field Msr/Obs",15,"cm",NA,NA,NA,NA,NA,NA,"Dissolved Oxygen","360.1","USEPA",NA,13.1,"mg/L","=","Sampled",NA,"Total","Actual",NA,NA,"Water Bottle",NA,"Limit of Quantitation",NA,"mg/L","Method Detection Level",NA,"mg/L",NA,"YSI",NA,"2025-04-30",NA,NA,NA,"Cold packs",NA,NA,NA,"N","AKDT"
"833",10000029,"Water","Surface Water","10000029-2025-07-23-DO","2025-07-23",NA,NA,NA,60.481518,-150.632498,NA,"Field Msr/Obs",15,"cm",NA,NA,NA,NA,NA,NA,"Dissolved Oxygen","360.1","USEPA",NA,10.805,"mg/L","=","Sampled",NA,"Total","Actual",NA,NA,"Water Bottle",NA,"Limit of Quantitation",NA,"mg/L","Method Detection Level",NA,"mg/L",NA,"YSI",NA,"2025-07-23",NA,NA,NA,"Cold packs",NA,NA,NA,"N","AKDT"
"834",10000029,"Water","Surface Water","10000029-2025-04-30-SpCond","2025-04-30",NA,NA,NA,60.481518,-150.632498,NA,"Field Msr/Obs",15,"cm",NA,NA,NA,NA,NA,NA,"Specific Conductance","120.1","USEPA",NA,73.7,"uS/cm","=","Sampled",NA,"Total","Actual",NA,NA,"Water Bottle",NA,"Limit of Quantitation",NA,"uS/cm","Method Detection Level",NA,"uS/cm",NA,"YSI",NA,"2025-04-30",NA,NA,NA,"Cold packs",NA,NA,NA,"N","AKDT"
"835",10000029,"Water","Surface Water","10000029-2025-07-23-SpCond","2025-07-23",NA,NA,NA,60.481518,-150.632498,NA,"Field Msr/Obs",15,"cm",NA,NA,NA,NA,NA,NA,"Specific Conductance","120.1","USEPA",NA,0.0399,"uS/cm","=","Sampled",NA,"Total","Actual",NA,NA,"Water Bottle",NA,"Limit of Quantitation",NA,"uS/cm","Method Detection Level",NA,"uS/cm",NA,"YSI",NA,"2025-07-23",NA,NA,NA,"Cold packs",NA,NA,NA,"N","AKDT"
"836",10000029,"Water","Surface Water","10000029-2025-04-30-Turb","2025-04-30","09:12:00.000000",NA,NA,60.481518,-150.632498,NA,"Field Msr/Obs",15,"cm",NA,NA,NA,NA,NA,NA,"Turbidity","180.1","USEPA",NA,2.675,"NTU","=","Sampled",NA,"Total","Actual",NA,NA,"Water Bottle",NA,"Limit of Quantitation",NA,"NTU","Method Detection Level",NA,"NTU",NA,"YSI",NA,"2025-04-30","09:12:00",NA,NA,"Cold packs",NA,NA,NA,"N","AKDT"
"837",10000029,"Water","Surface Water","10000029-2025-07-23-Turb","2025-07-23","09:30:00.000000",NA,NA,60.481518,-150.632498,NA,"Field Msr/Obs",15,"cm",NA,NA,NA,NA,NA,NA,"Turbidity","180.1","USEPA",NA,18.7,"NTU","=","Sampled",NA,"Total","Actual",NA,NA,"Water Bottle",NA,"Limit of Quantitation",NA,"NTU","Method Detection Level",NA,"NTU",NA,"YSI",NA,"2025-07-23","09:30:00",NA,NA,"Cold packs",NA,NA,NA,"N","AKDT"
"838",10000029,"Water","Surface Water","10000029-2025-04-30-Temp","2025-04-30",NA,NA,NA,60.481518,-150.632498,NA,"Field Msr/Obs",15,"cm",NA,NA,NA,NA,NA,NA,"Water Temperature","170.1","USEPA",NA,4.7,"deg C","=","Sampled",NA,"Total","Actual",NA,NA,"Water Bottle",NA,"Limit of Quantitation",NA,"deg C","Method Detection Level",NA,"deg C",NA,"YSI",NA,"2025-04-30",NA,NA,NA,"Cold packs",NA,NA,NA,"N","AKDT"
"839",10000029,"Water","Surface Water","10000029-2025-07-23-Temp","2025-07-23",NA,NA,NA,60.481518,-150.632498,NA,"Field Msr/Obs",15,"cm",NA,NA,NA,NA,NA,NA,"Water Temperature","170.1","USEPA",NA,10.4,"deg C","=","Sampled",NA,"Total","Actual",NA,NA,"Water Bottle",NA,"Limit of Quantitation",NA,"deg C","Method Detection Level",NA,"deg C",NA,"YSI",NA,"2025-07-23",NA,NA,NA,"Cold packs",NA,NA,NA,"N","AKDT"
"840",10000029,"Water","Surface Water","10000029-2025-04-30-pH","2025-04-30",NA,NA,NA,60.481518,-150.632498,NA,"Field Msr/Obs",15,"cm",NA,NA,NA,NA,NA,NA,"pH","150.1","USEPA",NA,7.055,"None","=","Sampled",NA,"Total","Actual",NA,NA,"Water Bottle",NA,"Limit of Quantitation",NA,"None","Method Detection Level",NA,"None",NA,"YSI",NA,"2025-04-30",NA,NA,NA,"Cold packs",NA,NA,NA,"N","AKDT"
"841",10000029,"Water","Surface Water","10000029-2025-07-23-pH","2025-07-23",NA,NA,NA,60.481518,-150.632498,NA,"Field Msr/Obs",15,"cm",NA,NA,NA,NA,NA,NA,"pH","150.1","USEPA",NA,7.03,"None","=","Sampled",NA,"Total","Actual",NA,NA,"Water Bottle",NA,"Limit of Quantitation",NA,"None","Method Detection Level",NA,"None",NA,"YSI",NA,"2025-07-23",NA,NA,NA,"Cold packs",NA,NA,NA,"N","AKDT"
"842",10000030,"Water","Surface Water","10000030-2025-07-23-DO","2025-07-23",NA,NA,NA,60.467517,-150.507789,NA,"Field Msr/Obs",15,"cm",NA,NA,NA,NA,NA,NA,"Dissolved Oxygen","360.1","USEPA",NA,11.195,"mg/L","=","Sampled",NA,"Total","Actual",NA,NA,"Water Bottle",NA,"Limit of Quantitation",NA,"mg/L","Method Detection Level",NA,"mg/L",NA,"YSI",NA,"2025-07-23",NA,NA,NA,"Cold packs",NA,NA,NA,"N","AKDT"
"843",10000030,"Water","Surface Water","10000030-2025-07-23-SpCond","2025-07-23",NA,NA,NA,60.467517,-150.507789,NA,"Field Msr/Obs",15,"cm",NA,NA,NA,NA,NA,NA,"Specific Conductance","120.1","USEPA",NA,0.0675,"uS/cm","=","Sampled",NA,"Total","Actual",NA,NA,"Water Bottle",NA,"Limit of Quantitation",NA,"uS/cm","Method Detection Level",NA,"uS/cm",NA,"YSI",NA,"2025-07-23",NA,NA,NA,"Cold packs",NA,NA,NA,"N","AKDT"
"844",10000030,"Water","Surface Water","10000030-2025-07-23-Turb","2025-07-23","08:55:00.000000",NA,NA,60.467517,-150.507789,NA,"Field Msr/Obs",15,"cm",NA,NA,NA,NA,NA,NA,"Turbidity","180.1","USEPA",NA,1.085,"NTU","=","Sampled",NA,"Total","Actual",NA,NA,"Water Bottle",NA,"Limit of Quantitation",NA,"NTU","Method Detection Level",NA,"NTU",NA,"YSI",NA,"2025-07-23","08:55:00",NA,NA,"Cold packs",NA,NA,NA,"N","AKDT"
"845",10000030,"Water","Surface Water","10000030-2025-07-23-Temp","2025-07-23",NA,NA,NA,60.467517,-150.507789,NA,"Field Msr/Obs",15,"cm",NA,NA,NA,NA,NA,NA,"Water Temperature","170.1","USEPA",NA,12.2,"deg C","=","Sampled",NA,"Total","Actual",NA,NA,"Water Bottle",NA,"Limit of Quantitation",NA,"deg C","Method Detection Level",NA,"deg C",NA,"YSI",NA,"2025-07-23",NA,NA,NA,"Cold packs",NA,NA,NA,"N","AKDT"
"846",10000030,"Water","Surface Water","10000030-2025-07-23-pH","2025-07-23",NA,NA,NA,60.467517,-150.507789,NA,"Field Msr/Obs",15,"cm",NA,NA,NA,NA,NA,NA,"pH","150.1","USEPA",NA,7.88,"None","=","Sampled",NA,"Total","Actual",NA,NA,"Water Bottle",NA,"Limit of Quantitation",NA,"None","Method Detection Level",NA,"None",NA,"YSI",NA,"2025-07-23",NA,NA,NA,"Cold packs",NA,NA,NA,"N","AKDT"
"847",10000031,"Water","Surface Water","10000031-2025-07-23-DO","2025-07-23",NA,NA,NA,60.481392,-150.11502,NA,"Field Msr/Obs",15,"cm",NA,NA,NA,NA,NA,NA,"Dissolved Oxygen","360.1","USEPA",NA,12.36,"mg/L","=","Sampled",NA,"Total","Actual",NA,NA,"Water Bottle",NA,"Limit of Quantitation",NA,"mg/L","Method Detection Level",NA,"mg/L",NA,"YSI",NA,"2025-07-23",NA,NA,NA,"Cold packs",NA,NA,NA,"N","AKDT"
"848",10000031,"Water","Surface Water","10000031-2025-04-30-SpCond","2025-04-30",NA,NA,NA,60.481392,-150.11502,NA,"Field Msr/Obs",15,"cm",NA,NA,NA,NA,NA,NA,"Specific Conductance","120.1","USEPA",NA,80.35,"uS/cm","=","Sampled",NA,"Total","Actual",NA,NA,"Water Bottle",NA,"Limit of Quantitation",NA,"uS/cm","Method Detection Level",NA,"uS/cm",NA,"YSI",NA,"2025-04-30",NA,NA,NA,"Cold packs",NA,NA,NA,"N","AKDT"
"849",10000031,"Water","Surface Water","10000031-2025-07-23-SpCond","2025-07-23",NA,NA,NA,60.481392,-150.11502,NA,"Field Msr/Obs",15,"cm",NA,NA,NA,NA,NA,NA,"Specific Conductance","120.1","USEPA",NA,0.07775,"uS/cm","=","Sampled",NA,"Total","Actual",NA,NA,"Water Bottle",NA,"Limit of Quantitation",NA,"uS/cm","Method Detection Level",NA,"uS/cm",NA,"YSI",NA,"2025-07-23",NA,NA,NA,"Cold packs",NA,NA,NA,"N","AKDT"
"850",10000031,"Water","Surface Water","10000031-2025-04-30-Turb","2025-04-30","10:45:00.000000",NA,NA,60.481392,-150.11502,NA,"Field Msr/Obs",15,"cm",NA,NA,NA,NA,NA,NA,"Turbidity","180.1","USEPA",NA,1.315,"NTU","=","Sampled",NA,"Total","Actual",NA,NA,"Water Bottle",NA,"Limit of Quantitation",NA,"NTU","Method Detection Level",NA,"NTU",NA,"YSI",NA,"2025-04-30","10:45:00",NA,NA,"Cold packs",NA,NA,NA,"N","AKDT"
"851",10000031,"Water","Surface Water","10000031-2025-07-23-Turb","2025-07-23","10:55:00.000000",NA,NA,60.481392,-150.11502,NA,"Field Msr/Obs",15,"cm",NA,NA,NA,NA,NA,NA,"Turbidity","180.1","USEPA",NA,1.285,"NTU","=","Sampled",NA,"Total","Actual",NA,NA,"Water Bottle",NA,"Limit of Quantitation",NA,"NTU","Method Detection Level",NA,"NTU",NA,"YSI",NA,"2025-07-23","10:55:00",NA,NA,"Cold packs",NA,NA,NA,"N","AKDT"
"852",10000031,"Water","Surface Water","10000031-2025-04-30-Temp","2025-04-30",NA,NA,NA,60.481392,-150.11502,NA,"Field Msr/Obs",15,"cm",NA,NA,NA,NA,NA,NA,"Water Temperature","170.1","USEPA",NA,4,"deg C","=","Sampled",NA,"Total","Actual",NA,NA,"Water Bottle",NA,"Limit of Quantitation",NA,"deg C","Method Detection Level",NA,"deg C",NA,"YSI",NA,"2025-04-30",NA,NA,NA,"Cold packs",NA,NA,NA,"N","AKDT"
"853",10000031,"Water","Surface Water","10000031-2025-07-23-Temp","2025-07-23",NA,NA,NA,60.481392,-150.11502,NA,"Field Msr/Obs",15,"cm",NA,NA,NA,NA,NA,NA,"Water Temperature","170.1","USEPA",NA,9,"deg C","=","Sampled",NA,"Total","Actual",NA,NA,"Water Bottle",NA,"Limit of Quantitation",NA,"deg C","Method Detection Level",NA,"deg C",NA,"YSI",NA,"2025-07-23",NA,NA,NA,"Cold packs",NA,NA,NA,"N","AKDT"
"854",10000031,"Water","Surface Water","10000031-2025-04-30-pH","2025-04-30",NA,NA,NA,60.481392,-150.11502,NA,"Field Msr/Obs",15,"cm",NA,NA,NA,NA,NA,NA,"pH","150.1","USEPA",NA,7.18,"None","=","Sampled",NA,"Total","Actual",NA,NA,"Water Bottle",NA,"Limit of Quantitation",NA,"None","Method Detection Level",NA,"None",NA,"YSI",NA,"2025-04-30",NA,NA,NA,"Cold packs",NA,NA,NA,"N","AKDT"
"855",10000031,"Water","Surface Water","10000031-2025-07-23-pH","2025-07-23",NA,NA,NA,60.481392,-150.11502,NA,"Field Msr/Obs",15,"cm",NA,NA,NA,NA,NA,NA,"pH","150.1","USEPA",NA,7.275,"None","=","Sampled",NA,"Total","Actual",NA,NA,"Water Bottle",NA,"Limit of Quantitation",NA,"None","Method Detection Level",NA,"None",NA,"YSI",NA,"2025-07-23",NA,NA,NA,"Cold packs",NA,NA,NA,"N","AKDT"
"856",10000032,"Water","Surface Water","10000032-2025-07-23-DO","2025-07-23",NA,NA,NA,60.484622,-149.993955,NA,"Field Msr/Obs",15,"cm",NA,NA,NA,NA,NA,NA,"Dissolved Oxygen","360.1","USEPA",NA,10.875,"mg/L","=","Sampled",NA,"Total","Actual",NA,NA,"Water Bottle",NA,"Limit of Quantitation",NA,"mg/L","Method Detection Level",NA,"mg/L",NA,"YSI",NA,"2025-07-23",NA,NA,NA,"Cold packs",NA,NA,NA,"N","AKDT"
"857",10000032,"Water","Surface Water","10000032-2025-04-30-SpCond","2025-04-30",NA,NA,NA,60.484622,-149.993955,NA,"Field Msr/Obs",15,"cm",NA,NA,NA,NA,NA,NA,"Specific Conductance","120.1","USEPA",NA,80.9,"uS/cm","=","Sampled",NA,"Total","Actual",NA,NA,"Water Bottle",NA,"Limit of Quantitation",NA,"uS/cm","Method Detection Level",NA,"uS/cm",NA,"YSI",NA,"2025-04-30",NA,NA,NA,"Cold packs",NA,NA,NA,"N","AKDT"
"858",10000032,"Water","Surface Water","10000032-2025-07-23-SpCond","2025-07-23",NA,NA,NA,60.484622,-149.993955,NA,"Field Msr/Obs",15,"cm",NA,NA,NA,NA,NA,NA,"Specific Conductance","120.1","USEPA",NA,0.0825,"uS/cm","=","Sampled",NA,"Total","Actual",NA,NA,"Water Bottle",NA,"Limit of Quantitation",NA,"uS/cm","Method Detection Level",NA,"uS/cm",NA,"YSI",NA,"2025-07-23",NA,NA,NA,"Cold packs",NA,NA,NA,"N","AKDT"
"859",10000032,"Water","Surface Water","10000032-2025-04-30-Turb","2025-04-30","10:05:00.000000",NA,NA,60.484622,-149.993955,NA,"Field Msr/Obs",15,"cm",NA,NA,NA,NA,NA,NA,"Turbidity","180.1","USEPA",NA,0.505,"NTU","=","Sampled",NA,"Total","Actual",NA,NA,"Water Bottle",NA,"Limit of Quantitation",NA,"NTU","Method Detection Level",NA,"NTU",NA,"YSI",NA,"2025-04-30","10:05:00",NA,NA,"Cold packs",NA,NA,NA,"N","AKDT"
"860",10000032,"Water","Surface Water","10000032-2025-07-23-Turb","2025-07-23","10:05:00.000000",NA,NA,60.484622,-149.993955,NA,"Field Msr/Obs",15,"cm",NA,NA,NA,NA,NA,NA,"Turbidity","180.1","USEPA",NA,0.49,"NTU","=","Sampled",NA,"Total","Actual",NA,NA,"Water Bottle",NA,"Limit of Quantitation",NA,"NTU","Method Detection Level",NA,"NTU",NA,"YSI",NA,"2025-07-23","10:05:00",NA,NA,"Cold packs",NA,NA,NA,"N","AKDT"
"861",10000032,"Water","Surface Water","10000032-2025-04-30-Temp","2025-04-30",NA,NA,NA,60.484622,-149.993955,NA,"Field Msr/Obs",15,"cm",NA,NA,NA,NA,NA,NA,"Water Temperature","170.1","USEPA",NA,5.7,"deg C","=","Sampled",NA,"Total","Actual",NA,NA,"Water Bottle",NA,"Limit of Quantitation",NA,"deg C","Method Detection Level",NA,"deg C",NA,"YSI",NA,"2025-04-30",NA,NA,NA,"Cold packs",NA,NA,NA,"N","AKDT"
"862",10000032,"Water","Surface Water","10000032-2025-07-23-Temp","2025-07-23",NA,NA,NA,60.484622,-149.993955,NA,"Field Msr/Obs",15,"cm",NA,NA,NA,NA,NA,NA,"Water Temperature","170.1","USEPA",NA,12.75,"deg C","=","Sampled",NA,"Total","Actual",NA,NA,"Water Bottle",NA,"Limit of Quantitation",NA,"deg C","Method Detection Level",NA,"deg C",NA,"YSI",NA,"2025-07-23",NA,NA,NA,"Cold packs",NA,NA,NA,"N","AKDT"
"863",10000032,"Water","Surface Water","10000032-2025-04-30-pH","2025-04-30",NA,NA,NA,60.484622,-149.993955,NA,"Field Msr/Obs",15,"cm",NA,NA,NA,NA,NA,NA,"pH","150.1","USEPA",NA,7.49,"None","=","Sampled",NA,"Total","Actual",NA,NA,"Water Bottle",NA,"Limit of Quantitation",NA,"None","Method Detection Level",NA,"None",NA,"YSI",NA,"2025-04-30",NA,NA,NA,"Cold packs",NA,NA,NA,"N","AKDT"
"864",10000032,"Water","Surface Water","10000032-2025-07-23-pH","2025-07-23",NA,NA,NA,60.484622,-149.993955,NA,"Field Msr/Obs",15,"cm",NA,NA,NA,NA,NA,NA,"pH","150.1","USEPA",NA,7.565,"None","=","Sampled",NA,"Total","Actual",NA,NA,"Water Bottle",NA,"Limit of Quantitation",NA,"None","Method Detection Level",NA,"None",NA,"YSI",NA,"2025-07-23",NA,NA,NA,"Cold packs",NA,NA,NA,"N","AKDT"
"865",10000424,"Water","Surface Water","10000424-2025-07-23-DO","2025-07-23",NA,NA,NA,60.489,-149.877,NA,"Field Msr/Obs",15,"cm",NA,NA,NA,NA,NA,NA,"Dissolved Oxygen","360.1","USEPA",NA,11.285,"mg/L","=","Sampled",NA,"Total","Actual",NA,NA,"Water Bottle",NA,"Limit of Quantitation",NA,"mg/L","Method Detection Level",NA,"mg/L",NA,"YSI",NA,"2025-07-23",NA,NA,NA,"Cold packs",NA,NA,NA,"N","AKDT"
"866",10000424,"Water","Surface Water","10000424-2025-04-30-SpCond","2025-04-30",NA,NA,NA,60.489,-149.877,NA,"Field Msr/Obs",15,"cm",NA,NA,NA,NA,NA,NA,"Specific Conductance","120.1","USEPA",NA,80.45,"uS/cm","=","Sampled",NA,"Total","Actual",NA,NA,"Water Bottle",NA,"Limit of Quantitation",NA,"uS/cm","Method Detection Level",NA,"uS/cm",NA,"YSI",NA,"2025-04-30",NA,NA,NA,"Cold packs",NA,NA,NA,"N","AKDT"
"867",10000424,"Water","Surface Water","10000424-2025-07-23-SpCond","2025-07-23",NA,NA,NA,60.489,-149.877,NA,"Field Msr/Obs",15,"cm",NA,NA,NA,NA,NA,NA,"Specific Conductance","120.1","USEPA",NA,0.067,"uS/cm","=","Sampled",NA,"Total","Actual",NA,NA,"Water Bottle",NA,"Limit of Quantitation",NA,"uS/cm","Method Detection Level",NA,"uS/cm",NA,"YSI",NA,"2025-07-23",NA,NA,NA,"Cold packs",NA,NA,NA,"N","AKDT"
"868",10000424,"Water","Surface Water","10000424-2025-04-30-Turb","2025-04-30","09:05:00.000000",NA,NA,60.489,-149.877,NA,"Field Msr/Obs",15,"cm",NA,NA,NA,NA,NA,NA,"Turbidity","180.1","USEPA",NA,0.52,"NTU","=","Sampled",NA,"Total","Actual",NA,NA,"Water Bottle",NA,"Limit of Quantitation",NA,"NTU","Method Detection Level",NA,"NTU",NA,"YSI",NA,"2025-04-30","09:05:00",NA,NA,"Cold packs",NA,NA,NA,"N","AKDT"
"869",10000424,"Water","Surface Water","10000424-2025-07-23-Turb","2025-07-23","09:00:00.000000",NA,NA,60.489,-149.877,NA,"Field Msr/Obs",15,"cm",NA,NA,NA,NA,NA,NA,"Turbidity","180.1","USEPA",NA,0.81,"NTU","=","Sampled",NA,"Total","Actual",NA,NA,"Water Bottle",NA,"Limit of Quantitation",NA,"NTU","Method Detection Level",NA,"NTU",NA,"YSI",NA,"2025-07-23","09:00:00",NA,NA,"Cold packs",NA,NA,NA,"N","AKDT"
"870",10000424,"Water","Surface Water","10000424-2025-04-30-Temp","2025-04-30",NA,NA,NA,60.489,-149.877,NA,"Field Msr/Obs",15,"cm",NA,NA,NA,NA,NA,NA,"Water Temperature","170.1","USEPA",NA,2.6,"deg C","=","Sampled",NA,"Total","Actual",NA,NA,"Water Bottle",NA,"Limit of Quantitation",NA,"deg C","Method Detection Level",NA,"deg C",NA,"YSI",NA,"2025-04-30",NA,NA,NA,"Cold packs",NA,NA,NA,"N","AKDT"
"871",10000424,"Water","Surface Water","10000424-2025-07-23-Temp","2025-07-23",NA,NA,NA,60.489,-149.877,NA,"Field Msr/Obs",15,"cm",NA,NA,NA,NA,NA,NA,"Water Temperature","170.1","USEPA",NA,9.6,"deg C","=","Sampled",NA,"Total","Actual",NA,NA,"Water Bottle",NA,"Limit of Quantitation",NA,"deg C","Method Detection Level",NA,"deg C",NA,"YSI",NA,"2025-07-23",NA,NA,NA,"Cold packs",NA,NA,NA,"N","AKDT"
"872",10000424,"Water","Surface Water","10000424-2025-04-30-pH","2025-04-30",NA,NA,NA,60.489,-149.877,NA,"Field Msr/Obs",15,"cm",NA,NA,NA,NA,NA,NA,"pH","150.1","USEPA",NA,7.185,"None","=","Sampled",NA,"Total","Actual",NA,NA,"Water Bottle",NA,"Limit of Quantitation",NA,"None","Method Detection Level",NA,"None",NA,"YSI",NA,"2025-04-30",NA,NA,NA,"Cold packs",NA,NA,NA,"N","AKDT"
"873",10000424,"Water","Surface Water","10000424-2025-07-23-pH","2025-07-23",NA,NA,NA,60.489,-149.877,NA,"Field Msr/Obs",15,"cm",NA,NA,NA,NA,NA,NA,"pH","150.1","USEPA",NA,7.205,"None","=","Sampled",NA,"Total","Actual",NA,NA,"Water Bottle",NA,"Limit of Quantitation",NA,"None","Method Detection Level",NA,"None",NA,"YSI",NA,"2025-07-23",NA,NA,NA,"Cold packs",NA,NA,NA,"N","AKDT"
"874",10000425,"Water","Surface Water","10000425-2025-04-30-DO","2025-04-30",NA,NA,NA,60.492007,-149.810844,NA,"Field Msr/Obs",15,"cm",NA,NA,NA,NA,NA,NA,"Dissolved Oxygen","360.1","USEPA",NA,16.95,"mg/L","=","Sampled",NA,"Total","Actual",NA,NA,"Water Bottle",NA,"Limit of Quantitation",NA,"mg/L","Method Detection Level",NA,"mg/L",NA,"YSI",NA,"2025-04-30",NA,NA,NA,"Cold packs",NA,NA,NA,"N","AKDT"
"875",10000425,"Water","Surface Water","10000425-2025-07-23-DO","2025-07-23",NA,NA,NA,60.492007,-149.810844,NA,"Field Msr/Obs",15,"cm",NA,NA,NA,NA,NA,NA,"Dissolved Oxygen","360.1","USEPA",NA,12.125,"mg/L","=","Sampled",NA,"Total","Actual",NA,NA,"Water Bottle",NA,"Limit of Quantitation",NA,"mg/L","Method Detection Level",NA,"mg/L",NA,"YSI",NA,"2025-07-23",NA,NA,NA,"Cold packs",NA,NA,NA,"N","AKDT"
"876",10000425,"Water","Surface Water","10000425-2025-04-30-SpCond","2025-04-30",NA,NA,NA,60.492007,-149.810844,NA,"Field Msr/Obs",15,"cm",NA,NA,NA,NA,NA,NA,"Specific Conductance","120.1","USEPA",NA,76.65,"uS/cm","=","Sampled",NA,"Total","Actual",NA,NA,"Water Bottle",NA,"Limit of Quantitation",NA,"uS/cm","Method Detection Level",NA,"uS/cm",NA,"YSI",NA,"2025-04-30",NA,NA,NA,"Cold packs",NA,NA,NA,"N","AKDT"
"877",10000425,"Water","Surface Water","10000425-2025-07-23-SpCond","2025-07-23",NA,NA,NA,60.492007,-149.810844,NA,"Field Msr/Obs",15,"cm",NA,NA,NA,NA,NA,NA,"Specific Conductance","120.1","USEPA",NA,0.0767,"uS/cm","=","Sampled",NA,"Total","Actual",NA,NA,"Water Bottle",NA,"Limit of Quantitation",NA,"uS/cm","Method Detection Level",NA,"uS/cm",NA,"YSI",NA,"2025-07-23",NA,NA,NA,"Cold packs",NA,NA,NA,"N","AKDT"
"878",10000425,"Water","Surface Water","10000425-2025-04-30-Turb","2025-04-30","08:05:00.000000",NA,NA,60.492007,-149.810844,NA,"Field Msr/Obs",15,"cm",NA,NA,NA,NA,NA,NA,"Turbidity","180.1","USEPA",NA,1.615,"NTU","=","Sampled",NA,"Total","Actual",NA,NA,"Water Bottle",NA,"Limit of Quantitation",NA,"NTU","Method Detection Level",NA,"NTU",NA,"YSI",NA,"2025-04-30","08:05:00",NA,NA,"Cold packs",NA,NA,NA,"N","AKDT"
"879",10000425,"Water","Surface Water","10000425-2025-07-23-Turb","2025-07-23","08:15:00.000000",NA,NA,60.492007,-149.810844,NA,"Field Msr/Obs",15,"cm",NA,NA,NA,NA,NA,NA,"Turbidity","180.1","USEPA",NA,1.07,"NTU","=","Sampled",NA,"Total","Actual",NA,NA,"Water Bottle",NA,"Limit of Quantitation",NA,"NTU","Method Detection Level",NA,"NTU",NA,"YSI",NA,"2025-07-23","08:15:00",NA,NA,"Cold packs",NA,NA,NA,"N","AKDT"
"880",10000425,"Water","Surface Water","10000425-2025-04-30-Temp","2025-04-30",NA,NA,NA,60.492007,-149.810844,NA,"Field Msr/Obs",15,"cm",NA,NA,NA,NA,NA,NA,"Water Temperature","170.1","USEPA",NA,3.7,"deg C","=","Sampled",NA,"Total","Actual",NA,NA,"Water Bottle",NA,"Limit of Quantitation",NA,"deg C","Method Detection Level",NA,"deg C",NA,"YSI",NA,"2025-04-30",NA,NA,NA,"Cold packs",NA,NA,NA,"N","AKDT"
"881",10000425,"Water","Surface Water","10000425-2025-07-23-Temp","2025-07-23",NA,NA,NA,60.492007,-149.810844,NA,"Field Msr/Obs",15,"cm",NA,NA,NA,NA,NA,NA,"Water Temperature","170.1","USEPA",NA,8.5,"deg C","=","Sampled",NA,"Total","Actual",NA,NA,"Water Bottle",NA,"Limit of Quantitation",NA,"deg C","Method Detection Level",NA,"deg C",NA,"YSI",NA,"2025-07-23",NA,NA,NA,"Cold packs",NA,NA,NA,"N","AKDT"
"882",10000425,"Water","Surface Water","10000425-2025-04-30-pH","2025-04-30",NA,NA,NA,60.492007,-149.810844,NA,"Field Msr/Obs",15,"cm",NA,NA,NA,NA,NA,NA,"pH","150.1","USEPA",NA,7.08,"None","=","Sampled",NA,"Total","Actual",NA,NA,"Water Bottle",NA,"Limit of Quantitation",NA,"None","Method Detection Level",NA,"None",NA,"YSI",NA,"2025-04-30",NA,NA,NA,"Cold packs",NA,NA,NA,"N","AKDT"
"883",10000425,"Water","Surface Water","10000425-2025-07-23-pH","2025-07-23",NA,NA,NA,60.492007,-149.810844,NA,"Field Msr/Obs",15,"cm",NA,NA,NA,NA,NA,NA,"pH","150.1","USEPA",NA,6.985,"None","=","Sampled",NA,"Total","Actual",NA,NA,"Water Bottle",NA,"Limit of Quantitation",NA,"None","Method Detection Level",NA,"None",NA,"YSI",NA,"2025-07-23",NA,NA,NA,"Cold packs",NA,NA,NA,"N","AKDT"
